ticker,cik,fiscal_year,X1,X2,X3,X4,X5,year_end_price,Z,distress
MMM,66740,2015,0.1182,1.1179,0.2123,2.1963,,89.31,,False
MMM,66740,2016,0.1674,1.152,0.2195,2.4848,,108.71,,False
MMM,66740,2017,0.1735,1.0297,0.2059,2.8686,,146.65,,False
MMM,66740,2018,0.1771,1.1133,0.1975,2.3582,0.2177,121.87,4.0554,False
MMM,66740,2019,0.0839,0.9435,0.1382,1.7419,0.1816,116.64,3.1046,False
MMM,66740,2020,0.1486,0.9243,0.1513,1.7963,0.1813,119.86,3.2305,False
MMM,66740,2021,0.1353,0.9734,0.1565,2.0284,0.7511,125.68,4.0098,False
MMM,66740,2022,0.1112,1.0322,0.1408,1.4395,0.7368,88.44,3.6435,False
MMM,66740,2023,0.0214,0.741,-0.1805,0.9646,,85.5,,False
MMM,66740,2024,0.1161,0.923,0.1209,1.7911,0.6164,124.94,3.5217,False
MMM,66740,2025,0.18,1.0139,0.1227,2.4682,0.6612,157.87,4.1824,False
AOS,91142,2015,0.3031,0.5104,0.1711,2.0081,,31.93,,False
AOS,91142,2016,0.2755,0.551,0.1781,2.1987,,39.94,,False
AOS,91142,2017,0.306,0.5607,0.1807,2.5549,,52.24,,False
AOS,91142,2018,0.2778,0.6846,0.1997,2.0637,0.2645,36.91,3.4536,False
AOS,91142,2019,0.24,0.7598,0.173,2.2831,0.2456,41.94,3.538,False
AOS,91142,2020,0.2315,0.794,0.1592,2.8431,0.264,49.27,3.8847,False
AOS,91142,2021,0.1824,0.8136,0.1963,3.6187,1.0186,78.47,5.1955,False
AOS,91142,2022,0.2099,0.8658,0.1086,2.5473,1.1265,53.3,4.4774,False
AOS,91142,2023,0.1727,1.0138,0.2519,4.3233,1.1988,78.18,6.2505,False
AOS,91142,2025,0.1365,1.2574,0.2318,3.8774,1.2187,65.78,6.2344,False
ABT,1800,2015,0.1205,0.6245,0.0695,,,36.52,,False
ABT,1800,2016,0.382,0.4854,0.0605,,,32.02,,False
ABT,1800,2017,0.1473,0.3145,0.0226,,,48.68,,False
ABT,1800,2018,0.0837,0.3656,0.0543,,0.1156,62.83,,False
ABT,1800,2019,0.0708,0.3807,0.0668,,0.1225,76.7,,False
ABT,1800,2020,0.1176,0.3808,0.0738,,0.477,98.21,,False
ABT,1800,2021,0.1481,0.4193,0.112,,0.5728,128.19,,False
ABT,1800,2022,0.1308,0.4736,0.1123,,0.5864,101.68,,False
ABT,1800,2023,0.1206,0.5129,0.0885,,0.5478,103.98,,False
ABT,1800,2024,0.1167,0.5805,0.0838,,0.5153,108.98,,False
ABT,1800,2025,0.1096,0.5741,0.0929,,0.5112,123.0,,False
ABBV,1551152,2015,0.1022,0.0424,0.1421,1.374,,38.18,,False
ABBV,1551152,2016,0.0969,0.0662,0.142,1.2052,,41.92,,False
ABBV,1551152,2017,0.0647,0.0771,0.1355,1.8053,,67.11,,False
ABBV,1551152,2018,-0.005,0.0567,0.1075,1.7325,0.5518,66.47,2.0197,False
ABBV,1551152,2019,0.3808,0.0529,0.1457,1.225,0.3733,67.44,2.1201,False
ABBV,1551152,2020,-0.0298,0.007,0.0755,1.1071,0.3042,86.14,1.1916,True
ABBV,1551152,2021,-0.0496,0.0213,0.1223,1.5373,0.3835,114.07,1.68,True
ABBV,1551152,2022,-0.0077,0.0345,0.1305,2.0564,0.4182,141.45,2.1218,False
ABBV,1551152,2023,-0.0359,-0.0074,0.0947,2.0054,0.4032,141.12,1.8655,False
ABBV,1551152,2024,-0.0974,-0.0584,0.0676,2.2482,0.4168,167.73,1.7901,True
ABBV,1551152,2025,-0.1062,-0.1157,0.1125,2.8743,0.4566,223.21,2.2631,False
ACN,1467373,2015,0.1668,0.7374,0.0599,4.793,0.4579,87.42,4.7639,False
ACN,1467373,2016,0.1503,0.3824,0.058,5.1276,0.435,99.97,4.4186,False
ACN,1467373,2017,0.1002,0.3121,0.0571,6.5416,0.4249,133.29,5.0956,False
ACN,1467373,2018,0.1404,0.3253,0.0594,5.8014,0.4353,124.99,4.7361,False
ACN,1467373,2019,0.1473,0.3498,0.0528,8.0471,0.3711,189.01,6.04,False
ACN,1467373,2020,0.1372,0.3338,0.0417,7.7505,0.2922,238.22,5.7119,False
ACN,1467373,2021,0.0917,0.324,0.0454,10.5643,0.3108,382.74,7.3627,False
ACN,1467373,2022,0.0865,0.3852,0.048,6.4888,0.3263,249.73,5.021,False
ACN,1467373,2023,0.1048,0.3769,0.0373,8.574,0.3119,333.62,6.233,False
ACN,1467373,2024,0.0336,0.4127,0.0421,8.0886,0.2933,339.84,5.9035,False
ACN,1467373,2025,0.1307,0.3214,0.0313,5.0509,0.2691,262.88,4.0099,False
ADBE,796343,2015,0.2224,0.6186,0.077,7.9031,0.1114,93.94,6.2403,False
ADBE,796343,2016,0.2383,0.6386,0.1175,7.7472,0.1266,102.95,6.3427,False
ADBE,796343,2017,0.2559,0.6587,0.1492,11.465,0.138,175.24,8.7385,False
ADBE,796343,2018,0.0296,0.6295,0.1513,9.5604,0.1313,226.24,7.2838,False
ADBE,796343,2019,-0.0817,0.7142,0.1574,12.8124,0.1441,329.81,9.2528,False
ADBE,796343,2020,0.1085,0.8076,0.1745,18.0397,0.141,500.12,12.8014,False
ADBE,796343,2021,0.0638,0.8775,0.213,18.1137,0.5795,567.06,13.4556,False
ADBE,796343,2022,0.032,1.0425,0.2245,10.2006,0.6481,336.53,9.0071,False
ADBE,796343,2023,0.0951,1.1198,0.2233,17.8832,0.6518,596.6,13.8004,False
ADBE,796343,2024,0.0235,1.2726,0.223,10.9619,0.7114,444.68,9.8342,False
ADBE,796343,2025,-0.0013,1.5376,0.2952,7.7839,0.8058,349.99,8.6014,False
AMD,2488,2015,0.295,-2.35,-0.0158,1.3306,,2.87,,False
AMD,2488,2016,0.3565,-2.3496,-0.0009,6.3726,,11.34,,False
AMD,2488,2017,0.3209,-2.1921,0.0232,5.7295,,10.28,,False
AMD,2488,2018,0.3415,-1.6321,0.0061,9.1597,0.3115,18.46,3.9524,False
AMD,2488,2019,0.3713,-1.177,0.0577,23.3881,0.3529,45.86,13.3739,False
AMD,2488,2020,0.4158,-0.5138,0.0636,47.9086,0.362,91.71,29.0965,False
AMD,2488,2021,0.3497,-0.1168,0.2937,47.7272,1.3233,143.9,31.185,False
AMD,2488,2022,0.128,-0.0019,0.0187,8.2413,0.3492,64.77,5.5066,False
AMD,2488,2023,0.1485,0.0107,0.0059,20.0653,0.3341,147.41,12.5858,False
AMD,2488,2024,0.17,0.0341,0.0274,16.9143,0.3725,120.79,10.8634,False
AMD,2488,2025,0.2274,0.0871,0.048,25.1031,0.4503,214.16,16.0654,False
AES,874761,2015,-0.0023,0.0039,,0.1503,0.4061,6.35,,False
AES,874761,2016,0.0315,,0.0087,0.1933,0.0981,8.03,,False
AES,874761,2017,0.0112,-0.0687,-0.0157,0.2031,0.0798,7.81,0.067,True
AES,874761,2018,0.0189,-0.0309,-0.0157,0.2976,0.0806,10.86,0.187,True
AES,874761,2019,0.004,-0.0206,-0.0082,0.4001,0.0722,15.44,0.2612,True
AES,874761,2020,0.0015,-0.0197,-0.0055,0.4638,0.074,18.86,0.3082,True
AES,874761,2021,0.0189,-0.033,-0.0195,0.5252,0.084,19.98,0.3112,True
AES,874761,2022,0.03,-0.0426,0.0025,0.533,0.0798,24.31,0.3842,True
AES,874761,2023,-0.0688,-0.0309,,0.3209,0.2828,16.8,,False
AES,874761,2024,-0.0367,0.0062,,0.2153,0.259,11.7,,False
AES,874761,2025,-0.0384,0.0124,,0.2477,0.2363,13.83,,False
A,1090872,2015,0.3623,0.7462,0.0698,3.2751,,38.44,,False
A,1090872,2016,0.3448,0.7804,0.0788,3.3576,,42.35,,False
A,1090872,2017,0.3449,-0.015,0.0998,4.9312,,62.81,,False
A,1090872,2018,0.3134,-0.0393,0.1087,4.535,0.5753,63.86,3.9759,False
A,1090872,2019,0.1173,-0.0019,0.0996,4.881,0.5462,81.44,3.9415,False
A,1090872,2020,0.2023,0.0084,0.0879,6.7517,0.5546,113.85,5.1502,False
A,1090872,2021,0.1953,0.0325,0.1258,8.1821,0.5903,154.28,6.1947,False
A,1090872,2022,0.182,0.0308,0.1536,7.8613,0.6502,145.75,6.1355,False
A,1090872,2023,0.24,0.0727,0.1254,7.8193,0.6349,136.4,6.13,False
A,1090872,2024,0.1742,0.0633,0.1256,6.2903,0.5496,132.71,5.036,False
A,1090872,2025,0.1766,0.1091,0.1162,6.3705,0.5459,135.26,5.1164,False
APD,2969,2015,-0.0423,0.6067,0.0271,2.0608,,93.07,,False
APD,2969,2016,0.0573,0.5802,0.0303,2.3409,,113.97,,False
APD,2969,2017,0.1834,0.6956,0.0247,3.5867,,133.39,,False
APD,2969,2018,0.1429,0.6983,0.0278,3.7097,0.1197,133.74,3.5862,False
APD,2969,2019,0.1477,0.7464,0.0318,5.9143,0.1205,200.64,4.9963,False
APD,2969,2020,0.249,0.591,0.0223,4.1717,0.0922,238.39,3.7949,False
APD,2969,2021,0.2076,0.5837,0.0849,4.7284,0.3843,271.18,4.5681,False
APD,2969,2022,0.1036,0.6075,0.086,4.6516,0.467,281.79,4.5166,False
APD,2969,2023,0.0408,0.5403,0.078,3.496,0.3937,256.56,3.5538,False
APD,2969,2024,0.0552,0.4939,0.1129,2.9546,0.3058,277.31,3.2086,False
APD,2969,2025,0.0391,0.4276,-0.0214,2.2748,0.2932,242.2,2.2332,False
ABNB,1559720,2021,0.4397,-0.4638,0.0313,,0.4371,166.49,,False
ABNB,1559720,2022,0.4292,-0.3719,0.1124,,0.5237,85.5,,False
ABNB,1559720,2023,0.3177,-0.1659,0.0735,,0.4804,136.14,,False
ABNB,1559720,2024,0.3349,-0.2016,0.1218,,0.5297,131.41,,False
ABNB,1559720,2025,0.2318,-0.2477,0.1146,,0.5512,135.72,,False
AKAM,1086222,2015,0.2199,-0.3049,0.1113,7.0885,0.1383,52.63,4.5957,False
AKAM,1086222,2016,0.2139,-0.2197,0.1051,8.3419,0.1409,66.68,5.442,False
AKAM,1086222,2017,0.1836,-0.1613,0.0687,7.2341,0.1441,65.04,4.7058,False
AKAM,1086222,2018,0.2425,-0.0789,0.0664,3.8672,,61.08,,False
AKAM,1086222,2019,0.2195,0.0068,0.0783,3.7069,,86.38,,False
AKAM,1086222,2020,0.1509,0.0779,0.0848,4.2953,,104.99,,False
AKAM,1086222,2021,0.1389,0.1544,0.0962,4.6612,,117.04,,False
AKAM,1086222,2022,0.1386,0.2313,0.0814,3.0724,,84.3,,False
AKAM,1086222,2023,0.0979,0.2493,0.0644,3.2075,,118.35,,False
AKAM,1086222,2024,0.0469,0.2867,0.0514,2.5037,,95.65,,False
AKAM,1086222,2025,0.1149,0.2983,0.0494,1.9284,,87.25,,False
ALB,915913,2015,0.0223,0.168,0.046,0.8981,,48.41,,False
ALB,915913,2016,0.2655,0.26,0.0704,2.0435,,75.61,,False
ALB,915913,2017,0.1647,0.2626,0.0758,3.2881,,113.58,,False
ALB,915913,2018,0.1075,0.3385,0.1202,2.0496,0.1216,69.41,2.3509,False
ALB,915913,2019,0.0828,0.2985,0.0676,1.3362,0.1007,67.13,1.6425,True
ALB,915913,2020,0.0387,0.3019,0.0484,2.6316,0.2994,137.88,2.5072,False
ALB,915913,2021,0.1582,0.3624,0.1598,3.4778,0.4736,220.27,3.7849,False
ALB,915913,2023,0.0907,0.3824,0.0138,1.8412,0.5264,138.22,2.3208,False
ALB,915913,2024,0.1129,0.33,-0.107,1.4844,0.3238,83.63,1.459,True
ALB,915913,2025,0.135,0.2818,-0.0224,2.4195,0.3141,140.26,2.2482,False
ALGN,1097149,2015,0.3973,0.0236,0.1628,15.0559,,65.85,,False
ALGN,1097149,2016,0.4288,0.0942,0.1783,17.0402,,96.13,,False
ALGN,1097149,2017,0.3708,0.1481,0.1989,25.1549,,222.19,,False
ALGN,1097149,2018,0.2974,0.1842,0.2273,18.6074,0.9581,209.43,13.4875,False
ALGN,1097149,2019,0.2649,0.1759,0.2169,17.1697,0.9624,279.04,12.5443,False
ALGN,1097149,2020,0.1085,0.4588,0.0802,23.7886,0.5118,534.38,15.822,False
ALGN,1097149,2021,0.0959,0.4408,0.1643,20.1285,0.6652,657.18,14.0168,False
ALGN,1097149,2022,0.0838,0.4315,0.108,6.3847,0.6279,210.9,5.5199,False
ALGN,1097149,2023,0.0625,0.4022,0.1057,7.9339,0.6348,274.0,6.3822,False
ALGN,1097149,2024,0.0731,0.3997,0.0978,6.2695,0.6435,208.51,5.3751,False
ALGN,1097149,2025,0.1117,0.3953,0.0875,5.0779,0.6473,156.15,4.6704,False
ALLE,1579241,2015,0.126,0.1017,0.1569,2.1945,,58.21,,False
ALLE,1579241,2016,0.1778,0.1676,0.1893,2.2718,,56.93,,False
ALLE,1579241,2017,0.225,0.2142,0.1921,2.8395,,71.34,,False
ALLE,1579241,2018,0.1462,0.3109,0.1871,2.8467,,72.18,,False
ALLE,1579241,2019,0.1668,0.3286,0.1904,4.3913,0.9618,113.96,4.8853,False
ALLE,1579241,2020,0.2031,0.3211,0.1315,4.0982,0.8861,107.8,4.4722,False
ALLE,1579241,2021,0.1693,0.3122,0.1738,4.6085,0.9398,124.03,4.9186,False
ALLE,1579241,2022,0.128,0.3039,0.1469,2.795,0.8198,100.14,3.5607,False
ALLE,1579241,2023,0.0652,0.3662,0.1643,3.4799,0.8468,122.49,4.0679,False
ALLE,1579241,2024,0.1616,0.4081,0.174,3.6493,0.8405,128.19,4.3695,False
ALLE,1579241,2025,0.1218,0.4285,0.1645,4.2412,0.7786,157.41,4.6123,False
LNT,352541,2015,-0.0426,0.1656,0.0063,0.6546,,22.23,,False
LNT,352541,2016,-0.0213,0.1628,0.0075,0.7573,,27.89,,False
LNT,352541,2017,-0.0877,0.1654,0.0091,0.8353,,32.36,,False
LNT,352541,2018,-0.0557,0.165,0.0079,0.7893,0.2291,33.13,0.8929,True
LNT,352541,2019,-0.0706,0.1656,0.0096,0.9931,0.2184,44.2,0.9932,True
LNT,352541,2020,-0.0232,0.1691,0.0418,0.9197,0.1929,42.81,1.0915,True
LNT,352541,2021,-0.0531,0.1752,0.0429,1.0812,0.1978,52.59,1.1694,True
LNT,352541,2022,-0.0552,0.174,0.046,0.9054,0.2086,48.68,1.0811,True
LNT,352541,2023,-0.0486,0.1769,0.0444,0.8361,0.1896,46.81,1.0271,True
LNT,352541,2024,-0.0674,0.1741,0.039,0.92,0.1753,55.96,1.0188,True
LNT,352541,2025,-0.017,0.1698,0.041,0.9291,0.1745,63.52,1.0846,True
GOOGL,1652044,2016,0.5293,0.6277,0.1416,,,39.25,,False
GOOGL,1652044,2017,0.5075,0.574,0.1325,,,52.17,,False
GOOGL,1652044,2018,0.4341,0.5794,0.1131,,0.5877,51.76,,False
GOOGL,1652044,2019,0.3891,0.5513,0.1241,,0.5866,66.34,,False
GOOGL,1652044,2020,0.3675,0.5112,0.129,,,86.81,,False
GOOGL,1652044,2021,0.3448,0.533,0.2191,,,143.49,,False
GOOGL,1652044,2022,0.2614,0.5354,0.2049,,0.7743,87.4,,False
GOOGL,1652044,2023,0.223,0.525,0.2095,,0.7639,138.37,,False
GOOGL,1652044,2024,0.1657,0.5443,0.2496,,0.7774,188.2,,False
GOOGL,1652044,2025,0.1735,0.5444,0.2168,,,312.39,,False
GOOG,1652044,2016,0.5293,0.6277,0.1416,,,38.23,,False
GOOG,1652044,2017,0.5075,0.574,0.1325,,,51.83,,False
GOOG,1652044,2018,0.4341,0.5794,0.1131,,0.5877,51.29,,False
GOOG,1652044,2019,0.3891,0.5513,0.1241,,0.5866,66.22,,False
GOOG,1652044,2020,0.3675,0.5112,0.129,,,86.77,,False
GOOG,1652044,2021,0.3448,0.533,0.2191,,,143.32,,False
GOOG,1652044,2022,0.2614,0.5354,0.2049,,0.7743,87.9,,False
GOOG,1652044,2023,0.223,0.525,0.2095,,0.7639,139.61,,False
GOOG,1652044,2024,0.1657,0.5443,0.2496,,0.7774,189.33,,False
GOOG,1652044,2025,0.1735,0.5444,0.2168,,,313.19,,False
MO,764180,2015,-0.0305,0.8378,0.257,1.6052,,28.48,,False
MO,764180,2016,-0.0025,0.8035,0.1908,1.7292,,34.3,,False
MO,764180,2017,-0.0567,0.978,0.2212,2.2561,,37.54,,False
MO,764180,2018,-0.3036,0.7901,0.1638,1.119,0.1099,27.35,2.0638,False
MO,764180,2019,-0.068,0.7416,0.2096,1.1478,0.1219,29.5,2.4588,False
MO,764180,2020,-0.041,0.7314,0.2293,0.9951,0.133,26.49,2.4615,False
MO,764180,2021,-0.0632,0.7759,0.2925,1.3353,0.6582,32.89,3.4349,False
MO,764180,2022,-0.0378,0.8062,0.3225,1.4023,0.6791,34.33,3.6682,False
MO,764180,2023,-0.1487,0.8062,0.2994,1.3125,0.6348,33.06,3.3604,False
MO,764180,2024,-0.1213,1.0096,0.3196,2.0798,0.6828,46.54,4.2531,False
MO,764180,2025,-0.092,1.0124,0.2827,2.3873,0.6648,55.0,4.337,False
AMCR,1748790,2019,0.0389,0.0189,0.0461,1.5781,,39.22,,False
AMCR,1748790,2020,0.0341,0.015,0.0605,1.7495,0.7583,44.48,2.0694,False
AMCR,1748790,2021,0.0536,0.0263,0.0769,1.7657,0.7483,47.23,2.1624,False
AMCR,1748790,2022,0.043,0.0306,0.0711,1.6963,0.8346,48.74,2.1815,False
AMCR,1748790,2023,0.0489,0.0509,0.0887,1.4841,0.8642,41.45,2.1773,False
AMCR,1748790,2024,0.0426,0.0532,0.0735,1.5642,0.8255,42.53,2.132,False
AMCR,1748790,2025,0.039,0.0148,0.0272,0.7286,0.4049,39.91,0.9995,True
AMCR,1748790,2026,0.051,0.0124,0.0512,0.8269,0.6337,45.24,1.3773,True
AEE,1002910,2015,-0.0074,0.0563,0.0059,0.5234,0.0553,31.56,0.4588,True
AEE,1002910,2016,-0.0438,0.0635,0.0059,0.624,0.0549,39.66,0.485,True
AEE,1002910,2017,-0.0512,0.064,0.0087,0.6785,0.054,45.98,0.5179,True
AEE,1002910,2018,-0.0424,0.0744,0.0061,0.741,0.0521,52.42,0.5701,True
AEE,1002910,2019,-0.0371,0.0823,0.0062,0.8399,,63.33,,False
AEE,1002910,2020,-0.0165,0.0861,0.0406,0.7915,,66.02,,False
AEE,1002910,2021,-0.024,0.089,0.0373,0.8221,0.1789,77.31,0.8911,True
AEE,1002910,2022,-0.0184,0.0962,0.04,0.801,0.2099,79.27,0.935,True
AEE,1002910,2023,-0.0285,0.1013,0.0382,0.6248,0.1837,66.54,0.7921,True
AEE,1002910,2024,-0.0258,0.1032,0.034,0.7228,0.1709,84.81,0.8304,True
AEE,1002910,2025,-0.0276,0.1092,0.0418,0.7719,0.1815,97.8,0.9023,True
AEP,4904,2015,-0.0492,0.1362,0.0076,0.4973,,40.01,,False
AEP,4904,2016,-0.0546,0.1244,0.0091,0.5291,,44.78,,False
AEP,4904,2017,-0.0621,0.1333,0.0115,0.6351,,54.16,,False
AEP,4904,2018,-0.0659,0.1355,0.008,0.6257,,57.08,,False
AEP,4904,2019,-0.082,0.1305,0.0039,0.7254,,74.49,,False
AEP,4904,2020,-0.069,0.1323,0.037,0.6153,,67.78,,False
AEP,4904,2021,-0.0527,0.1331,0.0389,0.6285,,75.02,,False
AEP,4904,2022,-0.0551,0.1321,0.0373,0.6502,,82.81,,False
AEP,4904,2023,-0.0569,0.1324,0.0368,0.5621,,73.72,,False
AEP,4904,2024,-0.07,0.1346,0.0418,0.6233,0.1937,87.12,0.8098,True
AEP,4904,2025,-0.0634,0.1349,0.0465,0.7461,0.1896,112.72,0.9033,True
AMT,1053507,2015,-0.0076,-0.0371,0.0149,1.7174,,74.42,,False
AMT,1053507,2016,0.0019,-0.0349,0.0158,1.6907,,82.77,,False
AMT,1053507,2017,-0.0143,-0.0319,0.0099,2.1027,,113.99,,False
AMT,1053507,2018,-0.0698,-0.0363,0.0118,2.3057,0.2254,129.18,1.513,True
AMT,1053507,2019,-0.0685,-0.0238,0.0155,2.4576,0.0123,191.01,1.4224,True
AMT,1053507,2020,-0.0159,-0.0284,0.0611,2.0864,0.0105,190.09,1.4052,True
AMT,1053507,2021,-0.0764,-0.0163,0.0448,1.9353,0.0103,252.6,1.2048,True
AMT,1053507,2022,-0.0698,-0.0313,0.035,1.5969,0.0127,187.76,0.9589,True
AMT,1053507,2023,-0.0536,-0.0551,0.0458,1.6712,0.0115,197.84,1.0239,True
AMT,1053507,2024,-0.0638,-0.0724,0.0177,1.5745,0.0127,173.78,0.8378,True
AMT,1053507,2025,-0.066,-0.0805,0.0767,1.5186,0.0148,172.19,0.9871,True
AWK,1410636,2015,-0.0508,-0.0622,0.0135,1.8458,,48.27,,False
AME,1037868,2015,0.0892,0.5964,0.0313,3.3536,,49.88,,False
AME,1037868,2016,0.1414,0.6202,0.0244,2.7177,,45.57,,False
AME,1037868,2017,0.1021,0.6417,0.0294,4.1582,,68.35,,False
AME,1037868,2018,0.0667,0.6527,0.0326,3.3359,,64.32,,False
AME,1037868,2019,0.0609,0.6488,0.0302,4.6235,,95.37,,False
AME,1037868,2020,0.1397,0.685,0.0992,6.0611,,116.54,,False
AME,1037868,2021,0.0475,0.664,0.11,6.502,,142.55,,False
AME,1037868,2022,0.0775,0.7125,0.1207,6.3106,,136.38,,False
AME,1037868,2023,-0.0039,0.6617,0.1137,5.9023,,162.02,,False
AME,1037868,2024,0.0345,0.7558,0.1216,8.2123,0.4744,178.24,6.9026,False
AME,1037868,2025,0.011,0.7626,0.1189,8.6153,0.4606,204.38,7.103,False
AMGN,318154,2015,0.4171,-0.0291,0.1183,1.4689,,118.17,,False
AMGN,318154,2016,0.4484,-0.0056,0.1262,1.2368,,109.24,,False
AMGN,318154,2017,0.506,-0.0634,0.1247,1.3198,,133.57,,False
AMGN,318154,2018,0.3633,-0.2707,0.1545,1.5433,,153.91,,False
AMGN,318154,2019,0.0939,-0.3572,0.162,2.1222,,196.4,,False
AMGN,318154,2020,0.1508,-0.3401,0.1452,1.9437,,192.49,,False
AMGN,318154,2021,0.1177,-0.4022,0.1249,1.9274,0.4247,194.17,1.5715,True
AMGN,318154,2022,0.0998,-0.4395,0.1469,2.057,0.4042,233.84,1.6276,True
AMGN,318154,2023,0.1229,-0.2733,0.0813,1.5777,0.2902,265.33,1.2699,True
AMGN,318154,2024,0.0646,-0.3004,0.079,1.5557,0.3639,247.36,1.2151,True
AMGN,318154,2025,0.0394,-0.2772,0.1002,2.1166,0.4057,320.75,1.6657,True
APH,820313,2021,0.2392,0.2915,0.1434,3.1184,0.741,20.99,3.7804,False
APH,820313,2022,0.2481,0.3249,0.1687,2.7679,0.8236,18.48,3.7937,False
APH,820313,2023,0.2228,0.3583,0.1549,3.699,0.7597,24.3,4.2592,False
APH,820313,2024,0.2613,0.3314,0.1472,3.6551,0.71,34.34,4.1664,False
APH,820313,2025,0.3716,0.2719,0.162,3.6533,0.6373,67.34,4.1903,False
ADI,6281,2015,0.4199,0.6283,0.0154,10.9594,,44.99,,False
ADI,6281,2016,0.5259,0.6005,0.0448,10.4907,,60.72,,False
ADI,6281,2017,0.0357,0.2323,0.0212,3.3581,,76.09,,False
ADI,6281,2018,0.0345,0.2789,0.0251,3.833,,74.84,,False
ADI,6281,2019,0.0223,0.3225,0.0158,5.2923,0.0675,105.76,3.7733,False
ADI,6281,2020,0.0537,0.3371,0.0698,6.8653,0.261,134.18,5.1468,False
ADI,6281,2021,0.0498,0.1437,0.0323,5.4883,0.1399,162.3,3.8005,False
ADI,6281,2022,0.0496,0.1734,0.0652,5.4046,0.2388,154.33,3.9989,False
ADI,6281,2023,0.0242,0.2123,0.0784,6.9732,0.2522,190.38,5.0209,False
ADI,6281,2024,0.0518,0.2114,0.0421,7.691,0.1955,207.16,5.3073,False
ADI,6281,2025,0.0805,0.2196,0.0611,9.1875,0.2296,268.8,6.3478,False
AON,315293,2015,0.0326,0.1516,0.0264,0.8442,,83.58,,False
AON,315293,2016,0.0245,0.143,0.0213,1.0302,,102.39,,False
AON,315293,2017,0.0353,0.0882,0.0187,1.2307,,124.39,,False
AON,315293,2018,0.0407,0.0792,0.0189,1.3066,0.4076,136.76,1.4137,True
AON,315293,2019,0.0308,0.0426,0.0178,1.6169,0.0981,197.85,1.2237,True
AON,315293,2020,0.039,0.0324,0.0866,1.5059,0.3446,202.54,1.626,True
AON,315293,2021,-0.0013,-0.0531,0.0655,2.0028,0.382,290.42,1.724,True
AON,315293,2022,0.0128,-0.0848,0.1122,1.8707,0.3816,292.19,1.7708,True
AON,315293,2023,0.0016,-0.1001,0.1115,1.745,0.3939,285.46,1.6704,True
AON,315293,2024,0.0089,-0.0472,0.0783,1.7717,0.3206,355.26,1.5868,True
AON,315293,2025,0.0502,-0.0048,0.0855,1.8064,0.3383,351.15,1.7579,True
APA,1841666,2021,0.0198,-0.7132,0.215,0.5449,,23.17,,False
APA,1841666,2022,-0.0158,-0.4422,0.4233,1.1253,,40.87,,False
APA,1841666,2023,0.0038,-0.1941,0.2393,0.8958,,32.19,,False
APA,1841666,2024,0.0232,-0.1111,0.1259,0.5321,,21.43,,False
APA,1841666,2025,-0.0253,-0.0406,0.1738,0.7176,,23.9,,False
AAPL,320193,2015,0.0302,0.3177,0.2452,2.0187,,23.67,,False
AAPL,320193,2016,0.0866,0.2996,0.1866,2.0084,,26.62,,False
AAPL,320193,2017,0.0742,0.262,0.1634,2.3905,,39.52,,False
AAPL,320193,2018,0.0396,0.1925,0.1939,2.1103,,37.39,,False
AAPL,320193,2019,0.1687,0.1356,0.1889,4.1577,0.1892,70.66,3.6992,False
AAPL,320193,2020,0.1183,0.0462,0.2047,7.2714,0.1998,128.82,5.4447,False
AAPL,320193,2021,0.0267,0.0158,0.3104,8.7921,1.0422,173.45,7.396,False
AAPL,320193,2022,-0.0527,-0.0087,0.3386,6.167,1.1179,127.65,5.86,False
AAPL,320193,2023,-0.0049,-0.0006,0.3242,9.5579,1.0871,190.21,7.8848,False
AAPL,320193,2024,-0.0641,-0.0525,0.3376,11.7794,1.0714,248.62,9.1027,False
AAPL,320193,2025,-0.0492,-0.0397,0.3704,13.8587,1.1584,271.12,10.5813,False
AMAT,6951,2015,0.3569,0.9124,0.1106,1.7079,,16.56,,False
AMAT,6951,2016,0.3236,1.0455,0.1475,3.133,,29.1,,False
AMAT,6951,2017,0.4533,0.9402,0.1992,3.6662,,46.52,,False
AMAT,6951,2018,0.3758,1.1745,0.2698,2.197,,30.27,,False
AMAT,6951,2019,0.3027,1.2819,0.1761,4.2191,,57.47,,False
AMAT,6951,2020,0.3986,1.2172,0.1953,5.5501,0.2097,82.35,6.3667,False
AMAT,6951,2021,0.378,1.2486,0.2668,8.839,0.893,151.23,9.2785,False
AMAT,6951,2022,0.3198,1.4178,0.2914,5.1579,0.9648,94.45,7.3898,False
AMAT,6951,2023,0.3832,1.423,0.2491,8.7561,0.8629,158.66,9.3905,False
AMAT,6951,2024,0.3706,1.443,0.2286,8.2641,0.7898,160.45,8.9676,False
AMAT,6951,2025,0.3549,1.5214,0.2284,12.7943,0.7815,256.08,11.7675,False
APP,1751008,2021,0.421,-0.1585,0.0243,,0.4532,94.26,,False
APP,1751008,2022,0.2326,-0.2,-0.0082,,0.4817,10.53,,False
APP,1751008,2023,0.1254,-0.1517,0.121,,0.6126,39.85,,False
APP,1751008,2024,0.2138,0.1021,0.3192,,0.8024,323.83,,False
APP,1751008,2025,0.4266,0.239,0.5719,,0.755,673.82,,False
APTV,1521332,2015,0.0997,0.1359,0.028,1.5375,,68.42,,False
APTV,1521332,2016,0.1034,0.1611,0.0533,1.1921,,54.71,,False
APTV,1521332,2017,0.1727,0.174,0.0317,1.9998,,83.33,,False
APTV,1521332,2018,0.0868,0.2012,0.0284,1.4322,,60.77,,False
APTV,1521332,2019,0.094,0.2147,0.0241,2.0818,,94.73,,False
APTV,1521332,2020,0.1951,0.2597,0.0255,2.8712,,130.29,,False
APTV,1521332,2021,0.2349,0.2819,0.0144,3.6258,,164.95,,False
APTV,1521332,2022,0.1334,0.2563,0.0201,1.5119,,93.13,,False
APTV,1521332,2023,0.1408,0.3341,0.0145,1.4805,,89.72,,False
APTV,1521332,2024,0.1149,0.2985,0.0204,0.8737,0.8404,60.48,1.9877,False
APTV,1521332,2025,0.1584,0.266,0.0182,1.1355,0.8712,76.09,2.1748,False
ADM,7084,2015,0.2073,0.42,0.0569,0.5779,,26.67,,False
ADM,7084,2016,0.1979,0.4386,0.0458,0.7314,,34.24,,False
ADM,7084,2017,0.184,0.4392,0.0403,0.6921,,31.0,,False
ADM,7084,2018,0.2158,0.4537,0.0504,0.7218,,32.63,,False
ADM,7084,2019,0.173,0.4309,0.0361,0.7452,,38.21,,False
ADM,7084,2020,0.1831,0.3978,0.0379,0.6991,,42.97,,False
ADM,7084,2021,0.1774,0.3858,0.059,0.8523,,59.01,,False
ADM,7084,2022,0.1877,0.3956,0.0875,1.1323,,82.6,,False
ADM,7084,2023,0.2033,0.4295,0.0786,1.0502,,65.73,,False
ADM,7084,2024,0.146,0.4117,0.0423,0.7445,0.4575,47.64,1.7956,True
ADM,7084,2025,0.1361,0.4196,0.024,0.9246,0.4764,56.33,1.861,False
ANET,1596532,2015,0.6374,0.2163,0.0426,16.4889,,4.86,,False
ANET,1596532,2016,0.6169,0.2517,0.0448,12.2836,,6.05,,False
ANET,1596532,2017,0.7057,0.3491,0.0566,23.2371,,14.72,,False
ANET,1596532,2018,0.6841,0.3864,0.0628,17.697,0.1933,13.17,12.3807,False
ANET,1596532,2019,0.6868,0.4273,0.042,12.4207,0.132,12.71,9.1455,False
ANET,1596532,2020,0.6476,0.4279,0.0411,16.1451,0.1368,18.16,11.3355,False
ANET,1596532,2021,0.6457,0.4284,0.1613,25.816,0.5141,35.94,17.9105,False
ANET,1596532,2022,0.6283,0.4633,0.2254,20.2507,0.6466,30.34,14.9435,False
ANET,1596532,2023,0.6515,0.5141,0.2269,27.2243,0.5892,58.88,19.1742,False
ANET,1596532,2024,0.6536,0.5371,0.2097,34.4281,0.4987,110.53,23.3836,False
ANET,1596532,2025,0.5661,0.4857,0.1983,23.3478,0.4631,131.03,16.4854,False
AJG,354190,2015,0.0132,0.071,0.0269,1.212,,34.17,,False
AJG,354190,2016,-0.017,0.0798,0.0311,1.4657,,44.8,,False
AJG,354190,2017,0.02,0.085,0.0293,1.6442,,56.02,,False
AJG,354190,2018,0.026,0.0954,0.0293,1.4545,0.4245,66.76,1.5589,True
AJG,354190,2019,0.01,0.0968,0.0319,1.5638,0.3664,87.98,1.5575,True
AJG,354190,2020,0.0443,0.1062,0.006,1.8508,0.0763,116.25,1.4083,True
AJG,354190,2021,0.0281,0.0864,0.0292,1.6712,0.2462,161.61,1.5001,True
AJG,354190,2022,0.0243,0.0916,0.0341,1.5672,0.2198,181.71,1.43,True
AJG,354190,2023,0.0204,0.0785,0.023,1.3756,0.1951,218.98,1.2306,True
AJG,354190,2024,0.2311,0.0776,0.0292,1.6215,0.1798,278.85,1.635,True
AJG,354190,2025,0.026,0.0822,0.0265,1.3891,0.1973,256.46,1.2644,True
T,732717,2015,-0.0294,0.0836,0.0187,0.3023,,12.31,,False
ATO,731802,2015,-0.0576,0.118,0.0083,1.4005,,48.88,,False
ATO,731802,2016,-0.1105,0.1261,0.0085,1.5196,,58.88,,False
ATO,731802,2017,-0.0441,0.1365,0.0085,1.7195,,69.71,,False
ATO,731802,2018,-0.121,0.1582,0.0075,1.8306,0.2624,76.96,1.4619,True
ATO,731802,2019,-0.0562,0.161,0.0067,2.1024,0.2171,94.77,1.6586,True
ATO,731802,2020,-0.0203,0.1609,0.0066,1.6313,0.1837,82.71,1.3851,True
ATO,731802,2021,-0.0343,0.1434,0.0462,1.3466,0.1738,93.25,1.2938,True
ATO,731802,2022,-0.025,0.1447,0.0415,1.3524,0.1893,102.23,1.3103,True
ATO,731802,2023,-0.0207,0.1628,0.0474,1.5748,0.1899,108.54,1.4943,True
ATO,731802,2024,-0.0029,0.1674,0.0538,1.7354,0.1653,133.88,1.6149,True
ATO,731802,2025,-0.011,0.1721,0.0552,1.8954,0.1665,164.77,1.7137,True
ADSK,769397,2015,0.2587,0.1016,0.0028,4.7259,,60.93,,False
ADSK,769397,2016,0.2542,-0.0147,-0.0018,3.9706,,74.01,,False
ADSK,769397,2017,0.0574,-0.201,-0.0348,5.3904,,104.83,,False
ADSK,769397,2018,-0.0596,-0.5068,-0.0442,6.1515,,128.61,,False
ADSK,769397,2019,-0.144,-0.4541,0.0085,7.7616,0.1559,183.46,4.0324,False
ADSK,769397,2020,-0.0906,-0.3715,0.0217,10.1,0.1455,305.34,5.6481,False
ADSK,769397,2021,-0.0763,-0.2043,0.0253,9.3072,0.1428,281.19,5.4331,False
ADSK,769397,2022,-0.1447,-0.2266,0.0718,5.0345,0.5096,186.87,3.2763,False
ADSK,769397,2023,-0.0698,-0.2114,0.1048,6.1362,0.5303,243.48,4.1781,False
ADSK,769397,2024,-0.0779,-0.1728,0.1138,7.6671,0.5546,295.57,5.195,False
ADSK,769397,2025,-0.1541,-0.123,0.125,7.5336,0.566,296.01,5.1414,False
ADSK,769397,2026,-0.0695,-0.1149,0.1266,5.7347,0.578,258.53,4.1924,False
ADP,8670,2015,0.0512,0.4065,,0.9379,,66.82,,False
ADP,8670,2016,0.0837,0.3207,,0.8419,,83.05,,False
ADP,8670,2017,0.0765,0.3961,,1.1581,,96.79,,False
ADP,8670,2018,0.0441,0.4118,,1.3063,,110.58,,False
ADP,8670,2019,0.0409,0.4178,,1.5977,0.3384,146.75,,False
ADP,8670,2020,0.0367,0.4707,,1.847,0.3725,155.35,,False
ADP,8670,2021,0.0543,0.3988,,2.0418,0.3077,221.53,,False
ADP,8670,2022,-0.0056,0.3282,0.0603,1.4517,0.2616,218.68,1.7843,True
ADP,8670,2023,-0.0117,0.4339,0.0871,1.8258,0.3534,218.13,2.3296,False
ADP,8670,2024,0.0085,0.4345,0.0896,2.2337,0.3532,280.1,2.6078,False
ADP,8670,2025,0.037,0.4729,0.0995,2.1184,0.3853,251.59,2.6911,False
ADP,8670,2026,0.0401,0.4267,0.0907,1.9761,0.3473,284.34,2.4778,False
AZO,866787,2015,-0.0916,-0.1751,0.0826,1.2354,,741.91,,False
AZO,866787,2016,-0.0524,-0.1863,0.0818,1.2413,,789.79,,False
AZO,866787,2017,-0.0167,-0.1774,0.0764,1.0866,,711.37,,False
AZO,866787,2018,-0.042,-0.1293,0.0633,1.2594,0.3807,838.34,1.1136,True
AZO,866787,2019,-0.0489,-0.1319,0.0789,1.6752,0.403,1191.31,1.4252,True
AZO,866787,2020,0.0367,-0.1006,0.0706,1.2647,0.3152,1185.44,1.2101,True
AZO,866787,2021,-0.0658,-0.0289,0.2028,2.0979,1.0078,2096.39,2.8165,False
AZO,866787,2022,-0.1283,-0.0871,0.2141,2.14,1.064,2466.18,2.7786,False
AZO,866787,2023,-0.1084,-0.1851,0.2173,2.0757,1.092,2585.61,2.6654,False
AZO,866787,2024,-0.0819,-0.2576,0.2206,2.3841,1.0765,3202.0,2.7758,False
AZO,866787,2025,-0.0609,-0.2054,0.1865,2.4316,0.9785,3391.5,2.6924,False
AVY,8818,2015,0.0765,0.551,0.0989,1.227,,51.29,,False
AVY,8818,2016,-0.0226,0.5626,0.1085,1.2833,,58.77,,False
AVY,8818,2017,0.0518,0.5055,,1.8155,,97.99,,False
AVY,8818,2018,0.0587,0.5533,,1.4024,0.3416,78.13,,False
AVY,8818,2019,0.0158,0.5428,,2.0527,0.323,116.05,,False
AVY,8818,2020,0.0806,0.5505,,2.3115,0.3272,140.27,,False
AVY,8818,2021,0.0234,0.4868,,2.4859,1.0548,198.35,,False
AVY,8818,2022,-0.0022,0.5553,,2.1575,1.1369,168.48,,False
AVY,8818,2023,0.0118,0.5715,,2.3862,1.0188,191.49,,False
AVY,8818,2024,0.0257,0.6129,0.1135,2.2406,1.0418,180.1,3.6495,False
AVY,8818,2025,0.0383,0.636,0.1051,2.0657,1.0061,178.79,3.5286,False
AXON,1069183,2015,0.5362,0.4393,0.1537,19.2735,,17.29,,False
AXON,1069183,2016,0.3566,0.4252,0.1145,15.472,,24.24,,False
AXON,1069183,2017,0.2876,0.3643,0.0385,12.6139,,26.5,,False
AXON,1069183,2018,0.545,0.2382,0.0345,14.0916,0.1595,43.75,9.7159,False
AXON,1069183,2019,0.5008,0.2037,-0.0076,19.7028,0.2032,73.28,12.8861,False
AXON,1069183,2020,0.5254,0.123,-0.0102,24.5919,0.4931,122.53,16.0172,False
AXON,1069183,2021,0.4093,0.0651,-0.0996,19.9173,0.5114,157.0,12.7154,False
AXON,1069183,2022,0.4217,0.0901,0.0327,8.5131,0.4172,165.93,6.2652,False
AXON,1069183,2023,0.4646,0.1255,0.045,11.5004,0.4549,258.33,8.2369,False
AXON,1069183,2024,0.1385,0.1815,0.0131,22.4885,0.4654,594.32,14.4219,False
AXON,1069183,2025,0.3204,0.1338,-0.0089,12.2782,0.3971,567.93,8.3065,False
BKR,1701605,2017,0.1683,-0.0013,-0.0019,0.5861,,25.0,,False
BKR,1701605,2018,0.1135,0.0005,0.0134,0.4936,0.1195,17.39,0.5966,True
BKR,1701605,2019,0.0976,0.0,0.0201,0.6754,0.1189,21.39,0.7077,True
BKR,1701605,2020,0.1639,-0.2616,-0.4204,0.7174,0.5448,18.15,-0.5817,True
BKR,1701605,2021,0.1681,-0.2878,0.0371,1.0475,0.5807,21.61,1.1306,True
BKR,1701605,2022,0.1029,-0.3148,0.0347,1.3656,0.6189,27.22,1.2354,True
BKR,1701605,2023,0.0896,-0.2387,0.0627,1.4846,0.6904,32.27,1.5614,True
BKR,1701605,2024,0.11,-0.1522,0.0803,1.8371,0.7254,39.73,2.0116,False
BKR,1701605,2025,0.1211,-0.0795,,2.0284,0.6784,45.05,,False
BALL,9389,2015,0.0043,0.4661,0.0619,1.0084,,32.44,,False
BALL,9389,2016,0.0423,0.293,0.0286,0.7066,,33.72,,False
BALL,9389,2017,-0.0203,0.2905,0.0467,0.6923,,34.32,,False
BALL,9389,2018,-0.0094,0.3226,0.0565,0.8576,,42.09,,False
BALL,9389,2019,-0.0399,0.3343,0.0537,1.1019,,59.7,,False
BALL,9389,2020,0.0127,0.3393,0.055,1.5383,,86.68,,False
BALL,9389,2021,-0.037,0.3471,0.0655,1.4904,,90.25,,False
BALL,9389,2022,-0.0763,0.3671,0.061,0.7842,,48.53,,False
BALL,9389,2023,-0.0675,0.4022,0.0659,0.948,,55.39,,False
BALL,9389,2024,-0.0003,0.6539,,1.2165,,53.76,,False
BALL,9389,2025,0.0321,0.6258,,0.9844,,52.45,,False
BAX,10456,2018,0.1971,0.999,0.1022,3.8182,0.1816,57.79,4.4451,False
BAX,10456,2019,0.2349,0.864,0.0974,3.7313,0.167,74.2,4.2186,False
BAX,10456,2020,0.2537,0.8156,0.0807,3.2966,0.1589,72.01,3.8495,False
BAX,10456,2021,0.1383,0.5091,0.051,1.655,0.3814,78.11,2.4214,False
BAX,10456,2022,0.1155,0.4967,-0.0687,1.0895,0.5343,47.19,1.7953,True
BAX,10456,2023,0.1095,0.5699,0.0138,0.9621,0.1374,36.86,1.6894,True
BAX,10456,2024,0.0908,0.579,0.0005,0.7883,0.1068,28.6,1.5012,True
BAX,10456,2025,0.1946,0.6834,-0.0154,0.707,0.5607,19.08,2.1244,False
BDX,10795,2015,0.0619,0.4591,0.04,1.382,,99.73,,False
BDX,10795,2016,0.0769,0.4974,0.0559,1.6527,,108.93,,False
BDX,10795,2017,0.4052,0.3475,0.0392,1.5711,,142.96,,False
BDX,10795,2018,0.0036,0.2337,0.0278,1.2615,0.0817,152.42,1.2617,True
BDX,10795,2019,0.0195,0.2495,0.034,1.6535,0.0886,186.26,1.5655,True
BDX,10795,2020,0.058,0.2368,0.0275,1.5641,0.0886,173.68,1.5188,True
BDX,10795,2021,0.0411,0.2567,0.052,1.5966,0.3759,176.95,1.9139,False
BDX,10795,2022,0.0062,0.2863,0.0431,1.8316,0.3565,185.94,2.0061,False
BDX,10795,2023,0.0386,0.2943,0.04,1.8269,0.367,180.98,2.0535,False
BDX,10795,2024,0.0264,0.2817,0.0418,1.4857,0.3522,171.25,1.8078,True
BDX,10795,2025,0.017,0.3004,0.0466,1.3618,0.3948,149.66,1.8067,True
BBY,764478,2015,0.259,0.2714,0.0531,0.4163,,20.37,,False
BBY,764478,2016,0.219,0.3055,0.057,0.6849,,29.85,,False
BBY,764478,2020,0.1059,0.222,0.1254,1.1231,2.4787,77.54,4.0043,False
BBY,764478,2022,-0.0077,0.1524,0.1736,0.9676,2.9571,66.82,4.3147,False
BBY,764478,2023,-0.0112,0.1538,0.1136,1.1044,2.9297,68.5,4.169,False
BBY,764478,2024,-0.0008,0.1793,0.1052,1.3789,2.9032,78.33,4.3276,False
BBY,764478,2025,0.0141,0.1682,0.0854,1.1276,2.8094,64.38,4.02,False
BBY,764478,2026,0.0562,0.1779,0.0947,1.4211,2.8419,79.32,4.3236,False
TECH,842023,2015,0.1961,0.6713,0.0001,15.2163,,21.0,,False
TECH,842023,2016,0.1768,0.6822,0.1333,15.2307,,24.31,,False
TECH,842023,2017,0.1364,0.5128,0.0774,7.9802,,30.97,,False
TECH,842023,2018,0.2001,0.5504,0.0855,10.6388,,34.88,,False
TECH,842023,2019,0.1648,0.4945,0.0779,11.6149,0.3789,53.24,8.4949,False
TECH,842023,2020,0.2043,0.5215,0.0776,18.7824,0.3643,77.42,12.8653,False
TECH,842023,2021,0.1583,0.4797,0.1049,28.3399,0.4114,126.5,18.6229,False
TECH,842023,2022,0.1872,0.4893,0.1292,21.5117,0.4818,81.35,14.725,False
TECH,842023,2023,0.1868,0.4963,0.1133,17.7471,0.4308,76.07,12.3718,False
TECH,842023,2024,0.1694,0.4901,0.0764,17.6126,0.4287,71.32,12.1379,False
TECH,842023,2026,0.2245,0.4423,0.0974,23.6978,0.4697,72.31,15.8984,False
BIIB,875045,2015,0.2114,0.6259,0.2508,,0.1456,306.35,,False
BIIB,875045,2016,0.2322,0.6588,0.2251,,0.1255,283.58,,False
BIIB,875045,2017,0.1905,0.6684,0.2259,,0.1398,318.57,,False
BIIB,875045,2018,0.1718,0.6429,0.2329,,0.1394,300.92,,False
BIIB,875045,2019,0.1292,0.6042,0.2586,,0.1348,296.73,,False
BIIB,875045,2020,0.1277,0.5677,0.1848,,0.1159,244.86,,False
BIIB,875045,2021,0.149,0.5826,0.119,,0.4599,239.92,,False
BIIB,875045,2022,0.2655,0.6706,,,0.4143,276.92,,False
BIIB,875045,2023,0.1276,0.6566,,,0.3664,258.77,,False
BIIB,875045,2024,0.0687,0.6866,,,0.345,152.92,,False
BIIB,875045,2025,0.1911,0.6981,,,0.336,175.99,,False
XYZ,1512673,2016,0.35,-0.6433,-0.1407,,,13.63,,False
XYZ,1512673,2017,0.3683,-0.3853,-0.0248,,,34.67,,False
XYZ,1512673,2018,0.3332,-0.27,-0.0112,,0.977,56.09,,False
XYZ,1512673,2019,0.3352,-0.1121,0.0058,,,62.56,,False
XYZ,1512673,2020,0.3684,-0.0301,-0.0019,,,217.64,,False
XYZ,1512673,2021,0.3652,-0.002,0.0116,,,161.51,,False
XYZ,1512673,2022,0.2292,-0.0181,-0.0199,,,62.84,,False
XYZ,1512673,2023,0.2623,-0.0155,-0.0082,,,77.35,,False
XYZ,1512673,2024,0.3082,0.0644,0.0243,,,84.99,,False
XYZ,1512673,2025,0.3154,0.0929,0.0432,,,65.09,,False
BA,12927,2020,0.2259,0.2538,-0.0529,0.994,,214.06,,False
BA,12927,2021,0.1925,0.2483,-0.0209,1.0373,,201.32,,False
BA,12927,2022,0.142,0.215,-0.0259,0.9844,,190.49,,False
BA,12927,2023,0.0982,0.1989,-0.0056,1.3357,,260.66,,False
BA,12927,2024,0.1977,0.0982,-0.0685,0.8728,,177.0,,False
BA,12927,2025,0.1209,0.1025,0.0254,1.0542,,217.12,,False
BKNG,1075531,2015,0.1213,0.5276,0.1871,4.3401,,49.82,,False
BKNG,1075531,2016,0.1282,0.5709,0.1465,4.3081,,57.28,,False
BKNG,1075531,2017,0.2176,0.5477,0.1783,3.596,,67.9,,False
BKNG,1075531,2018,0.2139,0.8096,0.2354,3.6375,,67.3,,False
BKNG,1075531,2019,0.2087,1.0855,0.2497,3.898,,80.25,,False
BKNG,1075531,2020,0.4014,1.0646,-0.0288,3.8509,,87.03,,False
BKNG,1075531,2021,0.2918,1.0343,0.1056,4.0338,,93.75,,False
BKNG,1075531,2022,0.2888,1.086,0.2012,2.6203,,78.74,,False
BKNG,1075531,2023,0.1522,1.3076,0.2397,3.8448,,138.6,,False
BKNG,1075531,2024,0.1748,1.3182,0.2727,4.6383,,195.86,,False
BKNG,1075531,2025,0.1902,1.3898,0.3016,4.5865,,212.68,,False
BSX,885725,2023,0.045,0.0233,0.0667,5.2845,0.4053,57.81,3.8826,False
BSX,885725,2024,0.0132,0.0679,0.0661,7.3444,0.4251,89.32,5.1607,False
BSX,885725,2025,0.0768,0.1276,0.0827,7.1082,0.4596,95.35,5.2684,False
BMY,14272,2015,0.0755,0.9957,,5.6386,,47.82,,False
BMY,14272,2016,0.1443,0.9942,,4.8679,,41.37,,False
BMY,14272,2017,0.1577,0.9287,,4.1939,,44.56,,False
BMY,14272,2018,0.186,0.9737,,3.8006,0.1707,38.81,,False
BMY,14272,2019,0.085,0.2653,,1.2944,0.0611,49.58,,False
BMY,14272,2020,0.0938,0.1796,,1.2616,0.0934,49.78,,False
BMY,14272,2021,0.1042,0.2179,,1.4272,0.4243,51.22,,False
BMY,14272,2022,0.0556,0.2634,,1.8947,0.4768,60.94,,False
BMY,14272,2023,0.0999,0.3023,,1.4,0.473,45.01,,False
BMY,14272,2024,0.0649,0.161,,1.3969,0.5216,52.12,,False
BMY,14272,2025,0.0663,0.1877,,1.4901,0.5353,52.18,,False
AVGO,1730168,2018,0.135,0.0696,0.033,4.2698,,20.99,,False
AVGO,1730168,2019,0.0447,0.0,0.0156,3.0411,0.0856,27.09,2.0154,False
AVGO,1730168,2020,0.0727,0.0,0.0201,3.6,0.0852,39.24,2.3988,False
AVGO,1730168,2021,0.1364,0.0099,0.1127,5.7956,0.3632,61.41,4.3901,False
AVGO,1730168,2022,0.1563,0.0219,0.1942,5.0305,0.4533,53.26,4.3307,False
AVGO,1730168,2023,0.1845,0.0368,0.2224,10.6221,0.4916,108.75,7.8718,False
AVGO,1730168,2024,0.0175,0.0,0.0813,11.1546,0.3114,228.92,7.2933,False
AVGO,1730168,2025,0.0763,0.0571,0.1489,18.3306,0.3734,344.83,12.0348,False
BR,1383312,2015,0.1489,0.478,0.1853,3.5181,,44.44,,False
BR,1383312,2016,0.207,0.4507,0.0939,3.4767,,55.93,,False
BR,1383312,2017,0.0777,0.4665,0.0943,4.1337,,77.8,,False
BR,1383312,2018,0.0647,0.5226,0.0803,4.3284,0.3996,83.91,4.0709,False
BR,1383312,2019,0.0618,0.538,0.0621,4.5382,0.3121,109.58,4.0671,False
BR,1383312,2020,-0.0027,0.4709,0.0611,4.4535,0.2785,138.39,3.8083,False
BR,1383312,2021,-0.0033,0.3182,0.0347,3.0284,0.1886,167.61,2.5616,False
BR,1383312,2022,0.0018,0.3457,0.093,2.2854,0.6989,125.27,2.8633,False
BR,1383312,2023,-0.1221,0.3781,0.1137,3.7238,0.7362,195.71,3.7286,False
BR,1383312,2024,0.0144,0.4168,0.1234,4.1019,0.7894,218.52,4.2586,False
BR,1383312,2025,-0.0052,0.452,0.1391,4.2417,0.8062,219.11,4.4369,False
BR,1383312,2026,0.0373,0.509,0.1454,3.3855,0.8358,181.26,4.1043,False
BRO,79282,2019,0.059,0.412,0.069,3.2548,0.076,37.58,2.9041,False
BF-B,14693,2015,0.3091,0.787,0.2449,,,32.38,,False
BF-B,14693,2016,0.3447,0.9718,0.3665,,,29.72,,False
BF-B,14693,2017,0.2986,0.9665,0.2138,,,46.07,,False
BF-B,14693,2018,0.3485,0.3477,0.2088,,,41.16,,False
BF-B,14693,2019,0.3923,0.4355,0.2226,,0.6468,59.18,,False
BF-B,14693,2020,0.4136,0.4696,0.1892,,0.5832,70.23,,False
BF-B,14693,2021,0.4598,0.4972,0.1788,,0.5307,65.97,,False
BF-B,14693,2022,0.4303,0.5087,0.1889,,0.6171,60.13,,False
BF-B,14693,2023,0.3494,0.4684,0.1449,,0.5437,52.97,,False
BF-B,14693,2024,0.3033,0.5218,0.1732,,0.5116,35.9,,False
BF-B,14693,2025,0.3852,0.5825,0.1369,,0.4916,25.38,,False
BF-B,14693,2026,0.3495,0.6331,0.1268,,0.4976,26.35,,False
BLDR,1316835,2015,0.1593,-0.1262,0.0314,0.4362,,11.08,,False
BLDR,1316835,2016,0.1585,-0.0754,0.0812,0.4539,,10.97,,False
BLDR,1316835,2017,0.1988,-0.0571,0.0948,0.8915,,21.79,,False
BLDR,1316835,2018,0.2191,0.0119,0.1258,0.5025,0.6193,10.91,1.6157,True
BLDR,1316835,2019,0.1494,0.0766,0.1207,1.1276,0.5427,25.41,1.9042,False
BLDR,1316835,2020,0.2753,0.1347,0.1303,1.4535,0.6064,40.81,2.4275,False
BLDR,1316835,2021,0.1717,0.0504,0.2228,1.5599,1.8567,85.71,3.8046,False
BLDR,1316835,2022,0.1562,0.0664,0.3558,1.2394,2.145,64.88,4.3433,False
BLDR,1316835,2023,0.1369,0.0438,0.2073,3.1146,1.6284,166.94,4.4068,False
BLDR,1316835,2024,0.1289,0.0023,0.1507,2.4463,1.5497,142.93,3.6727,False
BLDR,1316835,2025,0.1203,0.0137,0.07,1.6079,1.3518,102.89,2.711,False
BG,1996862,2023,0.3414,0.476,0.1203,,0.7028,93.1,,False
BG,1996862,2024,0.3423,0.5156,0.0612,,0.6245,73.79,,False
BG,1996862,2025,0.208,0.2954,0.0255,,0.3805,87.49,,False
CHRW,1043277,2015,0.0886,0.9178,0.0674,2.7835,,48.45,,False
CHRW,1043277,2016,0.044,0.8652,0.0525,2.819,,58.62,,False
CHRW,1043277,2017,0.1236,0.8114,0.0498,3.0364,,73.02,,False
CHRW,1043277,2018,0.2981,0.8686,0.0577,2.9032,0.9346,70.37,4.4407,False
CHRW,1043277,2019,0.2336,0.8931,0.0295,2.6377,0.8173,67.05,4.0279,False
CHRW,1043277,2020,0.2142,0.85,0.1309,2.9511,3.1505,82.44,6.8002,False
CHRW,1043277,2021,0.2103,0.7024,0.154,2.2552,3.2871,96.62,6.3841,False
CHRW,1043277,2022,0.0447,0.9388,0.2127,2.1323,4.1475,83.96,7.497,False
CHRW,1043277,2023,0.1586,1.0757,0.0985,2.4975,3.3676,81.36,6.8874,False
CHRW,1043277,2024,0.1217,1.0922,0.1263,3.2671,3.3456,99.98,7.3978,False
CHRW,1043277,2025,0.1911,1.2002,0.1572,5.7823,3.2091,158.98,9.1067,False
CDNS,813672,2015,0.1822,-0.0315,0.1214,,,20.81,,False
CDNS,813672,2016,0.0555,0.0653,0.1168,,,25.22,,False
CDNS,813672,2017,0.1396,0.141,0.1339,,,41.82,,False
CDNS,813672,2018,0.0981,0.313,0.1605,,0.8661,43.48,,False
CDNS,813672,2019,0.148,0.5247,0.1465,,0.6959,69.36,,False
CDNS,813672,2020,0.1726,0.5949,0.1634,,0.6791,136.43,,False
CDNS,813672,2021,0.1697,0.6945,0.1776,,0.6813,186.35,,False
CDNS,813672,2022,0.0699,0.7583,0.209,,0.6933,160.64,,False
CDNS,813672,2023,0.068,0.8707,0.2207,,0.7214,272.37,,False
CDNS,813672,2024,0.2948,0.6677,0.1505,,0.5172,300.46,,False
CDNS,813672,2025,0.2989,0.6994,0.147,,0.5217,312.58,,False
CAH,721371,2015,0.1496,0.1832,0.0717,0.6509,0.9139,66.85,1.977,False
CAH,721371,2016,0.0661,0.1881,0.0721,0.4651,0.9198,55.13,1.7793,True
CAH,721371,2017,0.1776,0.1238,0.0529,0.3363,0.8218,48.16,1.5845,True
CAH,721371,2018,0.0416,0.1163,0.0032,0.2495,0.8848,36.36,1.2576,True
CAH,721371,2019,0.04,0.1327,0.0503,0.2882,0.9119,42.92,1.4845,True
CAH,721371,2020,0.057,0.0287,-0.1005,0.2819,0.9,47.25,0.846,True
CAH,721371,2021,0.077,0.0271,0.0106,0.2566,3.6548,47.06,3.9742,False
CAH,721371,2022,0.0544,-0.0064,-0.0136,0.3783,4.1334,72.52,4.3718,False
CAH,721371,2023,0.0029,-0.0123,0.0167,0.489,4.7219,97.28,5.0569,False
CAH,721371,2024,-0.0168,-0.0063,0.0275,0.5571,5.0271,115.77,5.4233,False
CAH,721371,2025,-0.0475,0.0147,0.0428,0.8489,4.1899,204.05,4.8042,False
CAH,721371,2026,-0.0899,0.0351,0.0456,0.9067,4.4372,234.62,5.0729,False
CCL,815097,2015,-0.1148,0.5113,0.0656,4.1445,,46.8,,False
CCL,815097,2016,-0.1383,0.561,0.0789,3.8544,,45.98,,False
CCL,815097,2017,-0.1767,0.5712,0.0689,4.9718,,60.12,,False
CCL,815097,2018,-0.1646,0.5912,0.0784,3.513,,46.06,,False
CCL,815097,2019,-0.1569,0.5915,0.0727,3.4392,0.4622,49.45,3.4056,False
CCL,815097,2020,0.035,0.2999,-0.1654,0.8839,0.1044,21.32,0.5508,True
CCL,815097,2021,-0.0052,0.1209,-0.1329,0.6582,0.0358,19.8,0.1552,True
CCL,815097,2022,-0.0602,0.0052,-0.0847,0.2433,0.2353,7.93,0.0369,True
CCL,815097,2023,-0.1265,0.0038,0.0398,0.5918,0.4396,18.25,0.7795,True
CCL,815097,2024,-0.1679,0.0428,0.0729,0.844,0.51,24.53,1.1153,True
CCL,815097,2025,-0.1717,0.0932,0.0867,1.0449,0.5151,30.06,1.3527,True
CARR,1783180,2020,0.1361,0.0655,0.0496,1.5679,0.1831,34.95,1.5425,True
CARR,1783180,2021,0.1826,0.1095,0.1011,2.2112,0.7876,50.79,2.8202,False
CARR,1783180,2022,0.1475,0.2249,0.1731,1.811,0.7828,39.27,2.9324,False
CARR,1783180,2023,0.3622,0.2008,0.07,1.9376,0.6733,55.56,2.7825,False
CARR,1783180,2024,0.0534,0.307,0.0207,2.4118,0.1376,66.81,2.147,False
CARR,1783180,2025,0.0382,0.3279,0.0584,1.8814,0.5848,52.24,2.4111,False
CVNA,1690820,2017,0.2865,-0.0201,,,,3.82,,False
CVNA,1690820,2018,0.3364,-0.0753,,,,6.54,,False
CVNA,1690820,2019,0.2403,-0.0889,,,0.5363,18.41,,False
CVNA,1690820,2020,0.4798,-0.1167,,,0.6019,47.91,,False
CVNA,1690820,2021,0.2854,-0.0697,,,1.8267,46.36,,False
CVNA,1690820,2022,0.2302,-0.2387,,,1.564,0.95,,False
CVNA,1690820,2023,0.2524,-0.23,,,1.5233,10.59,,False
CVNA,1690820,2024,0.4162,-0.1669,0.1167,,1.6116,40.67,,False
CVNA,1690820,2025,0.381,-0.0007,0.1425,,1.5394,84.4,,False
CASY,726958,2015,-0.0241,0.3316,,2.5886,,111.69,,False
CASY,726958,2016,-0.0226,0.3707,,2.4995,,111.09,,False
CASY,726958,2017,-0.0317,0.381,,2.1322,,105.54,,False
CASY,726958,2018,-0.032,0.3663,,2.0507,0.602,122.0,,False
CASY,726958,2019,-0.0483,0.3734,,2.429,0.5838,152.64,,False
CASY,726958,2020,-0.1714,0.4082,,2.7768,0.4597,172.85,,False
CASY,726958,2021,0.0249,0.4201,,2.8116,1.9521,192.28,,False
CASY,726958,2022,-0.0326,0.3926,,2.4921,2.3526,220.14,,False
CASY,726958,2023,-0.001,0.4292,,3.0556,2.5398,271.38,,False
CASY,726958,2024,-0.0195,0.4707,,4.3652,2.3416,393.53,,False
CASY,726958,2025,-0.0108,0.4214,,4.3366,1.9421,551.4,,False
CASY,726958,2026,0.0015,0.4422,,5.5778,1.9652,752.21,,False
CAT,18230,2015,0.1034,0.4358,0.0415,0.3821,0.1405,52.87,1.2408,True
CAT,18230,2016,0.0781,0.3665,0.0067,0.5616,0.1282,75.13,1.0939,True
CAT,18230,2017,0.121,0.3417,0.0572,0.9565,0.1676,131.5,1.554,True
CAT,18230,2018,0.1323,0.3876,0.1056,0.7735,0.1827,108.41,1.6967,True
CAT,18230,2019,0.1602,0.439,0.1057,0.9332,0.1675,129.57,1.883,False
CAT,18230,2020,0.1755,0.449,0.0581,1.2014,0.1434,164.51,1.8953,False
CAT,18230,2021,0.1644,0.4745,0.0831,1.323,0.6156,190.75,2.5451,False
CAT,18230,2022,0.1495,0.531,0.0965,1.5744,0.7252,226.23,2.9111,False
CAT,18230,2023,0.1397,0.5859,0.1482,1.9269,0.7666,284.93,3.3997,False
CAT,18230,2024,0.1528,0.6763,0.1489,2.3916,0.7384,355.19,3.795,False
CAT,18230,2025,0.1616,0.6639,0.1131,3.3874,0.6856,569.39,4.2146,False
CBOE,1374310,2015,0.3382,1.5686,0.1972,47.2657,0.4053,56.64,32.0175,False
CBOE,1374310,2016,0.3047,1.4913,0.1576,46.7787,0.3673,65.43,31.408,False
CBOE,1374310,2019,0.0637,0.2958,0.0233,6.5315,,109.97,,False
CBOE,1374310,2020,0.0389,0.2777,0.0207,2.8577,,86.68,,False
CBOE,1374310,2021,0.0531,0.3148,0.1183,4.0114,,123.29,,False
CBOE,1374310,2022,0.0113,0.3102,0.07,3.5648,,120.62,,False
CBOE,1374310,2023,0.0796,0.3373,0.1413,5.1922,,174.14,,False
CBOE,1374310,2024,0.1392,0.3615,0.141,5.7386,,192.85,,False
CBOE,1374310,2025,0.2213,0.3808,0.1577,6.2446,,249.17,,False
CBRE,1138118,2015,0.0282,0.1895,0.0188,1.2125,,34.58,,False
CBRE,1138118,2016,0.0554,0.2465,0.0327,1.1808,,31.49,,False
CBRE,1138118,2017,0.0737,0.2916,0.0933,1.6938,,43.31,,False
CBRE,1138118,2018,0.0707,0.3348,0.0809,1.3726,1.5352,40.04,3.179,False
CBRE,1138118,2019,0.0678,0.3577,0.0778,1.7884,1.4369,61.29,3.3487,False
CBRE,1138118,2020,0.0943,0.362,0.0246,1.7242,1.2844,62.72,3.0202,False
CBRE,1138118,2021,0.0754,0.379,0.0742,2.4714,1.2209,108.51,3.5696,False
CBRE,1138118,2022,0.014,0.4306,0.0737,1.8715,1.4709,76.96,3.4567,False
CBRE,1138118,2023,0.0631,0.4075,0.0495,1.9996,1.3928,93.09,3.4022,False
CBRE,1138118,2024,0.028,0.3924,0.058,2.5027,1.4397,131.29,3.7154,False
CBRE,1138118,2025,0.0379,0.3211,0.0568,2.191,1.2922,160.79,3.2892,False
CDW,1402057,2017,0.1241,-0.2637,0.0319,1.3015,,62.19,,False
CDW,1402057,2018,0.1386,-0.264,0.0339,1.5336,0.5685,73.37,1.3972,True
COR,1140859,2015,-0.0853,0.0426,0.0194,0.5388,1.2788,76.52,1.6233,True
COR,1140859,2016,-0.0722,0.0685,0.0067,0.3551,1.116,58.67,1.3603,True
COR,1140859,2017,-0.0712,0.0678,-0.0038,0.4024,1.1077,70.12,1.346,True
COR,1140859,2018,-0.0524,0.0988,0.0041,0.3175,1.1494,57.8,1.4287,True
COR,1140859,2019,-0.037,0.1081,0.0046,0.3754,1.1651,71.39,1.5124,True
COR,1140859,2020,-0.018,0.0117,-0.1381,0.371,1.1123,88.07,0.874,True
COR,1140859,2021,-0.0446,0.0291,0.0411,0.424,3.7321,126.9,4.1093,False
COR,1140859,2022,-0.0687,0.0526,0.0418,0.5386,4.2183,160.23,4.6707,False
COR,1140859,2023,-0.0964,0.0691,0.0374,0.6177,4.1908,200.81,4.666,False
COR,1140859,2024,-0.0978,0.0807,0.0324,0.6364,4.3808,221.64,4.8654,False
COR,1140859,2025,-0.0729,0.0853,0.0343,0.8533,4.1955,335.75,4.8527,False
CNC,1071739,2015,-0.0033,0.185,0.0961,3.2408,,32.9,,False
CNC,1071739,2016,-0.0128,0.0951,0.0624,0.9867,,28.25,,False
CNC,1071739,2017,-0.0288,0.1257,0.0549,1.6635,,50.44,,False
CNC,1071739,2018,0.0009,0.1185,0.0472,1.4327,1.8263,57.65,3.0086,False
CNC,1071739,2019,0.1803,0.1216,0.0434,1.0974,1.7164,62.87,2.9048,False
CNC,1071739,2020,0.0263,0.0988,0.0448,0.6936,1.5105,60.03,2.2446,False
CNC,1071739,2021,0.0349,0.1038,0.0228,0.7927,1.5054,82.4,2.2433,False
CNC,1071739,2022,0.0216,0.1215,0.0171,0.7697,1.7624,82.01,2.477,False
CNC,1071739,2023,0.0477,0.1423,0.0346,0.6247,1.6552,74.21,2.4007,False
CNC,1071739,2024,0.0453,0.1862,0.0385,0.535,1.7649,60.58,2.528,False
CNC,1071739,2025,0.0479,0.113,-0.0993,0.3586,2.2748,41.15,2.3778,False
CF,1324404,2015,-0.0069,0.24,0.0937,0.5262,,30.26,,False
CF,1324404,2016,0.1301,0.1563,0.0089,0.3139,,24.44,,False
CF,1324404,2017,0.0657,0.1815,0.017,0.5247,,34.27,,False
CF,1324404,2018,0.0449,0.1945,0.0605,0.562,0.0894,36.03,0.9525,True
CF,1324404,2019,0.0254,0.1609,0.0824,0.6626,0.0862,40.61,1.0114,True
CF,1324404,2020,0.0383,0.1603,0.0518,0.5689,0.343,34.21,1.1257,True
CF,1324404,2021,0.0938,0.1687,0.1397,1.057,0.5283,64.04,1.9724,False
CF,1324404,2022,0.2012,0.2905,0.4054,1.4344,0.8402,78.31,3.6867,False
CF,1324404,2023,0.1565,0.3155,0.1551,1.3037,0.4613,74.59,2.3848,False
CF,1324404,2024,0.1264,0.2977,0.1297,1.4652,0.4408,82.11,2.3163,False
CF,1324404,2025,0.1489,0.275,0.1633,1.247,0.5028,76.22,2.3535,False
CRL,1100682,2015,0.1196,0.0051,0.0253,2.9455,,80.39,,False
CRL,1100682,2016,0.0838,0.061,0.0255,1.9576,,76.19,,False
CRL,1100682,2017,0.1239,0.0985,0.0214,2.8003,,109.45,,False
CRL,1100682,2018,0.0881,0.0109,0.0266,2.1461,0.156,113.18,1.6524,True
CRL,1100682,2019,0.0663,0.0597,0.0232,2.4097,0.1473,152.76,1.8328,False
CRL,1100682,2020,0.0658,0.1139,0.0235,3.5636,0.1441,249.86,2.5982,False
CRL,1100682,2021,0.0343,0.1396,0.084,4.0582,0.504,376.78,3.4526,False
CRL,1100682,2022,0.0457,0.1885,0.0856,2.2716,0.523,217.9,2.4872,False
CRL,1100682,2023,0.0676,0.2303,0.0753,2.488,0.5039,236.4,2.6487,False
CRL,1100682,2024,0.0543,0.2407,0.0302,2.192,0.538,184.6,2.355,False
CRL,1100682,2025,0.0458,0.1946,0.0035,2.4267,0.5627,199.48,2.3578,False
CHTR,1091667,2015,-0.0414,-0.0524,0.0082,1.2665,0.0639,183.1,0.7278,True
CHTR,1091667,2016,-0.0421,0.0049,0.0097,0.7161,0.0689,287.92,0.4869,True
CHTR,1091667,2017,-0.0582,0.0261,0.0082,0.8464,0.0723,335.96,0.574,True
CHTR,1091667,2018,-0.0641,0.019,0.0098,0.7029,0.0769,284.97,0.4808,True
CHTR,1091667,2019,-0.0399,0.0003,0.0132,1.1257,0.0794,485.08,0.7509,True
CHTR,1091667,2020,-0.0414,-0.036,0.0171,1.4886,0.0875,661.55,0.937,True
CHTR,1091667,2021,-0.0624,-0.089,0.0739,1.3752,0.3627,651.97,1.2322,True
CHTR,1091667,2022,-0.0557,-0.1026,0.0828,0.6785,0.3738,339.1,0.8436,True
CHTR,1091667,2023,-0.0617,-0.0833,0.0853,0.7737,0.371,388.68,0.9261,True
CHTR,1091667,2024,-0.0617,-0.0517,0.0874,0.6908,0.3672,342.77,0.9239,True
CHTR,1091667,2025,-0.0529,-0.035,0.0837,0.4094,0.3552,208.75,0.7645,True
CVX,93410,2015,0.0334,0.6824,,1.0045,,57.05,,False
CVX,93410,2016,-0.0083,0.6654,,1.359,,77.97,,False
CVX,93410,2017,0.0032,0.686,,1.6305,,86.23,,False
CVX,93410,2018,0.027,0.7129,,1.5654,0.6259,77.82,,False
CVX,93410,2019,0.0076,0.7368,,1.922,0.5891,89.71,,False
CVX,93410,2020,0.0162,0.6688,,1.2259,0.394,66.43,,False
CVX,93410,2021,0.029,0.6911,,1.9271,0.6496,97.14,,False
CVX,93410,2022,0.0626,0.7374,,3.1205,0.9147,153.94,,False
CVX,93410,2023,0.0339,0.7645,,2.6346,0.7526,132.95,,False
CVX,93410,2024,0.0092,0.8012,,2.5636,0.7528,134.66,,False
CVX,93410,2025,0.0159,0.6338,,2.2221,0.5692,148.27,,False
CMG,1058090,2015,0.1962,0.8065,0.038,20.3453,,9.6,,False
CMG,1058090,2016,0.1187,1.0961,0.0151,15.3203,,7.55,,False
CMG,1058090,2017,0.1494,1.1718,0.0293,10.7364,,5.78,,False
CMG,1058090,2018,0.161,1.136,0.0175,13.2656,0.5407,8.64,10.3414,False
CMG,1058090,2019,0.0795,0.5723,0.0192,6.191,0.2821,16.74,4.9568,False
CMG,1058090,2020,0.1,0.5476,0.0195,8.8549,0.2687,27.73,6.5327,False
CMG,1058090,2021,0.0763,0.5906,0.121,10.1598,1.1344,34.97,8.5479,False
CMG,1058090,2022,0.0367,0.697,0.1675,7.7016,1.2464,27.75,7.4399,False
CMG,1058090,2023,0.0734,0.7529,0.1937,11.6175,1.2272,45.74,9.9789,False
CMG,1058090,2024,0.0665,0.171,0.2082,13.7515,1.2292,60.3,10.4863,False
CMG,1058090,2025,0.031,0.0689,0.2152,7.5959,1.3259,37.0,6.7273,False
CHD,313927,2015,0.0078,0.6225,0.0397,3.9153,,36.87,,False
CHD,313927,2016,-0.0563,0.672,0.0398,3.8922,,38.99,,False
CHD,313927,2017,0.0108,0.5784,0.0357,2.8089,,44.96,,False
CHD,313927,2018,-0.0409,0.6315,0.0319,3.93,0.177,59.9,3.4752,False
CHD,313927,2019,-0.0204,0.6365,0.0293,3.8593,0.1719,64.91,3.4508,False
CHD,313927,2020,-0.0373,0.6455,0.0257,4.3963,0.1747,81.44,3.7563,False
CHD,313927,2021,-0.1053,0.671,0.1349,4.822,0.649,96.83,4.8007,False
CHD,313927,2022,0.0254,0.662,0.0716,3.7644,0.6441,77.06,4.0964,False
CHD,313927,2023,0.0126,0.7016,0.1234,4.6039,0.6848,91.49,4.8516,False
CHD,313927,2024,0.1041,0.7114,0.0909,5.3727,0.6875,102.43,5.3318,False
CHD,313927,2025,0.0111,0.7594,0.1209,4.013,0.696,83.07,4.5794,False
CIEN,936395,2015,0.4442,-2.2259,0.0373,1.4145,,20.69,,False
CIEN,936395,2016,0.389,-2.056,0.0542,1.6358,,24.41,,False
CIEN,936395,2017,0.2451,-1.1803,0.0543,1.635,,20.93,,False
CIEN,936395,2018,0.314,-1.3171,0.0612,2.6318,0.8237,33.91,1.1377,True
CIEN,936395,2019,0.3945,-1.1929,0.0891,3.5185,0.9175,42.69,2.1258,False
CIEN,936395,2020,0.4426,-1.0244,0.1165,4.4842,0.8448,52.85,3.0166,False
CIEN,936395,2021,0.4686,-0.778,0.1018,5.9153,0.7442,76.97,4.1025,False
CIEN,936395,2022,0.4626,-0.7165,0.0439,3.0675,0.7166,50.98,2.2542,False
CIEN,936395,2023,0.472,-0.6029,0.0638,2.3184,0.7831,45.01,2.107,False
CIEN,936395,2024,0.4511,-0.5838,0.0295,4.257,0.7117,84.81,3.0873,False
CIEN,936395,2025,0.3849,-0.5405,0.0337,10.5777,0.8133,233.87,6.9761,False
CI,1739940,2018,-0.0748,0.0985,0.0271,0.4023,0.0933,170.77,0.4724,True
CI,1739940,2019,-0.0661,0.1294,0.0519,0.4402,0.2455,183.92,0.7827,True
CI,1739940,2020,-0.0529,0.1838,0.0524,0.471,1.0318,187.28,1.6814,True
CI,1739940,2021,-0.048,0.2104,0.0512,0.5159,1.1239,210.29,1.8395,False
CI,1739940,2022,-0.0772,0.2631,0.0585,0.8235,1.2542,308.46,2.2169,False
CI,1739940,2023,-0.0744,0.2727,0.0559,0.7049,1.2782,283.86,2.178,False
CI,1739940,2024,-0.0584,0.2792,0.0604,0.6133,1.5853,266.07,2.4734,False
CI,1739940,2025,-0.054,0.3031,0.0583,0.6163,1.7408,270.64,2.6623,False
CTAS,723254,2015,0.2659,1.0084,0.1661,3.6157,,20.42,,False
CTAS,723254,2016,0.1887,1.1709,0.1905,4.6444,,26.25,,False
CTAS,723254,2017,0.1203,0.7555,0.113,3.1538,,35.79,,False
CTAS,723254,2018,0.1728,0.839,0.1365,3.9614,,39.02,,False
CTAS,723254,2019,0.1491,0.8998,0.1524,5.6958,0.9268,63.11,6.2858,False
CTAS,723254,2020,0.1857,0.9513,0.1516,7.5591,0.9238,83.77,7.5142,False
CTAS,723254,2021,0.1104,0.9563,0.1682,9.3221,0.864,105.97,8.4836,False
CTAS,723254,2022,0.1472,1.0702,0.1948,9.0238,0.9641,109.12,8.6962,False
CTAS,723254,2023,0.1999,1.123,0.2109,12.5733,1.0315,147.12,11.0836,False
CTAS,723254,2024,0.148,1.1581,0.2256,14.831,1.0467,179.84,12.4886,False
CTAS,723254,2025,0.1824,1.2008,0.2402,14.5285,1.0524,186.64,12.4621,False
CTAS,723254,2026,0.1107,1.2417,0.2476,14.9836,1.0699,201.79,12.7482,False
CSCO,858877,2015,0.464,0.1414,0.0949,1.4422,,19.67,,False
CSCO,858877,2016,0.4423,0.1594,0.1041,1.5372,,22.64,,False
CSCO,858877,2017,0.4323,0.1605,0.0234,1.84,,29.72,,False
CSCO,858877,2018,0.3199,0.0113,0.0308,2.0831,,34.65,,False
CSCO,858877,2019,0.1641,-0.0604,0.0377,2.4206,0.1373,39.43,1.8265,False
CSCO,858877,2020,0.1923,-0.0291,0.0342,2.6356,0.1281,38.06,2.0125,False
CSCO,858877,2021,0.1319,-0.0067,0.1316,3.8899,0.511,55.47,3.4281,False
CSCO,858877,2022,0.1178,-0.014,0.1486,3.1269,0.5485,43.01,3.0368,False
CSCO,858877,2023,0.1182,0.0161,0.1476,3.2234,0.5596,47.01,3.145,False
CSCO,858877,2024,-0.0299,0.0087,0.0979,2.8402,0.4325,56.88,2.436,False
CSCO,858877,2025,-0.0006,0.0004,0.0962,3.9673,0.4633,75.92,3.1608,False
CSCO,858877,2026,-0.0221,0.0121,0.1185,5.4897,0.4885,110.49,4.1639,False
CLX,21076,2015,0.0058,0.4618,,2.7544,,92.16,,False
CLX,21076,2016,-0.0162,0.4788,0.2176,2.5611,,89.4,,False
CLX,21076,2017,-0.0645,0.5336,0.2259,3.4096,,113.66,,False
CLX,21076,2018,0.0219,0.5528,0.2083,3.379,,121.11,,False
CLX,21076,2019,-0.0264,0.6157,0.2002,3.2853,0.318,123.81,3.7801,False
CLX,21076,2020,0.0969,0.5741,0.1907,3.7945,0.3192,166.47,4.1453,False
CLX,21076,2021,-0.0358,0.1636,0.1421,3.1026,0.2845,147.33,2.801,False
CLX,21076,2022,-0.0096,0.1702,0.0986,2.7236,1.1541,122.28,3.3403,False
CLX,21076,2023,-0.015,0.0981,0.04,2.7936,1.2429,128.38,3.1705,False
CLX,21076,2024,0.0083,0.0435,0.0692,3.475,1.2334,151.13,3.6176,False
CLX,21076,2025,-0.0559,0.0777,0.1939,2.3177,1.2775,97.35,3.3495,False
CME,1156375,2015,0.016,0.0432,0.007,0.0862,0.0121,60.54,0.1665,True
CME,1156375,2016,0.0157,0.0364,0.0078,0.1102,0.0132,81.09,0.1747,True
CME,1156375,2017,0.0163,0.0593,0.0071,0.134,0.0119,107.31,0.2183,True
CME,1156375,2018,0.0079,0.0627,0.0084,0.1835,0.016,141.81,0.251,True
CME,1156375,2019,0.0139,0.0666,0.0076,0.2113,0.0151,155.52,0.2769,True
CME,1156375,2020,0.0087,0.0401,0.0041,0.0987,0.0088,145.65,0.1482,True
CME,1156375,2021,0.0069,0.0262,0.0134,0.0742,0.0238,188.58,0.1577,True
CME,1156375,2022,0.008,0.0273,0.0173,0.0658,0.0288,145.41,0.1732,True
CME,1156375,2023,0.0114,0.0343,0.0265,0.1236,0.043,190.96,0.2663,True
CME,1156375,2024,0.0052,0.0305,0.0286,0.1324,0.0446,220.39,0.2673,True
CME,1156375,2025,0.0255,0.0324,0.0213,0.1037,0.0329,264.09,0.2414,True
CMS,811156,2015,0.0009,-0.042,0.012,0.502,,26.2,,False
CMS,811156,2016,-0.0173,-0.0285,0.0134,0.5634,,31.14,,False
CMS,811156,2017,-0.0134,-0.023,0.0164,0.6153,,36.44,,False
CMS,811156,2018,-0.0064,-0.011,0.0102,0.6268,0.2651,39.45,0.6517,True
CMS,811156,2019,-0.0139,-0.0009,0.0116,0.7385,0.2386,51.3,0.702,True
CMS,811156,2020,-0.0226,0.0072,0.0119,0.6798,0.2103,51.14,0.6403,True
CMS,811156,2021,0.0147,0.0368,0.0071,0.8158,0.2461,56.1,0.828,True
CMS,811156,2022,0.0143,0.0431,0.039,0.7418,0.2654,56.2,0.9167,True
CMS,811156,2023,-0.0017,0.0495,0.0368,0.6579,0.2166,53.27,0.8002,True
CMS,811156,2024,-0.0204,0.0567,0.0414,0.7291,0.2038,63.18,0.8328,True
CMS,811156,2025,-0.0019,0.0612,0.0432,0.7087,0.2079,68.32,0.8592,True
KO,21344,2015,0.0718,0.7217,0.0969,,,30.78,,False
KO,21344,2016,0.0857,0.7506,0.0988,,,30.67,,False
KO,21344,2017,0.1064,0.6875,0.0853,,,35.08,,False
KO,21344,2018,0.017,0.7599,0.1045,,0.3828,37.45,,False
KO,21344,2019,-0.076,0.7624,0.1168,,0.4314,45.17,,False
KO,21344,2020,0.0531,0.7624,0.1031,,0.3782,46.28,,False
KO,21344,2021,0.0275,0.7323,0.1092,,0.4097,51.55,,False
KO,21344,2022,0.0309,0.7656,0.1176,,0.4636,57.01,,False
KO,21344,2023,0.0324,0.7552,0.1158,,0.4683,54.49,,False
KO,21344,2024,0.0074,0.7564,0.0994,,0.468,59.32,,False
KO,21344,2025,0.0931,0.7669,0.1313,,0.4574,68.58,,False
CTSH,1058290,2015,0.3976,0.6831,0.0424,,,52.26,,False
CTSH,1058290,2016,0.4335,0.7347,0.0393,,,48.79,,False
CTSH,1058290,2017,0.4121,0.6927,0.0432,,,62.24,,False
CTSH,1058290,2018,0.3708,0.7217,0.0435,,1.0133,56.23,,False
CTSH,1058290,2019,0.2856,0.6802,0.0386,,1.0357,55.63,,False
CTSH,1058290,2020,0.1957,0.6316,0.1249,,0.984,74.5,,False
CTSH,1058290,2021,0.2136,0.6678,0.1583,,1.0367,81.68,,False
CTSH,1058290,2022,0.2195,0.7051,0.1663,,1.0883,53.47,,False
CTSH,1058290,2023,0.2258,0.7196,0.1455,,1.0471,71.85,,False
CTSH,1058290,2024,0.1963,0.7356,0.1448,,0.9885,74.33,,False
CTSH,1058290,2025,0.201,0.7326,0.1638,,1.0201,81.52,,False
COHR,820318,2015,0.3533,0.555,0.0726,11.0448,,18.56,,False
COHR,820318,2016,0.3395,0.5383,0.0757,13.4954,,29.65,,False
COHR,820318,2017,0.3502,0.5064,0.0782,15.9421,,46.95,,False
COHR,820318,2018,0.2982,0.4746,0.0768,8.621,,32.46,,False
COHR,820318,2019,0.2776,0.483,0.0761,8.0355,0.1857,33.67,6.2673,False
COHR,820318,2020,0.3528,0.1745,0.0617,6.2494,0.1241,75.96,4.7452,False
COHR,820318,2022,0.3873,0.1718,0.0528,1.9857,0.4228,35.1,2.4938,False
COHR,820318,2023,0.1585,0.0689,-0.0027,1.3151,0.3763,43.53,1.4431,True
COHR,820318,2024,0.1599,0.0459,0.0066,2.8356,0.3249,94.73,2.3042,False
COHR,820318,2025,0.143,0.0392,,5.6216,0.3897,184.57,,False
COHR,820318,2026,0.2225,0.074,,7.7047,0.389,277.83,,False
COIN,1679788,2021,0.3269,0.2045,0.1446,,0.3685,252.37,,False
COIN,1679788,2022,0.0628,0.0192,-0.0302,,0.0356,35.39,,False
COIN,1679788,2023,0.0278,0.0088,-0.0008,,0.015,173.92,,False
COIN,1679788,2024,0.4512,0.2201,0.1023,,0.2912,248.3,,False
COIN,1679788,2025,0.3939,0.2097,0.0484,,0.242,226.14,,False
CL,21665,2015,0.0711,1.5773,0.2332,3.4366,,51.74,,False
CL,21665,2016,0.0852,1.6433,0.3165,3.4215,,51.96,,False
CL,21665,2017,0.0971,1.6197,0.2831,3.9278,,61.26,,False
CL,21665,2018,0.0372,1.7774,0.3038,3.2982,0.3134,49.5,5.8277,False
CL,21665,2019,0.0094,1.4967,0.2364,3.2331,0.2671,58.71,5.0936,False
CL,21665,2020,-0.0041,1.4886,0.244,4.0163,0.2716,74.66,5.5658,False
CL,21665,2021,0.023,1.619,0.2215,4.3182,1.1583,76.21,6.7745,False
CL,21665,2022,0.0705,1.5621,0.1839,3.8489,1.1421,72.06,6.3298,False
CL,21665,2023,0.0328,1.5427,0.243,3.8624,1.1869,74.79,6.5055,False
CL,21665,2024,-0.0275,1.6294,0.266,4.4831,1.2527,87.18,7.0684,False
CL,21665,2025,-0.0701,1.6286,0.2024,3.8753,1.2481,77.61,6.4373,False
CMCSA,1166691,2015,-0.0353,0.1285,0.024,0.3631,,20.12,,False
CMCSA,1166691,2016,-0.0287,0.1278,0.0236,0.4098,,25.14,,False
CMCSA,1166691,2017,-0.0294,0.2043,0.022,0.5148,,29.53,,False
CMCSA,1166691,2018,-0.0229,0.1668,0.0179,0.2954,,25.78,,False
CMCSA,1166691,2019,-0.0186,0.1925,0.0199,0.3946,,34.56,,False
CMCSA,1166691,2020,-0.0075,0.2061,0.0143,0.4628,,41.17,,False
CMCSA,1166691,2021,-0.0165,0.2244,0.0754,0.4618,,40.25,,False
CMCSA,1166691,2022,-0.0236,0.2006,0.0546,0.3359,,28.71,,False
CMCSA,1166691,2023,-0.0612,0.1997,0.088,0.4198,,37.06,,False
CMCSA,1166691,2024,-0.048,0.214,0.0875,0.3731,0.4648,32.67,1.2194,True
CMCSA,1166691,2025,-0.0145,0.2446,0.0758,0.317,0.4538,27.0,1.2191,True
FIX,1035983,2015,0.1719,0.1003,0.1302,2.8633,,26.57,,False
FIX,1035983,2016,0.1386,0.1749,0.1433,3.328,,31.42,,False
FIX,1035983,2017,0.1312,0.191,0.1127,3.1549,,41.52,,False
FIX,1035983,2018,0.1342,0.2531,0.1414,2.6072,2.0544,41.82,4.6007,False
FIX,1035983,2019,0.1211,0.245,0.1087,1.8418,1.7377,48.13,3.6898,False
FIX,1035983,2020,0.0677,0.2861,0.1085,1.7041,1.6255,51.37,3.4878,False
FIX,1035983,2021,0.0864,0.2846,0.0853,2.4342,,97.07,,False
FIX,1035983,2022,0.0527,0.329,0.0977,2.5015,,113.55,,False
FIX,1035983,2023,0.0574,0.3472,0.1266,3.54,,203.96,,False
FIX,1035983,2024,0.044,0.3454,0.1591,4.9396,,421.96,,False
FIX,1035983,2025,0.1113,0.4007,0.2041,8.2155,,931.96,,False
COP,1163165,2015,-0.0048,0.3735,,0.7034,,33.61,,False
COP,1163165,2016,0.0189,0.3514,,0.8153,,37.02,,False
COP,1163165,2017,0.097,0.4006,-0.0356,1.1697,,41.44,,False
COP,1163165,2018,0.084,0.486,0.1425,1.5183,0.5204,47.92,2.6829,False
COP,1163165,2019,0.14,0.5636,0.1351,1.7307,0.4619,51.09,2.903,False
COP,1163165,2020,0.107,0.5623,-0.0501,1.1981,0.3,32.68,1.769,True
COP,1163165,2021,0.0444,0.4486,0.1402,1.6188,0.5055,60.98,2.6209,False
COP,1163165,2022,0.0629,0.5652,0.3008,2.7447,0.6506,104.7,4.157,False
COP,1163165,2023,0.0451,0.6179,0.1698,2.7501,0.5058,106.78,3.6354,False
COP,1163165,2024,0.0287,0.5283,0.1114,1.9432,0.4025,93.79,2.71,False
COP,1163165,2025,0.0292,0.5647,0.1038,1.9152,0.425,91.59,2.7423,False
ED,1047862,2015,-0.0194,,0.0532,0.7838,,43.76,,False
ED,1047862,2016,-0.0091,,0.0534,0.9979,,52.03,,False
ED,1047862,2017,-0.0284,,0.0542,1.274,,62.07,,False
ED,1047862,2018,-0.0435,,0.0494,1.0906,0.2212,57.96,,False
ED,1047862,2019,-0.0347,,0.0461,1.2265,0.2091,71.02,,False
STZ,16918,2015,0.0416,0.359,0.104,,,120.31,,False
STZ,16918,2016,0.0286,0.393,0.129,,,130.73,,False
STZ,16918,2018,0.0178,0.4884,0.0825,,0.0615,140.42,,False
STZ,16918,2020,0.0429,0.5012,0.0789,,0.0696,197.58,,False
STZ,16918,2021,0.0655,0.5578,0.103,,0.0721,229.43,,False
STZ,16918,2022,0.0244,0.561,0.0902,,0.0813,214.68,,False
STZ,16918,2023,0.0214,0.5005,0.1153,,0.081,227.2,,False
STZ,16918,2024,0.0229,0.5222,0.1234,,0.0833,211.05,,False
STZ,16918,2025,-0.0147,0.5821,0.0164,,0.1,135.09,,False
STZ,16918,2026,0.0099,0.6198,0.1243,,0.0877,130.62,,False
CEG,1868275,2022,0.0324,-0.0106,0.0106,0.8349,,83.74,,False
CEG,1868275,2023,0.039,0.015,0.0317,1.0316,0.4106,114.93,1.202,True
CEG,1868275,2024,0.0743,0.0768,0.0822,1.9923,0.3583,221.48,2.0217,False
CEG,1868275,2025,0.0729,0.103,0.0539,2.9393,0.3959,351.71,2.5691,False
COO,711404,2015,0.0611,0.3989,0.0531,3.5643,,33.49,,False
COO,711404,2016,0.0889,0.4581,0.0724,4.676,,43.67,,False
COO,711404,2017,0.1147,0.501,0.0883,6.1479,,54.41,,False
COO,711404,2018,0.0907,0.4214,0.0659,4.3095,,63.57,,False
COO,711404,2019,0.0084,0.4823,0.0871,5.7688,0.1102,80.27,4.5444,False
COO,711404,2020,0.04,0.4841,0.0463,5.9272,0.1012,90.79,4.536,False
COO,711404,2021,0.0763,0.6456,0.0527,7.4729,0.3042,104.7,5.9572,False
COO,711404,2022,0.022,0.573,0.0442,3.6401,0.2879,82.65,3.4463,False
COO,711404,2023,0.0631,0.5898,0.0457,4.3795,0.3082,94.61,3.9882,False
COO,711404,2024,0.0754,0.5902,0.0573,4.1311,0.3163,91.93,3.9008,False
COO,711404,2025,0.0802,0.6167,0.0551,3.7503,0.3302,81.96,3.7217,False
CPRT,900075,2015,0.2897,0.3475,0.0482,5.2635,,4.75,,False
CPRT,900075,2016,0.1337,0.2977,0.0644,7.3294,0.7688,6.93,5.9561,False
CPRT,900075,2017,0.1438,0.376,0.0559,11.3121,0.7304,10.8,8.401,False
CPRT,900075,2018,0.1871,0.5036,0.0584,15.2136,0.1947,11.94,10.4452,False
CPRT,900075,2019,0.159,0.5253,0.0757,27.3687,0.213,22.74,17.8102,False
CPRT,900075,2020,0.1759,0.5608,0.0595,30.4947,0.1521,31.81,19.6416,False
CPRT,900075,2021,0.2809,0.6287,0.2491,33.9692,,37.9,,False
CPRT,900075,2022,0.3318,0.7452,0.259,41.2456,,30.44,,False
CPRT,900075,2023,0.4111,0.7702,0.2206,60.451,,49.0,,False
CPRT,900075,2024,0.4497,0.7767,0.1865,60.432,,57.39,,False
CPRT,900075,2025,0.5026,0.802,0.1681,41.0291,,39.15,,False
GLW,24741,2015,0.1911,0.4845,0.0463,1.2391,,13.93,,False
GLW,24741,2016,0.2257,0.605,0.0499,1.6449,,18.98,,False
GLW,24741,2017,0.2043,0.5794,0.0593,1.8779,,25.56,,False
GLW,24741,2018,0.1354,0.5927,0.0573,1.5635,,24.72,,False
GLW,24741,2019,0.1364,0.5678,0.0452,1.3256,,24.47,,False
GLW,24741,2020,0.1377,0.5238,0.0165,1.5516,,31.21,,False
GLW,24741,2021,0.0946,0.5435,0.07,1.6172,,33.06,,False
GLW,24741,2022,0.0772,0.5688,0.0487,1.4623,,29.24,,False
GLW,24741,2023,0.1015,0.5751,0.0312,1.4957,,28.88,,False
GLW,24741,2024,0.1108,0.5742,0.0409,2.3978,,46.39,,False
GLW,24741,2025,0.1068,0.5343,0.0736,4.0188,,87.1,,False
CPAY,1175454,2015,-0.0384,0.2238,0.0185,1.854,,142.93,,False
CPAY,1175454,2016,-0.0798,0.2305,0.0224,1.4202,,141.52,,False
CPAY,1175454,2017,-0.0482,0.2614,0.0212,1.6534,,192.43,,False
CPAY,1175454,2018,-0.0553,0.3408,0.0254,1.551,,185.72,,False
CPAY,1175454,2019,0.0127,0.3848,0.0262,2.2129,,287.72,,False
CPAY,1175454,2020,-0.0011,0.4839,0.0263,2.2852,,272.83,,False
CPAY,1175454,2021,0.0147,0.4667,0.0254,1.3947,,223.84,,False
CPAY,1175454,2022,0.0044,0.5118,0.1027,1.0444,,183.68,,False
CPAY,1175454,2023,0.0167,0.5294,0.1071,1.5218,,282.61,,False
CPAY,1175454,2024,-0.0018,0.5121,0.0995,1.5003,,338.42,,False
CPAY,1175454,2025,-0.0126,0.3887,0.0755,0.8909,,300.93,,False
CTVA,1755672,2019,0.1246,-0.01,-0.0075,1.0194,0.0704,27.26,0.7928,True
CTVA,1755672,2020,0.1458,0.0,0.0158,1.3806,0.0752,36.39,1.1308,True
CTVA,1755672,2021,0.1414,0.0124,0.0554,1.794,0.3697,44.96,1.8159,False
CTVA,1755672,2022,0.142,0.0059,0.0335,2.2059,0.4096,56.46,2.0221,False
CTVA,1755672,2023,0.1361,-0.001,0.0254,1.7541,0.4006,46.58,1.699,True
CTVA,1755672,2024,0.1154,0.0013,0.0312,2.225,0.4142,56.01,1.9926,False
CTVA,1755672,2025,0.1216,-0.0016,0.0394,2.4065,0.4061,66.58,2.1238,False
CSGP,1057352,2015,0.1623,0.0532,0.0055,15.6319,,20.67,,False
CSGP,1057352,2016,0.2163,0.0896,0.0663,14.3882,,18.85,,False
CSGP,1057352,2017,0.3972,0.1116,0.0177,54.144,,29.69,,False
CSGP,1057352,2018,0.3197,0.1852,0.0319,46.9643,0.0953,33.73,29.0219,False
CSGP,1057352,2019,0.2574,0.244,0.0262,54.0663,0.0972,59.83,33.2741,False
CSGP,1057352,2020,0.5145,0.1688,0.008,24.3188,0.0643,92.43,15.5356,False
CSGP,1057352,2021,0.5029,0.2012,0.0596,20.724,0.2679,79.03,13.7841,False
CSGP,1057352,2022,0.5728,0.2177,0.0537,20.4351,0.2597,77.28,13.6901,False
CSGP,1057352,2023,0.5628,0.2471,0.0316,22.3959,0.2752,87.39,14.8386,False
CSGP,1057352,2024,0.4751,0.2531,0.0005,17.0305,0.2956,71.59,11.4401,False
CSGP,1057352,2025,0.1303,0.223,-0.0068,12.5729,0.3081,67.24,8.2979,False
COST,909832,2015,0.0227,0.1949,0.0346,2.6553,,135.3,,False
COST,909832,2016,-0.0108,0.2318,0.0359,2.8883,,135.67,,False
COST,909832,2017,-0.0049,0.1647,0.0399,2.9138,,166.02,,False
COST,909832,2018,0.0089,0.1932,0.0354,2.9369,1.0877,183.62,3.2478,False
COST,909832,2019,0.0055,0.2259,0.0322,3.9794,1.0462,267.54,3.863,False
COST,909832,2020,0.059,0.2318,0.0347,4.2714,0.9609,354.93,4.0336,False
COST,909832,2021,0.0011,0.1968,0.1132,5.8017,3.3058,538.86,7.4372,False
COST,909832,2022,0.0109,0.2429,0.1215,4.4452,3.537,436.21,6.958,False
COST,909832,2023,0.0333,0.2829,0.1176,6.5606,3.5118,649.97,8.2723,False
COST,909832,2024,-0.0174,0.2523,0.133,8.7096,3.6438,907.51,9.6407,False
COST,909832,2025,0.0165,0.2938,0.1347,7.943,3.5699,858.55,9.2112,False
CRH,849395,2023,0.1448,0.4828,0.0882,1.7191,0.7362,66.79,2.9083,False
CRH,849395,2024,0.0748,0.4749,0.0973,2.1754,0.7028,90.78,3.0838,False
CRH,849395,2025,0.1114,0.4388,0.0933,2.4994,0.642,123.42,3.1974,False
CRWD,1535527,2020,0.483,-0.4538,-0.104,81.8778,0.3427,52.96,49.0706,False
CRWD,1535527,2021,0.5229,-0.2672,-0.0339,28.1702,0.32,51.19,17.3638,False
CRWD,1535527,2022,0.3046,-0.2284,-0.0378,7.6149,0.4459,26.32,4.9358,False
CRWD,1535527,2023,0.3099,-0.1593,-0.0003,15.1662,0.4597,63.83,9.7074,False
CRWD,1535527,2024,0.3048,-0.1239,-0.0138,16.2721,0.4544,85.54,10.3643,False
CRWD,1535527,2026,0.2918,-0.1157,-0.0265,35.7614,0.434,231.0,21.9917,False
CCI,1051470,2015,0.0057,-0.1116,0.0104,1.5635,,54.93,,False
CCI,1051470,2016,0.016,-0.149,0.0116,1.6157,,57.41,,False
CCI,1051470,2017,-0.0049,-0.1398,0.0083,1.6329,,76.34,,False
CCI,1051470,2018,-0.0057,-0.1748,0.0116,1.5927,0.0216,77.68,0.7637,True
CCI,1051470,2019,-0.0186,-0.1915,0.0099,1.6005,0.0174,105.21,0.7198,True
CCI,1051470,2020,-0.0223,-0.2185,0.0481,1.764,0.0134,121.51,0.8977,True
CCI,1051470,2021,-0.0198,-0.2498,0.0513,2.2687,0.0159,164.14,1.1728,True
CCI,1051470,2022,-0.0389,-0.274,0.0623,1.4962,0.0179,110.68,0.6909,True
CCI,1051470,2023,-0.0403,-0.3086,0.0615,1.3148,0.0117,99.34,0.523,True
CCI,1051470,2024,-0.0332,-0.5659,-0.0897,1.0751,0.0064,83.06,-0.4768,True
CCI,1051470,2025,-0.1058,-0.6397,0.0658,1.0975,0.0068,85.52,-0.1399,True
CSX,277948,2015,0.0289,0.3207,0.0226,0.5858,,7.39,,False
CSX,277948,2016,0.0126,0.3178,0.0284,0.82,,10.5,,False
CSX,277948,2017,0.0006,0.3941,0.0314,1.4384,,16.32,,False
CSX,277948,2018,0.0177,0.331,0.034,1.4329,0.0856,18.68,1.5422,True
CSX,277948,2019,0.0295,0.2981,0.0302,1.5476,0.0754,22.05,1.5562,True
CSX,277948,2020,0.0609,0.3148,0.1096,1.946,0.266,28.03,2.309,False
CSX,277948,2021,0.0405,0.2869,0.0337,2.4144,0.0846,35.23,2.0947,False
CSX,277948,2022,0.0329,0.2473,0.1437,1.859,0.3544,29.39,2.3296,False
CSX,277948,2023,0.0038,0.2309,0.1311,2.0412,0.3456,33.36,2.3308,False
CSX,277948,2024,-0.0107,0.2336,0.1226,1.9267,0.34,31.47,2.215,False
CSX,277948,2025,-0.0133,0.2417,0.1035,2.1801,0.3226,35.92,2.2946,False
CMI,26172,2015,0.2738,0.682,0.1359,1.2396,,66.49,,False
CMI,26172,2016,0.2253,0.7355,0.1284,1.8766,,106.83,,False
CMI,26172,2017,0.1799,0.6342,0.1308,1.9696,,141.8,,False
CMI,26172,2018,0.1801,0.6776,0.1462,1.4084,,110.52,,False
CMI,26172,2019,0.1584,0.7304,0.1368,1.8631,,152.55,,False
CMI,26172,2020,0.2458,0.6815,0.1003,2.0101,,199.09,,False
CMI,26172,2021,0.2204,0.7061,0.1141,1.8832,,195.74,,False
CMI,26172,2022,0.1,0.5953,0.0967,1.5315,,223.32,,False
CMI,26172,2023,0.0717,0.5578,0.055,1.415,,227.16,,False
CMI,26172,2024,0.1115,0.6604,0.1189,2.3018,,338.29,,False
CMI,26172,2025,0.2152,0.6653,0.1184,3.3792,,505.27,,False
CVS,64803,2018,0.0063,0.2082,0.0042,0.4732,0.9871,51.03,1.584,True
CVS,64803,2019,-0.0135,0.2028,0.0137,0.4835,,59.83,,False
CVS,64803,2020,-0.0245,0.2152,0.0603,0.4509,,56.76,,False
CVS,64803,2021,-0.0335,0.2356,0.0566,0.7133,,87.9,,False
CVS,64803,2022,-0.0178,0.246,0.0339,0.6616,,81.2,,False
CVS,64803,2023,-0.0454,0.2467,0.055,0.5248,,71.02,,False
CVS,64803,2024,-0.063,0.2482,0.0336,0.3032,,42.07,,False
CVS,64803,2025,-0.0551,0.2414,0.0184,0.5567,,77.55,,False
DRI,940944,2015,-0.0234,0.1712,0.0613,1.4535,,46.65,,False
DRI,940944,2016,-0.08,0.1195,0.1358,2.3908,,55.13,,False
DRI,940944,2017,-0.0889,0.1018,0.1231,2.5139,,74.98,,False
DRI,940944,2018,-0.1519,0.1202,0.1402,2.7917,0.3902,80.14,2.5138,False
DRI,940944,2019,-0.0987,0.1369,0.1413,2.9329,0.3783,89.99,2.6775,False
DRI,940944,2020,-0.0695,0.0144,0.0048,1.4891,0.1277,99.4,0.9738,True
DRI,940944,2021,0.0021,0.049,0.0609,1.872,0.6753,128.7,2.0706,False
DRI,940944,2022,-0.0659,-0.0026,0.1147,1.7601,0.9501,122.47,2.3019,False
DRI,940944,2023,-0.0918,-0.0032,0.1173,2.1343,1.024,150.42,2.5773,False
DRI,940944,2024,-0.121,-0.0031,0.1161,2.2243,1.0059,177.05,2.5739,False
DRI,940944,2025,-0.1041,-0.0013,0.1082,1.9962,0.9595,179.81,2.3877,False
DRI,940944,2026,-0.1604,-0.0084,0.1231,2.294,1.0271,214.26,2.6054,False
DDOG,1561550,2019,0.6779,-0.1191,-0.0194,,0.3495,37.78,,False
DDOG,1561550,2020,0.7513,-0.0784,-0.0073,,0.3192,98.44,,False
DDOG,1561550,2021,0.5638,-0.0639,-0.008,,0.4321,178.11,,False
DDOG,1561550,2022,0.5273,-0.0673,-0.0195,,0.5575,73.5,,False
DDOG,1561550,2023,0.5526,-0.039,-0.0085,,0.5407,121.38,,False
DDOG,1561550,2024,0.5269,0.0052,0.0094,,0.464,142.89,,False
DDOG,1561550,2025,0.5706,0.0207,-0.0067,,0.5158,135.99,,False
DVA,927066,2015,0.1136,0.2353,0.0132,0.3539,,69.71,,False
DVA,927066,2016,0.0685,0.198,0.0204,0.3171,,64.2,,False
DVA,927066,2017,0.301,0.1918,0.0079,0.3532,,72.25,,False
DVA,927066,2018,0.1849,0.1435,0.0203,0.2332,0.1476,51.46,0.7774,True
DVA,927066,2019,0.0761,0.0827,0.0267,0.3466,0.1674,75.03,0.6707,True
DVA,927066,2020,0.0396,0.0502,0.0225,0.5315,0.171,117.4,0.6818,True
DVA,927066,2021,0.0449,0.0207,0.105,0.492,0.6786,113.76,1.4031,True
DVA,927066,2022,0.0316,0.0103,0.0791,0.324,0.6858,74.67,1.1937,True
DVA,927066,2023,0.0293,0.0354,0.0949,0.4723,0.7186,104.76,1.3999,True
DVA,927066,2024,0.0447,0.0888,0.1209,0.628,0.7414,149.55,1.6952,True
DVA,927066,2025,0.0524,-0.0188,0.1169,0.4441,0.7805,113.61,1.4694,True
DECK,910521,2015,0.4437,0.6824,0.1918,4.6092,,7.87,,False
DECK,910521,2016,0.4282,0.6466,0.1269,4.0538,,9.23,,False
DECK,910521,2017,0.5553,0.6877,-0.0259,7.6843,,13.38,,False
DECK,910521,2018,0.5707,0.6215,0.0145,8.9917,,21.33,,False
DECK,910521,2019,0.592,0.6231,0.0221,10.0469,0.2762,28.14,7.9601,False
DECK,910521,2020,0.506,0.5518,0.0094,10.433,0.2124,47.8,7.883,False
DECK,910521,2021,0.5455,0.5801,0.0252,11.5112,0.2589,61.05,8.7154,False
DECK,910521,2022,0.519,0.58,0.0349,11.4386,0.3156,66.53,8.7285,False
DECK,910521,2023,0.5527,0.6148,0.0414,19.2247,0.3097,111.4,13.5052,False
DECK,910521,2024,0.5497,0.61,0.046,26.9469,0.3061,203.09,18.1397,False
DECK,910521,2025,0.5855,0.6464,0.3303,13.3764,1.3964,103.67,12.1197,False
DECK,910521,2026,0.5549,0.6091,0.3425,9.998,1.4839,87.08,10.1315,False
DELL,1571996,2017,-0.0623,-0.0475,-0.0275,,,20.72,,False
DELL,1571996,2018,-0.0567,-0.0757,-0.0273,,,22.5,,False
DELL,1571996,2019,-0.079,-0.1909,-0.0017,,0.2132,23.66,,False
DELL,1571996,2020,-0.1311,-0.1421,0.0221,,0.2022,33.74,,False
DELL,1571996,2021,-0.0856,-0.1114,0.0417,,0.7635,51.03,,False
DELL,1571996,2022,-0.1206,-0.0883,0.0502,,0.3018,37.44,,False
DELL,1571996,2023,-0.1038,-0.0751,0.0644,,1.1416,73.32,,False
DELL,1571996,2024,-0.1528,-0.0564,0.0635,,1.0772,112.16,,False
DELL,1571996,2025,-0.1291,-0.0145,0.0271,,0.3001,124.74,,False
DELL,1571996,2026,-0.056,0.0328,0.0805,,1.121,456.01,,False
DAL,27904,2015,-0.1594,0.1435,0.0323,0.6916,,44.47,,False
DAL,27904,2016,-0.1519,0.1542,0.0199,0.7402,,43.87,,False
DAL,27904,2017,-0.2013,0.1808,0.0224,0.8515,,50.99,,False
DAL,27904,2018,-0.2031,0.1666,0.0181,0.6575,0.7374,46.57,1.1811,True
DAL,27904,2019,-0.1853,0.193,0.0217,0.7497,0.1773,56.06,0.7465,True
DAL,27904,2020,0.0205,-0.0059,-0.1732,0.3622,0.2374,38.81,-0.1005,True
DAL,27904,2021,-0.0694,-0.002,0.026,0.3617,0.4126,37.72,0.6295,True
DAL,27904,2022,-0.1789,0.0162,0.0506,0.3175,0.6997,31.72,0.8654,True
DAL,27904,2023,-0.2193,0.0767,0.075,0.4103,0.7882,39.02,1.1261,True
DAL,27904,2024,-0.2232,0.1165,0.0795,0.6493,0.8179,59.32,1.3652,True
DAL,27904,2025,-0.2048,0.1641,0.0716,0.7489,0.7792,68.86,1.4488,True
DVN,1090012,2015,0.0248,0.0603,-0.7018,1.0681,,21.83,,False
DVN,1090012,2016,0.0446,-0.0635,-0.1117,1.7409,,31.63,,False
DVN,1090012,2017,0.0488,0.0232,,1.5132,,28.87,,False
DVN,1090012,2018,0.113,0.1865,,1.6797,0.2274,15.85,,False
DVN,1090012,2019,0.1403,0.2295,,2.5738,0.2089,18.52,,False
DVN,1090012,2020,0.1836,0.021,,1.8738,0.4714,11.97,,False
DVN,1090012,2021,0.0553,0.0805,,3.3132,0.654,35.43,,False
DVN,1090012,2022,0.0331,0.1811,,4.6834,0.8358,53.45,,False
DVN,1090012,2023,0.0085,0.253,,3.6985,0.6182,41.79,,False
DVN,1090012,2024,0.0039,0.2678,,2.1494,0.5221,31.25,,False
DVN,1090012,2025,-0.0025,0.3228,,2.4606,0.5312,35.95,,False
DXCM,1093557,2015,0.563,-1.9021,-0.1955,109.1575,,20.48,,False
DXCM,1093557,2016,0.4409,-1.5417,-0.1586,47.3445,,14.93,,False
DXCM,1093557,2017,0.6701,-0.7431,-0.047,11.1721,,14.35,,False
DXCM,1093557,2018,0.7709,-0.417,-0.0972,9.0221,0.1764,29.95,5.6102,False
DXCM,1093557,2019,0.6719,-0.2905,0.0594,13.6458,0.1932,54.69,8.9764,False
DXCM,1093557,2020,0.6551,-0.0471,0.0698,14.1556,0.4491,92.43,9.893,False
DXCM,1093557,2021,0.6093,-0.0097,0.0547,19.3932,0.5034,134.24,13.0373,False
DXCM,1093557,2022,0.3393,0.089,0.0726,13.1085,0.5397,113.24,9.176,False
DXCM,1093557,2023,0.4581,0.163,0.0954,11.1601,0.5782,124.09,8.3672,False
DXCM,1093557,2024,0.2112,0.2464,0.0925,6.6974,0.6219,77.77,5.5441,False
DXCM,1093557,2025,0.2982,0.3839,0.1438,6.9689,0.7353,66.37,6.2866,False
FANG,1539838,2015,-0.0118,-0.1285,-0.0681,21.9298,,50.86,,False
FANG,1539838,2016,0.2959,-0.0971,0.0163,16.1614,,76.84,,False
FANG,1539838,2017,-0.0282,-0.0048,0.0275,12.278,,95.99,,False
FANG,1539838,2018,-0.0044,0.0353,0.009,2.6648,,70.7,,False
FANG,1539838,2019,-0.0167,0.0378,-0.0163,2.3162,,71.34,,False
FANG,1539838,2020,-0.036,-0.2193,-0.3108,1.3806,0.1564,38.53,-0.3911,True
FANG,1539838,2021,0.0003,-0.0873,0.1747,2.5426,0.2947,87.65,2.2751,False
FANG,1539838,2022,-0.0124,0.0306,0.2483,3.1578,0.365,118.62,3.107,False
FANG,1539838,2023,-0.0168,0.0858,0.1576,3.4353,,141.95,,False
FANG,1539838,2024,-0.0401,0.063,0.0653,1.599,,156.63,,False
FANG,1539838,2025,-0.0378,0.0667,0.0178,1.4734,,147.81,,False
DG,29534,2025,0.0303,0.1421,0.0712,1.2864,1.3798,130.91,2.6217,False
DLTR,935703,2015,0.1157,0.1293,0.0295,1.2605,,77.22,,False
DLTR,935703,2016,0.1167,0.188,0.0374,1.4043,,77.18,,False
DLTR,935703,2017,0.1051,0.2857,0.0469,2.2004,,107.31,,False
DLTR,935703,2018,0.1628,0.2278,-0.1591,2.1565,0.4596,90.32,1.743,True
DLTR,935703,2019,0.0369,0.1961,0.0127,1.3248,0.3226,94.05,1.4784,True
DLTR,935703,2020,0.0638,0.2503,0.0329,1.5116,0.327,108.04,1.7696,True
DLTR,935703,2021,0.066,0.2996,0.0834,1.8828,1.2112,140.52,3.1147,False
DLTR,935703,2022,0.093,0.3528,0.0971,1.8597,1.23,141.44,3.272,False
DLTR,935703,2023,0.0652,0.3235,-0.04,1.8118,1.3886,142.05,2.8747,False
DLTR,935703,2024,0.028,0.2114,0.0784,0.9587,0.268,74.94,1.4315,True
DLTR,935703,2025,0.0162,0.2825,0.1228,2.3767,1.4403,123.01,3.6863,False
D,715957,2015,-0.0668,0.1098,0.0109,0.8288,,42.59,,False
D,715957,2016,-0.054,0.0957,0.0114,0.8048,,50.12,,False
D,715957,2017,-0.0692,0.1036,0.0131,0.8466,,55.08,,False
D,715957,2018,-0.0319,0.1183,0.0107,0.8013,,50.9,,False
D,715957,2019,-0.0371,0.073,0.0118,0.7794,,61.85,,False
D,715957,2020,-0.0413,0.0437,0.0089,0.7414,0.1434,58.54,0.6293,True
D,715957,2021,-0.0141,0.054,0.0303,0.7876,0.1423,63.29,0.7735,True
D,715957,2022,-0.0345,0.039,0.0153,0.5896,0.17,51.19,0.5874,True
D,715957,2023,0.0084,0.0323,0.0065,0.4467,0.1237,41.4,0.4686,True
D,715957,2024,-0.0261,0.0199,0.0038,0.6071,0.1385,49.86,0.5118,True
D,715957,2025,-0.0205,0.02,0.0065,0.6061,0.1426,56.82,0.5313,True
DPZ,1286681,2015,0.2834,-2.2556,0.5069,1.2455,0.9267,97.89,0.5289,True
DPZ,1286681,2016,0.1287,-2.6267,0.6339,1.8025,1.144,141.63,0.7942,True
DPZ,1286681,2017,0.2169,-3.2739,0.6229,1.5717,1.0654,169.71,-0.2591,True
DPZ,1286681,2018,0.2063,-3.3464,0.63,1.8827,1.1926,224.64,-0.0361,True
DPZ,1286681,2019,0.2415,-2.4692,0.4554,1.853,0.8323,268.74,0.2799,True
DPZ,1286681,2020,0.2543,-2.1079,0.463,2.4041,2.6273,353.73,2.9518,False
DPZ,1286681,2022,0.1614,-2.517,0.4668,1.8342,2.6064,326.08,1.9172,False
DPZ,1286681,2023,0.1612,-2.4298,0.4893,2.2661,2.6744,393.55,2.4404,False
DPZ,1286681,2024,-0.4071,-2.2777,0.506,2.3569,2.7095,406.05,2.1162,False
DPZ,1286681,2025,0.2054,-2.2713,0.5558,2.4123,2.878,409.64,3.2261,False
DASH,1792789,2020,0.6477,-0.2539,-0.0686,,0.4543,142.75,,False
DASH,1792789,2021,0.412,-0.3056,-0.0664,,0.7179,148.9,,False
DASH,1792789,2022,0.2223,-0.3929,-0.1148,,0.6725,48.82,,False
DASH,1792789,2023,0.2018,-0.4755,-0.0534,,0.7967,98.89,,False
DASH,1792789,2024,0.2295,-0.4091,-0.003,,0.8347,167.75,,False
DASH,1792789,2025,0.127,-0.2197,0.0368,,0.6977,226.48,,False
DOV,29905,2022,0.0597,0.9382,0.1266,2.6402,0.7808,129.58,4.1677,False
DOV,29905,2023,0.086,0.9689,0.1204,3.2214,0.7435,149.3,4.5334,False
DOV,29905,2024,0.1829,1.072,0.0964,4.4646,0.6192,184.15,5.3365,False
DOV,29905,2025,0.1481,1.0595,0.1023,4.3377,0.6029,193.8,5.2042,False
DOW,1751788,2019,0.1014,0.2816,-0.0206,0.5814,0.7097,37.9,1.5064,True
DOW,1751788,2020,0.1298,0.2662,0.0337,0.601,0.627,40.89,1.6271,True
DOW,1751788,2021,0.121,0.3274,0.1293,0.7023,0.8726,43.68,2.3243,False
DOW,1751788,2022,0.1509,0.3825,0.1005,0.7367,,40.77,,False
DOW,1751788,2023,0.1321,0.3756,0.0113,0.8564,0.7698,46.77,2.0054,False
DOW,1751788,2024,0.11,0.3648,0.0279,0.6513,0.7497,36.11,1.8753,False
DOW,1751788,2025,0.1517,0.2867,-0.0429,0.3832,0.6828,22.61,1.3545,True
DTE,936340,2015,0.0016,0.1668,0.0047,0.9039,0.0865,48.26,0.8798,True
DTE,936340,2016,0.0101,0.1596,0.0094,1.1307,0.0897,61.27,1.0347,True
DTE,936340,2017,0.008,0.1671,0.0105,1.26,0.0969,70.21,1.1312,True
DTE,936340,2018,-0.0325,0.1684,0.0091,1.1328,,73.17,,False
DUK,1326160,2015,-0.0254,0.0212,0.0081,0.4416,,46.12,,False
DUK,1326160,2016,-0.0265,0.018,0.0067,0.4446,,52.31,,False
DUK,1326160,2017,-0.0292,0.0218,0.0092,0.479,,59.09,,False
DUK,1326160,2018,-0.0366,0.0214,0.006,0.4871,,63.47,,False
DUK,1326160,2019,-0.0352,0.0259,0.007,0.4872,,70.01,,False
DUK,1326160,2020,-0.0469,0.0152,0.028,0.4997,,73.35,,False
DUK,1326160,2021,-0.0353,0.0193,0.0317,0.5662,,87.36,,False
DUK,1326160,2022,-0.0317,0.0148,0.0067,0.5396,,89.13,,False
DUK,1326160,2023,-0.0255,0.0126,0.0105,0.5349,,87.68,,False
DUK,1326160,2024,-0.0344,0.0184,0.0425,0.5799,,101.33,,False
DUK,1326160,2025,-0.0482,0.0258,0.0441,0.6188,,114.22,,False
DD,1666700,2019,0.0238,-0.121,-0.0068,0.3429,,70.7,,False
DD,1666700,2020,0.0871,-0.1634,-0.0409,0.3397,,80.09,,False
DD,1666700,2021,0.0832,-0.5073,0.048,0.669,0.3643,92.43,0.3139,True
DD,1666700,2022,0.1823,-0.5094,0.035,0.7543,0.3148,80.09,0.3885,True
DD,1666700,2023,0.1145,-0.5933,0.0131,0.8944,0.313,91.58,0.1996,True
DD,1666700,2024,0.0427,-0.6299,0.0325,0.973,0.3381,92.54,0.1987,True
DD,1666700,2025,0.1516,-1.1253,-0.0031,2.1529,0.0785,119.12,-0.0334,True
ETN,1551182,2015,0.0642,0.2367,0.101,1.0093,,41.06,,False
ETN,1551182,2016,0.0479,0.2465,0.0972,1.3789,,54.95,,False
ETN,1551182,2017,0.1,0.2657,0.0985,1.6919,,66.79,,False
ETN,1551182,2018,0.0783,0.2625,0.1168,1.5341,0.695,59.05,2.4622,False
ETN,1551182,2019,0.1096,0.249,0.112,1.9639,0.652,84.3,2.6803,False
ETN,1551182,2020,0.1036,0.2135,,2.5236,0.5611,109.49,,False
ETN,1551182,2021,0.0088,0.2232,,3.5494,0.5768,160.62,,False
ETN,1551182,2022,0.0681,0.2418,,3.2278,0.5927,149.09,,False
ETN,1551182,2023,0.1022,0.2681,,4.6719,0.6036,232.91,,False
ETN,1551182,2024,0.1028,0.263,,6.3575,0.6482,324.93,,False
ETN,1551182,2025,0.0724,0.2594,,5.6324,0.6654,315.87,,False
EBAY,1065088,2015,0.3172,0.4337,0.1235,0.9619,,24.23,,False
EBAY,1065088,2016,0.2108,0.6273,0.0975,0.8754,,26.18,,False
EBAY,1065088,2017,0.1618,0.5367,0.0872,0.8265,,33.28,,False
EBAY,1065088,2018,0.1171,0.7213,0.0974,0.666,0.1261,24.75,1.9973,False
EBAY,1065088,2019,0.0352,0.9769,0.1277,0.9401,0.1552,32.33,2.5506,False
EBAY,1065088,2020,0.1651,1.1891,0.1404,1.2893,0.1485,45.63,3.2482,False
EBAY,1065088,2021,0.1686,1.3554,0.1098,1.6128,0.0981,61.06,3.528,False
EBAY,1065088,2022,0.2407,1.6458,0.1127,1.0997,0.4698,38.79,4.0945,False
EBAY,1065088,2023,0.3005,1.6897,0.0898,1.2207,0.4677,41.76,4.2225,False
EBAY,1065088,2024,0.0759,1.9598,0.1197,1.8938,0.531,60.46,4.897,False
EBAY,1065088,2025,0.0255,2.239,0.1293,2.9556,0.6303,86.31,5.9955,False
ECHO,1415404,2015,0.2219,0.0186,0.0127,,,31.69,,False
ECHO,1415404,2016,0.3543,0.0349,0.0118,,,41.65,,False
ECHO,1415404,2017,0.3773,0.0824,0.0048,,,48.54,,False
ECHO,1415404,2018,0.2581,0.0801,-0.0023,,0.0613,29.76,,False
ECHO,1415404,2019,0.3271,0.0885,0.0033,,0.0697,43.31,,False
ECHO,1415404,2020,0.2096,0.0825,0.0043,,0.0692,21.19,,False
ECHO,1415404,2021,0.2426,0.1086,0.0359,,0.3285,26.35,,False
ECHO,1415404,2022,0.2746,0.1345,0.0306,,0.3223,16.68,,False
ECHO,1415404,2023,-0.0548,0.2055,-0.0149,,0.0729,16.57,,False
ECHO,1415404,2024,0.0372,0.1907,-0.005,,0.2597,22.9,,False
ECHO,1415404,2025,-0.1681,-0.0669,-0.412,,0.3488,108.7,,False
ECL,31462,2015,-0.017,0.3305,0.0173,2.4455,,101.73,,False
ECL,31462,2016,0.0687,0.3805,0.0304,2.6048,,105.55,,False
ECL,31462,2017,0.0583,0.403,0.0314,2.7917,,122.23,,False
ECL,31462,2018,0.0494,0.4438,0.029,3.1659,0.1873,135.76,2.8632,False
ECL,31462,2019,0.0574,0.4789,0.0269,4.1452,0.1832,179.56,3.4982,False
ECL,31462,2020,0.1206,0.4548,0.023,4.7772,0.1691,203.21,3.8925,False
ECL,31462,2021,0.0535,0.4157,0.0183,4.4657,0.1587,222.28,3.5445,False
ECL,31462,2022,0.0598,0.4342,0.0186,2.7591,0.171,139.82,2.5675,False
ECL,31462,2023,0.0594,0.4612,0.027,3.9252,0.1803,192.87,3.3415,False
ECL,31462,2024,0.0551,0.5144,0.026,4.7428,0.1789,230.07,3.8968,False
ECL,31462,2025,0.017,0.5197,0.1109,4.9021,0.6512,260.41,4.7062,False
EIX,827052,2015,-0.0452,0.1777,0.0068,0.3987,0.0465,38.25,0.5026,True
EIX,827052,2016,-0.0738,0.186,0.011,0.4953,0.0562,47.79,0.5615,True
EIX,827052,2017,-0.0635,0.1747,-0.0003,0.4302,0.0612,43.26,0.4868,True
EIX,827052,2018,-0.0359,0.1404,-0.036,0.3526,0.0531,40.38,0.2994,True
EIX,827052,2019,-0.0305,0.1302,0.0045,0.4374,0.0461,55.57,0.469,True
EIX,827052,2020,-0.0752,0.1176,0.0114,0.3493,0.0455,48.49,0.3672,True
EIX,827052,2021,-0.0417,0.1056,0.0198,0.3721,0.1994,55.07,0.5857,True
EIX,827052,2022,-0.042,0.0955,0.019,0.3411,0.2207,53.65,0.5714,True
EIX,827052,2023,-0.0219,0.0917,0.0321,0.3798,0.1998,62.98,0.6359,True
EIX,827052,2024,-0.015,0.0884,0.0342,0.4117,0.2056,72.58,0.6714,True
EIX,827052,2025,-0.0303,0.1139,0.0754,0.2973,0.2054,57.76,0.7559,True
EW,1099800,2021,0.2527,0.7137,0.1988,28.0019,0.6154,129.55,19.3749,False
EW,1099800,2022,0.25,0.9153,0.2109,17.3003,0.6491,74.61,13.3065,False
EW,1099800,2023,0.3033,0.9604,0.1638,16.624,0.6413,76.25,12.865,False
EW,1099800,2024,0.3662,1.0086,0.1056,14.2598,0.1061,74.03,10.8619,False
EW,1099800,2025,0.3596,1.0397,0.0923,14.6262,0.443,85.25,11.4103,False
ELV,1156039,2015,0.1907,0.2395,0.077,0.6711,0.3271,119.68,1.548,True
ELV,1156039,2016,0.2001,0.2545,0.0738,0.6826,0.3336,125.84,1.583,True
ELV,1156039,2017,0.183,0.2559,0.0592,0.9837,0.3215,199.74,1.6849,True
ELV,1156039,2018,0.1726,0.2793,0.0758,1.189,0.3266,235.91,1.8883,False
ELV,1156039,2019,0.199,0.2914,0.0775,1.3017,0.3539,274.45,2.0373,False
ELV,1156039,2020,0.1882,0.2748,0.0734,1.2005,0.3674,295.7,1.9406,False
ELV,1156039,2021,0.1666,0.2779,0.0768,1.5278,1.4225,432.06,3.1818,False
ELV,1156039,2022,0.1549,0.2892,0.0822,1.5786,1.5237,483.17,3.3331,False
ELV,1156039,2023,0.1674,0.2915,0.078,1.4034,1.573,449.88,3.2814,False
ELV,1156039,2024,0.1571,0.287,0.0673,1.025,1.5144,356.67,2.9416,False
ELV,1156039,2025,0.1808,0.2913,0.0593,0.9672,1.639,345.49,3.0396,False
EME,105634,2015,0.1843,0.4041,0.0809,0.9815,,45.98,,False
EME,105634,2016,0.1795,0.4099,0.0792,1.2762,,68.17,,False
EME,105634,2017,0.1598,0.453,0.0833,1.523,,79.13,,False
EME,105634,2018,0.1594,0.5039,0.0986,1.0903,,58.02,,False
EME,105634,2019,0.1493,0.4901,0.0954,1.34,,84.23,,False
EME,105634,2020,0.1891,0.4898,0.0507,1.3141,,89.69,,False
EME,105634,2021,0.1892,0.5211,0.0975,1.7363,,125.5,,False
EME,105634,2022,0.1282,0.5818,0.1022,1.8213,,146.59,,False
EME,105634,2023,0.1405,0.5771,0.1325,2.2814,,214.07,,False
EME,105634,2024,0.1601,0.6192,0.1743,4.1756,,452.28,,False
EME,105634,2025,0.1154,0.6464,0.1844,4.7971,,610.81,,False
EMR,32604,2015,0.1018,0.9647,0.1884,1.4507,,36.43,,False
EMR,32604,2016,0.0898,0.9988,0.1065,1.735,,44.09,,False
EMR,32604,2017,0.1637,1.1228,0.1192,2.9191,,56.89,,False
EMR,32604,2018,0.0223,1.1315,0.1308,2.4441,,50.14,,False
EMR,32604,2019,0.0567,1.1806,0.1395,2.9996,0.2425,65.95,4.2235,False
EMR,32604,2020,0.132,1.0906,0.102,2.7599,0.1992,71.63,3.8772,False
EMR,32604,2021,0.0884,1.0539,0.1178,3.1839,0.2002,84.66,4.0809,False
EMR,32604,2022,0.0204,0.7864,0.1145,1.9731,0.1503,89.52,2.8375,False
EMR,32604,2023,0.2056,0.9374,0.0638,2.3488,0.0957,92.88,3.2745,False
EMR,32604,2024,0.1006,0.9228,0.0457,2.9725,0.1044,120.49,3.4512,False
EMR,32604,2025,-0.0289,0.9676,0.0699,3.3761,0.1157,131.23,3.6919,False
ETR,65984,2015,0.0219,0.2104,-0.0057,0.2963,,22.7,,False
ETR,65984,2016,0.0105,0.1785,-0.0566,0.3109,,25.55,,False
ETR,65984,2017,-0.0375,0.1708,0.0045,0.352,,29.61,,False
ETR,65984,2018,-0.0515,0.1807,-0.0047,0.3824,0.052,32.75,0.457,True
ETR,65984,2019,-0.0498,0.179,0.0048,0.5246,0.0476,47.26,0.5691,True
ETR,65984,2020,-0.0429,0.1699,0.0026,0.3966,0.0407,40.77,0.4737,True
ETR,65984,2021,-0.0432,0.1722,0.031,0.4601,0.1975,47.76,0.7653,True
ETR,65984,2022,-0.0388,0.1792,0.035,0.4997,0.2349,49.45,0.8545,True
ETR,65984,2023,-0.0458,0.2,0.0438,0.4752,0.2035,46.44,0.8583,True
ETR,65984,2024,-0.0265,0.1854,0.0409,0.6715,,72.43,,False
ETR,65984,2025,-0.028,0.1766,0.0445,0.7605,,90.79,,False
EOG,821189,2022,0.1199,0.4465,0.2409,3.5764,0.6213,113.13,4.3311,False
EOG,821189,2023,0.1336,0.5161,0.219,3.687,0.5515,110.83,4.3692,False
EOG,821189,2024,0.1245,0.571,0.1713,3.3998,0.5022,115.6,4.0561,False
EOG,821189,2025,0.0572,0.5746,0.1233,2.4467,0.4369,102.46,3.1849,False
EQT,33213,2015,0.1041,0.2134,0.0032,2.7205,,25.87,,False
EQT,33213,2016,0.0662,0.1622,-0.0122,3.2006,,32.51,,False
EQT,33213,2017,-0.0023,0.1354,0.0073,1.5965,,28.35,,False
EQT,33213,2018,-0.0186,0.1537,-0.0275,1.1116,0.2273,17.35,0.9962,True
EQT,33213,2019,0.0217,0.1076,-0.0777,0.7008,0.2016,10.09,0.5422,True
EQT,33213,2020,-0.0302,0.0579,-0.0485,0.8361,0.1463,11.83,0.5328,True
EQT,33213,2021,-0.1293,-0.0054,-0.063,1.0988,0.3149,20.31,0.6037,True
EQT,33213,2022,0.0124,0.0566,0.1199,1.7477,0.5344,32.01,2.0729,False
EQT,33213,2023,-0.0009,0.1061,0.0915,2.2152,0.1995,37.2,1.9781,False
EQT,33213,2024,-0.0188,0.0649,0.0172,1.8168,,45.17,,False
EQT,33213,2025,-0.0141,0.1014,0.0778,2.3027,,53.13,,False
EFX,33185,2015,-0.0094,0.8504,0.0392,5.465,,100.41,,False
EFX,33185,2016,-0.088,0.6232,0.0306,3.2119,,107.79,,False
EFX,33185,2017,-0.0933,0.636,0.0264,3.2004,,108.81,,False
EFX,33185,2018,0.0106,0.6595,0.0064,2.5598,0.1168,87.1,2.61,False
EFX,33185,2019,-0.0189,0.5224,0.0059,2.9484,0.1145,132.66,2.6119,False
EFX,33185,2020,-0.0005,0.4354,0.0176,3.3841,0.1164,184.39,2.814,False
EFX,33185,2021,-0.106,0.4304,0.1031,4.4504,0.446,281.82,3.9316,False
EFX,33185,2022,-0.0558,0.4551,0.0914,2.9246,0.4436,188.56,3.0703,False
EFX,33185,2023,-0.054,0.4567,0.076,3.74,0.4288,241.7,3.4983,False
EFX,33185,2024,-0.0383,0.5118,0.0886,4.3041,0.4831,250.58,4.0286,False
EFX,33185,2025,-0.0778,0.5432,0.0923,3.5452,0.512,215.03,3.6109,False
EQIX,1101239,2015,0.1548,-0.0104,0.0548,3.1817,,245.43,,False
EQIX,1101239,2016,0.0348,0.0015,0.0491,3.5461,,296.22,,False
EQIX,1101239,2017,0.0538,0.0135,0.0433,3.1889,,382.7,,False
EQIX,1101239,2018,0.0,0.044,0.0483,2.3073,,304.58,,False
EQIX,1101239,2019,0.0298,0.0581,0.0488,3.3552,,514.32,,False
EQIX,1101239,2020,0.0216,0.0652,0.039,3.8503,,638.88,,False
EQIX,1101239,2021,0.0484,0.081,0.0397,4.4505,0.2377,768.43,3.2104,False
EQIX,1101239,2022,0.0484,0.0978,0.0396,3.1802,0.2396,606.09,2.4735,False
EQIX,1101239,2023,0.0124,0.1205,0.0442,3.7243,0.2508,760.06,2.8148,False
EQIX,1101239,2024,0.0598,0.1354,0.0379,4.1603,0.2493,907.9,3.1317,False
EQIX,1101239,2025,0.0307,0.1519,0.046,2.868,0.2296,754.65,2.3519,False
ERIE,922621,2015,0.1346,1.4169,0.1652,,,75.73,,False
ERIE,922621,2016,0.1265,1.3337,0.1887,,,91.06,,False
ERIE,922621,2017,0.1753,1.2851,0.1731,,,101.28,,False
ERIE,922621,2018,0.3497,1.2548,0.1936,,0.3242,113.98,,False
ERIE,922621,2019,0.1506,1.1792,0.1772,,0.296,144.84,,False
ERIE,922621,2020,0.0494,1.1306,0.1597,,1.1981,220.73,,False
ERIE,922621,2021,0.0593,1.1129,0.1419,,1.1748,176.63,,False
ERIE,922621,2022,0.0508,1.1535,0.168,,1.2682,233.2,,False
ERIE,922621,2023,0.0895,1.1342,0.2105,,1.3224,320.31,,False
ERIE,922621,2024,0.1186,1.0947,0.2342,,1.3138,399.33,,False
ERIE,922621,2025,0.0756,1.032,0.2137,,1.2121,281.91,,False
EL,1001250,2019,0.1982,0.7589,0.0164,,0.2729,188.94,,False
EL,1001250,2020,0.2088,0.5699,-0.0305,,0.1367,245.2,,False
EL,1001250,2021,0.2035,0.5573,0.1192,,0.738,343.36,,False
EVRG,1711269,2018,-0.0463,0.0526,0.0059,0.6259,0.165,42.38,0.5779,True
EVRG,1711269,2019,-0.0334,0.0597,0.0064,0.6635,0.1932,50.17,0.6559,True
EVRG,1711269,2020,-0.027,0.0628,0.0056,0.5553,0.1763,44.32,0.5837,True
EVRG,1711269,2021,-0.0488,0.073,0.0475,0.6782,0.1869,56.72,0.7942,True
EVRG,1711269,2022,-0.056,0.0779,0.043,0.6219,0.1895,53.95,0.7464,True
EVRG,1711269,2023,-0.0556,0.0793,0.0414,0.5065,0.1726,46.78,0.6574,True
EVRG,1711269,2024,-0.0565,0.0847,0.0455,0.597,0.1767,57.74,0.7357,True
EVRG,1711269,2025,-0.0554,0.0874,0.0452,0.6882,0.1681,70.7,0.7858,True
ES,72741,2015,-0.0121,0.0915,0.0126,1.1852,0.0553,35.45,0.9215,True
ES,72741,2016,-0.0362,0.0991,0.0137,1.2078,0.0554,39.62,0.9204,True
ES,72741,2017,-0.0304,0.0983,0.0124,1.3335,0.0523,46.74,0.9947,True
ES,72741,2018,-0.0476,0.1034,0.0105,1.3607,0.0532,49.73,0.9918,True
EXC,1109357,2015,0.0652,0.1265,0.0462,0.2037,0.0703,13.55,0.6004,True
EXC,1109357,2016,-0.0091,0.1047,0.0062,0.2108,0.0685,17.98,0.3512,True
EXC,1109357,2017,0.0089,0.1157,0.0108,0.2503,0.0718,20.69,0.4303,True
EXC,1109357,2018,0.0163,0.1234,0.0059,0.2894,0.0737,24.49,0.4592,True
EXC,1109357,2019,-0.0172,0.1302,0.0077,0.289,0.0668,25.53,0.4271,True
EXC,1109357,2020,-0.0016,0.1294,0.0218,0.266,0.2555,24.55,0.6663,True
EXC,1109357,2021,-0.0162,0.1274,0.0205,0.3618,0.2733,34.73,0.7168,True
EXC,1109357,2022,-0.0343,0.0482,0.0348,0.545,0.2001,37.61,0.6681,True
EXC,1109357,2023,-0.0179,0.0541,0.0396,0.4369,0.214,32.36,0.6611,True
EXC,1109357,2024,-0.0114,0.0596,0.0401,0.4472,0.2136,35.34,0.684,True
EXC,1109357,2025,-0.0067,0.065,0.0442,0.4944,0.2081,42.41,0.7334,True
EXE,895126,2020,-0.3016,-3.6382,0.0267,,,,,False
EXE,895126,2021,-0.0312,0.0749,0.0852,2.2322,,51.47,,False
EXE,895126,2022,-0.0004,0.2197,0.2444,3.0493,,83.56,,False
EXE,895126,2023,0.0901,0.346,0.2186,4.5203,,71.21,,False
EXE,895126,2024,-0.0404,0.139,-0.0288,2.1256,,94.84,,False
EXE,895126,2025,0.0005,0.1707,0.0874,2.5859,,108.45,,False
EXPE,1324424,2015,-0.1901,0.0327,0.0019,,,117.41,,False
EXPE,1324424,2016,-0.1697,0.0082,0.0093,,,107.96,,False
EXPE,1324424,2017,-0.1263,0.0179,0.0061,,,115.15,,False
EXPE,1324424,2018,-0.1588,0.0287,0.0053,,,109.44,,False
EXPE,1324424,2019,-0.1391,0.041,0.0075,,0.1283,106.27,,False
EXPE,1324424,2020,0.0122,-0.0953,-0.0248,,0.0492,130.59,,False
EXPE,1324424,2021,-0.0589,-0.0817,0.0086,,0.399,178.25,,False
EXPE,1324424,2022,-0.0922,-0.0653,0.0503,,0.5411,86.4,,False
EXPE,1324424,2023,-0.118,-0.0292,0.0477,,0.5932,149.71,,False
EXPE,1324424,2024,-0.1696,0.0269,0.0589,,0.6115,183.78,,False
EXPE,1324424,2025,-0.1823,0.0694,0.0765,,0.6025,281.69,,False
EXPD,746515,2015,0.4383,0.6859,0.2794,5.7751,,39.56,,False
EXPD,746515,2016,0.4617,0.6968,0.2401,6.4828,,47.19,,False
EXPD,746515,2017,0.4647,0.662,0.2247,6.7575,,58.49,,False
EXPD,746515,2018,0.4248,0.6302,0.2403,6.0995,0.6745,62.3,6.5192,False
EXPD,746515,2019,0.4338,0.6288,0.0488,6.2848,0.5539,72.37,5.8868,False
EXPD,746515,2020,0.4202,0.5277,0.0572,5.122,0.6432,89.36,5.1481,False
EXPD,746515,2021,0.3822,0.4757,0.2509,4.0221,2.1713,127.34,6.5372,False
EXPD,746515,2022,0.4407,0.5922,0.3263,5.2265,3.0537,99.73,8.6245,False
EXPD,746515,2023,0.3826,0.5705,0.2078,7.526,2.0558,123.52,8.5149,False
EXPD,746515,2024,0.3351,0.5164,0.219,5.591,2.2296,108.88,7.4321,False
EXPD,746515,2025,0.3439,0.5187,0.2151,7.593,2.2619,148.25,8.6664,False
FFIV,1048695,2019,0.1198,0.4832,0.0338,4.8552,0.1741,139.65,4.0191,False
FDS,1013237,2015,0.2232,1.3868,0.1163,25.0639,,144.53,,False
FDS,1013237,2016,0.2071,1.2598,0.0861,10.4234,,147.06,,False
FDS,1013237,2017,0.1473,1.0322,0.0583,7.3183,,175.65,,False
FDS,1013237,2018,0.1478,0.0865,0.0622,7.3424,,184.47,,False
FDS,1013237,2019,0.2339,0.2392,0.0715,10.013,,249.97,,False
FDS,1013237,2020,0.2715,0.3039,0.0473,9.3716,0.1841,312.78,6.7145,False
FDS,1013237,2021,0.2777,0.4101,0.2131,13.5754,0.7153,461.32,10.4711,False
FDS,1013237,2022,0.1076,0.2939,0.1184,5.0911,0.4593,384.05,4.4455,False
FDS,1013237,2023,0.0721,0.3798,0.1588,6.9949,0.5263,460.81,5.8654,False
FDS,1013237,2024,0.0416,0.4657,0.1729,7.7728,0.5433,468.26,6.4797,False
FDS,1013237,2025,0.0484,0.5398,0.1739,4.8065,0.5394,286.22,4.8109,False
FICO,814547,2015,0.0347,1.1123,0.1118,2.5623,,94.1,,False
FICO,814547,2016,0.0177,1.2082,0.1389,3.3252,,119.2,,False
FICO,814547,2017,-0.0125,1.273,0.1411,3.9909,,153.2,,False
FICO,814547,2018,-0.0667,1.387,0.1645,4.074,,187.0,,False
FICO,814547,2019,0.0744,1.3653,0.1843,6.346,0.806,374.68,7.2224,False
FICO,814547,2021,-0.0053,1.6489,0.3224,5.5794,0.8397,433.67,7.5536,False
FICO,814547,2022,0.1063,2.0517,0.3761,5.7612,0.9551,598.58,8.653,False
FICO,814547,2023,0.1198,2.1508,0.4081,11.1078,0.9608,1164.01,12.127,False
FICO,814547,2024,0.138,2.2707,0.4271,16.0412,0.9998,1990.93,15.3785,False
FICO,814547,2025,-0.0771,2.4371,0.4951,10.1036,1.0657,1690.62,12.081,False
FAST,815556,2015,0.51,0.7277,0.3273,12.0843,,7.7,,False
FAST,815556,2016,0.5415,0.7269,0.2982,14.223,,9.12,,False
FAST,815556,2017,0.5445,0.7252,0.303,15.4015,,10.92,,False
FAST,815556,2018,0.5656,0.705,0.3008,12.0967,0.3708,10.74,10.2873,False
FAST,815556,2019,0.5033,0.6931,0.2782,15.7613,0.336,15.58,12.2853,False
FAST,815556,2020,0.4759,0.6784,0.288,19.8378,0.3425,21.29,14.7164,False
FAST,815556,2021,0.5058,0.6911,0.2832,26.0579,1.3982,28.54,19.5419,False
FAST,815556,2022,0.5133,0.7076,0.3196,17.8825,1.5347,21.59,14.9255,False
FAST,815556,2023,0.5287,0.7522,0.3425,31.4246,1.6462,30.51,23.3188,False
FAST,815556,2024,0.5374,0.7692,0.3214,36.7471,1.6062,34.64,26.4369,False
FAST,815556,2025,0.5455,0.7654,0.3277,40.8395,1.6229,39.48,28.9342,False
FDX,1048911,2015,0.1345,0.4559,-0.0356,1.0892,,101.64,,False
FDX,1048911,2016,0.0864,0.3988,-0.0015,0.9391,,128.14,,False
FDX,1048911,2017,0.097,0.4291,0.0326,1.262,,173.26,,False
FDX,1048911,2018,0.071,0.4744,0.0285,0.8135,,113.18,,False
FDX,1048911,2019,0.0749,0.4531,0.0242,0.6957,0.3273,107.77,1.5487,True
FDX,1048911,2020,0.0821,0.3429,0.0065,0.8044,0.236,187.82,1.3186,True
FDX,1048911,2021,0.0836,0.3602,0.0708,0.7636,1.0143,189.17,2.3105,False
FDX,1048911,2022,0.0708,0.3812,0.0726,0.5011,1.0874,129.32,2.2464,False
FDX,1048911,2023,0.0577,0.4046,0.0564,0.7473,1.0346,192.85,2.3046,False
FDX,1048911,2024,0.0558,0.4442,0.0639,0.8714,1.0079,218.88,2.4304,False
FDX,1048911,2025,0.034,0.4725,0.0595,0.9139,1.0034,230.05,2.4504,False
FDX,1048911,2026,0.0909,0.4494,0.0552,1.1466,0.9574,326.12,2.5657,False
FDXF,2082247,2026,0.0745,-0.0739,0.0784,2.7092,1.2776,133.74,3.1479,False
FERG,2011641,2024,0.2531,0.5786,0.16,2.9804,1.7883,168.79,5.2183,False
FERG,2011641,2025,0.2323,0.3822,0.147,3.5651,1.7351,219.25,5.1731,False
FIS,1136893,2015,0.0437,0.117,0.0418,1.5121,,49.44,,False
FIS,1136893,2016,0.0434,0.1267,0.0499,1.9952,,62.62,,False
FIS,1136893,2017,-0.0129,0.1727,0.0609,2.9986,,78.92,,False
FIS,1136893,2018,0.0256,0.1905,0.0613,3.3143,0.3544,87.07,2.8427,False
FIS,1136893,2019,-0.0202,0.0497,0.0116,1.7933,0.1233,119.45,1.2828,True
FIS,1136893,2020,-0.0294,0.041,0.0066,1.8417,0.1497,122.69,1.2987,True
FIS,1136893,2021,-0.0453,0.0348,0.0127,1.3959,0.1673,95.82,1.0413,True
FIS,1136893,2022,-0.0538,-0.2366,-0.2547,0.8752,0.2296,60.88,-0.4817,True
FIS,1136893,2023,-0.0822,-0.4149,0.006,0.8004,0.0455,55.88,-0.1339,True
FIS,1136893,2024,-0.0269,-0.6588,0.0146,2.1824,0.0769,76.53,0.4801,True
FIS,1136893,2025,-0.0934,-0.6784,0.0158,1.6959,0.084,64.41,0.0918,True
FSLR,1274494,2015,0.326,0.3814,0.0706,4.0116,,65.99,,False
FSLR,1274494,2016,0.4204,0.3587,-0.0732,2.0844,,32.09,,False
FSLR,1274494,2017,0.4636,0.3347,0.0259,4.1094,,67.52,,False
FSLR,1274494,2018,0.4232,0.3428,0.0056,2.3904,0.3151,42.46,2.7558,False
FSLR,1274494,2019,0.3036,0.3096,-0.0215,2.4862,0.4076,55.96,2.626,False
FSLR,1274494,2020,0.3048,0.382,0.0447,6.6945,0.3814,98.92,5.4461,False
FSLR,1274494,2021,0.3324,0.4295,0.0791,6.4414,0.3943,87.16,5.5206,False
FSLR,1274494,2022,0.3337,0.3806,-0.0033,6.6653,0.3174,149.79,5.239,False
FSLR,1274494,2023,0.3211,0.3831,0.0827,5.0344,0.3202,172.28,4.5355,False
FSLR,1274494,2024,0.2484,0.4341,0.115,4.5675,0.3469,176.24,4.3728,False
FSLR,1274494,2025,0.2834,0.5098,0.1199,7.4206,0.3918,261.23,6.2935,False
FE,1031296,2023,-0.0578,-0.002,0.0465,0.5002,,32.73,,False
FE,1031296,2024,-0.0427,0.0008,0.0456,0.5594,,37.06,,False
FE,1031296,2025,-0.041,0.0006,0.0395,0.5989,,43.46,,False
FISV,798354,2015,0.0004,0.8634,0.0352,3.6404,,45.73,,False
FISV,798354,2016,-0.0094,0.9231,0.0385,3.9236,,53.14,,False
FISV,798354,2017,0.0036,0.9952,0.0413,4.6134,,65.57,,False
FISV,798354,2018,0.019,1.0331,0.0383,4.3572,0.517,73.49,4.7268,False
FISV,798354,2019,0.017,0.1616,0.0062,1.4406,0.0522,115.63,1.1835,True
FISV,798354,2020,0.0078,0.1801,0.0069,1.4664,0.0514,113.86,1.2155,True
FISV,798354,2021,0.0075,0.1947,0.03,1.2459,0.2128,103.79,1.341,True
FISV,798354,2022,0.0129,0.2072,0.0446,1.03,,101.07,,False
FISV,798354,2023,0.0139,0.2249,0.0552,1.173,,132.84,,False
FISV,798354,2024,0.0171,0.3055,0.0762,2.2072,,205.42,,False
FISV,798354,2025,0.0095,0.3376,0.0726,0.6575,,67.17,,False
FLEX,866374,2022,0.1876,-0.07,0.0118,0.3951,0.3545,16.17,0.7577,True
FLEX,866374,2023,0.2415,-0.0262,0.0553,0.5404,1.4184,22.95,2.1783,False
FLEX,866374,2024,0.2439,0.0244,0.0087,1.0966,0.3379,38.39,1.3515,True
FLEX,866374,2025,0.1627,0.0699,0.0166,1.6682,0.3481,60.42,1.6968,True
FLEX,866374,2026,0.1956,0.0981,0.062,2.3857,1.2654,109.25,3.2736,False
F,37996,2016,0.0764,0.0657,,0.1295,,7.25,,False
F,37996,2017,0.0826,0.0823,,0.1318,0.6081,7.88,,False
F,37996,2018,0.0744,0.0884,,0.0874,0.625,5.17,,False
F,37996,2019,0.0616,0.0786,0.0022,0.111,0.603,6.71,0.8608,True
F,37996,2020,0.0732,0.0683,-0.0165,0.1017,0.4757,6.45,0.6657,True
F,37996,2021,0.0711,0.1392,0.0176,0.2738,0.5304,15.31,1.0329,True
F,37996,2022,0.0766,0.1241,0.0245,0.1551,0.6177,8.85,1.0574,True
F,37996,2023,0.073,0.1135,0.02,0.1657,0.6447,10.25,1.0565,True
F,37996,2024,0.0618,0.1183,0.0183,0.1382,0.6486,8.91,1.0317,True
F,37996,2025,0.0297,0.0778,-0.0317,0.1867,0.6476,12.68,0.7996,True
FTNT,1262039,2015,0.3306,0.0382,0.0083,4.4159,,6.23,,False
FTNT,1262039,2016,0.3314,0.0176,0.0201,3.3918,,6.02,,False
FTNT,1262039,2017,0.3054,-0.1415,0.0486,3.8433,,8.74,,False
FTNT,1262039,2018,0.3134,-0.0187,0.075,4.9995,,14.09,,False
FTNT,1262039,2019,0.3334,0.0361,0.0886,6.1105,0.5549,21.35,4.9642,False
FTNT,1262039,2020,0.2252,-0.0871,0.1315,6.8366,0.6415,29.71,5.3257,False
FTNT,1262039,2021,0.2167,-0.079,0.1099,10.2992,0.5646,71.88,7.2561,False
FTNT,1262039,2022,0.1175,-0.2483,0.1557,5.5105,0.7093,48.89,4.3228,False
FTNT,1262039,2023,0.0977,-0.2565,0.171,5.5611,0.7308,58.53,4.3899,False
FTNT,1262039,2024,0.1957,-0.012,0.1847,8.383,0.61,94.48,6.4674,False
FTNT,1262039,2025,0.0834,-0.0489,0.2007,6.3665,0.6545,79.41,5.1682,False
FTV,1659166,2016,0.1248,0.0492,0.0412,,,32.49,,False
FTV,1659166,2017,0.1271,0.1286,0.0339,,,44.02,,False
FTV,1659166,2018,0.0759,0.2753,0.0228,,0.1362,41.31,,False
FTV,1659166,2019,0.0127,0.2368,0.0169,,0.1148,46.82,,False
FTV,1659166,2020,0.0988,0.3456,0.0115,,0.0825,52.08,,False
FTV,1659166,2021,-0.0729,0.3658,0.0122,,0.0835,56.32,,False
FTV,1659166,2022,-0.0157,0.4243,0.0621,,0.3666,47.64,,False
FTV,1659166,2023,0.1112,0.4438,0.067,,0.3586,54.83,,False
FTV,1659166,2024,0.0208,0.4835,0.0709,,0.3662,56.08,,False
FTV,1659166,2025,-0.0546,0.4625,0.0192,,0.0956,55.03,,False
FOXA,1754301,2019,0.2443,0.0183,0.114,0.0,,33.89,,False
FOXA,1754301,2020,0.2566,0.031,0.0673,0.0,,27.03,,False
FOXA,1754301,2021,0.2507,0.0865,0.1273,0.0,,34.67,,False
FOXA,1754301,2022,0.2698,0.1109,0.0764,0.0,0.6299,28.91,1.3609,True
FOXA,1754301,2023,0.1598,0.1038,0.0794,0.0,0.682,28.67,1.281,True
FOXA,1754301,2024,0.207,0.1429,0.0958,0.0,0.6363,47.68,1.4007,True
FOXA,1754301,2025,0.2385,0.1931,0.132,0.0,0.7027,72.39,1.6948,True
FOXA,1754301,2026,0.2574,0.1982,0.1013,0.0,0.7618,67.05,1.6825,True
FOX,1754301,2019,0.2443,0.0183,0.114,0.0,,33.06,,False
FOX,1754301,2020,0.2566,0.031,0.0673,0.0,,26.64,,False
FOX,1754301,2021,0.2507,0.0865,0.1273,0.0,,32.02,,False
FOX,1754301,2022,0.2698,0.1109,0.0764,0.0,0.6299,26.96,1.3609,True
FOX,1754301,2023,0.1598,0.1038,0.0794,0.0,0.682,26.63,1.281,True
FOX,1754301,2024,0.207,0.1429,0.0958,0.0,0.6363,44.81,1.4007,True
FOX,1754301,2025,0.2385,0.1931,0.132,0.0,0.7027,64.27,1.6948,True
FOX,1754301,2026,0.2574,0.1982,0.1013,0.0,0.7618,59.92,1.6825,True
FCX,831259,2015,0.0677,-0.2659,-0.088,0.2594,,6.1,,False
FCX,831259,2016,0.1653,-0.4432,0.0188,0.608,,11.88,,False
FCX,831259,2017,0.1539,-0.3947,0.0393,0.9431,,17.08,,False
FCX,831259,2018,0.1751,-0.2852,0.0075,0.5532,0.4488,9.37,0.6161,True
FCX,831259,2019,0.1153,-0.3009,0.019,0.7469,0.3516,12.15,0.5795,True
FCX,831259,2020,0.1397,-0.2772,0.0578,1.4791,0.3297,24.18,1.1875,True
FCX,831259,2021,0.1861,-0.1536,0.1742,2.2416,0.4669,39.03,2.3951,False
FCX,831259,2022,0.1814,-0.0765,0.1377,1.9803,0.4555,36.16,2.2087,False
FCX,831259,2023,0.1422,-0.0031,0.1251,2.2645,0.4589,41.11,2.3969,False
FCX,831259,2025,0.1336,0.0238,0.1121,2.6429,0.433,50.43,2.5822,False
GRMN,1121788,2015,0.2989,0.4291,0.1221,,,27.84,,False
GRMN,1121788,2016,0.3271,0.4545,0.1379,,,38.03,,False
GRMN,1121788,2017,0.3064,0.4728,0.1335,,,48.53,,False
GRMN,1121788,2018,0.324,0.5036,0.1446,,,53.3,,False
GRMN,1121788,2019,0.3279,0.5236,0.1533,,0.1787,84.29,,False
GRMN,1121788,2020,0.3563,0.5339,0.1499,,0.1922,106.08,,False
GRMN,1121788,2021,0.3582,0.5501,0.1552,,0.6344,122.95,,False
GRMN,1121788,2022,0.3549,0.6123,0.1329,,0.6287,85.83,,False
GRMN,1121788,2023,0.3665,0.6118,0.1269,,0.6077,122.83,,False
GRMN,1121788,2024,0.3975,0.6229,0.1655,,0.6538,200.53,,False
GRMN,1121788,2025,0.4119,0.634,0.1707,,0.6591,200.41,,False
IT,749251,2015,-0.0839,0.6671,0.1324,2.4826,,90.7,,False
IT,749251,2016,-0.0494,0.6945,0.1289,2.7672,,101.07,,False
IT,749251,2017,-0.0321,0.2262,-0.0009,1.2345,,123.15,,False
IT,749251,2018,-0.1305,0.2831,0.0419,1.5088,0.641,127.84,1.9242,False
IT,749251,2019,-0.1172,0.2781,0.0518,1.5663,0.5936,154.1,1.953,False
IT,749251,2020,-0.0854,0.3083,0.067,1.6249,0.5603,160.19,2.0856,False
IT,749251,2021,-0.1023,0.4111,0.1235,2.9966,0.6383,334.32,3.2966,False
IT,749251,2022,-0.1112,0.5284,0.1507,3.0016,0.7501,336.14,3.6547,False
IT,749251,2023,-0.0446,0.6048,0.1578,3.9813,0.7538,451.11,4.4567,False
IT,749251,2024,0.0267,0.7022,0.1355,4.2636,0.7343,484.47,4.7547,False
IT,749251,2025,-0.0007,0.8314,0.1269,2.0515,0.8036,252.28,3.6162,False
GE,40545,2020,0.1276,0.364,,0.2516,,52.48,,False
GE,40545,2021,0.0724,0.428,,0.3798,0.098,57.56,,False
GE,40545,2022,0.0495,0.451,,0.3542,0.1119,51.27,,False
GE,40545,2023,0.0547,0.5307,,0.7743,0.1136,100.35,,False
GE,40545,2024,0.0263,0.6536,,1.6569,0.0802,165.4,,False
GE,40545,2025,0.0124,0.6735,,2.8645,,307.2,,False
GEHC,1932393,2023,0.0132,0.0409,0.075,,0.6025,76.95,,False
GEHC,1932393,2024,0.0105,0.0986,0.0793,,0.5945,77.92,,False
GEHC,1932393,2025,0.092,0.1431,0.0749,,0.5589,81.9,,False
GEV,1996810,2024,0.0479,0.0313,0.0091,2.1349,0.6785,327.79,2.091,False
GEV,1996810,2025,-0.012,0.0977,0.022,3.4256,0.6041,652.36,2.8545,False
GEN,849399,2015,0.0732,-0.0204,0.0868,0.6553,,7.99,,False
GEN,849399,2016,0.2487,-0.0557,0.0388,0.8508,,11.5,,False
GEN,849399,2017,0.0386,-0.0419,-0.0055,0.5563,,13.65,,False
GEN,849399,2018,0.0205,0.0208,0.0031,0.5196,,9.32,,False
GEN,849399,2019,-0.0364,0.0585,0.0238,0.75,0.2968,12.78,0.8638,True
GEN,849399,2020,0.0591,-0.4305,0.0459,1.4289,0.3219,18.44,0.7989,True
GEN,849399,2021,-0.094,-0.4364,0.1409,2.0529,0.401,23.53,1.3738,True
GEN,849399,2022,-0.1159,-0.2794,0.1448,1.6853,0.4027,19.81,1.3613,True
GEN,849399,2023,-0.1013,-0.0367,0.0769,0.9427,0.2093,21.65,0.8559,True
GEN,849399,2024,-0.0818,-0.0026,0.0711,1.1685,0.2417,26.5,1.0758,True
GEN,849399,2025,-0.0908,0.0152,0.1039,1.212,0.254,26.78,1.2364,True
GEN,849399,2026,-0.1045,0.0173,0.136,1.4298,0.3207,31.0,1.5262,True
GNRC,1474735,2015,0.25,0.1998,0.0152,1.3238,,29.77,,False
GNRC,1474735,2016,0.1835,0.245,0.0415,1.6841,,40.74,,False
GNRC,1474735,2017,0.2127,0.3051,0.0466,2.0633,,49.52,,False
GNRC,1474735,2018,0.2308,0.3425,0.0449,1.8283,0.2322,49.7,2.2338,False
GNRC,1474735,2019,0.2621,0.4068,0.0392,3.7767,0.2217,100.59,3.5012,False
GNRC,1474735,2020,0.3178,0.4428,0.0529,7.5427,0.2352,227.41,5.9366,False
GNRC,1474735,2021,0.142,0.403,0.036,7.9694,0.2188,351.92,5.8538,False
GNRC,1474735,2022,0.2303,0.4481,0.0207,2.1215,0.203,100.66,2.4479,False
GNRC,1474735,2023,0.2193,0.4946,0.0296,2.7795,0.2088,129.24,2.93,False
GNRC,1474735,2024,0.1955,0.5567,0.1051,3.5028,0.8408,155.05,4.3031,False
GNRC,1474735,2025,0.2238,0.5389,0.0519,2.742,0.7552,136.37,3.5945,False
GD,40533,2015,0.0664,0.7252,0.1306,,,108.76,,False
GD,40533,2016,0.0791,0.7674,0.1311,,,139.71,,False
GD,40533,2017,0.1492,0.7546,0.1192,,0.6233,167.45,,False
GD,40533,2018,0.076,0.6458,0.0982,,0.7971,131.72,,False
GD,40533,2019,0.061,0.6477,0.0952,,0.8057,151.21,,False
GD,40533,2020,0.1087,0.6529,0.0806,,0.7392,131.34,,False
GD,40533,2021,0.12,0.7074,0.0831,,0.7683,188.83,,False
GD,40533,2022,0.1109,0.7251,0.0816,,0.7639,229.78,,False
GD,40533,2023,0.1311,0.7165,0.0774,,0.7712,246.16,,False
GD,40533,2024,0.1174,0.7424,0.0858,,0.8539,254.83,,False
GD,40533,2025,0.1302,0.77,0.0936,,0.9179,332.28,,False
GIS,40704,2015,-0.0503,0.5459,0.0946,1.3072,,38.68,,False
GIS,40704,2016,-0.0496,0.5811,0.1247,1.4633,,42.66,,False
GIS,40704,2017,-0.0582,0.6024,0.1177,1.3948,,42.38,,False
GIS,40704,2018,-0.1051,0.4722,0.0819,0.6627,,29.0,,False
GIS,40704,2019,-0.0963,0.498,0.0836,0.9983,0.1382,41.51,1.5946,True
GIS,40704,2020,-0.0769,0.5188,0.0959,1.1486,0.163,47.16,1.8026,True
GIS,40704,2021,-0.0789,0.5361,0.0988,1.3897,0.1421,55.89,1.9577,False
GIS,40704,2022,-0.0942,0.5961,0.1118,1.882,0.1573,71.59,2.3769,False
GIS,40704,2023,-0.075,0.6308,0.1092,1.4737,0.1599,57.3,2.1975,False
GIS,40704,2024,-0.0779,0.6664,0.109,1.4217,0.1498,58.13,2.2022,False
GIS,40704,2025,-0.0781,0.6627,0.0999,0.9916,0.1378,44.33,1.8967,False
GIS,40704,2026,-0.0718,0.6834,0.0295,0.9714,0.1536,41.2,1.7044,True
GM,1467858,2015,0.0336,0.1043,0.0252,0.1547,,27.18,,False
GM,1467858,2016,-0.0405,0.118,0.0431,0.1443,,29.21,,False
GM,1467858,2017,-0.0383,0.083,0.0471,0.1781,,35.78,,False
GM,1467858,2018,-0.0305,0.0982,0.0196,0.1445,,30.4,,False
GM,1467858,2019,-0.0435,0.1178,0.024,0.167,,34.66,,False
GM,1467858,2020,0.0043,0.1359,0.0282,0.1888,0.4621,39.91,0.8638,True
GM,1467858,2021,0.0314,0.1714,0.0381,0.2756,0.4642,56.2,1.0329,True
GM,1467858,2022,0.0351,0.1865,0.0391,0.1482,0.5453,32.39,1.0664,True
GM,1467858,2023,0.0263,0.2028,0.0341,0.1498,0.5774,34.95,1.0951,True
GM,1467858,2024,0.0439,0.1911,0.0457,0.2146,0.6134,52.38,1.2132,True
GM,1467858,2025,0.0548,0.1832,0.0103,0.325,0.5972,80.79,1.1485,True
GPC,40987,2015,0.1982,0.4771,0.1571,1.7272,,62.62,,False
GPC,40987,2016,0.1924,0.4517,0.1388,1.7417,,71.58,,False
GPC,40987,2017,0.1481,0.3263,0.1015,1.1232,,73.33,,False
GPC,40987,2018,0.1321,0.3423,0.1128,1.14,1.4772,76.35,3.1711,False
GPC,40987,2019,0.1055,0.3122,,1.0941,1.3241,87.07,,False
GPC,40987,2020,0.0907,0.2961,,1.147,0.3163,85.16,,False
GPC,40987,2021,0.0819,0.2847,,1.5499,0.3347,122.11,,False
GPC,40987,2022,0.0685,0.2753,,1.6804,1.3395,154.86,,False
GPC,40987,2023,0.099,0.2819,,1.2884,1.2851,126.8,,False
GPC,40987,2024,0.0688,0.273,,1.0149,1.218,110.03,,False
GPC,40987,2025,0.0374,0.2197,,1.0071,1.1685,119.6,,False
GILD,882095,2015,0.2869,0.3472,0.4281,2.6017,,69.88,,False
GILD,882095,2016,0.197,0.3186,0.3095,1.6472,,50.6,,False
GILD,882095,2017,0.2872,0.2705,0.201,1.2962,,52.1,,False
GILD,882095,2018,0.3962,0.2988,0.1288,1.3761,0.3475,46.93,2.4919,False
GILD,882095,2019,0.3332,0.3146,0.0696,1.6055,0.3643,50.63,2.3975,False
GILD,882095,2020,0.0672,0.2102,0.0595,1.1665,0.3609,47.23,1.6322,True
GILD,882095,2021,0.0465,0.2402,0.146,1.6234,0.4018,61.38,2.2497,False
GILD,882095,2022,0.0508,0.2483,0.116,2.2442,0.4319,75.89,2.5698,False
GILD,882095,2023,0.0773,0.2624,0.1224,2.3469,0.4365,74.37,2.7088,False
GILD,882095,2024,0.1215,0.1949,0.0282,2.7594,0.4874,88.27,2.6546,False
GILD,882095,2025,0.1106,0.2326,0.1698,4.1162,0.4988,120.57,3.9873,False
GPN,1123360,2015,0.0494,0.1373,0.0179,3.2592,,60.72,,False
GPN,1123360,2016,0.04,0.0967,0.0053,2.2664,,65.37,,False
GPN,1123360,2017,0.0375,0.1229,0.0115,2.7672,,94.46,,False
GPN,1123360,2018,0.0081,0.1562,0.0126,2.8441,0.0666,97.21,2.0431,False
GPN,1123360,2019,0.0177,0.0525,0.0044,2.776,0.0447,172.31,1.8195,False
GPN,1123360,2020,0.001,0.0582,0.0057,3.233,0.0437,204.21,2.0849,False
GPN,1123360,2021,0.0055,0.0659,0.03,1.7563,0.1882,128.83,1.4399,True
GPN,1123360,2022,-0.013,0.061,0.0143,1.1342,0.2003,95.45,0.9977,True
GPN,1123360,2023,-0.001,0.0684,0.0339,1.2167,0.1909,123.15,1.1274,True
GPN,1123360,2024,-0.0046,0.1018,0.0498,1.2153,0.2155,109.64,1.2459,True
GPN,1123360,2025,0.0965,0.1113,0.0329,0.6861,0.1445,76.64,0.9363,True
GDDY,1609711,2015,-0.12,-0.0092,0.0037,1.3213,,32.06,,False
GDDY,1609711,2016,-0.087,-0.0129,0.0047,1.3728,,34.95,,False
GDDY,1609711,2017,-0.1309,0.0153,0.004,1.2125,,50.28,,False
GDDY,1609711,2018,-0.0754,0.0271,0.0069,1.5708,0.1144,65.62,1.0269,True
GDDY,1609711,2019,-0.0676,-0.0244,0.0117,1.5557,0.1238,67.92,0.9806,True
GDDY,1609711,2020,-0.159,-0.1851,0.0423,1.6298,0.5156,82.95,1.1831,True
GDDY,1609711,2021,-0.0737,-0.1988,0.0515,1.4651,0.5144,84.86,1.1967,True
GDDY,1609711,2022,-0.1258,-0.3474,0.0715,1.2971,0.5867,74.82,0.9637,True
GDDY,1609711,2023,-0.1887,-0.3068,0.0724,1.792,0.5623,106.16,1.2205,True
GDDY,1609711,2025,-0.1437,-0.3472,0.1403,2.0096,0.6162,124.08,1.6265,True
HAL,45012,2015,0.4399,0.5556,-0.0045,1.0749,,27.67,,False
HAL,45012,2016,0.2835,0.5237,-0.251,2.1232,,44.73,,False
HAL,45012,2017,0.2358,0.505,0.0543,2.0445,,41.07,,False
HAL,45012,2018,0.2444,0.5288,0.095,1.1525,,22.74,,False
HAL,45012,2019,0.2496,0.4724,-0.0177,1.0385,,21.63,,False
HAL,45012,2020,0.2444,0.4203,-0.1178,0.9044,,17.04,,False
HAL,45012,2021,0.2525,0.435,0.0806,1.1103,,20.78,,False
HAL,45012,2022,0.2411,0.4546,0.1164,1.9773,,36.26,,False
HAL,45012,2023,0.2404,0.5079,0.1654,1.8526,,33.91,,False
HAL,45012,2024,0.2475,0.5601,0.1494,1.4431,,26.05,,False
HAL,45012,2025,0.2323,0.6012,0.0904,1.6014,,27.88,,False
HAS,46080,2015,0.3815,0.816,0.0548,2.2059,,47.18,,False
HAS,46080,2016,0.3162,0.8149,0.0501,2.4571,,55.85,,False
HAS,46080,2017,0.4503,0.8053,0.0512,2.7222,,66.78,,False
HAS,46080,2018,0.3436,0.7951,0.002,2.4647,,61.31,,False
HAS,46080,2019,0.62,0.4917,0.0215,1.9686,,81.79,,False
HAS,46080,2020,0.1334,0.3886,0.0172,1.3445,,74.9,,False
HAS,46080,2021,0.1267,0.4242,0.076,1.7007,,83.81,,False
HAS,46080,2022,0.0871,0.438,0.0439,1.1404,0.63,52.02,2.1766,False
HAS,46080,2023,0.0409,0.3346,-0.2353,1.1847,0.7649,45.81,1.2168,True
HAS,46080,2024,0.1327,0.3587,0.1088,1.4383,0.6523,52.57,2.5357,False
HAS,46080,2025,0.1284,0.2799,0.002,2.2679,0.8468,80.18,2.76,False
HCA,860730,2015,0.1135,-0.2241,0.1208,,,62.53,,False
HCA,860730,2016,0.0963,-0.2064,0.1425,,,68.44,,False
HCA,860730,2017,0.1044,-0.1785,0.1197,,,81.22,,False
HCA,860730,2018,0.0674,-0.1166,0.1361,,,116.44,,False
HCA,860730,2019,0.0763,-0.0522,0.1164,,,140.02,,False
HSIC,1000228,2015,0.1667,0.4452,0.0309,2.248,,62.04,,False
HSIC,1000228,2016,0.1519,0.443,0.0318,1.9958,,59.49,,False
HSIC,1000228,2017,0.1609,0.3764,0.0309,1.4702,,54.81,,False
HSIC,1000228,2018,0.1125,0.3775,0.0211,1.477,1.5531,61.58,3.1725,False
HSIC,1000228,2019,0.1661,0.4358,0.0275,2.2994,0.3732,66.72,2.6529,False
HSIC,1000228,2020,0.1941,0.4445,0.0233,2.1533,0.4073,66.86,2.6314,False
HSIC,1000228,2021,0.1813,0.4239,0.1004,2.2711,1.4622,77.53,3.9672,False
HSIC,1000228,2022,0.2049,0.4273,0.0868,2.2615,1.4694,79.87,3.9569,False
HSIC,1000228,2023,0.1707,0.3651,0.0582,1.5568,1.167,75.71,3.009,False
HSIC,1000228,2024,0.1155,0.3691,0.0608,1.4332,1.2403,69.2,2.956,False
HSIC,1000228,2025,0.1102,0.2936,0.0582,1.3118,1.1756,75.58,2.6981,False
HSY,47111,2015,-0.0691,1.1035,0.1942,3.5835,,68.8,,False
HSY,47111,2016,-0.0168,1.1071,0.2183,3.8937,,81.71,,False
HSY,47111,2017,-0.0134,1.1472,0.2295,4.444,,91.78,,False
HSY,47111,2018,-0.0233,0.9129,0.2108,3.1677,,89.11,,False
HSY,47111,2019,0.0133,0.1585,0.1961,4.3719,0.9811,124.93,4.4891,False
HSY,47111,2020,0.1189,0.2112,0.1952,4.295,0.8925,132.3,4.5521,False
HSY,47111,2021,-0.0237,0.2612,0.1963,5.012,0.8616,171.43,4.8538,False
HSY,47111,2022,-0.0582,0.3279,0.2065,6.1124,0.9516,208.91,5.6897,False
HSY,47111,2023,-0.0081,0.3833,0.2151,4.9201,0.938,171.56,5.127,False
HSY,47111,2024,-0.0131,0.4401,0.2239,4.3607,0.8652,160.4,4.8208,False
HSY,47111,2025,0.042,0.3999,0.1049,4.3758,0.8509,178.01,4.4328,False
HPE,1645590,2019,-0.0775,-0.1473,0.0089,1.2032,0.1393,12.94,0.5912,True
HLT,1585689,2015,0.0046,-0.1319,0.0191,0.475,,41.71,,False
HLT,1585689,2016,0.0333,-0.1268,0.0155,0.5932,,53.67,,False
HLT,1585689,2017,-0.0155,-0.461,0.0243,1.4264,,77.53,,False
HLT,1585689,2018,-0.0452,-0.4585,0.0259,1.1765,0.1635,70.24,0.2586,True
HLT,1585689,2019,-0.052,-0.3988,0.0233,1.5932,0.1584,109.22,0.5703,True
HLT,1585689,2020,0.1057,-0.4018,-0.0116,1.3539,0.0531,109.73,0.3914,True
HLT,1585689,2021,-0.0096,-0.4094,0.0654,2.1294,0.3748,153.84,1.2836,True
HLT,1585689,2022,-0.0324,-0.3346,0.135,1.6944,0.5656,125.05,1.5204,True
HLT,1585689,2023,-0.0719,-0.2732,0.1445,2.2943,0.6646,180.92,2.0491,False
HLT,1585689,2024,-0.0864,-0.1708,0.1434,2.7422,0.6763,246.25,2.4521,False
HLT,1585689,2025,-0.0901,-0.0899,0.1605,2.9186,0.7177,286.85,2.7647,False
HD,354950,2015,0.105,0.7279,0.2767,2.8089,,102.01,,False
HD,354950,2016,0.0836,0.8267,0.3125,2.7276,,105.62,,False
HD,354950,2017,0.0615,0.8968,0.3297,3.5377,,152.74,,False
HD,354950,2018,0.0412,1.055,0.3529,3.0791,0.602,141.6,5.1406,False
HD,354950,2019,0.028,1.0096,0.3092,3.3935,0.5032,184.87,5.0068,False
HD,354950,2020,0.0752,0.8236,0.259,3.4129,1.8718,230.16,6.0175,False
HD,354950,2021,0.005,0.9402,0.3206,4.9785,2.103,367.13,7.4703,False
HD,354950,2022,0.1225,1.0059,0.3145,3.8165,2.059,286.45,6.9418,False
HD,354950,2023,0.1014,1.0931,0.2834,4.2693,1.9949,323.02,7.1438,False
HD,354950,2024,0.0314,0.9315,0.224,4.1418,1.6595,371.46,6.2255,False
HD,354950,2025,0.0187,0.8995,0.1988,3.6411,1.567,336.79,5.6894,False
HON,773840,2015,0.0341,0.5302,,0.799,,78.23,,False
HON,773840,2016,0.1242,0.5302,,0.8195,,89.92,,False
HON,773840,2017,0.1202,0.4758,,0.9143,,121.48,,False
HON,773840,2018,0.0941,0.5881,,0.8921,0.1684,111.44,,False
HON,773840,2019,0.1057,0.6424,,1.2014,0.1618,152.33,,False
HON,773840,2020,0.091,0.6643,,1.2935,0.5335,187.33,,False
HON,773840,2022,0.081,0.7241,,1.3625,0.5695,195.94,,False
HON,773840,2023,0.0807,0.7798,,1.36,0.5959,195.97,,False
HON,773840,2024,0.0885,0.676,0.1157,1.2078,0.512,215.6,2.671,False
HON,773840,2025,0.0946,0.6917,0.1103,1.0703,0.1324,201.87,2.2205,False
HRL,48465,2015,0.1383,0.6867,0.1738,,,29.81,,False
HRL,48465,2016,0.1533,0.7436,0.2078,,,26.65,,False
HRL,48465,2017,0.1388,0.7401,0.1836,,,28.44,,False
HRL,48465,2018,0.1119,0.7037,0.1472,,0.3101,34.04,,False
HRL,48465,2019,0.1549,0.7557,0.1475,,0.3085,36.71,,False
HRL,48465,2020,0.2094,0.6584,0.111,,0.2443,38.69,,False
HRL,48465,2021,0.1207,0.542,0.0884,,0.8968,41.39,,False
HRL,48465,2022,0.1626,0.5496,0.0986,,0.9363,39.46,,False
HRL,48465,2023,0.0733,0.5571,0.0797,,0.9005,28.61,,False
HRL,48465,2024,0.1375,0.5715,0.0795,,0.8873,28.96,,False
HRL,48465,2025,0.1512,0.5612,0.0537,,0.9039,22.8,,False
HWM,4281,2015,0.0751,0.2418,,,,,,False
HWM,4281,2016,0.1569,-0.0513,,0.3649,,13.63,,False
HWM,4281,2017,0.1899,-0.0667,0.0174,0.5849,,20.23,,False
HWM,4281,2018,0.1638,-0.0192,0.0709,0.3852,0.1857,12.66,0.8204,True
HWM,4281,2019,0.0976,0.0073,0.0589,0.715,0.1935,23.23,0.9442,True
HWM,4281,2020,0.1758,0.0318,0.0547,1.4252,0.1082,28.11,1.3993,True
HWM,4281,2021,0.1452,0.059,0.0732,1.8654,0.4865,31.39,2.1042,False
HWM,4281,2022,0.162,0.1002,0.0896,2.3362,0.5522,38.98,2.5844,False
HWM,4281,2023,0.1469,0.1649,0.1154,3.3528,0.6367,53.73,3.4363,False
HWM,4281,2024,0.1724,0.263,0.1552,7.2821,0.7063,108.92,6.1628,False
HWM,4281,2025,0.1796,0.3661,0.183,14.0128,0.7382,204.71,10.478,False
HPQ,47217,2015,0.0898,0.3002,0.0512,0.0934,0.967,8.19,1.72,True
HPQ,47217,2016,-0.0117,-0.1206,0.1223,0.2922,1.6628,10.66,2.059,False
HPQ,47217,2020,-0.1607,-0.0565,0.0998,0.4882,1.6331,19.98,1.9835,False
HPQ,47217,2021,-0.1794,-0.0637,0.1373,0.7036,1.6443,31.41,2.2151,False
HPQ,47217,2022,-0.1676,-0.1167,0.1184,0.5022,1.6343,23.12,1.9619,False
HPQ,47217,2023,-0.176,-0.0638,0.0934,0.6357,1.4517,26.84,1.8409,False
HPQ,47217,2024,-0.1986,-0.0671,0.0957,0.6579,1.342,30.08,1.7202,True
HPQ,47217,2025,-0.1629,-0.0485,0.076,0.4593,1.3238,21.45,1.5867,True
HUBB,48898,2015,0.2446,0.5878,0.1479,,,81.01,,False
HUBB,48898,2016,0.2728,0.5331,0.1355,,,95.89,,False
HUBB,48898,2017,0.2414,0.5086,0.1354,,,113.95,,False
HUBB,48898,2018,0.1651,0.4237,0.1143,,0.2348,85.91,,False
HUBB,48898,2019,0.1487,0.4649,0.1217,,0.225,131.34,,False
HUBB,48898,2020,0.1257,0.4707,0.1048,,0.2041,143.01,,False
HUBB,48898,2021,0.1541,0.4847,0.1008,,0.2083,193.92,,False
HUBB,48898,2022,0.1727,0.5008,0.1313,,0.9158,223.17,,False
HUBB,48898,2023,0.122,0.4603,0.1502,,0.7771,317.8,,False
HUBB,48898,2024,0.122,0.5467,0.1634,,0.8427,409.77,,False
HUBB,48898,2025,0.1319,0.505,0.1469,,0.1814,440.22,,False
HUM,49071,2015,0.306,0.4459,0.095,,0.5408,163.49,,False
HUM,49071,2016,0.3295,0.451,0.0686,,0.5071,187.77,,False
HUM,49071,2017,0.2942,0.503,0.1568,,0.4853,230.22,,False
HUM,49071,2018,0.2704,0.5931,0.122,,0.5575,267.68,,False
HUM,49071,2019,0.3081,0.6013,0.1098,,0.5605,345.14,,False
HUM,49071,2020,0.293,0.5867,0.1426,,2.2064,389.0,,False
HUM,49071,2021,0.2156,0.5204,0.071,,1.8726,442.67,,False
HUM,49071,2022,0.2092,0.5921,0.0883,,2.157,492.05,,False
HUM,49071,2023,0.2361,0.5851,0.0853,,2.2602,443.15,,False
HUM,49071,2024,0.277,0.6092,0.0551,,2.5336,248.36,,False
HUM,49071,2025,0.3351,0.5945,0.0553,,2.6511,254.24,,False
HII,1501585,2015,0.1677,0.1408,0.0239,0.9004,,103.6,,False
HII,1501585,2016,0.1258,0.2083,0.0422,1.2786,,152.47,,False
HII,1501585,2017,0.1261,0.2647,0.0356,1.6853,,197.42,,False
HII,1501585,2018,-0.0132,0.4087,0.0334,1.3073,0.3445,161.47,1.7955,True
HII,1501585,2019,-0.0149,0.428,0.0265,1.5664,0.3431,216.37,1.9514,False
HII,1501585,2020,0.0267,0.4331,0.0374,0.9478,0.338,150.47,1.6685,True
HII,1501585,2021,0.0342,0.3661,0.0483,0.8502,0.8962,168.7,2.1192,False
HII,1501585,2022,-0.0137,0.3938,0.052,1.1397,0.9833,213.11,2.3738,False
HII,1501585,2023,-0.0136,0.424,0.0696,1.3579,1.0213,245.42,2.6432,False
HII,1501585,2024,0.0195,0.4198,0.0441,0.9617,0.9501,182.43,2.2837,False
HII,1501585,2025,0.0318,0.4304,0.0515,1.7248,0.9792,335.99,2.8249,False
IBM,51143,2015,0.0745,1.3224,0.1443,0.827,0.7398,84.33,3.653,False
IBM,51143,2016,0.0648,1.3004,0.105,1.0041,0.6803,105.59,3.5275,False
IBM,51143,2017,0.0987,1.2215,0.0909,0.8874,0.6313,101.38,3.2924,False
IBM,51143,2018,0.0885,1.2904,0.0919,0.6948,0.6451,78.51,3.278,False
IBM,51143,2019,0.0047,1.0708,0.0668,0.6967,0.5069,97.02,2.6501,False
IBM,51143,2020,-0.0045,1.0433,0.0297,0.668,0.472,95.89,2.426,False
IBM,51143,2021,-0.0309,1.1682,0.0366,0.9326,0.4345,111.86,2.7134,False
IBM,51143,2022,-0.0188,1.1775,0.0091,1.1081,0.4757,123.76,2.7965,False
IBM,51143,2023,-0.009,1.1186,0.0643,1.2614,0.4574,150.8,2.9815,False
IBM,51143,2024,0.0098,1.102,0.0423,1.8023,0.4575,210.01,3.2328,False
IBM,51143,2025,-0.0113,1.0248,0.068,2.2957,0.4447,290.3,3.4676,False
IEX,832101,2015,0.1971,0.5941,0.035,3.6098,,66.7,,False
IEX,832101,2016,0.1628,0.5815,0.0258,3.6474,,79.71,,False
IEX,832101,2017,0.1892,0.6053,0.0398,5.7681,,118.39,,False
IEX,832101,2018,0.2095,0.6742,0.0401,5.7138,0.715,114.65,5.471,False
IEX,832101,2019,0.2369,0.6857,0.0352,7.519,0.6541,158.16,6.5258,False
IEX,832101,2020,0.285,0.6437,0.0315,7.2926,0.5327,185.39,6.2554,False
IEX,832101,2021,0.2436,0.6358,0.1295,7.7458,0.5623,222.13,6.8198,False
IEX,832101,2022,0.1552,0.6407,0.1363,6.4762,0.5773,217.19,5.9962,False
IEX,832101,2023,0.1613,0.6708,0.1249,6.6278,0.5582,208.94,6.0797,False
IEX,832101,2024,0.1428,0.6271,0.1004,5.0963,0.4846,204.02,4.923,False
IEX,832101,2025,0.1542,0.6496,0.101,4.4751,0.4991,176.09,4.6118,False
IDXX,874716,2015,-0.0238,0.2158,0.0454,3.6849,,72.92,,False
IDXX,874716,2016,-0.0581,0.353,0.0548,5.6371,,117.27,,False
IDXX,874716,2017,-0.019,0.469,0.0571,6.9711,,156.38,,False
IDXX,874716,2018,-0.0756,0.7597,0.075,9.4756,0.3574,186.02,7.2632,False
IDXX,874716,2019,-0.0249,0.8708,0.0631,12.4329,0.3304,261.13,9.1875,False
IDXX,874716,2020,0.2092,0.9482,0.3027,23.6979,1.1796,499.87,17.9756,False
IDXX,874716,2021,0.0788,1.1983,0.3824,29.6897,1.3193,658.46,22.1673,False
IDXX,874716,2022,-0.0489,1.3105,0.3272,15.0323,1.2259,407.96,13.1011,False
IDXX,874716,2023,0.1668,1.3634,0.3366,24.6297,1.123,555.05,19.1204,False
IDXX,874716,2024,0.1008,1.6191,0.3426,19.1807,1.1834,413.44,16.2101,False
IDXX,874716,2025,0.0791,1.9076,0.4059,30.5366,1.2844,676.53,23.7113,False
ITW,49826,2015,0.2767,1.1645,0.0432,1.9638,,72.41,,False
ITW,49826,2016,0.2212,1.2831,0.0488,2.5448,,97.77,,False
ITW,49826,2017,0.2518,1.2044,0.0507,3.1732,,135.83,,False
ITW,49826,2018,0.1504,1.4268,0.0578,2.5951,0.9931,105.81,4.9191,False
ITW,49826,2019,0.272,1.4868,0.0547,3.6448,0.2302,154.06,5.0055,False
ITW,49826,2020,0.252,1.4805,0.0566,4.1098,0.2226,179.37,5.2502,False
ITW,49826,2021,0.1806,1.513,0.2163,5.0709,0.8991,221.69,6.9903,False
ITW,49826,2022,0.1174,1.6729,0.2458,4.6864,1.0331,202.94,7.1387,False
ITW,49826,2023,0.1005,1.7478,0.2603,5.6186,1.038,246.7,7.8357,False
ITW,49826,2024,0.1027,1.9176,0.283,5.9219,1.0552,244.32,8.3502,False
ITW,49826,2025,0.0665,1.8671,0.2611,5.3619,0.9936,243.28,7.766,False
INCY,879169,2015,0.6694,-1.7658,0.0503,,,108.45,,False
INCY,879169,2016,0.4398,-1.0221,0.0885,,,100.27,,False
INCY,879169,2017,0.4905,-0.8642,-0.1059,,,94.71,,False
INCY,879169,2018,0.5318,-0.7097,0.0488,,0.1997,63.59,,False
INCY,879169,2019,0.5743,-0.4175,0.1173,,0.1691,87.32,,False
INCY,879169,2020,0.4855,-0.4848,-0.074,,0.2217,86.98,,False
INCY,879169,2021,0.459,-0.1577,0.1187,,0.6053,73.4,,False
INCY,879169,2022,0.5026,-0.0749,0.0992,,0.5812,80.32,,False
INCY,879169,2023,0.5021,0.0236,0.0915,,0.5449,62.79,,False
INCY,879169,2024,0.2934,-0.1971,0.0113,,0.779,69.07,,False
INCY,879169,2025,0.5043,0.0307,0.2177,,0.7389,98.77,,False
IR,1699150,2017,0.1951,-0.125,0.0235,3.8721,,31.38,,False
IR,1699150,2018,0.1638,-0.0688,0.0987,2.61,0.5995,18.91,2.5915,False
IR,1699150,2019,0.2094,-0.0306,0.0595,5.1297,0.5298,36.47,4.0124,False
IR,1699150,2020,0.1472,-0.0109,0.0053,2.5588,0.3058,45.3,2.0199,False
IR,1699150,2021,0.1747,0.025,0.0373,3.9244,0.34,61.53,3.0624,False
IR,1699150,2022,0.1553,0.0644,0.0554,3.6661,0.4007,52.05,3.0595,False
IR,1699150,2023,0.1428,0.1091,0.0748,5.2355,0.4418,77.14,4.1541,False
IR,1699150,2024,0.1302,0.139,0.0722,4.5124,0.4017,90.3,3.6982,False
IR,1699150,2025,0.1192,0.1669,0.0626,3.7717,0.4181,79.16,3.2643,False
PODD,1145197,2015,0.4565,-2.3682,-0.2209,10.8775,,37.81,,False
PODD,1145197,2016,0.6882,-1.49,-0.0091,6.6411,,37.68,,False
PODD,1145197,2017,0.5524,-0.8659,-0.0009,7.2702,,69.0,,False
PODD,1145197,2018,0.3721,-0.7361,0.0175,7.6763,0.1776,79.32,4.2571,False
PODD,1145197,2019,0.3791,-0.588,0.0437,11.1279,0.1832,171.2,6.6361,False
PODD,1145197,2020,0.5558,-0.3558,0.0275,13.9676,0.4829,255.63,9.123,False
PODD,1145197,2021,0.5374,-0.317,0.0615,12.3639,0.5363,266.07,8.3586,False
PODD,1145197,2022,0.4217,-0.2596,0.0167,11.5046,0.4688,294.39,7.5694,False
PODD,1145197,2023,0.4373,-0.146,0.085,8.1102,,216.98,,False
PODD,1145197,2024,0.4414,0.0131,0.1,9.651,,261.07,,False
PODD,1145197,2025,0.3868,0.0901,0.1485,11.7677,,284.24,,False
INTC,50863,2015,0.2395,0.365,0.1359,3.2718,,27.23,,False
INTC,50863,2016,0.1342,0.3596,0.1136,3.1709,,29.61,,False
INTC,50863,2017,0.098,0.3414,0.1455,3.6042,,38.75,,False
INTC,50863,2018,0.095,0.3921,0.1822,3.8151,0.5537,40.39,4.107,False
INTC,50863,2019,0.0654,0.392,0.1614,4.5116,0.5271,52.79,4.394,False
INTC,50863,2020,0.1469,0.3673,0.1547,3.153,0.5086,45.04,3.6014,False
INTC,50863,2021,0.1797,0.4054,0.1155,3.2993,0.4692,47.76,3.6132,False
INTC,50863,2022,0.1002,0.3866,0.0128,1.5936,0.3463,25.49,2.0063,False
INTC,50863,2023,0.0794,0.361,0.0005,2.9091,0.2831,49.59,2.6308,False
INTC,50863,2024,0.0593,0.2495,-0.0594,1.0403,0.2703,20.05,1.1189,True
INTC,50863,2025,0.1519,0.2317,-0.0105,1.9159,0.25,36.9,1.8716,False
ICE,1571949,2015,-0.0183,0.0532,0.0054,0.3973,,44.66,,False
ICE,1571949,2016,-0.0181,0.0584,0.0068,0.4222,,49.8,,False
ICE,1571949,2017,-0.0078,0.0872,0.0076,0.5773,0.0591,63.05,0.5432,True
ICE,1571949,2018,0.0063,0.0896,0.0073,0.5069,0.0676,68.16,0.5288,True
ICE,1571949,2019,-0.0089,0.1019,0.0066,0.6175,0.0693,84.84,0.5936,True
ICE,1571949,2020,-0.0062,0.0875,0.0062,0.5638,0.0653,107.03,0.539,True
ICE,1571949,2021,0.0046,0.0742,0.0178,0.422,0.0474,128.37,0.4688,True
ICE,1571949,2022,0.04,0.0769,0.0187,0.3196,0.0496,97.67,0.4588,True
ICE,1571949,2023,0.0025,0.1202,0.0271,0.6319,0.0728,124.16,0.7128,True
ICE,1571949,2024,-0.0033,0.1296,0.0309,0.7329,0.0844,145.84,0.8036,True
ICE,1571949,2025,0.0121,0.1482,0.036,0.8341,0.0923,160.31,0.9336,True
IFF,51253,2015,0.1918,0.9685,0.1581,11.1313,,92.77,,False
IFF,51253,2016,0.1769,0.9506,0.1412,9.9607,,93.14,,False
IFF,51253,2017,0.2452,0.8416,0.1264,10.7782,,122.91,,False
IFF,51253,2018,0.1407,0.3069,0.0453,4.1681,0.3086,110.5,3.5575,False
IFF,51253,2019,0.1046,0.3099,0.0501,3.983,0.3868,108.63,3.5013,False
IFF,51253,2020,0.0853,0.3066,0.0418,3.3664,0.3751,94.14,3.0644,False
IFF,51253,2021,0.0846,0.0918,0.0148,1.8441,0.2939,133.25,1.6791,True
IFF,51253,2022,0.1046,0.027,-0.0375,1.3815,0.3513,95.48,1.22,True
IFF,51253,2023,0.0818,-0.0787,-0.0681,1.2008,0.3706,76.88,0.8542,True
IFF,51253,2024,0.1277,-0.0909,0.0267,1.4127,0.4006,81.7,1.3624,True
IFF,51253,2025,0.065,-0.1338,-0.015,1.4977,0.4264,66.64,1.1664,True
IP,51434,2015,0.0835,0.152,0.0772,0.444,,22.39,,False
IP,51434,2016,0.0869,0.1445,,0.6007,,32.9,,False
IP,51434,2017,0.0936,0.1823,,0.7199,,37.22,,False
IP,51434,2018,0.0686,0.2223,,0.5434,0.6941,26.9,,False
IP,51434,2019,-0.06,0.2512,,0.6608,0.6685,32.14,,False
IP,51434,2020,0.0931,0.2544,,0.812,0.6488,36.59,,False
IP,51434,2021,0.1169,0.3577,,1.2409,0.7671,37.87,,False
IP,51434,2025,0.0581,0.1287,,0.8695,0.1582,37.99,,False
INTU,896878,2015,0.1643,1.2132,-0.0262,8.9609,,88.39,,False
INTU,896878,2016,-0.1499,1.5734,-0.0132,9.1885,,106.21,,False
INTU,896878,2017,-0.13,1.7938,-0.0025,14.5591,,147.86,,False
INTU,896878,2018,0.0556,1.5645,-0.0156,17.6107,,186.1,,False
INTU,896878,2019,0.2591,1.5313,-0.0244,26.3207,,249.58,,False
INTU,896878,2020,0.4072,0.9958,0.0442,16.7315,,364.7,,False
INTU,896878,2021,0.1613,0.7925,0.1611,29.3855,0.6208,620.95,20.0868,False
INTU,896878,2022,0.0511,0.4897,0.0927,8.9456,0.4589,378.03,6.879,False
INTU,896878,2023,0.0636,0.5424,0.1131,15.547,0.5172,611.5,11.0542,False
INTU,896878,2024,0.0681,0.5287,0.113,12.0695,0.5068,618.57,8.9432,False
INTU,896878,2025,0.1011,0.5322,0.1332,10.1679,0.5095,656.26,7.9162,False
INTU,896878,2026,0.1399,0.5178,0.16,5.3961,0.583,359.3,5.2413,False
ISRG,1035267,2015,0.3472,0.1832,0.1508,36.4697,,60.68,,False
ISRG,1035267,2016,0.4091,0.2428,0.1457,35.1036,,70.46,,False
ISRG,1035267,2017,0.3659,0.0107,0.1832,41.676,,121.65,,False
ISRG,1035267,2018,0.4477,0.1939,0.1529,48.6519,0.1334,159.64,30.6376,False
ISRG,1035267,2019,0.3732,0.2563,0.1412,48.059,0.1313,197.05,30.2393,False
ISRG,1035267,2020,0.5068,0.292,0.094,68.3352,0.119,272.7,42.4473,False
ISRG,1035267,2021,0.3464,0.3512,0.1343,79.1598,0.1144,359.3,48.961,False
ISRG,1035267,2022,0.3724,0.2698,0.1216,50.3612,0.4796,265.35,31.922,False
ISRG,1035267,2023,0.4034,0.3072,0.1144,58.3025,0.4614,337.36,36.7345,False
ISRG,1035267,2024,0.2863,0.363,0.1253,83.3019,0.4456,521.96,51.692,False
ISRG,1035267,2025,0.38,0.3427,0.144,79.4925,0.492,566.36,49.5983,False
IQV,1478242,2015,0.2083,-0.1176,0.0453,,,68.66,,False
IQV,1478242,2016,0.0298,-0.0188,0.0068,,,76.05,,False
IQV,1478242,2017,0.024,0.0288,0.0089,,,97.9,,False
IQV,1478242,2018,0.0151,0.0358,0.0092,,0.1192,116.17,,False
IQV,1478242,2019,0.0078,0.0429,0.0071,,0.1245,154.51,,False
IQV,1478242,2020,0.0217,0.052,0.0118,,0.1343,179.17,,False
IQV,1478242,2021,-0.0194,0.0909,0.0564,,0.562,282.14,,False
IQV,1478242,2022,-0.0236,0.1316,0.071,,0.5687,204.89,,False
IQV,1478242,2023,-0.0335,0.1759,0.0741,,0.5616,231.38,,False
IQV,1478242,2024,-0.0419,0.2255,0.0819,,0.5727,196.51,,False
IQV,1478242,2025,-0.0698,0.248,0.0729,,0.5447,225.41,,False
IRM,1020569,2015,0.0025,,0.0194,0.768,,15.07,,False
IRM,1020569,2016,0.0069,,0.0147,0.7574,,19.21,,False
IRM,1020569,2017,0.0565,,0.0141,0.8147,,23.74,,False
IRM,1020569,2018,-0.0215,,0.0162,0.6523,0.0896,21.84,,False
IRM,1020569,2019,-0.0516,,0.0149,0.5574,0.0768,23.13,,False
IRM,1020569,2020,-0.0513,,0.0661,0.5342,0.0985,23.35,,False
IRM,1020569,2021,-0.04,,0.0591,0.9603,0.1122,43.85,,False
IRM,1020569,2022,-0.0229,,0.065,0.8412,0.3162,43.81,,False
IRM,1020569,2023,-0.0287,,0.0528,1.1072,0.3136,64.2,,False
IRM,1020569,2024,-0.0746,,0.0539,1.5362,0.3286,99.18,,False
IRM,1020569,2025,-0.0324,,0.0551,1.092,0.3267,81.09,,False
JBHT,728535,2015,0.0899,0.7936,0.053,2.6693,0.4458,66.4,3.4412,False
JBHT,728535,2016,0.0973,0.8407,0.0508,3.4542,0.4495,88.82,3.9832,False
JBHT,728535,2017,0.0934,0.8519,0.0327,3.7991,0.4457,106.23,4.1376,False
JBHT,728535,2018,0.0296,0.8226,0.0241,2.7224,,86.68,,False
JBHT,728535,2019,0.0814,0.8395,0.0375,3.221,,109.88,,False
JBHT,728535,2020,0.1277,0.8408,0.035,3.6621,,129.78,,False
JBHT,728535,2021,0.0859,0.8273,0.1539,4.9939,,195.5,,False
JBHT,728535,2022,0.0826,0.825,0.171,3.8361,,168.28,,False
JBHT,728535,2023,0.0358,0.8173,0.1163,4.1194,,194.51,,False
JBHT,728535,2024,0.0112,0.8871,0.1,3.6661,,167.77,,False
JBHT,728535,2025,-0.0418,0.984,0.1091,4.1611,,193.27,,False
JBL,898293,2015,0.0199,0.153,0.0578,0.3101,,21.51,,False
JBL,898293,2016,0.0272,0.1609,0.0506,0.296,,22.22,,False
JBL,898293,2017,-0.022,0.156,0.037,0.2992,,24.92,,False
JBL,898293,2018,0.0265,0.1461,0.045,0.2476,,23.82,,False
JBL,898293,2019,-0.0144,0.1571,0.0541,0.38,1.9492,40.14,2.5582,False
JBL,898293,2020,0.0052,0.1418,0.0347,0.3476,1.8938,41.7,2.4217,False
JBL,898293,2021,0.0116,0.1614,0.0633,0.5009,1.7584,69.39,2.508,False
JBL,898293,2022,0.0107,0.1845,0.0706,0.4105,1.6979,67.63,2.4485,False
JBL,898293,2023,0.1048,0.2271,0.0791,0.8022,1.7866,126.75,2.9727,False
JBL,898293,2024,0.0582,0.332,0.116,0.9633,1.6646,143.54,3.16,False
JBL,898293,2025,0.0003,0.3442,0.0637,1.4023,1.6072,227.85,3.1412,False
JKHY,779152,2015,0.0272,0.6895,0.0487,5.6759,,68.43,,False
JKHY,779152,2016,-0.0065,0.7883,0.0642,6.7477,,78.85,,False
JKHY,779152,2017,0.0256,0.8304,0.0518,8.4073,,105.15,,False
JKHY,779152,2018,-0.0094,0.9057,0.0529,10.2922,,115.01,,False
JKHY,779152,2019,0.0455,0.9456,0.0363,12.423,0.1801,133.92,9.1324,False
JKHY,779152,2020,0.0718,0.9205,0.0316,12.0066,0.1691,150.49,8.8521,False
JKHY,779152,2021,0.0098,1.0327,0.1707,10.8244,0.7526,156.99,9.268,False
JKHY,779152,2022,0.0284,1.0736,0.1933,10.8883,0.7912,166.78,9.4992,False
JKHY,779152,2023,0.0376,1.0295,0.1733,9.4665,0.749,157.34,8.4873,False
JKHY,779152,2024,-0.0006,1.0538,0.1673,11.0762,0.7576,170.95,9.4301,False
JKHY,779152,2025,0.0479,1.108,0.1868,13.8476,0.7803,180.35,11.3141,False
JKHY,779152,2026,0.0295,1.1778,0.2019,10.7243,0.8088,167.3,9.594,False
J,52988,2025,0.0896,0.1356,0.0768,2.3348,,131.38,,False
JNJ,200406,2015,0.2433,0.7786,,2.9665,,76.64,,False
JNJ,200406,2016,0.2744,0.7829,,3.0091,,88.39,,False
JNJ,200406,2017,0.0798,0.6471,,2.7284,,109.98,,False
JNJ,200406,2018,0.0968,0.6944,,2.6976,0.1333,104.33,,False
JNJ,200406,2019,0.059,0.7016,,2.9741,0.1315,121.26,,False
JNJ,200406,2020,0.05,0.6512,,2.9014,0.4722,134.38,,False
JNJ,200406,2021,0.0865,0.6761,,3.3417,0.5152,149.75,,False
JNJ,200406,2022,-0.0027,0.685,,3.4588,0.5067,158.7,,False
JNJ,200406,2023,0.043,0.9181,,3.5393,0.1277,145.08,,False
JNJ,200406,2024,0.0309,0.865,,3.0641,0.4932,138.1,,False
JNJ,200406,2025,0.0075,0.8482,,4.1713,0.4728,203.67,,False
JCI,833444,2015,0.0656,0.4192,0.0717,,,23.48,,False
KVUE,1944048,2023,0.0236,0.0154,0.0902,2.2174,0.1316,19.21,1.8096,True
KVUE,1944048,2024,-0.0084,-0.0036,0.0719,2.3882,0.6037,19.81,2.2588,False
KVUE,1944048,2025,-0.0092,-0.0075,0.0892,1.963,0.5586,16.67,2.0091,False
KDP,1418135,2015,0.0264,0.2441,0.1464,2.3793,,11.69,,False
KDP,1418135,2016,0.1721,0.2314,0.1464,2.0687,,11.64,,False
KDP,1418135,2017,-0.0121,0.2645,0.1385,2.2971,,12.78,,False
KDP,1418135,2018,-0.0724,0.0241,0.0112,1.0939,0.0575,21.21,0.6976,True
KDP,1418135,2019,-0.0848,0.0319,0.0144,1.2685,0.0593,24.48,0.8108,True
KDP,1418135,2020,-0.1066,0.0414,0.0141,1.4511,0.0627,27.67,0.9098,True
KDP,1418135,2021,-0.0677,0.0632,0.0572,1.7264,0.2507,32.51,1.4825,True
KDP,1418135,2022,-0.0824,0.0683,0.0503,1.6358,0.2712,32.11,1.4152,True
KDP,1418135,2023,-0.1063,0.0875,0.0612,1.5818,0.2842,30.75,1.4302,True
KDP,1418135,2024,-0.0765,0.0897,0.0485,1.4188,0.2873,30.43,1.3323,True
KDP,1418135,2025,-0.0545,0.1014,0.0645,1.2425,0.2994,27.34,1.3341,True
KEYS,1601046,2015,0.2546,0.175,0.1229,2.1863,,28.33,,False
KEYS,1601046,2016,0.3182,0.2495,0.1068,2.7187,,36.57,,False
KEYS,1601046,2017,0.2289,0.1755,0.0403,1.9548,,41.6,,False
KEYS,1601046,2018,0.1573,0.2081,-0.0594,3.1167,,62.08,,False
KEYS,1601046,2019,0.334,0.2882,0.1074,4.8279,,102.63,,False
KEYS,1601046,2020,0.3177,0.3513,0.106,5.7352,,132.09,,False
KEYS,1601046,2021,0.3245,0.4408,0.1388,8.7959,,206.51,,False
KEYS,1601046,2022,0.3491,0.5624,0.1647,7.3975,,171.07,,False
KEYS,1601046,2023,0.3179,0.6462,0.1564,6.7223,,159.09,,False
KEYS,1601046,2024,0.3053,0.6716,0.0899,6.5673,,160.63,,False
KEYS,1601046,2025,0.221,0.6261,0.0775,6.3823,,203.19,,False
KMB,55785,2015,-0.0622,0.3365,0.1087,1.9313,,87.2,,False
KMB,55785,2016,-0.0501,0.3993,0.2272,1.8208,,80.5,,False
KMB,55785,2017,-0.0427,0.4442,0.2177,2.0103,,87.78,,False
KMB,55785,2018,-0.103,0.4096,0.1535,1.9312,,85.97,,False
KMB,55785,2019,-0.1218,0.4375,0.1957,2.3256,1.2072,107.1,3.7147,False
KMB,55785,2020,-0.0724,0.4318,0.1851,2.1279,1.0923,108.11,3.4976,False
KMB,55785,2021,-0.0664,0.4405,0.1436,2.2762,1.0899,118.56,3.4665,False
KMB,55785,2022,-0.0893,0.4564,0.1492,2.2274,1.1227,116.69,3.4832,False
KMB,55785,2023,-0.0707,0.4825,0.1351,2.195,1.178,108.43,3.5315,False
KMB,55785,2024,-0.0861,0.5595,0.194,2.5667,1.2123,121.21,4.0724,False
KMB,55785,2025,-0.1062,0.5621,0.1375,2.0715,0.2386,97.14,2.5948,False
KMI,1506307,2015,-0.0148,-0.0726,0.0291,0.4005,,8.76,,False
KMI,1506307,2016,-0.0336,-0.083,0.0445,0.6122,,12.51,,False
KMI,1506307,2017,-0.0438,-0.0981,0.0448,0.5667,,11.18,,False
KMI,1506307,2018,-0.0233,-0.0978,0.0481,0.5064,0.1689,9.93,0.4665,True
KMI,1506307,2019,-0.0251,-0.1037,0.0657,0.8138,0.1629,14.35,0.6926,True
KMI,1506307,2020,-0.026,-0.1381,0.0217,0.5611,0.1403,9.93,0.324,True
KMI,1506307,2021,-0.0283,-0.1505,0.0414,0.7109,0.2294,12.29,0.548,True
KMI,1506307,2022,-0.0446,-0.1506,0.058,0.874,0.2587,14.9,0.7102,True
KMI,1506307,2023,-0.0659,-0.1505,0.06,0.8796,0.1922,15.52,0.6282,True
KMI,1506307,2024,-0.0361,-0.1489,0.0614,1.4367,0.1888,25.51,1.0016,True
KMI,1506307,2025,-0.0216,-0.1399,0.0649,1.477,0.209,26.73,1.0877,True
KLAC,319201,2015,0.6015,-0.0026,,1.7145,,5.78,,False
KLAC,319201,2016,0.5775,0.0574,,2.0699,,6.77,,False
KLAC,319201,2017,0.5602,0.1534,,2.8767,,9.26,,False
KLAC,319201,2018,0.5928,0.188,,2.6465,,8.1,,False
KLAC,319201,2019,0.2827,0.0793,,3.4094,0.1397,16.52,,False
KLAC,319201,2020,0.3258,0.0706,,4.839,0.1573,24.44,,False
KLAC,319201,2021,0.3498,0.1243,,7.7819,0.1875,41.07,,False
KLAC,319201,2022,0.3412,0.0291,,4.2552,0.7313,36.47,,False
KLAC,319201,2023,0.329,0.0603,,6.6683,0.7459,56.92,,False
KLAC,319201,2024,0.348,0.0737,,6.7411,0.6358,62.25,,False
KLAC,319201,2025,0.4116,0.1356,,13.9045,0.7565,121.06,,False
KLAC,319201,2026,0.4499,0.2052,,19.7586,0.7565,175.45,,False
KHC,1637459,2015,0.0232,0.0,,0.9322,,44.6,,False
KHC,1637459,2016,-0.0062,0.0049,0.051,1.0379,,55.06,,False
KHC,1637459,2017,-0.0238,0.0714,0.0563,1.1082,,50.45,,False
KHC,1637459,2018,0.0152,-0.0469,-0.1366,0.6684,,29.13,,False
KHC,1637459,2019,0.0022,-0.0302,0.0303,0.5478,,22.96,,False
KHC,1637459,2020,0.0277,-0.027,0.0213,0.6246,,26.12,,False
KHC,1637459,2021,-0.0007,-0.018,0.037,0.7613,,28.21,,False
KHC,1637459,2022,-0.0125,0.0054,0.0401,0.9491,,33.33,,False
KHC,1637459,2023,-0.0012,0.0151,0.0506,0.924,,31.65,,False
KHC,1637459,2024,0.0046,0.0246,0.0191,0.8385,,27.55,,False
KHC,1637459,2025,0.0165,-0.0566,-0.0571,0.6837,,23.06,,False
KR,56873,2015,-0.0908,0.4133,0.0274,0.7327,,33.62,,False
KR,56873,2016,-0.069,0.4258,0.0235,0.557,,28.1,,False
KR,56873,2017,-0.0828,0.4572,0.0012,0.4439,,22.77,,False
KR,56873,2018,-0.0911,0.5163,0.0103,0.4534,0.7369,23.25,1.6564,True
KR,56873,2019,-0.0741,0.4635,0.0119,0.4038,0.6384,25.08,1.4799,True
KR,56873,2020,-0.0588,0.473,-0.0032,0.4239,0.6316,28.07,1.4669,True
KR,56873,2021,-0.0845,0.4903,0.0708,0.6078,2.8091,40.81,3.9925,False
KR,56873,2022,-0.0921,0.5159,0.0831,0.6112,2.9877,40.99,4.2406,False
KR,56873,2024,-0.0616,0.5335,0.0613,0.8944,2.9708,58.92,4.3828,False
KR,56873,2025,-0.0721,0.5775,0.0378,0.8241,2.9556,61.42,4.2969,False
LHX,202058,2023,0.0012,0.0772,0.0342,1.6297,0.4658,200.05,1.6662,True
LHX,202058,2024,0.0139,0.089,0.0457,1.6926,0.5077,203.81,1.8154,False
LHX,202058,2025,0.0332,0.1022,0.0512,2.5046,0.5308,289.98,2.3855,False
LH,920148,2015,0.0676,0.2969,0.0705,0.8819,0.6103,100.72,1.869,False
LH,920148,2016,0.0457,0.3478,0.0921,0.972,0.6768,104.58,2.1058,False
LH,920148,2017,0.0384,0.3757,0.0823,1.0845,0.6302,129.94,2.1247,False
LH,920148,2018,0.0591,0.4374,0.019,0.908,0.1722,102.94,1.463,True
LH,920148,2019,0.018,0.438,0.0186,1.0686,0.1637,137.81,1.5011,True
LH,920148,2020,0.102,0.4684,0.1218,1.2578,0.6964,165.82,2.6314,False
LH,920148,2021,0.0767,0.525,0.088,2.0677,0.7381,255.97,3.0963,False
LH,920148,2023,0.0323,0.4716,0.0434,2.0218,0.7271,220.24,2.7824,False
LH,920148,2024,0.0803,0.4518,0.0591,1.7705,0.7078,225.13,2.6941,False
LH,920148,2025,0.0651,0.4697,0.0753,2.0701,0.7585,249.03,2.9848,False
LRCX,707549,2015,0.3886,0.4375,0.0842,2.1417,,6.88,,False
LRCX,707549,2016,0.5537,0.3928,0.0875,1.8863,,9.3,,False
LRCX,707549,2017,0.5108,0.5155,0.1569,3.9961,,16.4,,False
LRCX,707549,2018,0.4808,0.662,0.2575,2.628,,12.39,,False
LRCX,707549,2019,0.5157,0.8275,0.2054,4.6748,0.8044,27.19,6.0643,False
LRCX,707549,2020,0.5283,0.7913,0.1837,5.9566,0.6899,44.63,6.6117,False
LRCX,707549,2021,0.5112,0.924,0.282,8.7003,0.9203,68.59,8.9783,False
LRCX,707549,2022,0.449,1.0732,0.313,4.6604,1.0018,40.66,6.8722,False
LRCX,707549,2023,0.4815,1.1731,0.2755,9.0776,0.928,76.69,9.5039,False
LRCX,707549,2024,0.4558,1.3236,0.2275,8.7596,0.7952,71.44,9.2017,False
LRCX,707549,2025,0.3724,1.3581,0.2765,18.6168,0.8637,170.85,15.2942,False
LRCX,707549,2026,0.4111,1.4854,0.3485,34.114,0.9874,301.49,25.1786,False
LVS,1300514,2015,0.0546,0.1353,0.0334,1.7087,,33.16,,False
LVS,1300514,2016,0.0143,0.1086,0.0327,2.1294,,42.65,,False
LVS,1300514,2017,0.0125,0.1313,0.0496,2.8822,,58.08,,False
LVS,1300514,2018,0.1068,0.1229,0.0388,1.8658,0.1541,45.52,1.7017,True
LVS,1300514,2019,0.0897,0.1337,0.0403,2.4648,0.1513,63.52,2.0578,False
LVS,1300514,2020,0.0161,0.0391,-0.0101,2.0977,0.0551,55.93,1.3543,True
LVS,1300514,2021,0.1468,-0.0074,-0.0069,1.2844,0.0503,35.32,0.9641,True
LVS,1300514,2022,0.129,0.0764,-0.0075,1.5894,0.0507,45.11,1.2412,True
LVS,1300514,2023,0.0622,0.1194,0.0326,1.7052,0.1339,46.53,1.5064,True
LVS,1300514,2024,-0.0731,0.1672,0.0285,1.8285,0.1401,49.42,1.4778,True
LVS,1300514,2025,0.0278,0.2001,0.0323,2.0731,0.1665,63.97,1.8304,False
LDOS,1336920,2021,0.0294,0.1418,0.0869,1.1782,1.0268,83.72,2.2542,False
LDOS,1336920,2022,-0.0233,0.1811,0.0832,1.4468,1.093,100.51,2.4614,False
LDOS,1336920,2023,0.08,0.1862,0.0489,1.5622,1.2083,105.03,2.6637,False
LDOS,1336920,2024,0.0591,0.2602,0.1394,2.0512,1.265,141.29,3.391,False
LDOS,1336920,2025,0.1473,0.3444,0.1563,2.6293,1.2678,178.74,4.0201,False
LII,1069202,2015,0.068,0.6825,0.1818,,,110.4,,False
LII,1069202,2016,0.0666,0.7686,0.2439,,,136.93,,False
LII,1069202,2017,0.2552,0.8331,0.2614,,,188.18,,False
LII,1069202,2018,0.0445,1.0208,0.2804,,0.4642,200.1,,False
LII,1069202,2019,0.0581,1.0559,0.3228,,0.4349,225.66,,False
LII,1069202,2020,0.1901,1.1738,0.2354,,0.4497,256.79,,False
LII,1069202,2021,0.1604,1.252,0.2718,,1.9311,307.39,,False
LII,1069202,2022,-0.0386,1.1959,0.2556,,1.8377,230.71,,False
LII,1069202,2023,0.1497,1.253,0.2823,,1.7803,437.31,,False
LII,1069202,2024,0.1644,1.1956,0.2981,,1.5385,600.28,,False
LII,1069202,2025,0.1744,1.1983,0.048,,0.2928,483.0,,False
LLY,59478,2015,0.1221,0.4502,0.0784,3.1693,0.1511,70.63,3.0884,False
LLY,59478,2016,0.106,0.4135,0.0869,2.4104,0.1484,63.31,2.5877,False
LLY,59478,2017,0.1037,0.3089,0.0489,2.108,0.137,74.6,2.1199,False
LLY,59478,2018,0.1973,0.2595,0.0864,2.9887,0.1466,104.77,2.8252,False
LLY,59478,2019,0.0492,0.1252,0.134,3.1307,0.1556,121.68,2.7108,False
LLY,59478,2020,0.1068,0.1679,0.155,3.6784,0.5262,159.46,3.6081,False
LLY,59478,2021,0.0697,0.1836,0.1261,6.2871,0.5802,264.82,5.1092,False
LLY,59478,2022,0.0181,0.2029,0.1375,8.6451,0.5767,355.54,6.5235,False
LLY,59478,2023,-0.0245,0.1611,0.1024,10.1339,0.5331,572.09,7.1476,False
LLY,59478,2024,0.0554,0.1721,0.1611,11.1397,0.5722,762.6,8.0951,False
LLY,59478,2025,0.1814,0.2176,0.2288,11.7149,0.5795,1069.51,8.8856,False
LIN,1707925,2018,0.0462,0.177,0.0347,1.7675,0.0623,139.14,1.5404,True
LIN,1707925,2019,-0.0209,0.1945,0.0076,2.5497,0.0817,193.46,1.8837,False
LIN,1707925,2020,-0.0319,0.1947,0.0377,2.9048,0.3088,243.53,2.4102,False
LIN,1707925,2021,-0.0427,0.2293,0.0611,4.1407,0.3773,324.84,3.3331,False
LIN,1707925,2022,-0.0431,0.2579,0.0674,3.7409,0.4188,310.57,3.1951,False
LIN,1707925,2023,-0.0383,0.1095,0.0993,4.6018,0.4066,396.47,3.6025,False
LIN,1707925,2024,-0.02,0.1576,0.1077,4.638,0.4118,409.08,3.7469,False
LIN,1707925,2025,-0.0216,0.1913,0.1028,4.1346,0.3915,422.23,3.4533,False
LYV,1335258,2015,0.0304,-0.1746,-0.0066,1.1769,0.2821,24.57,0.7585,True
LYV,1335258,2016,0.0315,-0.1587,-0.0055,1.1117,0.2657,26.6,0.7302,True
LYV,1335258,2017,-0.0565,-0.1438,-0.0269,1.5864,0.3393,42.57,0.9331,True
LYV,1335258,2018,0.0116,-0.12,-0.0106,1.5687,0.3062,49.25,1.0583,True
LYV,1335258,2019,0.0078,-0.0865,-0.0076,1.7132,0.2633,71.47,1.1545,True
LYV,1335258,2020,-0.0139,-0.2528,-0.1561,1.5653,0.1758,73.48,0.2292,True
LYV,1335258,2021,-0.0119,-0.2311,-0.029,1.8821,0.4352,119.69,1.131,True
LYV,1335258,2022,-0.0087,-0.1805,0.0445,0.9765,1.0134,69.74,1.4829,True
LYV,1335258,2023,-0.02,-0.1262,0.0559,1.1553,1.1927,93.6,1.8695,False
LYV,1335258,2024,-0.0035,-0.0788,0.042,1.5676,1.1791,129.5,2.1438,False
LYV,1335258,2025,-0.0024,-0.0455,0.0546,1.483,1.0999,142.5,2.1034,False
LMT,936468,2015,0.0436,0.2898,0.0261,0.8187,,163.29,,False
LMT,936468,2016,0.0537,0.2787,0.0299,0.9656,,193.29,,False
LMT,936468,2017,0.1037,0.2488,0.04,1.2472,,254.69,,False
LMT,936468,2018,0.038,0.3439,0.0412,1.1323,,213.06,,False
LMT,936468,2019,0.0657,0.3872,0.0452,1.691,1.2585,325.01,3.0432,False
LMT,936468,2020,0.1074,0.4267,0.0451,1.5701,,303.91,,False
LMT,936468,2021,0.1144,0.4246,0.1793,1.8127,,313.49,,False
LMT,936468,2022,0.0965,0.3204,0.1579,2.3303,,440.37,,False
LMT,936468,2023,0.0683,0.2935,0.1622,2.1318,,421.4,,False
LMT,936468,2024,0.0437,0.2616,0.1261,2.1711,,463.63,,False
LMT,936468,2025,0.0339,0.2345,0.1292,2.0641,,475.07,,False
LOW,60667,2015,0.0022,0.2429,,1.4799,,62.28,,False
LOW,60667,2016,0.0008,0.1814,0.1699,1.1881,,59.24,,False
LOW,60667,2017,0.0192,0.1537,0.1866,1.5059,,78.96,,False
LOW,60667,2018,-0.0078,0.1,0.1164,1.4528,2.0664,79.92,3.4531,False
LOW,60667,2019,0.0034,0.0438,0.16,1.5813,1.8279,105.69,3.3699,False
LOW,60667,2020,0.0769,0.0239,0.2064,1.7855,1.9171,144.16,3.7954,False
LOW,60667,2021,0.0088,-0.1146,0.2709,2.6713,2.1561,235.47,4.503,False
LOW,60667,2022,0.0442,-0.34,0.2324,1.7896,2.2206,184.88,3.6384,False
LOW,60667,2023,0.0838,-0.3741,0.2765,2.0809,2.0667,210.83,3.8045,False
LOW,60667,2024,0.0371,-0.3433,0.2428,2.3315,1.9413,238.25,3.7054,False
LOW,60667,2025,0.0276,-0.2002,0.1875,2.0798,1.5936,237.47,3.2131,False
LULU,1397187,2015,0.5263,0.7758,0.1265,19.3322,,52.47,,False
LULU,1397187,2016,0.5558,0.7808,0.1186,23.0622,,64.99,,False
LULU,1397187,2017,0.5723,0.7281,0.1282,20.6679,,78.59,,False
LULU,1397187,2018,0.4455,0.6461,0.159,20.1042,,121.61,,False
LULU,1397187,2019,0.3619,0.5548,0.1269,18.4052,0.4259,231.67,13.0989,False
LULU,1397187,2020,0.2966,0.5606,0.1959,22.5924,1.0518,348.03,16.3945,False
LULU,1397187,2021,0.2447,0.5084,0.2698,18.7678,1.2659,391.45,14.4223,False
LULU,1397187,2022,0.2974,0.5219,0.2369,13.762,1.4465,320.38,11.5729,False
LULU,1397187,2023,0.3425,0.5528,0.3007,18.8783,1.3564,511.29,14.8607,False
LULU,1397187,2024,0.2815,0.5405,0.3296,12.3139,1.3926,382.41,10.963,False
LULU,1397187,2025,0.2809,0.5348,0.2614,6.2787,1.3129,207.81,7.0285,False
LITE,1633978,2016,0.4348,0.0278,0.0139,17.9539,,38.65,,False
LITE,1633978,2017,0.6052,-0.0675,0.0032,7.5849,,48.9,,False
LITE,1633978,2018,0.5774,0.1052,0.0132,6.0818,,42.01,,False
LITE,1633978,2019,0.3824,0.0475,-0.0051,5.8329,,79.3,,False
LITE,1633978,2020,0.5367,0.0196,0.0082,5.5096,,94.8,,False
LITE,1633978,2021,0.499,0.0622,0.0129,6.0094,,105.77,,False
LITE,1633978,2022,0.5821,-0.031,0.0729,2.046,,52.17,,False
LITE,1633978,2023,0.4629,-0.0735,-0.025,1.4352,,52.42,,False
LITE,1633978,2024,0.3359,-0.2256,-0.1104,2.5315,0.3457,83.95,1.5876,True
LITE,1633978,2025,0.314,-0.2041,-0.0427,10.7207,0.3899,368.59,6.7724,False
LITE,1633978,2026,0.2301,-1.0669,0.0718,30.8057,0.4125,914.76,17.9153,False
LYB,1489393,2015,0.239,0.4324,0.0462,0.952,,47.76,,False
LYB,1489393,2016,0.2158,0.5239,0.0447,0.9126,,49.14,,False
LYB,1489393,2017,0.2656,0.6009,0.0512,1.2302,,65.72,,False
LYB,1489393,2018,0.1787,0.2392,0.0281,0.9225,1.3483,51.46,2.5436,False
LYB,1489393,2019,0.1417,0.1457,0.0262,0.8865,1.1141,61.45,2.1066,False
LYB,1489393,2020,0.1732,0.1254,0.0252,0.7427,0.7625,63.07,1.6748,True
LYB,1489393,2021,0.1357,0.2331,0.1843,0.8603,1.2284,66.27,2.8421,False
LYB,1489393,2022,0.1398,0.2529,0.1403,0.8925,1.3595,65.62,2.8797,False
LYB,1489393,2023,0.1622,0.2619,0.0825,1.0629,1.111,79.2,2.5824,False
LYB,1489393,2024,0.1556,0.2609,0.0508,0.9078,1.1275,65.43,2.3918,False
LYB,1489393,2025,0.1394,0.2003,-0.0124,0.566,0.8868,41.91,1.6333,True
MPC,1510295,2015,0.0725,0.2262,0.0078,0.448,,37.39,,False
MPC,1510295,2016,0.0733,0.2298,0.0125,0.4557,,37.66,,False
MPC,1510295,2017,0.0596,0.2623,0.0228,0.5237,,50.76,,False
MPC,1510295,2018,0.0517,0.1588,0.0217,0.2732,1.0302,46.58,1.5501,True
MPC,1510295,2019,0.0408,0.1622,0.0085,0.2502,1.2577,49.4,1.712,True
MPC,1510295,2020,0.1482,0.0546,0.0046,0.1834,0.211,35.87,0.5905,True
MPC,1510295,2021,0.1476,0.1512,0.0504,0.3131,1.4054,57.75,2.1482,False
MPC,1510295,2022,0.1693,0.2908,0.2388,0.5522,1.9738,107.78,3.7034,False
MPC,1510295,2023,0.1393,0.4019,0.1688,0.7234,1.7256,140.61,3.4466,False
MPC,1510295,2024,0.0459,0.4673,0.0862,0.697,1.7609,134.9,3.1728,False
MPC,1510295,2025,0.0608,0.4735,0.0988,0.7541,1.5806,160.76,3.0947,False
MAR,1048286,2015,-0.304,0.802,0.051,1.633,0.6093,60.57,2.5154,False
MAR,1048286,2016,-0.0736,0.2693,0.0183,1.0543,0.226,75.94,1.2076,True
MAR,1048286,2017,-0.1363,0.3086,0.0238,1.6283,0.2453,126.24,1.5694,True
MAR,1048286,2018,-0.1575,0.3791,0.0178,1.2412,0.2232,102.2,1.3684,True
MAR,1048286,2019,-0.1417,0.385,0.0109,1.5487,0.2144,144.6,1.5486,True
MAR,1048286,2020,-0.1185,0.3727,-0.0052,1.3588,0.0879,126.47,1.2657,True
MAR,1048286,2021,-0.1088,0.4033,0.0685,1.7114,0.5423,158.42,2.2291,False
MAR,1048286,2022,-0.1622,0.4974,0.1395,1.5446,0.8371,143.62,2.7259,False
MAR,1048286,2023,-0.1734,0.5779,0.1505,2.1749,0.9236,219.82,3.3263,False
MAR,1048286,2024,-0.1972,0.6314,0.1439,2.4545,0.9587,274.61,3.5535,False
MAR,1048286,2025,-0.1748,0.6686,0.1504,2.5684,0.9508,308.4,3.7144,False
MLM,916076,2015,0.1027,0.1256,0.0689,2.6088,,126.02,,False
MLM,916076,2016,0.0739,0.1281,0.0914,3.9227,,206.26,,False
MLM,916076,2017,0.2154,0.1601,0.0779,2.8908,,207.43,,False
MLM,916076,2018,0.0606,0.1773,0.0723,2.1241,0.4444,162.74,2.2784,False
MLM,916076,2019,0.0581,0.205,0.0873,3.3587,0.4678,267.19,3.1279,False
MLM,916076,2020,0.1105,0.2465,0.095,3.5118,0.447,274.06,3.3453,False
MLM,916076,2021,0.0884,0.2197,0.0677,3.2714,0.3762,427.83,2.9759,False
MLM,916076,2022,0.0955,0.2481,0.0805,2.5389,0.4109,330.57,2.6616,False
MLM,916076,2023,0.1817,0.3017,0.1055,4.1625,0.4481,491.28,3.9342,False
MLM,916076,2024,0.084,0.3255,0.149,3.5247,0.3597,511.34,3.5227,False
MLM,916076,2025,0.1228,0.3422,0.0768,4.2919,0.082,620.0,3.537,False
MRVL,1835632,2022,0.05,0.0675,-0.0157,5.0028,0.2018,36.55,3.3061,False
MRVL,1835632,2023,0.0397,0.0499,0.0106,7.619,0.2628,59.82,4.9866,False
MRVL,1835632,2024,0.0588,-0.0008,-0.0267,15.0703,0.2594,109.94,9.2829,False
MRVL,1835632,2025,0.0541,-0.0549,-0.0357,10.9795,0.2854,84.86,6.7436,False
MRVL,1835632,2026,0.1454,0.0608,0.0594,23.2678,0.3677,211.66,14.7839,False
MAS,62996,2015,0.1447,-0.0528,0.1609,,,24.03,,False
MAS,62996,2016,0.2869,-0.0742,0.205,,,27.19,,False
MAS,62996,2017,0.2892,-0.0556,0.213,,,38.22,,False
MAS,62996,2018,0.2006,-0.0515,0.2246,,0.3785,25.72,,False
MAS,62996,2019,0.2314,-0.066,0.2164,,0.326,42.77,,False
MAS,62996,2020,0.2692,0.0137,0.2242,,0.322,49.52,,False
MAS,62996,2021,0.266,-0.117,0.252,,1.5022,64.18,,False
MAS,62996,2022,0.2038,-0.1826,0.25,,1.6734,43.58,,False
MAS,62996,2023,0.2165,-0.1111,0.2514,,1.4855,63.87,,False
MAS,62996,2024,0.2333,-0.1382,0.2717,,1.5606,70.29,,False
MAS,62996,2025,0.2436,-0.1323,0.24,,1.454,62.61,,False
MA,1141391,2015,0.2899,0.9971,0.068,1.0952,,91.23,,False
MA,1141391,2016,0.3225,1.0398,0.073,0.9199,,97.53,,False
MA,1141391,2017,0.2346,1.0485,0.0714,1.1198,,144.04,,False
MA,1141391,2018,0.1842,1.0975,0.0496,1.1418,0.8782,180.51,3.4845,False
MA,1141391,2019,0.171,1.1624,0.0821,1.5144,0.8544,287.29,3.8663,False
MA,1141391,2020,0.2164,1.1537,0.2406,1.5631,0.7032,345.28,4.3099,False
MA,1141391,2021,0.1005,1.2118,0.2676,1.4145,0.7923,349.29,4.3414,False
MA,1141391,2022,0.0629,1.3843,0.3167,1.2879,,340.0,,False
MA,1141391,2023,0.0635,1.4739,0.33,1.4502,,419.58,,False
MA,1141391,2024,0.0105,1.5163,0.3241,1.5359,,521.01,,False
MA,1141391,2025,0.0147,1.5702,0.3489,1.4998,,568.09,,False
MKC,63754,2015,0.0369,0.23,0.0471,,,34.86,,False
MKC,63754,2016,-0.0002,0.228,0.0473,,,38.72,,False
MKC,63754,2017,-0.0318,0.1123,0.0257,,,43.11,,False
MKC,63754,2018,-0.0509,0.1716,0.0288,,0.1462,59.92,,False
MKC,63754,2019,-0.0583,0.1984,0.0289,,0.1433,74.1,,False
MKC,63754,2020,-0.0796,0.1998,0.0227,,0.1289,84.68,,False
MKC,63754,2021,-0.0797,0.2156,0.0787,,0.4895,86.94,,False
MKC,63754,2022,-0.0797,0.2303,0.0658,,0.4839,75.94,,False
MKC,63754,2023,-0.0853,0.2527,0.0749,,0.518,64.03,,False
MKC,63754,2024,-0.0569,0.2712,0.0811,,0.5144,72.98,,False
MKC,63754,2025,-0.07,0.2891,0.0811,,0.5182,66.9,,False
MCD,63908,2015,0.1764,1.1754,0.0496,2.0834,0.1671,90.83,3.4381,False
MCD,63908,2016,0.0445,1.4899,0.0635,2.0545,0.1943,96.47,3.7757,False
MCD,63908,2017,0.0721,1.4296,0.0634,2.6709,0.158,139.92,4.0578,False
MCD,63908,2018,0.0329,1.5387,0.0609,2.6808,0.1574,148.01,4.1606,False
MCD,63908,2019,-0.0013,1.1141,0.0483,2.1423,0.1126,168.69,3.1153,False
MCD,63908,2020,0.0012,1.0243,0.1392,2.1978,0.365,187.75,3.5784,False
MCD,63908,2021,0.0581,1.0683,0.1923,2.9044,0.4312,239.92,4.3738,False
MCD,63908,2022,0.0322,1.1806,0.1858,3.0235,0.4596,241.14,4.5783,False
MCD,63908,2023,0.0201,1.1306,0.2074,3.2265,0.4541,277.46,4.6814,False
MCD,63908,2024,0.0134,1.2112,0.2122,3.3336,0.4697,277.84,4.8819,False
MCD,63908,2025,-0.0033,1.1809,0.2082,3.4599,0.4517,299.75,4.8642,False
MCK,927653,2015,0.0589,0.2358,0.0551,0.4624,,181.91,,False
MCK,927653,2016,0.0595,0.1478,0.0627,0.3192,,130.42,,False
MCK,927653,2017,0.0219,0.2163,0.1166,0.3413,,146.01,,False
MCK,927653,2018,0.0075,0.2151,0.0126,0.241,,104.53,,False
MCK,927653,2019,0.0141,0.208,0.0148,0.2994,0.8786,132.47,1.4153,True
MCK,927653,2020,-0.0066,0.2126,0.0406,0.3494,0.9557,168.31,1.5893,True
MCK,927653,2021,0.0197,0.1262,-0.0775,0.4352,0.9097,242.75,1.1152,True
MCK,927653,2022,-0.0353,0.1427,0.0322,0.6553,4.1702,368.55,4.827,False
MCK,927653,2023,-0.0588,0.1973,0.0703,0.8311,4.4402,457.5,5.3765,False
MCK,927653,2024,-0.065,0.2221,0.058,0.9504,4.5809,565.81,5.5753,False
MCK,927653,2025,-0.0826,0.2385,0.0589,1.2349,4.7784,817.83,5.9484,False
MCK,927653,2026,-0.1191,0.2708,0.0755,1.2203,4.9006,884.38,6.1179,False
MDT,1613103,2015,0.2031,0.51,0.0353,1.4035,,58.65,,False
MDT,1613103,2016,0.1647,0.5405,0.053,1.4866,,55.46,,False
MDT,1613103,2017,0.1067,0.234,0.0534,1.6644,,64.28,,False
MDT,1613103,2018,0.1411,0.2667,0.0728,2.3227,,73.67,,False
MDT,1613103,2019,0.1505,0.2929,0.0699,3.0393,0.0908,93.81,2.7356,False
MDT,1613103,2020,0.1286,0.3102,0.0528,3.1852,0.0661,99.15,2.7403,False
MDT,1613103,2021,0.1508,0.3072,0.0482,2.7583,0.3235,89.45,2.7486,False
MDT,1613103,2022,0.1172,0.3325,0.0632,2.3162,0.3483,69.28,2.5528,False
MDT,1613103,2023,0.1388,0.3342,0.0603,2.4718,0.3434,75.91,2.6598,False
MDT,1613103,2024,0.1239,0.3379,0.0572,2.4612,0.3597,76.12,2.6467,False
MDT,1613103,2025,0.1193,0.3433,0.065,2.7816,0.3658,94.43,2.8729,False
MDT,1613103,2026,0.1411,0.3508,0.0695,2.6994,0.3909,90.65,2.9004,False
MRK,310158,2015,0.1038,0.4456,0.0531,1.5662,,36.25,,False
MRK,310158,2016,0.1406,0.4627,0.0488,1.8612,,41.71,,False
MRK,310158,2017,0.07,0.4706,0.0742,1.8936,,41.09,,False
MRK,310158,2018,0.0444,0.5153,0.1053,2.5366,0.5118,57.51,3.1559,False
MRK,310158,2019,0.0624,0.5522,0.1358,2.9662,0.555,70.32,3.6308,False
MRK,310158,2020,0.0048,0.5171,0.096,2.4292,0.524,65.25,3.028,False
MRK,310158,2021,0.0605,0.508,0.1313,2.4262,0.4608,66.39,3.1337,False
MRK,310158,2022,0.1052,0.5596,0.1506,3.8748,0.5431,99.21,4.2747,False
MRK,310158,2023,0.0607,0.5052,0.0177,3.5782,0.5635,100.21,3.5491,False
MRK,310158,2024,0.0885,0.5386,0.1702,3.2739,0.5479,93.94,3.9342,False
MRK,310158,2025,0.111,0.5339,0.1539,3.0197,0.475,103.13,3.6754,False
META,1326801,2015,0.3993,0.1981,0.126,,,103.75,,False
META,1326801,2016,0.4853,0.3336,0.1913,,,114.05,,False
META,1326801,2017,0.5301,0.4021,0.239,,,174.92,,False
META,1326801,2018,0.4465,0.4313,0.256,,0.5737,129.95,,False
META,1326801,2019,0.3837,0.4176,0.1798,,0.5301,203.46,,False
META,1326801,2020,0.3809,0.4855,0.2051,,0.5396,270.78,,False
META,1326801,2021,0.2743,0.4203,0.2817,,0.7105,333.42,,False
META,1326801,2022,0.1751,0.3489,0.1558,,0.6279,119.29,,False
META,1326801,2023,0.2326,0.3574,0.2036,,0.5875,350.88,,False
META,1326801,2024,0.2407,0.3713,0.2513,,0.5959,582.63,,False
META,1326801,2025,0.1827,0.3311,0.2275,,0.5491,658.91,,False
MTD,1037646,2015,0.1326,1.3338,,4.7252,,339.13,,False
MTD,1037646,2016,0.1427,1.4149,,4.8426,,418.56,,False
MTD,1037646,2017,0.1243,1.3465,,6.1987,,619.52,,False
MTD,1037646,2018,0.1189,1.5052,,5.5857,1.1209,565.58,,False
MTD,1037646,2019,0.1273,1.613,,6.7107,1.0786,793.28,,False
MTD,1037646,2020,0.0769,1.8104,,9.0191,1.0962,1139.68,,False
MTD,1037646,2021,0.0369,1.7612,0.2854,10.7772,1.1176,1697.21,11.0357,False
MTD,1037646,2022,0.0651,1.9261,0.3065,8.3521,1.1224,1445.45,9.92,False
MTD,1037646,2023,0.0146,2.2383,0.2902,6.933,1.129,1212.96,9.3976,False
MTD,1037646,2024,0.0079,2.5838,0.3201,7.2822,1.1952,1223.68,10.2477,False
MTD,1037646,2025,0.0443,2.4883,0.2825,7.4766,1.0845,1394.19,10.0396,False
MGM,789570,2015,0.0068,-0.022,-0.0475,0.3095,,21.46,,False
MGM,789570,2016,-0.0023,0.0194,0.01,0.3775,,27.23,,False
MGM,789570,2017,-0.0246,0.0773,0.0077,0.4617,,31.99,,False
MGM,789570,2018,-0.014,0.0802,0.0111,0.3026,0.1011,23.62,0.4148,True
MGM,789570,2019,0.0241,0.124,0.0874,0.3932,0.094,32.99,0.8208,True
MGM,789570,2024,0.024,0.073,0.0353,0.2264,0.4082,34.65,0.7914,True
MGM,789570,2025,0.0198,0.0509,0.0242,0.241,0.4239,36.49,0.7435,True
MCHP,827054,2015,0.4833,0.3241,0.0231,3.741,,18.85,,False
MCHP,827054,2016,0.4876,0.2843,0.0144,4.2435,,26.7,,False
MCHP,827054,2017,0.2082,0.1925,0.02,2.6258,,37.24,,False
MCHP,827054,2020,0.0333,0.197,0.0092,2.8158,0.0761,61.4,2.1117,False
MCHP,827054,2021,-0.016,0.2059,0.0606,3.8151,0.33,78.28,3.088,False
MCHP,827054,2022,0.065,0.2577,0.1142,3.3836,0.4211,64.21,3.2669,False
MCHP,827054,2023,-0.003,0.3521,0.1903,4.6303,0.5155,84.05,4.4112,False
MCHP,827054,2024,0.0311,0.4258,0.162,3.2208,0.481,54.66,3.5814,False
MCHP,827054,2025,0.1194,0.376,0.0193,4.1006,0.2863,62.65,3.48,False
MCHP,827054,2026,0.0864,0.3421,0.0341,5.0246,0.328,73.45,4.0379,False
MU,723125,2015,0.1943,0.2315,0.0177,1.4368,,13.81,,False
MU,723125,2016,0.1692,0.1924,-0.0012,1.6525,,21.38,,False
MU,723125,2017,0.2016,0.2904,0.0708,2.8582,,40.1,,False
MU,723125,2018,0.2371,0.5624,0.1009,3.4556,,30.94,,False
MU,723125,2019,0.2069,0.6292,0.0133,4.9276,0.0996,52.44,4.2292,False
MU,723125,2020,0.2111,0.6219,0.0216,5.6393,0.1128,73.31,4.6915,False
MU,723125,2021,0.2291,0.6636,0.1068,6.8948,0.4708,91.06,6.1639,False
MU,723125,2022,0.2149,0.7132,0.1464,3.3959,0.464,49.24,4.241,False
MU,723125,2023,0.2565,0.6354,-0.0894,4.7483,0.2419,84.65,3.9931,False
MU,723125,2024,0.2179,0.5889,0.0188,3.899,0.3617,83.84,3.849,False
MU,723125,2025,0.21,0.5868,0.118,11.2513,0.4514,285.25,8.6651,False
MSFT,789019,2015,0.4248,0.0516,0.1031,3.7282,,48.27,,False
MSFT,789019,2016,0.4146,0.0118,0.0159,3.3895,,55.55,,False
MSFT,789019,2017,0.3954,0.011,0.0221,3.4414,,78.18,,False
MSFT,789019,2018,0.4295,0.0529,0.0401,3.9811,0.1162,94.43,3.2266,False
MSFT,789019,2019,0.3704,0.0843,0.0433,5.9972,0.1177,148.79,4.4213,False
MSFT,789019,2020,0.3638,0.1147,0.0445,8.6052,0.1262,212.08,6.0333,False
MSFT,789019,2021,0.2869,0.1709,0.2095,12.5199,0.5036,323.37,9.2903,False
MSFT,789019,2022,0.2045,0.231,0.2285,8.7153,0.5434,232.74,7.0956,False
MSFT,789019,2023,0.1944,0.2885,0.2149,13.2875,0.5144,368.18,9.8332,False
MSFT,789019,2024,0.0673,0.3381,0.2137,12.6696,0.4786,415.78,9.3394,False
MSFT,789019,2025,0.0806,0.3841,0.2076,12.9517,0.4551,480.57,9.5458,False
MSFT,789019,2026,0.0513,0.4329,0.2047,11.921,0.4376,507.29,8.9332,False
MRNA,1682852,2018,0.683,-0.513,-0.078,14.1149,,15.27,,False
MRNA,1682852,2019,0.6202,-0.9415,-0.0821,18.8346,0.0379,19.56,10.4937,False
MRNA,1682852,2020,0.2602,-0.3058,-0.104,8.734,,104.47,,False
MRNA,1682852,2021,0.2814,0.4037,0.539,9.6349,,253.98,,False
MRNA,1682852,2022,0.329,0.7085,0.3643,10.6475,,179.62,,False
MRNA,1682852,2023,0.3967,0.7384,-0.2301,8.6842,0.3716,99.45,6.3328,False
MRNA,1682852,2024,0.4167,0.7103,-0.279,5.1219,0.2288,41.58,3.8759,False
MRNA,1682852,2025,0.3693,0.5854,-0.2491,3.1924,0.1576,29.49,2.5136,False
TAP,24545,2015,0.0034,0.3662,0.0425,,,70.96,,False
TAP,24545,2016,-0.0337,0.2085,0.1128,,,74.78,,False
TAP,24545,2017,-0.04,0.2382,0.057,,,64.23,,False
TAP,24545,2018,-0.051,0.2555,0.0542,,,45.04,,False
TAP,24545,2019,-0.0524,0.2639,0.0265,,,44.84,,False
TAP,24545,2020,-0.0545,0.2394,-0.015,,,38.03,,False
TAP,24545,2021,-0.0305,0.268,0.0527,,0.4508,39.59,,False
TAP,24545,2022,-0.0285,0.2665,0.0061,,0.4951,45.29,,False
TAP,24545,2023,-0.0472,0.2838,0.0545,,0.5264,55.33,,False
TAP,24545,2024,-0.0076,0.3161,0.0673,,0.5269,53.43,,False
TAP,24545,2025,-0.1045,0.2517,-0.1028,,0.5735,45.13,,False
MDLZ,1103982,2015,-0.0313,0.3294,0.1416,,0.1172,35.09,,False
MDLZ,1103982,2016,-0.0965,0.3437,0.0417,,0.11,35.28,,False
MDLZ,1103982,2017,-0.1311,0.3605,0.0556,,0.1104,34.73,,False
MDLZ,1103982,2018,-0.1456,0.3904,0.0528,,0.108,33.24,,False
MDLZ,1103982,2019,-0.1192,0.4129,0.0595,,0.1071,46.68,,False
MDLZ,1103982,2020,-0.0764,0.4188,0.0568,,0.1076,50.69,,False
MDLZ,1103982,2021,-0.0546,0.4592,0.0694,,0.4281,58.74,,False
MDLZ,1103982,2022,-0.0933,0.4424,0.0497,,0.4426,60.45,,False
MDLZ,1103982,2023,-0.1024,0.4796,0.0771,,0.5045,67.21,,False
MDLZ,1103982,2024,-0.0921,0.5325,0.0926,,0.532,56.93,,False
MDLZ,1103982,2025,-0.1247,0.5094,0.0496,,0.5391,52.92,,False
MPWR,1280452,2015,0.6693,0.2348,0.0273,45.6676,,58.33,,False
MPWR,1280452,2016,0.6458,0.2335,0.0343,46.6002,,75.87,,False
MPWR,1280452,2017,0.5873,0.2201,0.0384,39.4726,,104.87,,False
MPWR,1280452,2018,0.6306,0.2454,0.0417,35.1189,0.1935,109.58,22.5027,False
MPWR,1280452,2019,0.5824,0.2399,0.0321,45.5815,0.1743,169.63,28.6639,False
MPWR,1280452,2020,0.5751,0.2472,0.1315,71.501,0.6988,351.96,45.0694,False
MPWR,1280452,2021,0.5662,0.2679,0.1655,68.5535,0.7616,476.86,43.4943,False
MPWR,1280452,2022,0.5572,0.348,0.2559,43.3643,0.8714,344.39,28.8901,False
MPWR,1280452,2023,0.6509,0.389,0.1979,79.1488,0.7481,619.13,50.2161,False
MPWR,1280452,2024,0.3512,0.6877,0.1491,60.9708,0.6102,584.77,39.069,False
MPWR,1280452,2025,0.4326,0.6222,0.1737,66.975,0.6653,903.17,42.8138,False
MNST,865752,2015,0.5407,0.2458,0.1575,14.0404,,12.41,,False
MNST,865752,2016,0.2315,0.5074,0.2613,13.187,,11.09,,False
MNST,865752,2017,0.3185,0.6112,0.2502,17.2986,,15.82,,False
MNST,865752,2018,0.2658,0.8648,0.2836,13.1639,0.2042,12.31,10.5678,False
MNST,865752,2019,0.3214,0.9752,0.2724,15.8974,0.1975,15.89,12.3857,False
MNST,865752,2020,0.3855,1.037,0.2633,21.7368,0.1929,23.12,16.0182,False
MNST,865752,2021,0.4763,1.0006,0.2303,18.9997,0.71,24.01,14.8422,False
MNST,865752,2022,0.4537,1.0854,0.1911,19.605,0.761,25.38,15.2186,False
MNST,865752,2023,0.4571,0.6132,0.2017,19.3583,0.7371,28.81,14.4245,False
MNST,865752,2024,0.3296,0.965,0.2501,14.6147,0.9707,26.28,12.3112,False
MNST,865752,2025,0.3918,0.9365,0.2422,21.6419,0.8304,38.33,16.3959,False
MCO,1059556,2015,0.3952,1.3095,0.065,2.8657,,90.28,,False
MCO,1059556,2016,0.1548,1.2556,-0.0888,2.3484,,86.16,,False
MCO,1059556,2017,0.0602,0.8687,0.0539,2.7164,,136.59,,False
MCO,1059556,2018,0.1352,0.9022,0.0395,2.5579,0.1113,130.99,3.2018,False
MCO,1059556,2019,0.1721,0.9407,0.0491,4.1211,0.1201,224.33,4.2783,False
MCO,1059556,2020,0.1843,0.8873,0.1924,4.4985,0.4328,276.51,5.2305,False
MCO,1059556,2021,0.1032,0.8693,0.1937,5.5193,0.4236,374.88,5.7154,False
MCO,1059556,2022,0.1198,0.9491,0.1312,4.0093,0.3811,269.91,4.6921,False
MCO,1059556,2023,0.1259,1.0025,0.1461,5.9358,0.4046,381.99,6.003,False
MCO,1059556,2024,0.1092,1.0365,0.1854,6.8626,0.4571,466.67,6.7687,False
MCO,1059556,2025,0.1393,1.1278,0.2117,7.5606,0.4876,507.46,7.4686,False
MSI,68505,2015,0.2848,0.2046,0.0465,1.1319,,58.09,,False
MSI,68505,2016,0.0945,0.1356,0.0476,1.2635,,71.97,,False
MSI,68505,2017,0.1241,0.0569,0.0623,1.3339,,80.2,,False
MSI,68505,2018,0.125,0.1117,0.0548,1.6078,0.2396,103.97,1.6916,True
MSI,68505,2019,0.0694,0.1164,0.0554,2.1572,0.2234,147.84,1.9469,False
MSI,68505,2020,0.0771,0.1036,0.051,2.2973,0.209,158.72,1.9933,False
MSI,68505,2021,0.1107,0.1108,0.1368,3.4775,0.6704,256.97,3.4961,False
MSI,68505,2022,0.0542,0.1048,0.1296,3.2214,0.7111,247.17,3.2835,False
MSI,68505,2023,-0.0008,0.123,0.172,3.9905,0.7482,304.11,3.8813,False
MSI,68505,2024,0.0976,0.1576,0.1842,5.8214,0.7411,453.49,5.1795,False
MSI,68505,2025,0.0114,0.1315,0.1541,3.7056,0.6025,380.18,3.5322,False
MSCI,1408198,2015,0.1796,0.3681,0.0342,2.0714,,63.98,,False
MSCI,1408198,2016,0.1684,0.4289,0.0409,1.861,,70.78,,False
MSCI,1408198,2017,0.2013,0.4595,0.047,2.9111,,115.11,,False
MSCI,1408198,2018,0.1848,0.5481,0.0501,2.7769,0.1068,135.77,2.9274,False
MSCI,1408198,2019,0.2809,0.5231,0.0474,4.0852,0.0967,240.57,3.7738,False
MSCI,1408198,2020,0.2153,0.6084,0.0558,6.5706,0.1057,419.53,5.342,False
MSCI,1408198,2021,0.1621,0.5405,0.051,7.4304,0.0998,579.53,5.6775,False
MSCI,1408198,2022,0.0995,0.695,0.2416,5.3784,0.4499,444.29,5.5668,False
MSCI,1408198,2023,-0.0179,0.7574,0.2509,6.3434,0.4583,546.04,6.1313,False
MSCI,1408198,2024,-0.0444,0.8779,0.2807,6.6711,0.5245,585.94,6.6292,False
MSCI,1408198,2025,-0.0324,0.9518,0.3005,4.9359,0.5497,567.39,5.7964,False
NDAQ,1120193,2015,0.0287,0.3011,0.0607,1.4609,,16.34,,False
NDAQ,1120193,2016,0.0338,0.2459,0.0593,1.2308,,19.2,,False
NDAQ,1120193,2017,0.0169,0.2515,0.0633,1.266,,22.42,,False
NDAQ,1120193,2018,-0.0127,0.2903,0.0655,1.3229,0.2724,24.26,1.6734,True
NDAQ,1120193,2019,0.0045,0.361,0.073,2.1914,0.3061,32.48,2.3728,False
NDAQ,1120193,2020,0.1522,0.313,0.0686,1.9816,0.313,40.92,2.3493,False
NDAQ,1120193,2021,-0.0223,0.3214,0.0716,2.6718,0.2926,65.53,2.5553,False
NDAQ,1120193,2022,-0.0111,0.3454,0.0749,2.2121,0.2984,58.19,2.3432,False
NDAQ,1120193,2023,0.0022,0.2423,0.0489,1.4597,0.1878,56.06,1.5667,True
NDAQ,1120193,2024,-0.0038,0.2764,0.0592,2.2015,0.2435,75.6,2.142,False
NDAQ,1120193,2025,0.0014,0.3088,0.0751,2.8556,0.2661,96.15,2.661,False
NTAP,1002047,2015,0.4323,0.0057,0.0762,0.666,,20.3,,False
NTAP,1002047,2016,0.2776,0.0,0.0347,0.7609,,27.72,,False
NTAP,1002047,2017,0.2187,0.0042,0.0701,1.2971,,44.33,,False
NTAP,1002047,2018,0.3277,-0.0221,0.114,1.2247,,48.62,,False
NTAP,1002047,2019,0.1994,0.0,0.1397,1.3409,0.7031,52.23,2.2079,False
NTAP,1002047,2020,0.0875,0.0,0.1256,1.5635,0.7195,57.95,2.1772,False
NTAP,1002047,2021,0.2723,0.0225,0.1101,1.8691,0.6137,82.55,2.457,False
NTAP,1002047,2022,0.1987,0.0122,0.1154,1.1839,0.6302,55.38,1.9768,False
NTAP,1002047,2023,0.1235,0.027,0.1037,1.8989,0.648,83.71,2.3155,False
NTAP,1002047,2024,0.08,0.021,0.1228,2.5235,0.634,112.3,2.6787,False
NTAP,1002047,2025,0.1099,0.0,0.1235,2.1224,0.6072,105.71,2.4202,False
NTAP,1002047,2026,0.1633,0.0142,0.1558,3.8746,0.6445,185.29,3.6994,False
NFLX,1065280,2015,0.1864,0.0923,0.03,5.9698,0.1787,11.44,4.2125,False
NFLX,1065280,2016,0.0834,0.0831,0.028,4.7264,0.1824,12.38,3.3268,False
NFLX,1065280,2017,0.1159,0.0911,0.0441,5.181,0.1728,19.2,3.6936,False
NFLX,1065280,2018,0.1235,0.1133,0.0618,5.3757,0.1612,26.77,3.8973,False
NFLX,1065280,2019,-0.0199,0.1416,0.0767,5.1052,0.1609,32.36,3.6514,False
NFLX,1065280,2020,0.0498,0.1928,0.1167,7.9796,0.1692,54.07,5.6718,False
NFLX,1065280,2021,-0.0094,0.2846,0.1389,8.7291,0.6661,60.24,6.7493,False
NFLX,1065280,2022,0.0275,0.3536,0.1159,4.4143,0.6506,29.49,4.2097,False
NFLX,1065280,2023,0.0217,0.4635,0.1427,7.2038,0.692,48.69,6.1602,False
NFLX,1065280,2024,0.0437,0.5836,0.1942,12.8478,0.7272,89.13,9.9465,False
NFLX,1065280,2025,0.0367,0.7605,0.2397,13.471,0.8127,93.76,10.7951,False
NEM,1164727,2015,0.1416,0.056,,1.3575,,14.03,,False
NEM,1164727,2016,0.1392,0.034,,3.0678,,26.66,,False
NEM,1164727,2017,0.1785,0.0235,,3.4879,,29.57,,False
NEM,1164727,2018,0.1685,0.0185,,3.1772,0.0989,27.75,,False
NEM,1164727,2019,0.0972,0.0573,,2.1738,0.0742,36.22,,False
NEM,1164727,2020,0.1242,0.0967,,3.0617,0.2779,50.82,,False
NEM,1164727,2021,0.1243,0.0764,0.0273,3.0749,0.3013,54.58,2.4925,False
NEM,1164727,2022,0.0933,0.0238,-0.0013,2.4044,0.3096,43.24,1.8932,False
NEM,1164727,2023,0.0273,-0.054,-0.0366,1.5805,0.2128,39.45,0.9975,True
NEM,1164727,2024,0.084,-0.0234,0.0812,1.4601,0.3315,36.36,1.5436,True
NEM,1164727,2025,0.1287,0.0601,0.1986,4.5295,0.3969,99.21,4.0084,False
NWSA,1564708,2015,0.1206,0.0058,0.0037,,,11.73,,False
NWSA,1564708,2016,0.0935,0.0097,0.0117,,,10.23,,False
NWSA,1564708,2017,0.0937,-0.0445,-0.0423,,,14.7,,False
NWSA,1564708,2018,0.0672,-0.1323,-0.0666,,0.5521,10.44,,False
NWSA,1564708,2019,0.0452,-0.126,0.0225,,0.6412,13.2,,False
NWSA,1564708,2020,0.0546,-0.2273,-0.1069,,0.6317,17.05,,False
NWSA,1564708,2021,0.0729,-0.1736,0.0268,,0.558,21.35,,False
NWSA,1564708,2022,0.0333,-0.1332,0.0472,,0.603,17.6,,False
NWSA,1564708,2023,0.0525,-0.1267,0.0195,,0.5838,24.01,,False
NWSA,1564708,2024,0.0789,-0.1132,0.0327,,0.6045,27.14,,False
NWSA,1564708,2025,0.1421,-0.0482,0.0595,,0.5451,25.92,,False
NWSA,1564708,2026,0.1107,-0.0201,0.0673,,0.5808,30.61,,False
NWS,1564708,2015,0.1206,0.0058,0.0037,,,12.31,,False
NWS,1564708,2016,0.0935,0.0097,0.0117,,,10.57,,False
NWS,1564708,2017,0.0937,-0.0445,-0.0423,,,15.1,,False
NWS,1564708,2018,0.0672,-0.1323,-0.0666,,0.5521,10.65,,False
NWS,1564708,2019,0.0452,-0.126,0.0225,,0.6412,13.58,,False
NWS,1564708,2020,0.0546,-0.2273,-0.1069,,0.6317,16.9,,False
NWS,1564708,2021,0.0729,-0.1736,0.0268,,0.558,21.58,,False
NWS,1564708,2022,0.0333,-0.1332,0.0472,,0.603,17.87,,False
NWS,1564708,2023,0.0525,-0.1267,0.0195,,0.5838,25.2,,False
NWS,1564708,2024,0.0789,-0.1132,0.0327,,0.6045,30.04,,False
NWS,1564708,2025,0.1421,-0.0482,0.0595,,0.5451,29.43,,False
NWS,1564708,2026,0.1107,-0.0201,0.0673,,0.5808,34.31,,False
NEE,753308,2020,-0.064,0.1986,0.0401,1.6742,,66.44,,False
NEE,753308,2021,-0.0578,0.1839,0.0207,1.7949,,81.98,,False
NEE,753308,2022,-0.0831,0.168,0.0257,1.4279,,74.98,,False
NEE,753308,2023,-0.071,0.1703,0.0577,0.9859,,56.01,,False
NEE,753308,2024,-0.0705,0.1733,0.0393,1.0975,,68.04,,False
NEE,753308,2025,-0.0434,0.165,0.0389,1.1204,,78.57,,False
NKE,320187,2015,0.4464,0.2169,,5.1544,,53.59,,False
NKE,320187,2016,0.4518,0.194,,4.1289,,44.11,,False
NKE,320187,2017,0.4552,0.1711,,4.3351,,55.0,,False
NKE,320187,2018,0.4035,0.1561,,4.432,,65.93,,False
NKE,320187,2019,0.3651,0.0693,,5.3062,1.6493,91.05,,False
NKE,320187,2020,0.3916,-0.0061,,4.7144,1.1934,128.35,,False
NKE,320187,2021,0.4403,0.0842,,5.2181,1.1801,152.35,,False
NKE,320187,2022,0.4336,0.0862,0.165,3.693,1.1585,108.11,4.5596,False
NKE,320187,2023,0.4249,0.0362,0.1652,3.6938,1.3647,101.6,4.6867,False
NKE,320187,2024,0.3881,0.0253,0.1758,2.6018,1.3477,72.03,3.9901,False
NKE,320187,2025,0.3498,-0.0199,0.1062,2.2722,1.266,62.07,3.3718,False
NKE,320187,2026,0.3139,-0.004,0.1015,1.4041,1.208,38.65,2.7565,False
NI,1111711,2015,-0.0618,-0.0642,0.0125,0.8656,,13.9,,False
NI,1111711,2016,-0.0904,-0.052,0.012,0.9084,,16.22,,False
NI,1111711,2017,-0.0709,-0.0538,0.0135,1.1415,,19.35,,False
NI,1111711,2018,-0.0909,-0.0642,-0.0036,1.0574,0.2289,19.73,0.6526,True
NI,1111711,2019,-0.0835,-0.0605,-0.0017,1.2129,0.223,22.3,0.7603,True
NI,1111711,2020,-0.0281,-0.0801,0.0099,1.3035,0.203,18.98,0.8718,True
NI,1111711,2021,-0.0342,-0.0654,0.0417,1.4747,0.1959,23.68,1.0856,True
NI,1111711,2022,-0.0777,-0.0454,0.0473,1.2521,0.2146,24.31,0.9654,True
NI,1111711,2023,-0.0246,-0.0311,0.0417,1.1851,0.1721,24.43,0.9476,True
NI,1111711,2024,-0.064,-0.0224,0.0458,1.8583,0.1662,35.05,1.3242,True
NI,1111711,2025,-0.0301,-0.0088,0.0512,2.2461,0.1819,40.94,1.65,True
NDSN,72331,2015,0.1783,0.7275,0.1346,1.8727,,57.17,,False
NDSN,72331,2016,0.1709,0.7978,0.1604,3.584,,101.07,,False
NDSN,72331,2017,0.0705,0.6339,0.134,3.2854,,133.25,,False
NDSN,72331,2018,0.156,0.7274,0.1446,3.1021,,109.73,,False
NDSN,72331,2019,0.1517,0.7814,0.1374,4.3543,0.1665,151.3,4.5084,False
NDSN,72331,2020,0.1789,0.7916,0.0951,5.475,0.152,188.3,5.0738,False
NDSN,72331,2021,0.1898,0.8613,0.1623,8.2325,0.6231,241.19,7.5316,False
NDSN,72331,2022,0.0782,0.956,0.1838,8.2819,0.678,226.9,7.6861,False
NDSN,72331,2023,0.1232,0.7596,0.1281,5.3523,0.5005,255.0,5.346,False
NDSN,72331,2024,0.1244,0.7158,0.1123,3.696,0.4482,203.63,4.1878,False
NDSN,72331,2025,0.0819,0.7774,0.1203,4.6182,0.4718,238.3,4.8262,False
NSC,702165,2015,0.0117,0.2975,0.0187,0.6881,,67.62,,False
NSC,702165,2016,-0.0014,0.2988,0.0218,0.8881,,88.9,,False
NSC,702165,2017,-0.0111,0.397,0.0284,1.412,,121.66,,False
NSC,702165,2018,-0.0201,0.3709,0.0297,1.3773,0.0799,128.02,1.4996,True
NSC,702165,2019,-0.0058,0.3483,0.0254,1.6741,0.0709,169.48,1.6397,True
NSC,702165,2020,0.0042,0.3394,0.0259,2.0497,0.0678,211.45,1.8632,False
NSC,702165,2021,-0.0092,0.301,0.1155,2.432,0.2895,269.09,2.5402,False
NSC,702165,2022,-0.0165,0.2751,0.1237,1.9508,0.3278,227.14,2.2717,False
NSC,702165,2023,0.0153,0.2568,0.0684,1.7382,0.2918,223.43,1.9385,False
NSC,702165,2024,-0.0082,0.2768,0.0932,1.7348,0.2775,226.89,2.0037,False
NSC,702165,2025,-0.0128,0.2926,0.0963,2.1567,0.2693,285.08,2.2754,False
NOC,1133421,2015,0.0359,0.436,0.0282,1.1914,,158.77,,False
NOC,1133421,2016,0.0479,0.415,0.0324,1.3873,,198.78,,False
NOC,1133421,2017,0.2688,0.3307,0.022,1.3566,,266.13,,False
NOC,1133421,2018,0.0373,0.2143,0.025,1.0399,0.2166,215.69,1.268,True
NOC,1133421,2019,0.0304,0.2129,0.0276,1.3549,0.2122,307.77,1.451,True
NOC,1133421,2020,0.1296,0.2357,0.0259,1.1622,0.2296,277.24,1.498,True
NOC,1133421,2021,0.068,0.3033,0.1327,1.7173,0.8377,358.45,2.8122,False
NOC,1133421,2022,0.0206,0.3499,0.0823,2.5606,0.8365,512.66,3.1591,False
NOC,1133421,2023,0.0379,0.3174,0.0545,2.0005,0.8441,447.08,2.7142,False
NOC,1133421,2024,0.003,0.3099,0.0885,1.9003,0.8313,455.72,2.7011,False
NOC,1133421,2025,0.0273,0.3242,0.0878,2.3061,0.8166,563.34,2.9768,False
NCLH,1513761,2015,-0.1652,0.0463,0.0096,3.1717,0.0845,58.6,1.8859,False
NCLH,1513761,2016,-0.1466,0.0926,0.0118,2.3149,0.0867,42.53,1.4685,True
NCLH,1513761,2017,-0.1399,0.1393,0.0126,2.9301,0.0887,53.25,1.9153,False
NCLH,1513761,2018,-0.171,0.1906,0.0138,2.1059,,42.39,,False
NCLH,1513761,2019,-0.1711,0.2295,0.0119,2.6375,,58.41,,False
NCLH,1513761,2020,0.0893,-0.0161,-0.0297,0.8314,,25.43,,False
NCLH,1513761,2021,-0.0229,-0.2561,-0.0367,0.5844,,20.74,,False
NCLH,1513761,2022,-0.1715,-0.3808,-0.0836,0.304,,12.24,,False
NCLH,1513761,2023,-0.2424,-0.354,0.0478,0.4795,,20.04,,False
NCLH,1513761,2024,-0.2389,-0.2999,0.0734,0.6371,,25.73,,False
NCLH,1513761,2025,-0.1914,-0.247,0.0692,0.5041,,22.32,,False
NRG,1013871,2015,0.0917,-0.0914,-0.1438,0.0728,,9.39,,False
NRG,1013871,2016,0.0663,-0.1248,-0.0261,0.0812,,9.99,,False
NRG,1013871,2017,0.0471,-0.2688,-0.0577,0.2308,,23.36,,False
NRG,1013871,2018,0.1131,-0.5666,0.0046,0.5786,0.7667,32.6,0.4715,True
NRG,1013871,2019,0.0582,-0.129,0.0167,0.6359,0.6377,32.83,0.9635,True
NRG,1013871,2020,0.276,-0.0941,0.0742,0.5107,0.5831,32.12,1.3336,True
NRG,1013871,2021,0.1262,0.02,0.1441,0.4088,1.1551,38.08,2.0554,False
NRG,1013871,2022,0.1115,0.0483,0.0692,0.2419,1.0804,29.14,1.6554,True
NRG,1013871,2023,0.0087,0.0315,0.0147,0.4486,1.0852,49.36,1.4575,True
NRG,1013871,2024,0.0063,0.0639,0.1009,0.8601,1.1551,88.15,2.1012,False
NRG,1013871,2025,0.1756,0.068,0.0633,1.2073,1.0414,157.7,2.2807,False
NUE,73309,2015,0.3066,0.5092,0.0498,1.1199,,31.91,,False
NUE,73309,2016,0.2704,0.5013,0.0853,1.5812,,48.57,,False
NUE,73309,2017,0.2525,0.5343,0.1105,1.7874,,53.23,,False
NUE,73309,2018,0.3253,0.5768,0.1802,1.3086,,44.52,,False
NUE,73309,2019,0.3141,0.6059,0.0972,1.4955,0.2797,49.79,2.723,False
NUE,73309,2020,0.3409,0.5637,0.0415,1.248,0.2614,48.92,2.3453,False
NUE,73309,2021,0.2959,0.6844,0.3563,2.1609,0.4014,106.86,4.187,False
NUE,73309,2022,0.319,0.7622,0.3154,2.2046,0.2686,125.44,4.0821,False
NUE,73309,2023,0.3336,0.8139,0.1775,2.8801,0.218,167.78,4.0716,False
NUE,73309,2024,0.2209,0.8919,0.0855,2.0684,0.2085,114.17,3.2454,False
NUE,73309,2025,0.2211,0.8974,0.0732,2.8344,0.9256,162.16,4.3894,False
NVDA,1045810,2016,0.5023,0.5902,0.1014,22.4385,,2.62,,False
NVDA,1045810,2017,0.6857,0.6207,0.1965,28.3985,,4.77,,False
NVDA,1045810,2018,0.7208,0.7817,0.2856,21.0955,,3.3,,False
NVDA,1045810,2019,0.6943,0.9453,0.2862,35.6314,0.1659,5.84,24.6457,False
NVDA,1045810,2020,0.6876,0.8646,0.1644,61.252,0.1793,12.99,39.5085,False
NVDA,1045810,2021,0.4213,0.6567,0.1574,59.3284,0.5792,29.29,38.1207,False
NVDA,1045810,2022,0.5543,0.3674,0.2272,19.9793,0.6091,14.57,14.5262,False
NVDA,1045810,2023,0.4009,0.247,0.1026,62.3687,,49.38,,False
NVDA,1045810,2024,0.5129,0.4536,0.5016,141.8881,,133.94,,False
NVDA,1045810,2025,0.5563,0.6097,0.7299,138.9368,,186.06,,False
NVDA,1045810,2026,0.4518,0.7107,0.6305,107.3475,,220.53,,False
NXPI,1413447,2015,0.0859,-0.1344,0.0765,,,73.9,,False
NXPI,1413447,2016,0.1191,-0.158,-0.006,,,85.97,,False
NXPI,1413447,2017,0.1383,-0.0973,0.0874,,,102.7,,False
NXPI,1413447,2018,0.0855,-0.0886,0.1259,,0.4369,64.65,,False
NXPI,1413447,2019,0.0737,-0.1421,0.032,,0.4435,113.61,,False
NXPI,1413447,2020,0.1162,-0.2181,0.0211,,0.4339,143.83,,False
NXPI,1413447,2021,0.1331,-0.2574,0.1238,,0.5302,208.31,,False
NXPI,1413447,2022,0.1577,-0.1711,0.1634,,0.5683,147.45,,False
NXPI,1413447,2023,0.1541,-0.1147,0.1503,,0.5451,218.81,,False
NXPI,1413447,2024,0.1725,-0.0744,0.1401,,0.5173,201.37,,False
NXPI,1413447,2025,0.1528,-0.051,0.1147,,0.4619,214.25,,False
ORLY,898173,2015,-0.0054,0.1017,0.0543,2.8976,,16.89,,False
ORLY,898173,2016,-0.0198,0.0402,0.0566,2.6922,,18.56,,False
ORLY,898173,2017,-0.033,-0.0809,0.0532,1.8754,,16.04,,False
ORLY,898173,2018,-0.044,-0.1139,0.0536,2.4352,0.2901,22.96,1.7159,True
ORLY,898173,2019,-0.0593,-0.083,0.0412,2.2905,0.2317,29.22,1.5546,True
ORLY,898173,2020,-0.0658,-0.0982,0.0461,2.1304,0.2439,30.17,1.4578,True
ORLY,898173,2021,-0.1169,-0.1165,0.0577,3.2317,0.2809,47.08,2.1067,False
ORLY,898173,2022,-0.1596,-0.1881,0.054,3.3254,0.2886,56.27,2.0072,False
ORLY,898173,2023,-0.1516,-0.2257,0.0518,3.282,0.2762,63.34,1.9185,False
ORLY,898173,2024,-0.1641,-0.1874,0.2183,3.9317,1.1218,79.05,3.742,False
ORLY,898173,2025,-0.1228,-0.1408,0.2092,4.2647,1.0752,91.21,3.98,False
OXY,797468,2018,0.0575,0.5416,0.1279,1.1743,0.4064,51.72,2.3602,False
OXY,797468,2019,0.0341,0.1846,0.0017,0.4937,0.1708,37.09,0.772,True
OXY,797468,2020,0.0074,0.0374,-0.1962,0.2616,0.214,16.09,-0.2151,True
OXY,797468,2021,0.0251,0.0597,0.0494,0.493,0.346,26.98,0.9184,True
OXY,797468,2022,0.0155,0.2272,0.1944,1.3895,0.499,59.11,2.3111,False
OXY,797468,2023,-0.0104,0.2652,0.0869,1.2953,0.3827,56.7,1.8053,True
OXY,797468,2024,-0.0053,0.248,0.0476,0.9294,0.3208,47.68,1.3765,True
OXY,797468,2025,-0.0071,0.26,0.0372,0.8418,0.2562,40.55,1.2394,True
ODFL,878927,2015,0.0391,0.6251,0.0462,4.9992,,18.85,,False
ODFL,878927,2016,0.0349,0.6333,0.0421,6.7181,,27.38,,False
ODFL,878927,2017,0.0761,0.6943,0.0468,11.0415,,42.15,,False
ODFL,878927,2018,0.0986,0.7137,0.0617,9.5214,0.2897,39.71,7.3237,False
ODFL,878927,2019,0.1253,0.7134,0.0471,13.8918,0.2526,61.29,9.8922,False
ODFL,878927,2020,0.1992,0.7068,0.2076,18.8627,0.9189,94.89,14.1499,False
ODFL,878927,2021,0.1907,0.7246,0.2886,31.7354,1.0902,174.74,22.3272,False
ODFL,878927,2022,0.0835,0.7021,0.3804,24.2999,1.2938,138.95,18.2122,False
ODFL,878927,2023,0.1086,0.7264,0.2976,32.9452,1.0642,199.33,22.9607,False
ODFL,878927,2024,0.0328,0.7275,0.2812,29.0045,1.0589,174.4,20.4474,False
ODFL,878927,2025,0.0386,0.7414,0.2488,27.9325,1.0048,156.14,19.6696,False
OMC,29989,2015,-0.1013,0.4603,0.026,,0.1878,52.78,,False
OMC,29989,2016,-0.0556,0.2451,0.026,,0.1831,60.92,,False
OMC,29989,2017,-0.0398,0.2491,0.0249,,0.1675,53.66,,False
OMC,29989,2018,-0.0627,0.285,0.0255,,0.166,55.77,,False
OMC,29989,2019,-0.0521,0.2915,0.0241,,0.1546,63.78,,False
OMC,29989,2020,0.0024,0.2963,0.0578,,0.4764,51.29,,False
OMC,29989,2021,-0.0111,0.3166,0.0773,,0.5028,62.52,,False
OMC,29989,2022,-0.0163,0.3607,0.0772,,0.5292,72.34,,False
OMC,29989,2023,-0.0307,0.377,0.075,,0.5239,79.26,,False
OMC,29989,2024,-0.0026,0.3883,0.0768,,0.5297,81.24,,False
OMC,29989,2025,-0.0381,0.1982,0.0082,,0.3174,79.11,,False
ON,1097864,2015,0.1685,-0.1833,0.0675,1.705,,9.8,,False
ON,1097864,2016,0.1973,-0.0762,0.0341,0.9844,,12.76,,False
ON,1097864,2017,0.2119,0.0489,0.0946,1.8553,,20.94,,False
ON,1097864,2018,0.2239,0.1291,0.1117,1.463,0.7747,16.51,2.4703,False
ON,1097864,2019,0.1426,0.1414,0.0514,1.8606,0.6549,24.38,2.3098,False
ON,1097864,2020,0.1742,0.1645,0.0402,2.4936,0.6063,32.73,2.6744,False
ON,1097864,2021,0.2325,0.253,0.1338,5.2657,0.7002,67.92,4.9342,False
ON,1097864,2022,0.3062,0.3644,0.197,4.2071,0.6951,62.37,4.7471,False
ON,1097864,2023,0.2822,0.4955,0.1921,6.0058,0.6245,83.53,5.8942,False
ON,1097864,2024,0.3845,0.5764,0.1255,4.653,0.5027,63.05,4.9768,False
ON,1097864,2025,0.3621,0.6581,0.0067,4.3627,0.4787,54.15,4.4744,False
OKE,1039684,2015,-0.0429,0.0,0.0645,0.5311,,12.73,,False
OKE,1039684,2016,-0.0872,0.0,0.0797,1.256,,31.78,,False
OKE,1039684,2017,-0.0536,0.0,0.082,1.7327,,31.11,,False
OKE,1039684,2018,-0.0389,0.0,0.1007,1.7885,,33.06,,False
OKE,1039684,2019,-0.0252,0.0,0.0223,1.9757,,48.85,,False
OKE,1039684,2020,0.0228,0.0,0.0233,1.0223,,27.63,,False
OKE,1039684,2021,-0.0343,0.0,0.1099,1.6287,,45.49,,False
OKE,1039684,2022,-0.0207,0.0021,0.1152,1.9057,,54.07,,False
OKE,1039684,2023,-0.0078,0.0196,0.092,1.3888,0.3993,61.21,1.5543,True
OKE,1039684,2024,-0.0075,0.0246,0.0779,1.2314,0.3387,91.88,1.36,True
OKE,1039684,2025,-0.0282,0.0356,0.0861,1.0107,0.5046,70.8,1.4114,True
ORCL,1341439,2015,0.4318,0.239,0.1251,1.5215,,31.1,,False
ORCL,1341439,2016,0.4199,0.2129,0.1124,1.5614,,33.25,,False
ORCL,1341439,2017,0.3729,0.2044,0.0942,1.5556,,41.54,,False
ORCL,1341439,2018,0.4136,0.1341,0.0997,1.3385,,40.3,,False
ORCL,1341439,2019,0.2553,-0.0322,0.1245,1.6844,0.3634,48.1,2.0463,False
ORCL,1341439,2020,0.3027,-0.11,0.1204,1.7591,0.3384,59.76,2.0004,False
ORCL,1341439,2021,0.2395,-0.1535,0.116,1.9765,0.3087,81.81,1.9502,False
ORCL,1341439,2022,0.1109,-0.2867,0.1,2.05,0.3883,78.01,1.6799,True
ORCL,1341439,2023,-0.0155,-0.2055,0.0974,2.3254,0.3717,102.15,1.7821,True
ORCL,1341439,2024,-0.0638,-0.1605,0.1089,3.751,0.3757,163.42,2.6844,False
ORCL,1341439,2025,-0.0479,-0.092,0.105,3.9604,0.3409,193.05,2.8775,False
ORCL,1341439,2026,0.0183,-0.0165,0.0787,2.0617,0.2573,149.12,1.7531,True
OTIS,1781335,2020,-0.0168,-0.2872,0.153,1.6862,0.3261,61.62,1.4206,True
OTIS,1781335,2021,0.164,-0.1837,0.1717,2.0042,1.1644,80.36,2.8731,False
OTIS,1781335,2022,-0.0713,-0.2918,0.207,1.9271,1.3937,73.32,2.7392,False
OTIS,1781335,2023,-0.0078,-0.1982,0.2161,2.1829,1.4045,85.08,3.1404,False
OTIS,1781335,2024,-0.007,-0.0864,0.1774,2.1231,1.2603,89.48,2.9903,False
OTIS,1781335,2025,-0.1084,-0.0413,0.2002,2.0537,1.3546,85.91,3.0597,False
PKG,75677,2015,0.1878,0.2493,0.0333,1.1227,,46.01,,False
PKG,75677,2016,0.1854,0.2505,0.0334,1.4192,,63.99,,False
PKG,75677,2017,0.1747,0.3013,0.0407,2.0663,,93.11,,False
PKG,75677,2018,0.2164,0.3525,0.0436,1.5146,0.2659,66.25,2.0718,False
PKG,75677,2019,0.2425,0.3738,0.0325,1.9607,0.2377,91.65,2.3357,False
PKG,75677,2020,0.2647,0.3815,0.0255,2.4809,0.2306,116.58,2.6549,False
PKG,75677,2021,0.2358,0.3958,0.1584,2.4939,0.9864,118.39,3.8426,False
PKG,75677,2022,0.204,0.3982,0.1775,2.3687,1.0592,115.29,3.8684,False
PKG,75677,2023,0.2291,0.3971,0.1238,2.8926,0.8988,152.06,3.8738,False
PKG,75677,2024,0.2526,0.4276,0.1247,4.3344,0.9491,215.47,4.8629,False
PKG,75677,2025,0.205,0.3665,0.1032,2.9426,0.8381,202.37,3.7034,False
PLTR,1321655,2020,0.6146,-1.8455,-0.4362,,0.4061,23.55,,False
PLTR,1321655,2021,0.6784,-1.6892,-0.1266,,0.4748,18.21,,False
PLTR,1321655,2022,0.7089,-1.6929,-0.0466,,0.5506,6.42,,False
PLTR,1321655,2023,0.7502,-1.2492,0.0265,,0.492,17.17,,False
PLTR,1321655,2024,0.7788,-0.8181,0.049,,0.4519,75.63,,False
PLTR,1321655,2025,0.807,-0.4003,0.1589,,0.5028,177.75,,False
PANW,1327567,2022,-0.1544,-0.136,-0.0154,4.7388,0.449,69.77,2.8657,False
PANW,1327567,2023,-0.1165,-0.0846,0.0267,9.4573,0.4753,147.44,5.9795,False
PANW,1327567,2024,-0.0417,0.0675,0.0342,10.0426,0.4016,181.96,6.5846,False
PANW,1327567,2025,-0.0197,0.1054,0.0527,9.5656,0.3911,184.2,6.4283,False
PANW,1327567,2026,-0.0264,0.0576,0.0143,14.9076,0.2369,382.13,9.2777,False
PSKY,2041610,2025,0.0628,-0.0404,-0.0022,0.4473,0.2831,13.21,0.5629,True
PH,76334,2015,0.2629,0.8005,0.1495,1.4403,,82.13,,False
PH,76334,2016,0.2357,0.8545,0.1307,2.0431,,121.21,,False
PH,76334,2017,0.0893,0.7056,0.1156,2.1658,,175.65,,False
PH,76334,2018,0.1232,0.7589,0.1462,1.7798,,133.5,,False
PH,76334,2019,0.2572,0.727,0.1383,2.0402,0.2095,187.9,3.2165,False
PH,76334,2020,0.088,0.6855,0.0996,2.3456,0.1601,253.26,2.9616,False
PH,76334,2021,0.1239,0.7333,0.1209,3.1663,0.7053,299.62,4.1795,False
PH,76334,2022,0.2385,0.6037,0.1147,2.0578,0.6114,278.91,3.3558,False
PH,76334,2023,-0.0301,0.5687,0.1136,2.8806,0.6363,448.52,3.4996,False
PH,76334,2024,-0.0176,0.6521,0.1389,4.5833,0.6802,626.04,4.7804,False
PH,76334,2025,0.0383,0.7383,0.1474,6.9679,0.673,873.59,6.4198,False
PH,76334,2026,0.0518,0.793,0.1641,7.9834,0.6963,979.44,7.2004,False
PAYX,723531,2015,0.0818,0.138,0.0388,2.8632,,37.81,,False
PAYX,723531,2016,0.0773,0.1438,0.0429,3.5332,,44.99,,False
PAYX,723531,2017,0.08,0.1319,0.0437,3.7855,,51.92,,False
PAYX,723531,2018,0.0666,0.1246,0.0426,3.3586,,51.36,,False
PAYX,723531,2019,0.096,0.1625,0.0362,4.0581,0.1104,69.1,3.0075,False
PAYX,723531,2020,0.1214,0.1674,0.035,4.8242,0.1041,78.25,3.4942,False
PAYX,723531,2021,0.1334,0.1567,0.1583,6.6563,0.4332,117.51,5.3289,False
PAYX,723531,2022,0.1362,0.1733,0.191,5.5416,0.4726,102.05,4.8338,False
PAYX,723531,2023,0.1633,0.1918,0.1928,5.466,0.4653,108.39,4.8456,False
PAYX,723531,2024,0.1871,0.2131,0.2094,7.1049,0.4943,131.48,5.9711,False
PAYX,723531,2025,0.1183,0.1375,0.1333,3.1029,0.3266,108.49,2.9626,False
PAYX,723531,2026,0.1096,0.1116,0.1552,3.6411,0.3896,127.34,3.3742,False
PYPL,1633917,2015,0.2434,0.0231,0.0506,,,35.8,,False
PYPL,1633917,2016,0.2675,0.0625,0.0479,,,39.03,,False
PYPL,1633917,2017,0.2399,0.0938,0.0522,,,72.81,,False
PYPL,1633917,2018,0.1629,0.1357,0.0506,,0.0975,83.16,,False
PYPL,1633917,2019,0.2255,0.1625,0.053,,0.0966,106.98,,False
PYPL,1633917,2020,0.1783,0.1757,0.0467,,,231.62,,False
PYPL,1633917,2021,0.1259,0.2181,0.0562,,,186.5,,False
PYPL,1633917,2022,0.1577,0.2408,0.0487,,,70.43,,False
PYPL,1633917,2023,0.1716,0.2824,0.0612,,,60.73,,False
PYPL,1633917,2024,0.1558,0.3351,0.0652,,,84.41,,False
PYPL,1633917,2025,0.1661,0.405,0.0756,,,57.87,,False
PNR,77360,2015,0.1091,0.1511,-0.0331,,,27.88,,False
PNR,77360,2016,0.1041,0.1793,0.014,,,32.34,,False
PNR,77360,2017,0.0636,0.2874,0.0159,,,41.61,,False
PNR,77360,2018,0.058,0.0445,0.0297,,0.779,33.76,,False
PNR,77360,2019,0.0756,0.0969,0.0295,,0.7144,41.75,,False
PNR,77360,2020,0.0483,0.1504,0.0289,,0.1897,49.22,,False
PNR,77360,2021,0.0531,0.2212,0.134,,0.792,68.54,,False
PNR,77360,2022,0.0768,0.2157,0.0923,,0.6393,42.92,,False
PNR,77360,2023,0.0944,0.2843,0.1126,,0.6254,70.46,,False
PNR,77360,2024,0.0839,0.3624,0.1247,,0.6333,98.65,,False
PNR,77360,2025,0.0848,0.4109,0.1248,,0.608,103.11,,False
PEP,77476,2015,0.0783,0.7245,0.1199,1.6986,,71.73,,False
PEP,77476,2016,0.0803,0.7085,0.132,1.6772,,77.33,,False
PEP,77476,2017,0.1319,0.6621,0.1317,1.8067,,91.1,,False
PEP,77476,2018,-0.0032,0.772,0.1302,1.8774,0.8327,86.72,3.4659,False
PEP,77476,2019,-0.0359,0.7886,0.0344,2.3676,0.2628,110.46,2.8578,False
PEP,77476,2020,-0.004,0.6828,0.1085,2.1213,0.7574,123.35,3.3392,False
PEP,77476,2021,-0.048,0.7054,0.1208,2.6628,0.8603,148.71,3.7867,False
PEP,77476,2022,-0.0569,0.7355,0.1249,2.8932,0.9371,158.8,4.0465,False
PEP,77476,2023,-0.0467,0.6969,0.1193,2.5606,0.9102,153.57,3.7597,False
PEP,77476,2024,-0.0574,0.7265,0.1296,2.3824,0.9235,141.9,3.7287,False
PEP,77476,2025,-0.0448,0.6777,0.1071,2.1888,0.8745,139.28,3.4361,False
PFE,78003,2015,0.086,0.4299,0.0535,1.0525,,18.92,,False
PFE,78003,2016,0.0456,0.4182,0.0487,1.0076,,19.76,,False
PFE,78003,2017,0.0624,0.4965,0.0716,1.3034,,22.9,,False
PFE,78003,2018,0.1133,0.5617,0.0746,1.7034,0.3365,28.59,2.527,False
PFE,78003,2019,-0.0269,0.5831,0.1056,1.4578,0.309,26.61,2.3162,False
PFE,78003,2020,0.0593,0.6274,0.0486,1.7227,0.2717,27.43,2.4153,False
PFE,78003,2021,0.0938,0.5697,0.134,2.5054,0.4479,45.72,3.3034,False
PFE,78003,2022,0.0463,0.6372,0.1761,2.3049,,40.96,,False
PFE,78003,2023,-0.0197,0.5225,0.0047,0.9994,0.2248,24.06,1.5478,True
PFE,78003,2024,0.0345,0.547,0.0376,1.0738,,23.53,,False
PFE,78003,2025,0.0284,0.5506,0.0361,1.1119,,23.68,,False
PCG,1004980,2015,-0.0085,0.0837,0.0238,2.8523,,49.5,,False
PCG,1004980,2016,-0.0204,0.0838,0.0317,3.1036,,58.37,,False
PCG,1004980,2017,-0.0125,0.097,0.0435,2.4327,,44.06,,False
PCG,1004980,2018,-0.4221,-0.0032,-0.126,0.976,0.2177,23.34,-0.1236,True
PCG,1004980,2019,0.0297,-0.0926,-0.1185,0.9782,,10.68,,False
PCG,1004980,2020,-0.0407,-0.094,0.0179,0.4286,,12.25,,False
PCG,1004980,2021,-0.0615,-0.0899,0.0182,0.3894,,11.93,,False
PCG,1004980,2022,-0.0251,-0.0636,0.0155,0.4481,,15.98,,False
PCG,1004980,2023,-0.0233,-0.0423,0.0212,0.4733,,17.73,,False
PCG,1004980,2024,0.0066,-0.0222,0.0334,0.5165,,19.9,,False
PCG,1004980,2025,-0.0033,-0.0046,0.0335,0.3936,,15.98,,False
PM,1413329,2015,0.0123,0.8788,0.3128,1.8042,,52.59,,False
PM,1413329,2016,0.031,0.8249,0.2935,1.8634,,57.09,,False
PM,1413329,2017,0.1311,0.6949,0.2677,2.0046,,68.42,,False
PM,1413329,2018,0.0566,0.7792,0.2858,1.4075,0.1884,45.64,3.135,False
PM,1413329,2019,0.0392,0.7227,0.2456,1.8303,0.1799,61.62,3.1475,False
PM,1413329,2020,0.0419,0.706,0.2604,1.796,0.1661,63.89,3.1415,False
PM,1413329,2021,-0.0372,0.8012,0.3142,2.43,0.7606,77.17,4.3326,False
PM,1413329,2022,-0.1251,0.5559,0.1985,1.9868,0.5149,86.67,2.9903,False
PM,1413329,2023,-0.1015,0.522,0.177,1.7736,0.5386,85.06,2.7958,False
PM,1413329,2024,-0.0444,0.532,0.2169,2.4856,0.6131,114.27,3.5117,False
PM,1413329,2025,-0.0154,0.5117,0.2152,3.1827,0.5875,157.67,3.9054,False
PSX,1534701,2015,0.0973,0.2542,0.1244,0.8906,,55.0,,False
PSX,1534701,2016,0.0623,0.2441,0.0012,0.8562,,59.93,,False
PSX,1534701,2017,0.0788,0.2999,0.012,1.0736,,72.49,,False
PSX,1534701,2018,0.0787,0.3773,0.0537,0.9345,0.5359,63.58,1.8966,False
PSX,1534701,2019,0.0468,0.3757,0.0182,1.0774,0.496,85.19,1.7846,True
PSX,1534701,2020,0.0687,0.3015,-0.0126,0.6773,0.2999,56.35,1.1691,True
PSX,1534701,2021,0.0341,0.2917,,0.7184,2.0052,61.14,,False
PSX,1534701,2022,0.0789,0.3327,,0.862,2.2238,91.46,,False
PSX,1534701,2023,0.0541,0.4046,,1.1075,1.9523,121.71,,False
PSX,1534701,2024,0.0389,0.4239,,0.9728,1.9723,107.56,,False
PSX,1534701,2025,0.0535,0.4511,,1.161,1.7966,126.39,,False
PNW,764622,2015,-0.0367,0.1393,0.0073,0.4907,,42.29,,False
PNW,764622,2016,-0.0294,0.1409,0.0077,0.5737,,53.02,,False
PNW,764622,2017,-0.0107,0.1435,0.0053,0.6027,,59.74,,False
PNW,764622,2018,-0.041,0.1495,0.0038,0.6028,0.209,61.88,0.7433,True
PNW,764622,2019,-0.0567,0.1536,0.0006,0.6268,0.1878,67.48,0.7129,True
PNW,764622,2020,-0.0081,0.1511,0.0394,0.5248,0.1792,62.3,0.8258,True
PNW,764622,2021,-0.0094,0.1484,0.0366,0.4326,0.1729,57.46,0.7497,True
PNW,764622,2022,-0.0005,0.1479,0.0322,0.4719,0.1903,64.93,0.7862,True
PNW,764622,2023,-0.039,0.1406,0.0334,0.4207,0.1904,64.16,0.7031,True
PNW,764622,2024,-0.0442,0.1405,0.0388,0.4962,0.1963,79.21,0.7656,True
PNW,764622,2025,-0.0485,0.1282,0.0356,0.4549,0.1778,86.28,0.6894,True
PPG,79879,2015,0.1112,0.9089,0.142,,,80.85,,False
PPG,79879,2016,0.1403,1.0136,0.1528,,,78.75,,False
PPG,79879,2017,0.1561,1.0364,0.1387,,,98.62,,False
PPG,79879,2018,0.0992,1.1321,0.1323,,0.2276,87.77,,False
PPG,79879,2019,0.1014,1.0677,0.1282,,0.2074,116.57,,False
PPG,79879,2020,0.1006,0.9956,0.1078,,0.1921,128.31,,False
PPG,79879,2021,0.094,0.9541,0.1017,,0.7869,155.62,,False
PPG,79879,2022,0.1182,1.004,0.0984,,0.8509,115.61,,False
PPG,79879,2023,0.1098,0.9932,0.1236,,0.8429,140.11,,False
PPG,79879,2024,0.0794,1.1318,,,0.8154,114.25,,False
PPG,79879,2025,0.1384,1.0382,,,0.7184,100.59,,False
PPL,922224,2015,-0.0313,0.0751,0.0157,1.4875,,21.39,,False
PPL,922224,2016,-0.0462,0.0999,0.0186,1.5795,,22.27,,False
PPL,922224,2017,-0.0417,0.0933,0.0191,1.4617,,21.12,,False
PPL,922224,2018,-0.0491,0.1058,0.0151,1.3203,0.1793,20.48,1.1107,True
PPL,922224,2019,-0.0667,0.1105,0.0583,1.5589,0.157,27.33,1.3592,True
PPL,922224,2021,-0.011,0.069,0.0424,1.7473,0.2056,25.64,1.4772,True
PPL,922224,2025,-0.0136,0.0709,0.0471,2.0796,0.2027,34.2,1.6886,True
PG,80424,2015,-0.0011,0.6549,0.0072,2.064,,59.0,,False
PG,80424,2016,0.0237,0.6918,0.0197,2.169,,64.53,,False
PG,80424,2017,-0.0309,0.7983,0.0245,2.6155,,72.72,,False
PG,80424,2018,-0.0416,0.8338,0.0226,2.6755,,75.31,,False
PG,80424,2019,-0.0655,0.8247,-0.0451,3.6222,0.1485,105.21,3.2489,False
PG,80424,2020,-0.0413,0.8305,0.0288,3.7816,0.1466,120.1,3.6238,False
PG,80424,2021,-0.0842,0.8916,0.1508,4.6311,0.638,144.75,5.0614,False
PG,80424,2022,-0.0975,0.9592,0.152,4.5412,0.6841,137.45,5.1363,False
PG,80424,2023,-0.1085,0.978,0.1501,4.2941,0.6787,136.27,4.9894,False
PG,80424,2024,-0.0729,1.0118,0.1515,5.1719,0.6868,159.78,5.619,False
PG,80424,2025,-0.0852,1.0379,0.1633,4.4672,0.673,140.19,5.243,False
PG,80424,2026,-0.0987,1.0738,0.1561,4.6714,0.6879,145.12,5.3906,False
PEG,788784,2015,-0.0022,0.2429,0.0142,0.8512,0.0607,26.7,0.9556,True
PEG,788784,2016,-0.0005,0.2289,-0.0044,0.977,0.0522,31.45,0.9438,True
PEG,788784,2017,-0.02,0.2312,0.0085,1.1362,0.0491,38.3,1.0585,True
PEG,788784,2018,-0.0315,0.2335,0.0111,1.1238,0.0544,40.09,1.0542,True
PEG,788784,2019,-0.038,0.239,0.0106,1.238,0.0519,46.94,1.1187,True
PEG,788784,2020,-0.0378,0.2461,0.0454,1.2238,0.1919,48.05,1.375,True
PEG,788784,2021,-0.0168,0.2171,-0.0175,1.4655,0.1984,56.87,1.3039,True
PEG,788784,2022,-0.0488,0.2174,0.0283,1.4545,0.2012,53.97,1.4132,True
PEG,788784,2023,-0.0332,0.2368,0.0726,1.5948,0.2215,55.93,1.7097,True
PEG,788784,2024,-0.0415,0.2305,0.0431,2.0325,0.1883,79.77,1.8227,False
PEG,788784,2025,-0.0199,0.2335,0.0518,2.0612,0.2113,78.26,1.922,False
PTC,857005,2015,0.0396,-0.2727,0.0188,2.7839,,34.63,,False
PTC,857005,2016,-0.0051,-0.2793,-0.0157,3.3258,,46.27,,False
PTC,857005,2017,-0.0052,-0.2757,0.0173,4.4706,,60.77,,False
PTC,857005,2018,-0.0436,-0.2574,0.0314,6.1847,,82.9,,False
PTC,857005,2019,0.0542,-0.0718,0.0237,5.5559,0.4712,74.89,3.8474,False
PTC,857005,2020,0.0451,-0.0184,0.0623,6.6745,0.4311,119.61,4.6699,False
PTC,857005,2021,0.0652,0.092,0.0845,5.324,0.4009,121.15,4.0811,False
PTC,857005,2022,0.059,0.1553,0.0954,5.447,0.4125,120.04,4.2838,False
PTC,857005,2023,-0.0626,0.1548,0.0729,5.2565,0.3335,174.96,3.8695,False
PTC,857005,2024,-0.0577,0.2114,0.0921,6.2954,0.3601,183.87,4.668,False
PTC,857005,2025,0.0221,0.3149,0.1485,6.7729,0.414,174.21,5.4349,False
PWR,1050915,2015,0.206,0.3218,0.0456,1.4046,,19.86,,False
PWR,1050915,2016,0.2024,0.3504,0.0599,2.5541,,34.17,,False
PWR,1050915,2017,0.2126,0.3381,0.0585,2.1477,,38.35,,False
PWR,1050915,2018,0.2148,0.3501,0.0764,1.2802,0.4398,29.55,2.2078,False
PWR,1050915,2019,0.1882,0.3426,0.0666,1.4111,0.3736,40.15,2.1455,False
PWR,1050915,2020,0.1726,0.3888,0.0728,2.6495,1.3339,71.36,3.9153,False
PWR,1050915,2021,0.1219,0.289,0.0516,2.2114,1.0097,113.82,3.0578,False
PWR,1050915,2022,0.1582,0.3092,0.0648,2.6441,1.2681,141.85,3.691,False
PWR,1050915,2023,0.1517,0.2992,0.0695,3.2502,1.2861,215.19,4.0664,False
PWR,1050915,2024,0.0975,0.3055,0.0721,4.1773,1.267,315.48,4.5559,False
PWR,1050915,2025,0.0476,0.2677,0.0646,3.9886,1.1425,421.8,4.181,False
QCOM,804328,2015,0.315,0.6147,0.0224,2.012,0.1074,37.14,2.6273,False
QCOM,804328,2016,0.2993,0.5908,0.0345,2.5583,0.1181,50.17,2.9531,False
QCOM,804328,2017,0.4991,0.4595,0.0051,1.5472,0.0902,51.19,2.2775,False
QCOM,804328,2018,0.1881,0.0203,-0.02,1.5642,0.1775,47.31,1.3041,True
QCOM,804328,2019,0.2376,0.1355,0.0213,2.847,0.1461,76.05,2.3993,False
QCOM,804328,2020,0.2766,0.1485,0.097,4.7909,0.2345,134.68,3.9689,False
QCOM,804328,2021,0.197,0.2382,0.2374,5.5252,0.8139,164.65,5.4822,False
QCOM,804328,2022,0.1807,0.364,0.3236,3.4249,0.9018,101.12,4.751,False
QCOM,804328,2023,0.2515,0.4062,0.1526,4.8684,0.7018,136.59,4.9969,False
QCOM,804328,2024,0.267,0.4657,0.1826,5.3787,0.7064,147.94,5.5087,False
QCOM,804328,2025,0.3313,0.4117,0.2464,6.1112,0.8832,168.42,6.3369,False
DGX,1022079,2015,0.0329,0.6223,0.1404,1.2014,,57.45,,False
DGX,1022079,2016,0.0545,0.6548,0.1264,1.5285,,75.78,,False
DGX,1022079,2017,0.0237,0.6796,0.1109,1.6354,,82.71,,False
DGX,1022079,2018,-0.0086,0.6909,0.1001,1.3591,,71.26,,False
DGX,1022079,2019,0.0389,0.6365,0.0958,1.4322,0.15,93.45,2.2633,False
DGX,1022079,2020,0.0914,0.6633,0.1405,1.6195,0.214,106.63,2.6877,False
DGX,1022079,2021,0.0726,0.562,0.1749,2.4282,0.7926,157.67,3.7006,False
DGX,1022079,2022,0.027,0.6458,0.1112,2.3108,0.7699,145.38,3.46,False
DGX,1022079,2023,0.0397,0.6294,0.09,1.8708,0.6598,130.77,3.0081,False
DGX,1022079,2024,0.0138,0.5795,0.0833,1.7206,0.6112,146.15,2.7463,False
DGX,1022079,2025,0.0062,0.616,0.0959,2.0879,0.6801,171.29,3.1191,False
Q,2058873,2025,0.0911,0.0013,0.0684,2.5433,0.3379,81.5,2.2006,False
RL,1037038,2015,0.3501,0.9478,0.1695,,,90.75,,False
RL,1037038,2016,0.2986,0.9681,0.0937,,,75.13,,False
RL,1037038,2017,0.3175,1.0177,-0.0168,,,88.31,,False
RL,1037038,2018,0.3192,0.9363,0.0811,,,89.91,,False
RL,1037038,2019,0.403,1.0061,0.0945,,1.0623,104.36,,False
RL,1037038,2020,0.1763,0.8234,0.0435,,0.8461,93.27,,False
RL,1037038,2021,0.3326,0.7446,-0.0055,,0.5579,108.8,,False
RL,1037038,2022,0.2539,0.8123,0.1034,,0.805,99.66,,False
RL,1037038,2023,0.2696,0.9718,0.1037,,0.9491,139.34,,False
RL,1037038,2024,0.2866,1.068,0.1146,,1.0044,226.92,,False
RL,1037038,2025,0.235,1.077,0.1323,,1.0045,351.78,,False
RL,1037038,2026,0.2663,1.0738,0.1524,,1.0485,346.9,,False
RDDT,1713445,2024,0.8762,-0.5139,-0.2399,,0.5565,163.44,,False
RDDT,1713445,2025,0.8844,-0.2072,0.1364,,0.68,229.87,,False
RTX,101829,2015,0.0467,0.571,0.0833,1.0866,,47.18,,False
RTX,101829,2016,0.0741,0.5894,0.0911,1.2365,,55.27,,False
RTX,101829,2017,0.0874,0.57,0.0895,1.3575,,65.84,,False
RTX,101829,2018,0.0308,0.4308,0.0637,0.81,,56.19,,False
RTX,101829,2019,0.0208,0.4409,0.0642,1.1651,,80.82,,False
RTX,101829,2020,0.0464,0.3048,-0.0116,0.9632,,63.08,,False
RTX,101829,2021,0.0409,0.3114,0.0307,1.2086,,77.75,,False
RTX,101829,2022,0.021,0.329,0.0341,1.4856,,93.31,,False
RTX,101829,2023,0.0102,0.3222,0.022,1.0715,0.4258,79.84,1.6046,True
RTX,101829,2024,-0.0022,0.329,0.0401,1.5011,0.4957,112.38,1.9868,False
RTX,101829,2025,0.009,0.3315,0.0544,2.3525,0.5179,181.43,2.5838,False
REGN,872589,2015,0.3751,0.152,0.2232,25.8549,,537.79,,False
REGN,872589,2016,0.278,0.2507,0.1908,13.5359,,363.66,,False
REGN,872589,2017,0.3651,0.3362,0.2373,13.3553,,372.45,,False
REGN,872589,2018,0.4265,0.4478,0.216,11.6769,0.1643,370.01,9.0218,False
REGN,872589,2019,0.3777,0.4985,0.1493,9.4061,0.1465,371.97,7.4339,False
REGN,872589,2020,0.4126,0.6347,0.2084,7.3258,0.1412,478.59,6.608,False
REGN,872589,2021,0.3964,0.7458,0.3518,8.8179,0.6319,625.62,8.6032,False
REGN,872589,2022,0.4362,0.7978,0.1622,10.2518,0.4167,714.75,8.7434,False
REGN,872589,2023,0.4854,0.8241,0.1223,11.5024,0.3965,870.08,9.4378,False
REGN,872589,2024,0.3897,0.8388,0.1057,7.8876,0.3761,705.67,7.0995,False
REGN,872589,2025,0.3366,0.8826,0.0882,7.7665,0.3536,768.9,6.9442,False
RSG,1060391,2015,-0.0256,0.1611,0.019,0.875,,36.97,,False
RSG,1060391,2017,-0.0567,0.1964,0.0192,1.3794,,59.41,,False
RSG,1060391,2018,-0.0534,0.2198,0.0224,1.4465,0.117,64.67,1.3023,True
RSG,1060391,2019,-0.0643,0.2344,0.0202,1.7216,0.1136,81.89,1.4644,True
RSG,1060391,2020,-0.0324,0.2454,0.0185,1.8373,0.1098,89.7,1.5778,True
RSG,1060391,2021,-0.0282,0.2595,0.0832,2.5277,0.4526,131.88,2.5732,False
RSG,1060391,2022,-0.0356,0.2532,0.0823,1.9566,0.4651,123.75,2.2225,False
RSG,1060391,2023,-0.0588,0.2685,0.0885,2.3541,0.4764,160.43,2.4863,False
RSG,1060391,2024,-0.0531,0.3016,0.0986,2.8784,0.4948,197.37,2.9058,False
RSG,1060391,2025,-0.0409,0.3248,0.0961,2.8722,0.4828,210.09,2.9288,False
RMD,943819,2015,0.5388,0.9047,0.1874,11.4396,,47.34,,False
RMD,943819,2016,0.2397,0.6629,0.1316,5.1518,,55.86,,False
RMD,943819,2017,0.3702,0.6678,0.1228,7.4296,,77.68,,False
RMD,943819,2018,0.181,0.7939,0.1768,15.2069,,105.94,,False
RMD,943819,2019,0.1435,0.5931,0.141,10.3497,0.6346,146.04,8.3123,False
RMD,943819,2020,0.2007,0.6176,0.1765,13.9411,0.6446,202.02,10.6972,False
RMD,943819,2021,0.1402,0.6513,0.1911,19.5195,0.6761,249.31,14.0987,False
RMD,943819,2022,0.2438,0.7092,0.1963,16.6915,0.7022,200.77,12.6502,False
RMD,943819,2023,0.2384,0.6299,0.1676,9.2186,0.6255,167.55,7.8778,False
RMD,943819,2024,0.2106,0.7263,0.1921,16.1487,0.6818,224.83,12.2743,False
RMD,943819,2025,0.3042,0.744,0.2062,15.6194,0.6296,238.92,12.0882,False
RMD,943819,2026,0.3268,0.8092,0.2104,14.5491,0.6305,240.1,11.5794,False
RVTY,31791,2015,0.1132,0.478,0.0203,2.8137,,51.84,,False
RVTY,31791,2016,0.1372,0.4954,0.0188,2.6668,,50.74,,False
RVTY,31791,2017,0.0409,0.3908,0.016,2.2225,,71.47,,False
RVTY,31791,2018,0.0775,0.4355,0.0194,2.5355,0.4649,77.04,2.7527,False
RVTY,31791,2019,0.0935,0.4301,0.0211,2.8622,0.441,95.54,2.9424,False
RVTY,31791,2020,0.0737,0.4406,0.0641,3.7397,0.4752,141.59,3.6358,False
RVTY,31791,2021,0.0818,0.2945,0.0888,2.8219,0.3378,198.75,2.8344,False
RVTY,31791,2022,0.1234,0.3504,0.0097,2.2967,0.2344,138.87,2.2832,False
RVTY,31791,2023,0.1143,0.4135,0.0222,2.1271,0.2028,108.5,2.2682,False
RVTY,31791,2024,0.1369,0.4717,0.028,2.6227,0.2223,111.07,2.7129,False
RVTY,31791,2025,0.0747,0.4975,0.0293,2.1909,0.2347,96.56,2.4321,False
HOOD,1783879,2021,0.3509,-0.1961,-0.1864,,,17.76,,False
HOOD,1783879,2022,0.2856,-0.2102,-0.044,,,8.14,,False
HOOD,1783879,2023,0.1932,-0.1684,-0.0165,,,12.74,,False
HOOD,1783879,2024,0.2673,-0.1541,0.0406,,,37.26,,False
HOOD,1783879,2025,0.1976,-0.0564,0.0553,,,113.1,,False
ROK,1024478,2015,0.4247,0.8302,,2.2416,,83.73,,False
ROK,1024478,2016,0.3111,0.7982,,2.446,,112.58,,False
ROK,1024478,2017,0.3176,0.8522,,4.1377,,167.6,,False
ROK,1024478,2018,0.0948,0.9898,,3.1343,,131.09,,False
ROK,1024478,2019,0.1716,1.0535,,3.515,0.283,180.7,,False
ROK,1024478,2020,0.1204,0.9828,,4.0594,0.2161,227.99,,False
ROK,1024478,2021,0.0067,0.7476,,4.3014,0.6539,321.96,,False
ROK,1024478,2022,0.0036,0.7819,,3.348,0.7213,242.19,,False
ROK,1024478,2023,0.1367,0.8188,,4.26,0.8013,297.01,,False
ROK,1024478,2024,0.0247,0.8578,,3.9989,0.7358,278.5,,False
ROK,1024478,2025,0.0415,0.4833,0.1518,5.6565,0.7436,385.34,5.3648,False
ROL,84839,2015,0.0714,0.36,,14.6804,,10.02,,False
ROL,84839,2016,0.0144,0.3746,,18.389,,13.3,,False
ROL,84839,2017,-0.0307,0.3874,,23.5163,,18.56,,False
ROL,84839,2018,-0.0119,0.3384,,27.5055,1.6649,21.85,,False
ROL,84839,2019,-0.0575,0.2408,,10.5335,,20.33,,False
ROL,84839,2020,-0.0855,0.1944,,19.2982,,36.28,,False
ROL,84839,2021,-0.0701,0.2529,0.2221,17.1994,1.2239,32.13,12.5464,False
ROL,84839,2022,-0.0684,0.3238,0.2325,19.5536,1.2704,34.74,14.141,False
ROL,84839,2023,-0.0655,0.2182,0.2247,14.0679,1.1841,42.1,10.5933,False
ROL,84839,2024,-0.0718,0.2605,0.2331,14.6305,1.2018,45.28,11.0278,False
ROL,84839,2025,-0.0996,0.2353,0.2312,16.168,1.1976,59.35,11.8712,False
ROP,882835,2015,0.0883,0.4042,0.0274,3.6078,,177.63,,False
ROP,882835,2016,0.0231,0.3241,0.0202,1.9987,,172.51,,False
ROP,882835,2017,-0.0189,0.3817,0.0242,3.2597,,245.64,,False
ROP,882835,2018,0.0107,0.4097,0.0239,3.3481,0.0903,254.27,2.7643,False
ROP,882835,2019,-0.022,0.4317,0.022,3.9008,0.077,339.87,3.0682,False
ROP,882835,2020,-0.0288,0.3557,0.0158,3.0372,0.0627,415.96,2.4007,False
ROP,882835,2021,-0.0295,0.3987,0.0135,3.8833,0.0638,477.07,2.9611,False
ROP,882835,2022,-0.0356,0.5089,0.0153,3.8097,0.053,421.53,3.0591,False
ROP,882835,2023,-0.0526,0.526,0.0164,4.9348,0.0573,535.02,3.7456,False
ROP,882835,2024,-0.0731,0.5117,0.0167,4.0697,0.0599,513.01,3.1857,False
ROP,882835,2025,-0.052,0.4976,0.0646,2.9745,0.2285,441.98,2.8609,False
ROST,745732,2015,0.158,0.3235,,6.4607,,48.48,,False
ROST,745732,2016,0.1998,0.3392,,7.4384,,59.64,,False
ROST,745732,2017,0.214,0.362,,8.8052,,73.67,,False
ROST,745732,2018,0.2296,0.3785,,8.9086,0.6763,77.19,,False
ROST,745732,2019,0.0782,0.2493,,5.8198,0.4721,109.11,,False
ROST,745732,2020,0.2143,0.1719,,3.9122,0.3341,115.45,,False
ROST,745732,2021,0.2389,0.2108,,3.6173,1.3868,108.48,,False
ROST,745732,2022,0.2436,0.2273,,3.9082,1.3935,111.67,,False
ROST,745732,2023,0.2246,0.2482,,4.5644,1.425,134.72,,False
ROST,745732,2024,0.193,0.277,0.1735,5.0559,1.4176,148.71,5.6429,False
ROST,745732,2025,0.1809,0.304,0.1741,6.1104,1.4632,179.06,6.3466,False
RCL,884887,2018,-0.2119,0.3705,0.0131,1.5217,0.3428,91.32,1.5636,True
RCL,884887,2019,-0.224,0.3801,0.0099,1.9436,0.083,127.8,1.5451,True
RCL,884887,2020,-0.0069,0.1713,-0.0313,0.8147,0.0011,72.21,0.6181,True
RCL,884887,2021,-0.1142,0.0094,-0.12,0.7317,0.0475,74.34,-0.0334,True
RCL,884887,2022,-0.1589,-0.0506,-0.0226,0.4135,0.2617,47.79,0.1737,True
RCL,884887,2023,-0.2166,-0.0003,0.0819,1.1074,0.3957,125.18,1.0702,True
RCL,884887,2024,-0.2188,0.0705,0.1108,2.0428,0.4447,224.06,1.8719,False
RCL,884887,2025,-0.2365,0.1424,0.118,2.339,0.4309,274.38,2.1391,False
SPGI,64040,2015,0.0474,0.9332,0.0518,,,84.24,,False
SPGI,64040,2016,0.1223,1.0624,0.0989,,,93.13,,False
SPGI,64040,2017,0.1178,1.0637,0.0666,,,148.38,,False
SPGI,64040,2018,0.1031,1.1931,0.0744,,0.1624,150.41,,False
SPGI,64040,2019,0.1427,1.0755,0.0721,,0.1529,244.07,,False
SPGI,64040,2020,0.1915,1.0662,0.0523,,0.1489,296.29,,False
SPGI,64040,2021,0.3324,0.9994,0.2809,,0.5522,428.69,,False
SPGI,64040,2022,-0.0054,0.2878,0.08,,0.181,307.01,,False
SPGI,64040,2023,-0.0162,0.3091,0.0663,,0.2063,407.69,,False
SPGI,64040,2025,-0.0219,0.3867,0.1058,,0.2506,491.01,,False
CRM,1108524,2015,-0.0786,-0.0567,-0.0033,9.4247,,76.93,,False
CRM,1108524,2016,-0.0994,-0.0512,0.0016,7.1176,,67.18,,False
CRM,1108524,2017,-0.0717,-0.0264,-0.0013,8.1861,,100.31,,False
CRM,1108524,2018,-0.0399,-0.0161,0.0037,9.5211,,134.4,,False
CRM,1108524,2019,-0.0186,0.0564,0.0045,8.6798,0.1172,159.59,5.3965,False
CRM,1108524,2020,0.0628,0.0895,0.0069,7.244,0.3205,218.36,4.8902,False
CRM,1108524,2021,0.0628,0.0895,0.0069,8.2728,0.3205,249.37,5.5075,False
CRM,1108524,2022,0.0112,0.0775,0.0058,2.888,0.2783,130.11,2.1519,False
CRM,1108524,2023,0.0051,0.0767,0.0104,5.2484,0.3172,258.21,3.6141,False
CRM,1108524,2024,0.0245,0.1174,0.0502,6.7578,0.3492,329.9,4.7633,False
CRM,1108524,2025,-0.0792,0.1979,0.0742,4.0731,0.3698,263.11,3.2404,False
SNDK,2023554,2025,0.2818,-0.1374,-0.106,9.2218,0.5664,237.38,5.8953,False
SNDK,2023554,2026,0.3199,0.4287,0.5505,33.879,0.8996,1566.7,24.0275,False
SBAC,1034054,2015,0.0028,-0.4279,0.0111,1.1082,,95.16,,False
SBAC,1034054,2016,-0.0746,-0.4942,0.0146,1.0603,,93.52,,False
SBAC,1034054,2017,-0.0026,-0.5995,0.0163,1.5823,,147.95,,False
SBAC,1034054,2018,-0.1154,-0.712,0.0208,1.4687,,146.62,,False
SBAC,1034054,2019,-0.0732,-0.5697,0.0158,1.7316,0.0158,218.9,0.2213,True
SBAC,1034054,2020,-0.0155,-0.7211,0.018,1.9587,0.014,257.88,0.2206,True
SBAC,1034054,2021,-0.0002,-0.7349,0.0201,2.523,0.0209,358.34,0.572,True
SBAC,1034054,2022,-0.0202,-0.7069,0.0222,1.7459,0.028,260.51,0.1349,True
SBAC,1034054,2023,-0.0864,-0.732,0.0206,1.6575,0.0191,239.27,-0.0468,True
SBAC,1034054,2024,0.0158,-0.6417,0.0335,1.2608,0.0134,195.78,0.0011,True
SBAC,1034054,2025,-0.1646,-0.6263,0.0258,1.2306,0.0211,189.66,-0.2297,True
SLB,87347,2015,0.1881,0.601,0.0957,2.3871,,51.63,,False
SLB,87347,2016,0.1138,0.4678,0.042,2.5986,,63.78,,False
SLB,87347,2017,0.0447,0.4472,0.0545,2.2523,,52.7,,False
SLB,87347,2018,0.0318,0.449,0.0594,1.2763,0.4654,29.17,2.094,False
SLB,87347,2019,0.0432,0.333,0.0706,1.5859,0.5845,34.34,2.2872,False
SLB,87347,2020,0.0572,0.1654,0.0566,0.9561,0.5562,19.29,1.6167,True
SLB,87347,2021,0.0553,0.1975,0.0811,1.524,0.5524,26.93,2.0772,False
SLB,87347,2022,0.0692,0.2485,0.1162,2.8796,0.6512,48.79,3.1933,False
SLB,87347,2023,0.0901,0.2814,0.136,2.7012,0.6909,48.41,3.2627,False
SLB,87347,2024,0.1177,0.335,,2.041,0.7416,36.56,,False
SLB,87347,2025,0.0873,0.3293,,2.0322,0.6508,37.76,,False
STX,1137789,2015,0.3276,-0.2728,0.209,0.7622,,22.96,,False
STX,1137789,2016,0.1556,-0.5224,0.0539,0.8863,,26.04,,False
STX,1137789,2017,0.2606,-0.5148,0.1137,0.8711,,30.38,,False
STX,1137789,2018,0.119,-0.499,0.1736,0.8633,,29.5,,False
STX,1137789,2019,0.2398,-0.4895,0.1674,1.6124,1.1694,47.83,2.2917,False
STX,1137789,2020,0.1559,-0.5492,0.1456,1.6715,1.1768,52.68,2.0784,False
STX,1137789,2021,0.0989,-0.7268,0.172,2.7832,1.2312,98.78,2.5699,False
STX,1137789,2022,0.0534,-0.7957,0.2186,1.2311,1.3038,47.99,1.7139,True
STX,1137789,2023,0.0414,-1.1474,-0.0453,2.101,0.9772,81.16,0.5318,True
STX,1137789,2024,0.0301,-1.1578,0.0584,2.0739,0.8465,84.46,0.6988,True
STX,1137789,2026,0.21,-0.5928,0.4105,24.0548,1.2229,828.38,16.4327,False
STX,1137789,2027,0.1253,-1.016,0.2356,,1.1339,,,False
SRE,1032208,2015,-0.0418,0.2429,,0.7544,,33.86,,False
SRE,1032208,2016,-0.059,0.2243,,0.6999,,37.3,,False
SRE,1032208,2017,-0.0653,0.2011,,0.706,,40.81,,False
SRE,1032208,2018,-0.064,0.1666,0.0134,0.6408,0.1818,42.64,0.7669,True
SRE,1032208,2019,-0.0885,0.1695,0.0269,0.8777,0.1544,61.41,0.9008,True
SRE,1032208,2020,-0.0349,0.2052,0.0268,0.8095,0.1548,53.56,0.9742,True
SRE,1032208,2021,-0.0786,0.188,0.0116,0.8163,0.1621,57.52,0.859,True
SRE,1032208,2022,-0.0507,0.1807,0.0256,0.8791,0.1746,69.2,0.9786,True
SRE,1032208,2023,-0.053,0.1805,0.0374,0.7727,0.1703,69.16,0.9464,True
SRE,1032208,2024,-0.0457,0.1766,0.0282,0.8431,0.1229,83.75,0.9143,True
SRE,1032208,2025,0.1167,0.1542,0.0161,0.7178,0.112,87.06,0.9518,True
NOW,1373715,2015,0.1959,-0.3082,-0.0921,14.4315,,17.31,,False
NOW,1373715,2016,0.1333,-0.4904,-0.2079,9.3366,,14.87,,False
NOW,1373715,2017,0.0912,-0.3374,-0.0298,9.5838,,26.08,,False
NOW,1373715,2018,0.0856,-0.2523,-0.0109,13.3026,0.6725,35.61,8.3675,False
NOW,1373715,2019,0.0123,-0.0585,0.007,14.9903,0.5746,56.46,9.5247,False
NOW,1373715,2020,0.09,-0.0268,0.0228,19.3575,0.5186,110.09,12.2789,False
NOW,1373715,2021,0.0251,-0.0004,0.0238,18.8982,0.546,129.82,11.9931,False
NOW,1373715,2022,0.0488,0.0254,0.0267,9.7121,0.5448,77.65,6.5543,False
NOW,1373715,2023,0.0237,0.119,0.0438,14.9712,0.516,141.3,9.8384,False
NOW,1373715,2024,0.0407,0.1714,0.0669,20.3479,0.5389,212.02,13.2573,False
NOW,1373715,2025,0.0011,0.2013,0.0701,12.1155,0.5099,153.19,8.2936,False
SHW,89800,2015,0.0893,0.5575,0.3389,3.8588,,78.27,,False
SHW,89800,2016,0.1182,0.5997,0.3205,4.0851,,82.02,,False
SHW,89800,2017,0.024,0.2757,0.1149,1.8864,,126.4,,False
SHW,89800,2018,0.0024,0.3265,0.1365,1.9278,,122.32,,False
SHW,89800,2019,0.0054,0.3594,0.137,2.7149,0.8734,183.11,3.4642,False
SHW,89800,2020,-0.0001,0.0414,0.1654,3.3636,0.22,232.65,2.8417,False
SHW,89800,2021,-0.0322,0.1027,0.1492,4.4891,0.2304,337.1,3.5213,False
SHW,89800,2022,-0.0023,0.1559,0.1504,2.8564,0.9803,229.35,3.4058,False
SHW,89800,2023,-0.0485,0.2304,0.1813,3.8411,1.0042,304.41,4.1715,False
SHW,89800,2024,-0.0596,0.3066,,4.1474,0.9774,334.54,,False
SHW,89800,2025,-0.0352,0.0397,,3.6663,0.9101,321.74,,False
SWKS,4127,2015,0.3901,0.395,0.2751,16.4118,,61.1,,False
SWKS,4127,2016,0.4648,0.5871,0.2902,28.9253,,60.36,,False
SWKS,4127,2017,0.491,0.669,0.2741,23.0138,,77.68,,False
SWKS,4127,2018,0.3878,0.773,0.2732,11.4494,,55.69,,False
SWKS,4127,2019,0.3845,0.8911,0.1967,21.5084,0.171,102.53,15.434,False
SWKS,4127,2020,0.366,0.9439,0.1746,21.0119,0.1874,131.61,15.1315,False
SWKS,4127,2021,0.2569,0.6037,0.1877,6.1768,0.5947,135.2,6.0737,False
SWKS,4127,2022,0.2257,0.611,0.1721,3.5881,0.6182,81.19,4.4652,False
SWKS,4127,2023,0.2639,0.6973,0.1335,6.5954,0.5663,102.74,6.257,False
SWKS,4127,2024,0.3306,0.7283,0.077,6.4438,0.5044,83.36,6.0409,False
SWKS,4127,2025,0.2215,0.7145,0.0632,4.3277,0.5162,62.12,4.5874,False
SJM,91419,2015,0.061,0.0687,0.0457,0.9646,,88.45,,False
SJM,91419,2016,0.0225,0.0793,0.0717,1.1162,,93.79,,False
SJM,91419,2017,-0.0122,0.0793,0.066,1.1343,,93.33,,False
SJM,91419,2018,0.0341,0.1463,0.0677,1.0417,,72.26,,False
SJM,91419,2019,-0.0429,0.1417,0.0556,1.0146,0.1138,83.02,1.0529,True
SJM,91419,2020,0.0227,0.1619,0.0721,1.1566,0.1233,95.06,1.309,True
SJM,91419,2021,-0.0569,0.1749,0.0852,1.5065,0.4914,115.07,1.853,False
SJM,91419,2022,0.0036,0.1802,0.0638,1.8645,0.4982,138.15,2.0839,False
SJM,91419,2023,0.0582,0.1422,0.0105,1.5753,0.5689,113.56,1.8177,False
SJM,91419,2024,-0.0885,0.1079,0.0644,0.8717,0.4034,102.65,1.1839,True
SJM,91419,2025,-0.0288,0.0286,-0.0384,0.8829,0.4968,94.89,0.9054,True
SJM,91419,2026,-0.0348,-0.0062,0.0222,1.3124,0.558,131.16,1.3682,True
SW,2005951,2024,0.0622,0.0674,0.023,1.0126,0.4824,50.91,1.3349,True
SW,2005951,2025,0.0747,0.0588,0.0381,0.735,0.6905,37.56,1.4291,True
SNA,91440,2015,0.2737,0.6657,0.1705,3.333,,132.49,,False
SNA,91440,2016,0.1894,0.7167,0.1809,3.3323,,134.51,,False
SNA,91440,2017,0.1764,0.7187,0.1679,3.1673,,139.41,,False
SNA,91440,2018,0.2354,0.7924,0.1779,2.7232,0.6923,118.69,4.3052,False
SNA,91440,2019,0.2517,0.8395,0.169,3.2435,0.6513,141.88,4.6325,False
SNA,91440,2020,0.2925,0.7864,0.1343,2.8164,0.5443,147.59,4.1293,False
SNA,91440,2021,0.3064,0.8432,0.1662,3.8483,0.6255,190.15,5.0312,False
SNA,91440,2022,0.3438,0.903,0.1731,4.3381,0.6409,207.09,5.4918,False
SNA,91440,2023,0.3592,0.921,0.1737,5.6677,0.6234,268.61,6.3176,False
SNA,91440,2024,0.3834,0.9604,0.1704,6.7614,0.5923,324.14,7.0162,False
SNA,91440,2025,0.4142,0.9673,0.1578,7.1202,0.5598,338.0,7.2041,False
SOLV,1964738,2024,0.0378,0.0167,0.0717,0.978,0.5709,66.06,1.463,True
SOLV,1964738,2025,0.0506,0.1257,0.1526,1.459,0.5824,79.24,2.198,False
SO,92122,2015,-0.0332,0.1278,0.0074,0.6022,0.0456,30.01,0.5703,True
SO,92122,2016,-0.0291,0.0944,0.0054,0.4491,0.0472,32.99,0.4316,True
SO,92122,2017,-0.0317,0.08,0.0072,0.4473,0.0507,33.79,0.4167,True
SO,92122,2018,-0.0402,0.0745,0.0049,0.4186,0.0456,32.52,0.3691,True
SO,92122,2019,-0.023,0.0916,0.0058,0.6415,0.0414,49.31,0.5462,True
SO,92122,2020,-0.0282,0.092,0.0397,0.6187,0.1657,49.62,0.7631,True
SO,92122,2021,-0.0153,0.0857,0.029,0.6853,0.1812,57.73,0.7897,True
SO,92122,2022,-0.0394,0.0855,0.0398,0.7019,0.2171,62.49,0.8421,True
SO,92122,2023,-0.0218,0.0896,0.0418,0.6916,0.1812,63.87,0.8335,True
SO,92122,2024,-0.0365,0.0947,0.0487,0.8077,0.1841,77.74,0.9181,True
SO,92122,2025,-0.0383,0.0954,0.0468,0.8211,0.1898,85.11,0.9244,True
LUV,92380,2015,-0.1587,0.4415,0.0481,1.3245,,37.78,,False
LUV,92380,2016,-0.1007,0.4903,0.0363,1.4539,,44.12,,False
LUV,92380,2017,-0.0832,0.5823,0.0308,1.9468,,58.42,,False
LUV,92380,2018,-0.1096,0.6084,0.0312,1.2518,0.837,41.94,2.4114,False
LUV,92380,2019,-0.115,0.693,0.0257,1.5036,0.8661,49.37,2.6852,False
LUV,92380,2020,0.2217,0.4272,-0.0338,0.8141,0.2616,42.79,1.5027,True
LUV,92380,2021,0.2443,0.4343,0.0474,0.7427,0.4347,39.33,1.9379,False
LUV,92380,2022,0.1253,0.4598,0.0288,0.6126,0.6733,30.91,1.9297,False
LUV,92380,2023,0.0466,0.4467,0.0061,0.5135,0.7151,27.26,1.7246,True
LUV,92380,2024,-0.0297,0.4839,0.0095,0.6788,0.8143,32.47,1.8948,False
LUV,92380,2025,-0.1815,0.5639,0.0147,0.9464,0.9657,40.78,2.1537,False
SWK,93556,2015,0.0566,0.296,0.1153,1.29,,79.96,,False
SWK,93556,2016,0.1267,0.3279,0.1177,1.4285,,87.67,,False
SWK,93556,2017,0.0293,0.3204,0.097,1.7219,0.1873,131.94,2.0242,False
SWK,93556,2019,0.0025,0.3288,0.0968,1.7639,0.1803,133.86,2.0215,False
SWK,93556,2020,0.0627,0.32,0.0923,1.7736,0.187,146.88,2.0792,False
SWK,93556,2021,-0.0086,0.3102,,1.4345,0.1444,157.58,,False
SWK,93556,2022,0.0563,0.3739,,0.641,0.1597,64.73,,False
SWK,93556,2023,0.0479,0.3609,,0.9071,0.6669,87.74,,False
SWK,93556,2024,0.0669,0.3819,,0.856,0.7033,74.42,,False
SWK,93556,2025,0.0345,0.3881,,0.8928,0.7122,72.06,,False
SBUX,829224,2015,0.0562,0.4801,0.0779,8.2408,,47.9,,False
SBUX,829224,2016,0.0149,0.4152,0.0857,6.0737,,44.96,,False
SBUX,829224,2017,0.074,0.3873,0.0712,6.0618,,47.37,,False
SBUX,829224,2018,0.2819,0.0603,0.0396,2.6961,0.2609,54.35,2.4321,False
SBUX,829224,2019,-0.0268,-0.3003,0.0564,3.3863,0.351,75.6,2.1163,False
SBUX,829224,2020,0.0156,-0.2661,0.019,2.879,0.2112,93.88,1.6476,True
SBUX,829224,2021,0.0511,-0.2012,0.1552,3.2408,0.9257,104.35,3.162,False
SBUX,829224,2022,-0.0762,-0.302,0.165,2.816,1.1527,90.6,2.8727,False
SBUX,829224,2023,-0.0693,-0.2464,0.1994,2.7263,1.2218,89.52,3.0873,False
SBUX,829224,2024,-0.0709,-0.2343,0.1726,2.5663,1.1543,87.3,2.8505,False
SBUX,829224,2025,-0.0883,-0.2584,0.0917,2.3508,1.1613,82.71,2.4068,False
STLD,1022671,2015,0.3229,0.3169,-0.0615,0.5878,,14.48,,False
STLD,1022671,2016,0.3451,0.3441,0.0087,1.1945,,29.46,,False
STLD,1022671,2017,0.3851,0.4193,0.0286,1.467,,36.33,,False
STLD,1022671,2018,0.3912,0.5138,0.0475,0.9686,1.532,25.79,3.4585,False
STLD,1022671,2019,0.3923,0.534,0.022,1.0249,1.2629,30.11,3.1687,False
STLD,1022671,2020,0.3237,0.5136,0.0279,0.9872,1.0348,33.87,2.8268,False
STLD,1022671,2021,0.373,0.6194,0.3432,1.3396,1.4665,58.05,4.7175,False
STLD,1022671,2022,0.3959,0.8034,0.3596,2.1971,1.5162,92.96,5.6209,False
STLD,1022671,2023,0.2989,0.9086,0.2114,2.6952,1.2607,114.12,5.206,False
STLD,1022671,2024,0.2197,0.9908,0.1301,2.6761,1.1744,111.84,4.8602,False
STLD,1022671,2025,0.2657,0.9555,0.0899,3.2254,1.107,168.54,4.9954,False
STE,1757898,2019,0.116,0.2639,0.0811,7.4032,0.1514,143.3,5.3697,False
STE,1757898,2020,0.13,0.3036,0.099,8.6853,0.1517,179.84,6.2705,False
STE,1757898,2021,0.0964,0.295,0.0834,8.4617,0.1329,232.85,6.0138,False
STE,1757898,2022,0.0838,0.175,0.0373,3.5629,0.106,178.29,2.7122,False
STE,1757898,2023,0.1062,0.1766,0.0248,4.4128,0.4581,214.29,3.5624,False
STE,1757898,2024,0.1752,0.1887,0.0756,4.1535,0.1283,202.28,3.3442,False
STE,1757898,2025,0.0964,0.244,0.0854,6.9406,0.5381,251.36,5.4415,False
STE,1757898,2026,0.1164,0.2809,0.1026,6.3879,0.5528,231.93,5.2571,False
SYK,310764,2016,0.2306,0.4327,0.106,3.8058,,108.0,,False
SYK,310764,2017,0.2031,0.4048,0.1032,4.4367,,141.31,,False
SYK,310764,2018,0.1809,0.3954,0.0932,3.5823,0.1394,144.75,3.3668,False
SYK,310764,2019,0.2307,0.3894,0.0899,4.3282,0.1369,195.89,3.8527,False
SYK,310764,2020,0.1359,0.363,0.0648,4.1789,0.1241,231.47,3.5165,False
SYK,310764,2021,0.1579,0.3892,0.0746,4.9542,0.1357,255.14,4.0889,False
SYK,310764,2022,0.1077,0.4003,0.077,4.4703,0.141,236.21,3.7671,False
SYK,310764,2023,0.1152,0.4202,0.0974,5.2614,0.1457,292.43,4.3505,False
SYK,310764,2024,0.1683,0.4312,0.0858,6.0933,0.1498,354.84,4.8947,False
SYK,310764,2025,0.1455,0.4279,0.1022,5.2743,0.1499,349.59,4.4253,False
SMCI,1375365,2015,0.4224,0.3431,0.1347,3.4193,,2.45,,False
SMCI,1375365,2016,0.4928,0.3826,0.0917,4.1558,,2.81,,False
SMCI,1375365,2017,0.3885,0.3207,0.0626,1.8523,,2.09,,False
SMCI,1375365,2019,0.4848,0.3637,0.0578,2.1266,0.5077,2.4,3.0653,False
SMCI,1375365,2020,0.4613,0.3629,0.0446,2.4417,0.4671,3.17,3.141,False
SMCI,1375365,2021,0.4007,0.2934,0.0553,2.5176,1.5867,4.39,4.1713,False
SMCI,1375365,2022,0.4169,0.2942,0.1046,3.0313,1.6212,8.21,4.6973,False
SMCI,1375365,2023,0.4911,0.39,0.2071,10.9703,1.9385,28.43,10.3395,False
SMCI,1375365,2024,0.6703,0.2631,0.1232,4.542,1.5255,30.48,5.83,False
SMCI,1375365,2025,0.7103,0.245,0.0894,2.492,1.5674,29.27,4.5528,False
SMCI,1375365,2026,0.6868,0.1887,0.0925,1.5836,1.3045,37.28,3.6483,False
SNPS,883241,2015,-0.0029,0.342,0.0528,4.572,,45.61,,False
SNPS,883241,2016,0.0004,0.3717,0.0606,5.5152,,58.86,,False
SNPS,883241,2017,0.0127,0.3973,0.0644,7.7173,,85.24,,False
SNPS,883241,2018,-0.0909,0.4139,0.0586,6.0668,,84.24,,False
SNPS,883241,2019,-0.0021,0.494,0.0812,11.5166,0.5247,139.2,8.3918,False
SNPS,883241,2020,0.051,0.4726,0.0772,15.9348,0.4589,259.24,10.9975,False
SNPS,883241,2021,0.0451,0.5198,0.084,20.4494,0.4804,368.5,13.8089,False
SNPS,883241,2022,0.0253,0.5876,0.1234,15.8563,0.5396,319.29,11.3135,False
SNPS,883241,2023,0.0431,0.6524,0.1228,23.784,0.5654,514.91,16.2063,False
SNPS,883241,2024,0.2922,0.6872,0.1037,22.9641,0.4687,485.36,15.902,False
SNPS,883241,2025,0.0475,0.2139,0.019,4.524,0.1463,469.72,3.2797,False
SYY,96021,2015,0.1164,,0.0067,1.1717,,31.03,,False
SYY,96021,2016,0.3361,,0.0327,1.5668,,43.06,,False
SYY,96021,2017,0.1091,,0.0314,1.5173,,48.43,,False
SYY,96021,2018,0.0783,,0.0381,1.5762,,51.08,,False
SYY,96021,2019,0.1135,,0.0401,2.215,0.8613,71.33,,False
SYY,96021,2020,0.2488,,-0.0235,1.4287,0.3918,63.92,,False
SYY,96021,2021,0.1594,,0.0266,1.6725,0.7536,69.21,,False
SYY,96021,2022,0.0785,,0.0347,1.599,0.8584,68.99,,False
SYY,96021,2023,0.0906,,0.0425,1.5635,0.8645,67.81,,False
SYY,96021,2024,0.0723,,0.1285,1.5156,3.1643,72.84,,False
SYY,96021,2025,0.0766,,0.1153,1.3867,3.0391,72.12,,False
SYY,96021,2026,0.1026,,0.109,1.5097,2.9775,81.08,,False
TTWO,946581,2015,0.3653,-0.0711,-0.1086,3.9055,,34.84,,False
TTWO,946581,2016,0.3184,-0.0645,0.0172,4.5877,,49.29,,False
TTWO,946581,2017,0.1617,-0.0317,0.0354,9.5677,,109.78,,False
TTWO,946581,2018,0.1825,0.0197,0.0235,8.5589,,102.94,,False
TTWO,946581,2019,0.2065,0.2068,0.0137,10.3937,0.127,122.43,6.9458,False
TTWO,946581,2020,0.294,0.2591,0.0246,16.1242,0.1537,207.79,10.6249,False
TTWO,946581,2021,0.3294,0.3104,0.1044,12.3242,0.5595,177.72,9.1284,False
TTWO,946581,2022,0.2698,0.3497,0.0723,7.1149,0.5354,104.13,5.8563,False
TTWO,946581,2023,-0.0847,0.0734,-0.0735,4.4129,0.3373,160.95,2.7438,False
TTWO,946581,2024,-0.012,-0.2112,-0.2939,5.2557,0.4379,184.08,2.3113,False
TTWO,946581,2025,-0.0871,-0.7689,-0.4783,6.7972,0.6136,256.03,1.9326,False
TTWO,946581,2026,0.0651,-0.7841,-0.0111,6.9955,0.7094,219.7,3.8505,False
TPR,1116132,2015,0.3582,-0.0406,0.1324,2.2321,,24.37,,False
TPR,1116132,2016,0.2751,-0.0213,0.1336,2.4362,,27.0,,False
TPR,1116132,2017,0.5486,0.0185,0.135,2.4824,,35.23,,False
TPR,1116132,2018,0.2238,0.0178,0.1004,1.6085,,27.7,,False
TPR,1116132,2019,0.2383,0.0424,0.1184,1.3793,0.2201,23.27,1.7836,True
TPR,1116132,2020,0.1023,-0.1253,-0.0695,0.9603,0.0902,27.2,0.3844,True
TPR,1116132,2021,0.2326,-0.0189,0.1155,1.4003,0.1927,35.98,1.6666,True
TPR,1116132,2022,0.1521,-0.1605,0.1618,1.393,0.9201,34.79,2.2477,False
TPR,1116132,2023,0.1513,-0.171,0.1647,1.4356,0.9359,34.84,2.2832,False
TPR,1116132,2024,0.5294,-0.0539,0.0851,1.2097,0.498,63.7,2.0645,False
TPR,1116132,2025,0.205,-0.3885,0.0631,4.4107,1.0654,126.59,3.6219,False
TPR,1116132,2026,0.1849,-0.4797,0.2861,4.0851,1.1961,122.92,4.1417,False
TRGP,1389170,2015,0.0029,0.002,-0.0156,0.2975,,16.36,,False
TRGP,1389170,2016,-0.0125,-0.0146,-0.0076,1.0622,,37.76,,False
TRGP,1389170,2017,-0.0241,-0.0054,0.0079,0.9145,,35.09,,False
TRGP,1389170,2018,-0.0815,-0.0077,-0.0048,0.5551,0.1534,28.11,0.3621,True
TRGP,1389170,2019,-0.0114,-0.018,-0.0013,0.5378,0.3932,34.85,0.6728,True
TRGP,1389170,2020,-0.0201,-0.1193,-0.0821,0.3816,0.433,23.53,0.1999,True
TRGP,1389170,2021,-0.0363,-0.032,0.0884,0.5978,1.0133,47.1,1.5753,True
TRGP,1389170,2023,-0.0274,0.0238,0.127,0.9794,0.6541,81.9,1.6614,True
TRGP,1389170,2024,-0.0385,0.0523,0.1186,1.8321,0.6218,172.09,2.1394,False
TRGP,1389170,2025,-0.047,0.091,0.1321,1.7601,,181.82,,False
TGT,27419,2015,0.0375,0.2034,,0.8738,,52.52,,False
TGT,27419,2016,-0.0192,0.1572,,0.9256,,53.95,,False
TGT,27419,2017,-0.0163,0.168,,0.8458,,50.81,,False
TGT,27419,2018,-0.0604,0.1457,0.0271,0.8055,0.5565,53.18,1.2606,True
TGT,27419,2019,-0.0371,0.1504,0.028,1.5627,0.547,106.45,1.7431,True
TGT,27419,2020,0.0123,0.1722,0.1276,1.8455,1.8257,149.53,3.6099,False
TGT,27419,2021,-0.0032,0.1286,0.1662,2.2029,1.97,198.73,4.0164,False
TGT,27419,2022,-0.031,0.0938,0.0721,1.4102,2.0459,130.69,3.2243,False
TGT,27419,2023,-0.0326,0.1281,0.1031,1.397,1.9404,128.92,3.259,False
TGT,27419,2024,-0.0233,0.14,0.0963,1.328,1.8447,126.0,3.1276,False
TGT,27419,2025,-0.0206,0.1563,0.086,0.9975,1.7613,95.13,2.8377,False
TEL,1385157,2015,0.2091,0.3238,0.0849,1.4007,,53.33,,False
TEL,1385157,2016,0.0971,0.4931,0.108,1.8577,,58.54,,False
TEL,1385157,2017,0.1071,0.5244,0.1055,2.4563,,81.89,,False
TEL,1385157,2018,0.0878,0.5942,0.1143,2.0128,,66.43,,False
TEL,1385157,2019,0.1023,0.6223,0.1004,2.727,0.1676,85.94,3.1291,False
TEL,1385157,2020,0.1088,0.5378,0.0279,3.2917,0.1695,110.82,3.1201,False
TEL,1385157,2021,0.1215,0.5456,0.1134,4.0463,0.6953,149.74,4.4069,False
TEL,1385157,2022,0.1268,0.6175,0.1326,3.1725,0.7834,108.32,4.1412,False
TEL,1385157,2023,0.1579,0.5963,0.1061,3.886,0.7385,134.99,4.4446,False
TEL,1385157,2024,0.1262,0.6359,0.1223,3.9018,0.6933,139.73,4.4799,False
TEL,1385157,2025,0.1135,0.5555,0.128,5.2755,0.6883,225.06,5.1899,False
TDY,1094285,2015,0.1599,0.6333,0.1036,2.9917,,88.7,,False
TDY,1094285,2016,0.1241,0.6893,0.0254,4.6736,,123.0,,False
TDY,1094285,2017,0.1225,0.5563,0.0256,4.4217,,181.15,,False
TDY,1094285,2018,0.1033,0.6625,0.0292,6.0768,0.1965,207.07,4.9904,False
TDY,1094285,2019,0.1202,0.6389,0.0292,8.613,0.1821,346.54,6.485,False
TDY,1094285,2020,0.1891,0.6545,0.0283,9.7891,0.1592,391.98,7.2692,False
TDY,1094285,2021,0.0645,0.2615,0.0433,2.9747,0.3198,436.89,2.6908,False
TDY,1094285,2022,0.0902,0.3178,0.0677,2.9992,0.3803,399.91,2.9564,False
TDY,1094285,2023,0.0837,0.375,0.0712,3.9019,0.3879,446.29,3.5893,False
TDY,1094285,2024,0.1185,0.4413,0.0697,4.6318,0.3993,464.13,4.1682,False
TDY,1094285,2025,0.0782,0.4672,0.0752,4.9619,0.4001,510.73,4.3734,False
TER,97210,2015,0.3481,0.1836,-0.0038,5.2088,,19.42,,False
TER,97210,2016,0.4529,0.0834,0.0214,4.0415,,24.14,,False
TER,97210,2017,0.584,0.0875,0.0315,5.4251,,40.11,,False
TER,97210,2018,0.4641,-0.0584,0.0415,4.0041,0.192,30.33,3.2064,False
TER,97210,2019,0.4018,-0.0868,0.0616,7.9435,0.2349,66.4,5.5649,False
TER,97210,2020,0.4694,0.1061,0.0641,12.7271,0.2078,117.35,8.7674,False
TER,97210,2021,0.4649,0.1934,0.3152,20.1535,,160.55,,False
TER,97210,2022,0.4317,0.2073,0.2376,12.8264,,86.14,,False
TER,97210,2023,0.4308,0.2026,0.1437,17.4868,,107.48,,False
TER,97210,2024,0.3214,0.2618,0.1601,22.0127,,125.23,,False
TER,97210,2025,0.1994,0.1779,0.1554,21.7786,,193.33,,False
TSLA,1318605,2015,-0.0031,-0.287,-0.0886,9.0775,,16.0,,False
TSLA,1318605,2016,0.0191,-0.1322,-0.0294,3.36,,14.25,,False
TSLA,1318605,2017,-0.0385,-0.1736,-0.057,3.5613,,20.76,,False
TSLA,1318605,2018,-0.0567,-0.1788,-0.013,3.7412,0.7216,22.19,2.6049,False
TSLA,1318605,2019,0.0419,-0.1773,-0.002,4.2045,,27.89,,False
TSLA,1318605,2020,0.2391,-0.1035,0.0382,32.691,,235.22,,False
TSLA,1318605,2021,0.119,0.0053,0.105,45.5437,,352.26,,False
TSLA,1318605,2022,0.1726,0.1565,0.1659,13.3509,,123.18,,False
TSLA,1318605,2023,0.1957,0.2615,0.0834,22.8181,0.9077,248.48,15.4747,False
TSLA,1318605,2024,0.242,0.2884,0.058,32.9611,0.8003,403.84,21.4624,False
TSLA,1318605,2025,0.268,0.283,0.0316,32.3291,0.6881,449.72,20.9076,False
TXN,97476,2015,0.2784,1.9209,0.0704,5.9454,,40.91,,False
TXN,97476,2016,0.316,2.0149,0.0803,8.573,,55.93,,False
TXN,97476,2017,0.3671,1.9647,0.0886,10.2601,,82.07,,False
TXN,97476,2018,0.3281,2.2119,0.0885,8.5448,0.2169,76.19,9.1262,False
TXN,97476,2019,0.3684,2.2143,0.0693,10.6581,0.1859,106.33,10.3517,False
TXN,97476,2020,0.4056,2.1731,0.0937,12.5828,0.2106,140.04,11.5985,False
TXN,97476,2021,0.4505,1.8609,0.3631,13.2515,0.7434,164.59,13.0383,False
TXN,97476,2022,0.4056,1.8507,0.3727,10.7276,0.7361,148.36,11.4804,False
TXN,97476,2023,0.3648,1.6163,0.2266,9.3311,0.5416,157.87,9.5887,False
TXN,97476,2024,0.3206,1.4718,0.1539,8.7668,0.4405,178.61,8.6536,False
TXN,97476,2025,0.3062,1.5104,0.1742,8.5091,0.5113,170.62,8.6734,False
TPL,1811074,2021,0.6225,0.8743,0.4743,80.4407,0.5902,131.03,52.3908,False
TPL,1811074,2022,0.6768,0.9871,0.6409,165.3769,0.7607,250.65,104.2958,False
TPL,1811074,2023,0.7074,1.0132,0.4203,103.2408,0.5462,169.44,66.1451,False
TPL,1811074,2024,0.366,1.0237,0.432,217.7727,0.5656,364.84,134.5272,False
TPL,1811074,2025,0.152,0.9828,0.3648,120.0094,0.4917,285.99,75.2595,False
TMO,97745,2015,0.039,0.297,0.0571,2.6013,,137.46,,False
TMO,97745,2016,0.0469,0.3034,0.0534,2.0833,,137.3,,False
TMO,97745,2017,0.0419,0.2808,0.0524,2.1932,,185.4,,False
TMO,97745,2018,0.0796,0.3325,0.0673,2.8288,0.1157,219.16,2.596,False
TMO,97745,2019,0.0976,0.3784,0.0787,4.1086,0.117,318.98,3.4887,False
TMO,97745,2020,0.1688,0.4072,0.1129,4.9068,0.4666,458.44,4.5557,False
TMO,97745,2021,0.0702,0.3725,0.1054,4.4783,0.4122,658.04,4.0528,False
TMO,97745,2022,0.0846,0.4314,0.0864,3.7847,0.4623,544.3,3.7236,False
TMO,97745,2023,0.1071,0.4798,0.0695,3.741,0.4341,526.03,3.7082,False
TMO,97745,2024,0.0905,0.5456,0.0754,4.0042,0.4406,516.97,3.9644,False
TMO,97745,2025,0.1225,0.5361,0.0702,3.7527,0.4038,577.86,3.7846,False
TJX,109198,2015,0.2061,0.3749,0.3566,4.6691,,30.53,,False
TJX,109198,2016,0.2323,0.3538,0.3305,4.3063,,32.78,,False
TJX,109198,2017,0.239,0.353,0.3132,4.1865,,33.91,,False
TJX,109198,2018,0.2051,0.3114,0.3325,4.7829,,40.34,,False
TJX,109198,2019,0.0721,0.2246,,3.3833,,55.97,,False
TJX,109198,2020,0.1602,0.1614,,2.7666,,62.83,,False
TJX,109198,2022,0.098,0.1936,,3.7057,,75.66,,False
TJX,109198,2023,0.0759,0.2051,,4.531,,90.56,,False
TJX,109198,2024,0.0744,0.2252,,5.7942,,118.23,,False
TJX,109198,2025,0.0625,0.2483,,7.168,,152.2,,False
TJX,109198,2026,0.0515,0.2638,,5.759,,133.91,,False
TKO,1973266,2023,0.0016,-0.0107,0.0352,,0.132,79.6,,False
TKO,1973266,2024,0.0157,-0.023,0.0223,,0.2208,138.67,,False
TKO,1973266,2025,0.0311,-0.0515,0.0037,,0.067,206.51,,False
TTD,1671933,2016,0.3204,-0.0276,0.107,,,2.77,,False
TTD,1671933,2017,0.3102,0.0451,0.087,,,4.57,,False
TTD,1671933,2018,0.3064,0.111,0.096,,0.427,11.61,,False
TTD,1671933,2019,0.3001,0.1345,0.0649,,0.3824,25.98,,False
TTD,1671933,2020,0.3035,0.1723,0.0524,,0.3036,80.1,,False
TTD,1671933,2021,0.3601,0.1711,0.0349,,0.3345,91.64,,False
TTD,1671933,2022,0.4146,0.1519,0.0259,,0.3602,44.83,,False
TTD,1671933,2023,0.3688,0.0403,0.041,,0.3981,71.96,,False
TTD,1671933,2024,0.403,0.058,0.0699,,0.4,117.53,,False
TTD,1671933,2025,0.3242,-0.096,0.0958,,0.4707,37.96,,False
TSCO,916365,2015,0.3434,0.9387,0.2744,7.6808,,14.41,,False
TSCO,916365,2016,0.2769,0.9497,0.2595,5.5101,,12.92,,False
TSCO,916365,2017,0.281,0.9862,0.2393,4.6567,,12.96,,False
TSCO,916365,2018,0.2775,1.0417,0.2274,5.0242,,14.69,,False
TSCO,916365,2019,0.1021,0.683,0.1405,2.3349,1.579,16.68,4.5225,False
TSCO,916365,2020,0.2149,0.594,0.1414,2.5832,1.5066,25.41,4.6127,False
TSCO,916365,2021,0.1526,0.6367,0.1682,3.9407,1.639,43.6,5.6331,False
TSCO,916365,2022,0.0921,0.6625,0.169,3.3836,1.6731,41.87,5.2989,False
TSCO,916365,2023,0.1183,0.6837,0.161,3.0204,1.5842,40.8,5.0267,False
TSCO,916365,2024,0.101,0.7048,0.1497,3.539,1.5178,51.18,5.2431,False
TSCO,916365,2025,0.0817,0.6877,0.1342,3.0598,1.4198,49.05,4.7595,False
TT,1466258,2015,0.0574,0.4121,0.0871,0.7345,,36.25,,False
TT,1466258,2016,0.1143,0.4609,0.0904,1.0349,,50.23,,False
TT,1466258,2017,0.071,0.4899,0.0916,1.2221,,60.91,,False
TT,1466258,2018,0.0791,0.5269,0.107,1.2897,0.8746,63.6,2.8342,False
TT,1466258,2019,0.0661,0.4749,0.0985,1.5747,0.81,94.33,2.8239,False
TT,1466258,2020,0.1414,0.4679,0.0844,2.5376,0.686,135.28,3.3118,False
TT,1466258,2021,0.0952,0.4625,0.112,3.5609,0.7828,190.76,4.0508,False
TT,1466258,2022,0.0383,0.4602,0.1338,2.967,0.8844,161.5,3.7963,False
TT,1466258,2023,0.0421,0.471,0.1492,4.2323,0.9116,238.04,4.6534,False
TT,1466258,2024,0.063,0.486,0.1737,6.3283,0.9847,364.12,6.111,False
TT,1466258,2025,0.0736,0.4865,0.1852,6.6329,0.9954,386.47,6.3558,False
TDG,1260221,2015,0.1393,-0.2038,0.1274,0.8338,,142.77,,False
TDG,1260221,2016,0.2031,-0.1069,0.1182,0.8263,,170.08,,False
TDG,1260221,2017,0.1266,-0.3195,0.1483,0.8716,,203.83,,False
TDG,1260221,2018,0.226,-0.1842,0.1357,0.9961,,252.4,,False
TDG,1260221,2019,0.2046,-0.1919,0.1185,1.3442,,465.44,,False
TDG,1260221,2020,0.2905,-0.237,0.0952,1.2714,,514.35,,False
TDG,1260221,2021,0.2779,-0.1918,0.0875,1.3153,0.2484,528.84,1.3914,True
TDG,1260221,2022,0.2332,-0.2162,0.1223,1.3602,0.2998,538.22,1.4969,True
TDG,1260221,2023,0.2583,-0.1312,0.1464,2.2578,0.3297,896.49,2.2937,False
TDG,1260221,2024,0.1442,-0.2877,0.138,2.0567,0.3103,1185.75,1.77,True
TDG,1260221,2025,0.2108,-0.463,0.1818,2.2557,,1329.85,,False
TRMB,864749,2015,0.0374,0.312,0.0419,3.4256,,21.45,,False
TRMB,864749,2016,0.0791,0.3204,0.0493,5.1388,,30.15,,False
TRMB,864749,2017,0.1182,0.241,0.0572,4.9045,,40.64,,False
TRMB,864749,2018,0.0059,0.2196,0.0555,2.4742,0.5381,32.91,2.5203,False
TRMB,864749,2019,0.0032,0.2414,0.0566,2.7615,0.1241,41.69,2.3096,False
TRMB,864749,2020,-0.0043,0.2753,0.061,4.7492,0.4577,66.77,3.889,False
TRMB,864749,2021,0.0369,0.3057,0.079,6.4442,0.5154,87.19,5.115,False
TRMB,864749,2022,0.0077,0.3068,0.0703,3.6627,0.5058,50.56,3.3741,False
TRMB,864749,2023,0.0002,0.2555,0.047,2.4617,0.3982,53.2,2.3884,False
TRMB,864749,2024,0.0508,0.396,0.0486,4.4019,0.3882,70.66,3.805,False
TRMB,864749,2025,0.0138,0.3638,0.0636,5.2562,0.3852,78.35,4.2746,False
TYL,860731,2021,0.0285,0.2691,0.0382,9.1483,0.3365,537.95,6.3625,False
TYL,860731,2022,-0.0091,0.3067,0.0457,6.4,0.3947,322.41,4.8041,False
TYL,860731,2023,-0.0301,0.3429,0.0467,9.8483,0.4173,418.12,6.9246,False
TYL,860731,2024,0.0724,0.3604,0.0578,13.1809,0.4127,576.64,9.1035,False
TYL,860731,2025,0.0157,0.387,0.0634,9.6018,0.4136,453.95,6.9447,False
TSN,100493,2015,0.0802,0.2962,0.0239,,,40.8,,False
TSN,100493,2016,0.095,0.3731,0.0262,,,47.68,,False
TSN,100493,2017,0.0793,0.3483,0.0243,,,63.6,,False
TSN,100493,2018,0.0226,0.4235,0.0284,,,42.72,,False
TSN,100493,2019,0.05,0.4166,0.0182,,,74.3,,False
TSN,100493,2020,0.0976,0.4382,0.0279,,,53.98,,False
TSN,100493,2021,0.0963,0.482,0.1211,,,74.75,,False
TSN,100493,2022,0.1172,0.5454,0.1198,,,54.64,,False
TSN,100493,2023,0.0613,0.5175,-0.0109,,,48.94,,False
TSN,100493,2024,0.1338,0.5087,0.038,,1.4369,54.06,,False
TSN,100493,2025,0.0962,0.5087,0.03,,1.4851,57.13,,False
UBER,1543151,2019,0.2609,-0.5152,-0.2706,3.6642,,29.74,,False
UBER,1543151,2020,0.0907,-0.6956,-0.1462,5.3426,,51.0,,False
UBER,1543151,2021,-0.0053,-0.6093,-0.0989,3.6561,,41.93,,False
UBER,1543151,2022,0.0123,-1.0205,-0.0571,2.1399,,24.73,,False
UBER,1543151,2023,0.0476,-0.7906,0.0287,4.8338,,61.57,,False
UBER,1543151,2024,0.015,-0.4045,0.0546,4.2828,,60.32,,False
UBER,1543151,2025,0.0271,-0.172,0.09,4.9497,,81.71,,False
ULTA,1403568,2015,0.4388,0.373,0.076,10.0378,,185.0,,False
ULTA,1403568,2016,0.3946,0.3549,0.0879,10.8825,,254.94,,False
ULTA,1403568,2017,0.3615,0.3759,0.0875,8.4296,,223.66,,False
ULTA,1403568,2018,0.3419,0.3465,0.0881,7.6361,0.6658,244.84,6.4337,False
ULTA,1403568,2019,0.1888,0.232,0.0592,3.6544,0.4741,253.14,3.4133,False
ULTA,1403568,2020,0.2301,0.2337,0.0441,3.973,0.432,287.16,3.5644,False
ULTA,1403568,2021,0.1518,0.1371,0.2723,5.4601,1.8115,412.34,6.3604,False
ULTA,1403568,2022,0.1913,0.1854,0.3051,5.8806,1.9009,469.07,6.9253,False
ULTA,1403568,2023,0.2065,0.2255,0.294,6.1122,1.9638,489.99,7.1648,False
ULTA,1403568,2024,0.2082,0.2456,0.2608,5.2931,1.8821,434.93,6.512,False
ULTA,1403568,2025,0.1314,0.2482,0.219,6.1653,1.7706,605.01,6.6977,False
UNP,100885,2015,0.0169,0.5537,0.0351,1.0792,,61.58,,False
UNP,100885,2016,-0.0008,0.5849,0.0353,1.39,,83.73,,False
UNP,100885,2017,0.0012,0.7148,0.0389,1.9973,,110.78,,False
UNP,100885,2018,-0.0078,0.7656,0.0374,1.7889,,116.61,,False
UNP,100885,2019,-0.0145,0.7881,0.0341,2.1269,,155.9,,False
UNP,100885,2020,0.0007,0.8226,0.0321,2.3977,,183.4,,False
UNP,100885,2021,-0.0345,0.8666,0.147,2.7216,0.3432,226.15,3.6331,False
UNP,100885,2022,-0.024,0.8997,0.1515,2.1196,0.3801,190.12,3.3827,False
UNP,100885,2023,-0.0143,0.9249,0.1353,2.624,0.3593,231.2,3.6579,False
UNP,100885,2024,-0.0182,0.9692,0.1434,2.5645,0.3581,219.4,3.7052,False
UNP,100885,2025,-0.0066,0.9976,0.1413,2.6424,0.3517,227.87,3.792,False
UAL,100517,2024,-0.0598,0.0929,0.0688,0.5132,0.7703,97.1,1.3634,True
UAL,100517,2025,-0.1213,0.132,0.0616,0.5934,0.7727,111.82,1.3714,True
UPS,1090727,2015,0.0656,0.1566,0.0535,1.2695,,63.73,,False
UPS,1090727,2016,0.0525,0.1208,-0.0106,1.3967,,78.2,,False
UPS,1090727,2017,0.0626,0.129,0.0329,1.3472,,83.79,,False
UPS,1090727,2018,0.0424,0.1601,0.0401,1.0759,0.3968,70.82,1.4496,True
UPS,1090727,2019,0.0292,0.1574,0.0369,1.1506,0.3555,87.98,1.4229,True
UPS,1090727,2020,0.0513,0.1105,0.0326,1.512,0.3989,130.78,1.6301,True
UPS,1090727,2021,0.1061,0.2331,0.1846,2.2011,1.4017,170.04,3.7852,False
UPS,1090727,2022,0.0573,0.2998,0.1841,1.9814,1.4107,142.48,3.6957,False
UPS,1090727,2023,0.0245,0.2971,0.129,1.7863,1.2837,133.99,3.2266,False
UPS,1090727,2024,0.0409,0.298,0.1209,1.5073,1.2997,112.64,3.0692,False
UPS,1090727,2025,0.0469,0.2757,0.1076,1.1888,1.213,94.69,2.7238,False
URI,1067701,2015,0.005,0.09,0.0329,0.4124,,69.83,,False
URI,1067701,2016,0.0148,0.138,0.0335,0.6158,,101.64,,False
URI,1067701,2017,0.0069,0.1999,0.0307,0.8695,,165.49,,False
URI,1067701,2018,-0.0196,0.2262,0.031,0.4198,,98.7,,False
URI,1067701,2019,-0.0188,0.2781,0.0316,0.6643,,160.55,,False
URI,1067701,2020,0.0071,0.345,0.0285,1.0498,,223.25,,False
URI,1067701,2021,-0.0223,0.3721,0.0367,1.4013,0.1112,319.89,1.5673,True
URI,1067701,2022,0.0115,0.3993,0.0423,1.2519,0.1034,342.15,1.5671,True
URI,1067701,2023,-0.0275,0.4561,0.0415,2.0088,0.1327,559.82,2.0806,False
URI,1067701,2024,-0.0026,0.4905,0.0386,2.2249,0.1274,693.99,2.2732,False
URI,1067701,2025,-0.0071,0.5305,0.0352,2.4115,0.1237,804.45,2.4211,False
UNH,731766,2015,-0.1011,0.3333,0.0989,1.1619,1.4105,98.28,2.7795,False
UNH,731766,2016,-0.1252,0.3334,0.1053,1.4778,1.5051,136.03,3.0558,False
UNH,731766,2017,-0.0962,0.3504,0.1094,1.9616,1.4466,190.21,3.3596,False
UNH,731766,2018,-0.0954,0.3669,0.1139,2.0369,1.4863,217.84,3.4836,False
UNH,731766,2019,-0.1101,0.3518,0.1132,2.1002,1.3926,261.42,3.3867,False
UNH,731766,2020,-0.0948,0.3512,0.1136,2.2447,1.3034,316.97,3.4029,False
UNH,731766,2021,-0.0779,0.3635,0.113,3.0437,1.3553,460.25,3.9697,False
UNH,731766,2022,-0.0821,0.3506,0.1157,2.7722,1.3193,492.17,3.7569,False
UNH,731766,2023,-0.0753,0.3499,0.1182,2.5474,1.3577,496.09,3.6757,False
UNH,731766,2024,-0.0603,0.322,0.1082,2.2207,1.342,484.13,3.4099,False
UNH,731766,2025,-0.0785,0.3088,0.0613,1.3977,1.4457,323.71,2.8246,False
UHS,352915,2015,0.0641,0.474,0.1307,,,114.14,,False
UHS,352915,2016,0.0353,0.4741,0.1242,,,101.95,,False
UHS,352915,2017,-0.0046,0.4974,0.119,,,109.01,,False
UHS,352915,2018,0.0434,0.5142,0.1043,,0.2445,112.46,,False
UHS,352915,2019,0.0302,0.5085,0.1042,,0.2482,139.03,,False
UHS,352915,2020,0.0594,0.5007,0.1008,,0.2291,133.46,,False
UHS,352915,2021,0.0213,0.5044,0.1041,,0.9655,126.57,,False
UHS,352915,2022,0.0462,0.4842,0.0744,,0.993,138.43,,False
UHS,352915,2023,0.0571,0.4868,0.0842,,1.0225,150.66,,False
UHS,352915,2024,0.0419,0.5095,0.1162,,1.0939,178.05,,False
UHS,352915,2025,0.0108,0.5147,0.1284,,1.1183,217.25,,False
VLO,1035002,2015,0.1717,0.568,0.0146,0.5646,,46.7,,False
VLO,1035002,2016,0.1835,0.571,0.0134,0.5176,,47.01,,False
VLO,1035002,2017,0.1643,0.5822,0.017,0.6727,,65.81,,False
VLO,1035002,2018,0.1386,0.619,0.0259,0.5605,0.5728,55.46,2.0275,False
VLO,1035002,2019,0.1078,0.5936,0.0323,0.6488,0.5176,72.24,1.9738,False
VLO,1035002,2020,0.1267,0.5592,-0.0091,0.4057,0.3207,46.46,1.4691,True
VLO,1035002,2021,0.0745,0.4885,0.0368,0.4755,1.9689,65.16,3.149,False
VLO,1035002,2022,0.1094,0.6272,0.2573,0.8771,2.8924,114.0,5.2771,False
VLO,1035002,2023,0.1494,0.7236,0.1881,0.9465,2.2958,120.68,4.6767,False
VLO,1035002,2024,0.137,0.7817,0.0624,0.9463,2.1595,117.11,4.1923,False
VLO,1035002,2025,0.1569,0.8271,0.0549,1.3481,2.1157,160.42,4.4518,False
VEEV,1393052,2015,0.6723,0.1632,0.038,33.8344,,28.85,,False
VEEV,1393052,2016,0.4459,0.2032,0.0216,32.8581,,40.7,,False
VEEV,1393052,2017,0.5068,0.2312,0.0354,33.8103,,55.28,,False
VEEV,1393052,2018,0.5793,0.2964,0.0291,44.4318,,89.32,,False
VEEV,1393052,2019,0.6243,0.3744,0.0381,54.7432,0.5214,140.66,34.7663,False
VEEV,1393052,2020,0.4314,0.4048,0.0266,72.7168,0.486,272.25,45.2882,False
VEEV,1393052,2021,0.5938,0.4525,0.1325,45.7153,0.4849,255.48,29.6974,False
VEEV,1393052,2023,0.6166,0.461,0.0956,28.6484,0.4486,192.52,19.3383,False
VEEV,1393052,2024,0.647,0.4636,0.0726,26.8869,0.3999,210.25,18.1972,False
VEEV,1393052,2025,0.669,0.4707,0.0942,23.9773,0.3742,223.23,16.5332,False
VEEV,1393052,2026,0.7084,0.4859,0.1021,26.2133,0.3559,285.69,17.951,False
VLTO,1967680,2023,0.1419,0.0313,0.2002,,0.882,81.33,,False
VLTO,1967680,2024,0.1783,0.1431,0.1886,,0.8106,101.08,,False
VLTO,1967680,2025,0.1789,0.2267,0.166,,0.7153,99.48,,False
VRSN,1014473,2015,0.1972,-7.8998,0.257,2.26,0.4493,85.8,-8.1696,True
VRSN,1014473,2016,0.1372,-7.7894,0.2941,1.9083,0.4892,74.71,-8.1358,True
VRSN,1014473,2017,0.3011,-6.0162,0.2406,2.4158,0.3961,112.4,-5.4217,True
VRSN,1014473,2018,0.193,-8.9265,0.4008,3.9855,0.6346,145.65,-7.9168,True
VRSN,1014473,2019,0.1691,-8.8875,0.4348,5.1103,0.6643,189.25,-7.0743,True
VRSN,1014473,2020,0.1297,-8.8644,0.4665,6.0791,0.716,212.54,-6.3517,True
VRSN,1014473,2021,0.0982,-7.4998,0.4369,6.9389,0.6692,249.3,-4.1074,True
VRSN,1014473,2022,-0.0451,-8.1943,0.5441,5.5288,0.822,201.78,-5.5914,True
VRSN,1014473,2023,-0.1145,-7.6537,0.5721,5.4855,0.8537,202.29,-4.8197,True
VRSN,1014473,2024,-0.6166,-8.9589,0.7524,5.4557,1.1073,203.27,-6.4189,True
VRSN,1014473,2025,-0.5133,-8.8808,0.8455,6.2456,1.2494,240.7,-5.2623,True
VRSK,1442145,2015,-0.1558,0.3849,0.1312,,,72.9,,False
VRSK,1442145,2016,-0.0261,0.5944,0.1657,,,76.97,,False
VRSK,1442145,2017,-0.1229,0.5495,0.1331,,,91.03,,False
VRSK,1442145,2018,-0.1153,0.6682,0.1414,,0.4059,103.39,,False
VRSK,1442145,2019,-0.1059,0.5993,0.0988,,0.3695,142.6,,False
VRSK,1442145,2020,-0.0842,0.6298,0.1373,,0.3682,199.47,,False
VRSK,1442145,2021,-0.1205,0.6711,0.1281,,0.384,221.12,,False
VRSK,1442145,2022,-0.2003,0.8618,0.2021,,0.3587,171.74,,False
VRSK,1442145,2023,0.0089,1.4697,0.2592,,0.6141,233.97,,False
VRSK,1442145,2024,-0.0767,1.6774,0.294,,0.6757,271.41,,False
VRSK,1442145,2025,0.0751,1.2607,0.2169,,0.496,221.92,,False
VZ,732712,2017,-0.0121,0.1386,0.0186,0.641,0.132,32.78,0.7576,True
VZ,732712,2018,-0.0124,0.1644,0.0024,0.7211,0.1294,36.47,0.7853,True
VZ,732712,2019,-0.0253,0.1822,0.0228,0.7535,0.1192,41.51,0.871,True
VZ,732712,2020,0.0472,0.1911,0.091,0.6968,0.4054,41.46,1.4478,True
VZ,732712,2021,-0.0285,0.1964,0.0885,0.5619,0.3645,38.33,1.2345,True
VZ,732712,2022,-0.0324,0.217,0.0802,0.4434,0.3604,30.65,1.1561,True
VZ,732712,2023,-0.0432,0.2181,0.0602,0.4567,0.3523,31.49,1.0784,True
VZ,732712,2024,-0.063,0.2316,0.0746,0.5209,0.3504,35.62,1.1576,True
VZ,732712,2025,-0.0135,0.2344,0.0724,0.5397,0.3418,38.78,1.2165,True
VRTX,875320,2015,0.3605,-2.1057,-0.0215,22.6956,,125.83,,False
VRTX,875320,2016,0.3587,-1.8551,0.0137,11.9803,,73.67,,False
VRTX,875320,2017,0.5194,-1.4438,0.0355,25.26,,149.86,,False
VRTX,875320,2018,0.4359,-0.4786,0.0204,23.1961,0.1393,165.71,13.9775,False
VRTX,875320,2019,0.4193,-0.2228,0.0663,24.8499,0.1699,218.95,15.4899,False
VRTX,875320,2020,0.5323,0.0731,0.0635,19.5442,0.1385,236.34,12.8156,False
VRTX,875320,2021,0.5523,0.2383,0.2071,16.7022,0.5639,219.6,12.265,False
VRTX,875320,2022,0.5781,0.3594,0.2373,17.2702,0.492,288.78,12.8341,False
VRTX,875320,2023,0.4662,0.4462,0.1686,20.0262,0.4342,406.89,14.1903,False
VRTX,875320,2024,0.2677,0.4263,-0.0103,16.6681,0.4891,402.7,11.3739,False
VRTX,875320,2025,0.2862,0.5288,0.1627,16.4692,0.468,453.36,11.9704,False
VRT,1674101,2018,-0.0001,0.0068,,147.6209,,9.75,,False
VRT,1674101,2019,0.9566,0.007,,137.3344,,10.97,,False
VRT,1674101,2020,0.1532,-0.2624,,1.5681,0.2573,18.58,,False
VRT,1674101,2021,0.1216,-0.1751,0.0375,1.7325,0.7202,24.85,1.7841,True
VRT,1674101,2022,0.1777,-0.161,0.0315,0.9268,0.8021,13.61,1.4498,True
VRT,1674101,2023,0.2121,-0.0865,0.109,3.08,0.8581,47.87,3.1993,False
VRT,1674101,2024,0.2195,-0.0261,0.1497,6.5161,0.8773,113.37,5.5079,False
VRT,1674101,2025,0.1975,0.0842,0.1498,7.5358,0.8377,161.9,6.2085,False
VTRS,1792044,2020,0.0374,0.0871,-0.0034,0.4455,0.192,14.97,0.6149,True
VTRS,1792044,2021,0.0186,0.0673,-0.0006,0.3698,0.3248,11.06,0.6611,True
VTRS,1792044,2022,0.0777,0.1035,0.0323,0.3761,0.3242,9.48,0.8946,True
VTRS,1792044,2023,0.109,0.0973,0.0161,0.4081,0.3227,9.67,0.8876,True
VTRS,1792044,2024,0.0901,0.0824,0.0002,0.5817,0.354,11.58,0.9274,True
VTRS,1792044,2025,0.0725,-0.0104,-0.0716,0.6213,0.3831,12.16,0.5919,True
V,1403161,2015,0.1371,0.2943,0.2253,3.2449,,71.87,,False
V,1403161,2016,0.0979,0.1634,0.1231,1.0986,,72.86,,False
V,1403161,2017,0.1328,0.1399,0.1786,1.4289,,107.23,,False
V,1403161,2018,0.0998,0.1635,0.1871,1.6644,,124.91,,False
V,1403161,2019,0.1041,0.186,0.2067,2.2172,,179.02,,False
V,1403161,2020,0.1623,0.1741,0.174,2.2009,,209.68,,False
V,1403161,2021,0.1432,0.1852,0.1906,2.165,0.2908,209.02,2.65,False
V,1403161,2022,0.1094,0.1885,0.22,1.898,0.3428,201.9,2.6028,False
V,1403161,2023,0.1153,0.1993,0.232,2.3119,0.3608,255.02,2.9311,False
V,1403161,2024,0.0795,0.1829,0.2497,2.6436,0.3801,311.94,3.1417,False
V,1403161,2025,0.0273,0.1516,0.2408,2.6508,0.4015,348.62,3.0317,False
VST,1692819,2017,0.0905,-0.0966,,0.6353,,15.63,,False
VST,1692819,2018,-0.0073,-0.0557,0.0189,0.361,0.3765,19.53,0.5686,True
VST,1692819,2019,-0.0173,-0.0287,0.0125,0.36,0.4338,20.01,0.6303,True
VST,1692819,2020,0.0156,-0.0158,0.0603,0.3512,0.4304,17.63,0.8366,True
VST,1692819,2021,0.0687,-0.0662,-0.051,0.3308,0.5963,21.08,0.6162,True
VST,1692819,2022,0.0238,-0.1111,-0.0359,0.2668,0.4767,22.15,0.3913,True
VST,1692819,2023,0.055,-0.0793,0.0807,0.4592,0.4187,37.82,0.9157,True
VST,1692819,2024,-0.0083,-0.012,0.108,1.4259,0.3908,136.74,1.5761,True
VST,1692819,2025,-0.0634,-0.0003,0.0459,1.4818,0.4232,160.88,1.3872,True
VMC,1396009,2015,0.0881,0.195,0.0208,,,86.65,,False
VMC,1396009,2016,0.0903,0.2091,0.0205,,,115.0,,False
VMC,1396009,2017,0.0776,0.2294,0.0159,,,118.94,,False
VMC,1396009,2018,0.0485,0.2487,0.019,,,92.44,,False
VMC,1396009,2019,0.0792,0.2719,0.0182,,,136.01,,False
VMC,1396009,2020,0.1052,0.2802,0.0168,,,141.65,,False
VMC,1396009,2021,0.0678,0.274,0.0739,,,199.85,,False
VMC,1396009,2022,0.0664,0.2888,0.0668,,,170.14,,False
VMC,1396009,2023,0.1187,0.3173,0.0981,,,222.46,,False
VMC,1396009,2024,0.06,0.3048,0.0798,,0.4337,253.88,,False
VMC,1396009,2025,0.0965,0.3347,0.097,,0.4755,283.59,,False
GWW,277135,2015,0.2151,1.1612,0.043,2.2535,,171.81,,False
GWW,277135,2016,0.2443,1.2492,0.0306,2.4356,,201.48,,False
GWW,277135,2017,0.2928,1.2758,0.0413,2.407,,210.24,,False
GWW,277135,2018,0.3501,1.3399,0.0494,3.049,,255.83,,False
GWW,277135,2019,0.3126,1.3997,0.0301,3.5496,0.4741,312.75,5.038,False
GWW,277135,2020,0.3936,1.3946,0.0437,4.0512,0.4672,384.21,5.4669,False
GWW,277135,2021,0.3767,1.4411,0.2347,4.9403,1.9754,494.86,8.1836,False
GWW,277135,2022,0.391,1.4101,0.2919,4.9236,2.0069,538.14,8.3677,False
GWW,277135,2023,0.4226,1.4928,0.3148,7.5827,2.0226,810.09,10.2082,False
GWW,277135,2024,0.3887,1.5491,0.2987,8.9414,1.9445,1038.59,10.9302,False
GWW,277135,2025,0.3954,1.669,0.2784,9.0412,2.002,1003.15,11.1566,False
WAB,943452,2015,0.2871,0.6911,0.0458,7.0639,,66.87,,False
WAB,943452,2016,0.2159,0.388,0.0095,3.6766,,78.45,,False
WAB,943452,2017,0.1051,0.4215,0.0139,3.4841,,77.38,,False
WAB,943452,2018,0.3241,0.3494,0.0108,1.9614,0.1292,67.12,2.2198,False
WAB,943452,2019,0.0493,0.1725,0.0119,1.4118,0.125,74.81,1.3121,True
WAB,943452,2020,0.0354,0.1945,0.0403,1.4426,0.4094,70.9,1.7229,True
WAB,943452,2021,0.05,0.2197,0.0475,1.8446,0.4239,89.71,2.0548,False
WAB,943452,2022,0.0464,0.2472,0.0546,1.9747,0.4516,97.84,2.2184,False
WAB,943452,2023,0.0421,0.2775,0.0667,2.4987,0.5096,125.21,2.6679,False
WAB,943452,2024,0.0615,0.3307,0.086,3.7054,0.5554,187.98,3.5994,False
WAB,943452,2025,0.0246,0.1757,0.0812,3.3026,0.506,212.71,3.0313,False
WMT,104169,2015,-0.0098,0.4211,0.1333,1.0975,,16.92,,False
WMT,104169,2016,-0.0219,0.451,0.1208,1.309,,19.64,,False
WMT,104169,2017,-0.0465,0.4494,0.1145,1.8866,,28.78,,False
WMT,104169,2018,-0.0922,0.4161,0.0999,1.7408,,27.79,,False
WMT,104169,2019,-0.071,0.3684,0.1001,1.9548,0.6281,36.17,2.5619,False
WMT,104169,2020,-0.0676,0.3549,0.087,2.1871,0.5945,44.61,2.6096,False
WMT,104169,2021,-0.0102,0.3515,0.0893,2.1035,2.199,45.49,4.2357,False
WMT,104169,2022,-0.0258,0.3549,0.1059,2.2229,2.3187,45.28,4.4681,False
WMT,104169,2023,-0.068,0.3418,0.084,2.4353,2.4913,51.11,4.6267,False
WMT,104169,2024,-0.0616,0.3558,0.107,4.1863,2.5461,88.93,5.8354,False
WMT,104169,2025,-0.0657,0.3769,0.1125,5.1725,2.5862,110.71,6.5099,False
WMT,104169,2026,-0.0794,0.3681,0.1048,4.4961,2.4815,104.87,5.945,False
DIS,1744489,2019,-0.0166,0.2191,0.0177,2.657,0.0985,140.23,2.0379,False
WBD,1437107,2015,0.0641,0.2847,0.0278,6.5853,,26.68,,False
WBD,1437107,2016,0.0659,0.332,0.0333,6.6504,,27.41,,False
WBD,1437107,2017,0.36,0.2054,-0.0371,3.205,,22.38,,False
WBD,1437107,2018,0.0072,0.1614,0.0218,2.8192,0.0863,24.74,2.0845,False
WBD,1437107,2019,0.0586,0.2174,0.0209,3.776,0.0852,32.74,2.7945,False
WBD,1437107,2020,0.0894,0.2506,0.0738,3.4808,0.3131,30.09,3.1032,False
WBD,1437107,2021,0.1105,0.2783,0.0584,2.8102,0.3541,23.54,2.7553,False
WBD,1437107,2022,-0.0076,0.0165,-0.055,0.2789,0.2524,9.48,0.2521,True
WBD,1437107,2023,-0.0091,-0.0076,-0.0126,0.3745,0.3366,11.38,0.4982,True
WBD,1437107,2024,-0.0166,-0.1171,-0.0959,0.3812,0.3761,10.57,0.1044,True
WBD,1437107,2025,0.0071,-0.115,0.0074,1.15,0.3726,28.82,0.9344,True
WM,823768,2015,-0.0081,0.3398,0.0246,1.1621,,43.76,,False
WM,823768,2016,-0.02,0.3542,0.0296,1.5352,,59.68,,False
WM,823768,2017,-0.0292,0.3934,0.0323,1.8807,,74.28,,False
WM,823768,2018,-0.0204,0.4325,0.0339,1.9097,0.1696,78.23,2.0082,False
WM,823768,2019,0.1105,0.3818,0.0236,1.9732,0.1386,102.05,2.0675,False
WM,823768,2020,-0.0004,0.3803,0.0829,1.9653,0.5186,107.63,2.5033,False
WM,823768,2021,-0.0348,0.4126,0.1019,2.8161,0.6162,154.79,3.178,False
WM,823768,2022,-0.0269,0.4198,0.1073,2.4117,0.628,147.84,2.9845,False
WM,823768,2023,-0.0129,0.4367,0.1089,2.6483,0.6223,171.78,3.1667,False
WM,823768,2024,-0.0333,0.3558,0.0912,2.161,0.4951,196.32,2.5507,False
WM,823768,2025,-0.0134,0.376,0.094,2.4192,0.5499,216.94,2.8218,False
WAT,1000697,2015,0.6207,1.1394,0.0425,5.9834,,134.58,,False
WAT,1000697,2016,0.6682,1.1551,0.0447,5.5945,,134.39,,False
WAT,1000697,2017,0.6882,1.0152,0.0432,6.1414,,193.19,,False
WAT,1000697,2018,0.594,1.6084,0.0656,8.5801,0.1918,188.65,8.521,False
WAT,1000697,2019,0.282,2.5762,0.0925,8.2773,0.2801,233.65,9.4967,False
WAT,1000697,2020,0.2099,2.5029,0.0929,9.3216,0.277,247.42,9.9323,False
WAT,1000697,2021,0.3064,2.5205,0.0847,13.4221,0.2703,372.6,12.4996,False
WAT,1000697,2022,0.2981,2.5929,0.0872,12.1204,0.2616,342.58,11.8096,False
WAT,1000697,2023,0.2082,1.9778,0.0571,9.3042,0.1771,329.23,8.9668,False
WAT,1000697,2024,0.1931,2.1496,0.0642,13.374,0.1916,370.98,11.669,False
WAT,1000697,2025,0.1789,2.0548,0.0533,14.8362,0.1837,379.83,12.3526,False
WEC,783325,2016,-0.0087,0.1532,0.012,0.6585,0.0652,42.77,0.7039,True
WEC,783325,2017,-0.0524,0.1639,0.013,0.7386,0.0651,50.09,0.7178,True
WEC,783325,2018,-0.0324,0.1654,0.0087,0.745,0.062,54.03,0.7303,True
WEC,783325,2019,-0.0312,0.1696,0.0104,0.977,0.0557,74.05,0.8762,True
WEC,783325,2020,-0.0558,0.1709,0.01,0.9379,0.0522,75.89,0.8204,True
WEC,783325,2021,-0.0281,0.1738,0.044,0.9639,0.2133,82.46,1.1463,True
WEC,783325,2022,-0.034,0.1735,0.046,0.8841,0.2292,82.09,1.1134,True
WEC,783325,2023,-0.0528,0.1733,0.0434,0.7806,0.2024,76.34,0.9933,True
WEC,783325,2024,-0.0408,0.1707,0.0455,0.8357,0.1816,88.64,1.023,True
WEC,783325,2025,-0.0448,0.1649,0.0436,0.894,0.1902,102.79,1.0475,True
WST,105770,2015,0.212,0.5691,0.0759,6.0562,,57.76,,False
WST,105770,2016,0.2335,0.6242,0.1146,9.6238,,81.94,,False
WST,105770,2017,0.2491,0.6325,0.1229,11.576,,95.88,,False
WST,105770,2018,0.3086,0.6839,0.1214,11.5735,,95.81,,False
WST,105770,2019,0.3063,0.6617,0.1267,13.5282,,147.67,,False
WST,105770,2020,0.3115,0.661,0.1456,20.9172,0.2077,279.18,14.5378,False
WST,105770,2021,0.3464,0.7414,0.227,33.3098,0.8545,463.09,23.0431,False
WST,105770,2022,0.3872,0.8261,0.2029,17.5913,0.7982,232.94,13.6439,False
WST,105770,2023,0.3302,0.9201,0.1765,25.9192,0.7703,349.33,18.5887,False
WST,105770,2024,0.2711,1.086,0.1564,23.852,0.7941,325.74,17.4672,False
WST,105770,2025,0.3099,1.0246,0.137,17.6583,0.7199,274.5,13.5732,False
WDC,106040,2015,0.3475,0.5999,0.0168,2.3572,,38.98,,False
WDC,106040,2016,0.1715,0.2692,-0.0059,0.7602,,45.79,,False
WDC,106040,2017,0.2248,0.2891,0.0218,1.0727,,54.87,,False
WDC,106040,2018,0.2115,0.2995,0.0288,0.5374,,26.39,,False
WDC,106040,2019,0.1767,0.2825,-0.0144,1.0276,0.1378,46.75,1.3142,True
WDC,106040,2020,0.1809,0.2621,0.0102,0.9323,0.1671,41.66,1.3439,True
WDC,106040,2021,0.187,0.2885,0.0467,1.1475,0.6476,49.05,2.1184,False
WDC,106040,2022,0.1606,0.3442,0.0911,0.6095,0.7157,23.73,2.0564,False
WDC,106040,2023,0.1004,0.3039,-0.0526,1.1177,0.5042,39.39,1.5472,True
WDC,106040,2024,0.0816,0.2801,-0.0131,1.2305,0.5376,44.85,1.7227,True
WDC,106040,2025,0.0313,0.0544,0.1667,7.3322,0.186,172.09,5.2492,False
WDC,106040,2026,0.1006,0.7213,0.3213,32.4977,0.932,450.41,22.6214,False
WY,106535,2015,0.104,0.108,0.0174,1.8707,0.5672,19.77,2.0231,False
WY,106535,2016,0.0216,0.0738,0.0096,1.4804,,20.67,,False
WY,106535,2017,0.0305,0.0597,0.0264,1.9781,,25.14,,False
WY,106535,2018,-0.0195,0.0634,0.0103,1.4251,0.0948,16.22,1.0491,True
WY,106535,2019,0.0369,-0.0002,0.0054,2.0688,0.0944,23.62,1.3975,True
WY,106535,2020,0.0404,0.0252,0.1048,2.5387,0.4618,26.7,2.4147,False
WY,106535,2021,0.1236,0.1207,0.2064,3.5477,0.5779,33.89,3.7048,False
WY,106535,2022,0.058,0.1378,0.1776,2.9481,0.5873,26.96,3.2048,False
WY,106535,2023,0.0898,0.1183,0.0698,3.3991,0.4519,31.82,2.9952,False
WY,106535,2024,0.0466,0.1037,0.0414,2.8068,0.4308,26.54,2.4527,False
WY,106535,2025,0.0225,0.086,0.044,2.3135,0.4156,23.07,2.0963,False
WSM,719955,2015,0.1405,0.2766,0.2021,2.1929,,22.7,,False
WSM,719955,2016,0.1639,0.2833,0.1908,1.8539,,19.34,,False
WSM,719955,2017,0.2257,0.2324,0.1629,1.5863,,21.31,,False
WSM,719955,2019,0.036,0.159,0.0502,1.3445,0.4548,32.17,1.6931,True
WSM,719955,2020,0.1328,0.2188,0.1954,1.7924,1.4552,45.81,3.641,False
WSM,719955,2021,0.1194,0.2322,0.3141,3.0715,1.7827,77.23,5.1306,False
WSM,719955,2022,0.0857,0.2449,0.3213,2.1345,1.8603,53.68,4.6471,False
WSM,719955,2023,0.1592,0.295,0.2359,3.6228,1.4697,96.76,5.026,False
WSM,719955,2024,0.1589,0.3002,0.2698,6.7297,1.4546,180.51,6.9936,False
WSM,719955,2025,0.1403,0.2789,0.2616,6.252,1.4425,176.73,6.6157,False
WMB,107263,2015,-0.0198,-0.1624,0.0046,0.4097,,14.36,,False
WMB,107263,2016,-0.0317,-0.206,0.0149,0.5462,,18.84,,False
WMB,107263,2017,-0.0101,-0.182,0.0195,0.6406,,19.22,,False
WMB,107263,2018,-0.0077,-0.2208,0.017,0.584,0.1899,14.63,0.278,True
WMB,107263,2019,-0.0519,-0.239,0.0417,0.6251,0.1768,16.7,0.2928,True
WMB,107263,2020,-0.0202,-0.2886,0.0499,0.5792,0.1733,15.34,0.257,True
WMB,107263,2021,-0.0089,-0.278,0.0553,0.7172,0.2685,21.22,0.4813,True
WMB,107263,2022,-0.0226,-0.274,0.0623,0.9329,0.367,28.18,0.7216,True
WMB,107263,2023,-0.025,-0.2335,0.0819,0.9588,0.2279,31.53,0.7166,True
WMB,107263,2024,-0.0486,-0.2273,0.0612,1.4871,0.2316,51.18,0.9494,True
WMB,107263,2025,-0.0489,-0.2089,0.0716,1.5721,0.2544,58.82,1.0829,True
WTW,1140536,2015,-0.0158,0.0848,0.0227,0.6277,,111.02,,False
WTW,1140536,2016,0.0139,0.048,0.0029,0.4973,,107.2,,False
WTW,1140536,2017,0.0341,0.034,0.0034,0.5613,,134.05,,False
WTW,1140536,2018,0.0346,0.0371,0.0145,0.5696,0.2598,137.3,0.7428,True
WTW,1140536,2019,0.0273,0.0506,0.0194,0.686,0.2524,185.09,0.8316,True
WTW,1140536,2020,0.0251,0.0632,0.0307,0.6591,0.241,195.88,0.8564,True
WTW,1140536,2021,0.0276,0.0504,0.0469,1.0652,0.3198,223.62,1.2175,True
WTW,1140536,2024,0.0906,0.0039,0.0227,1.4528,0.3518,307.6,1.4124,True
WTW,1140536,2025,0.0972,-0.01,0.0757,1.411,0.3222,326.32,1.5211,True
WDAY,1327811,2015,0.6223,-0.3487,-0.0214,14.221,,79.68,,False
WDAY,1327811,2016,0.5273,-0.4074,-0.0269,9.1219,,66.09,,False
WDAY,1327811,2017,0.379,-0.4802,-0.0336,11.1717,,101.74,,False
WDAY,1327811,2018,0.3837,-0.3492,-0.0164,10.4333,,159.68,,False
WDAY,1327811,2019,0.0489,-0.3888,-0.0218,10.1561,0.1428,164.45,5.679,False
WDAY,1327811,2020,0.0184,-0.3854,-0.0214,12.1747,0.1432,239.61,6.8597,False
WDAY,1327811,2021,0.0596,-0.3338,-0.0084,11.0465,0.1298,273.18,6.3342,False
WDAY,1327811,2022,0.0139,-0.2614,-0.0111,6.1731,0.4895,167.33,3.8074,False
WDAY,1327811,2023,0.258,-0.2307,-0.0165,7.6871,0.4609,276.06,5.0055,False
WDAY,1327811,2024,0.2969,-0.1052,0.0111,6.7822,0.4412,258.03,4.7562,False
WDAY,1327811,2025,0.278,-0.067,0.0231,5.2836,0.4698,214.78,3.9559,False
WDAY,1327811,2026,0.1135,-0.0283,0.0399,4.2301,0.5285,197.45,3.2947,False
WYNN,1174922,2015,0.1326,0.0053,0.0144,0.593,,60.47,,False
WYNN,1174922,2016,0.1317,0.008,0.0116,0.6809,,77.34,,False
WYNN,1174922,2017,0.1178,0.0501,0.0832,1.3597,,153.21,,False
WYNN,1174922,2018,0.0575,0.0697,0.0557,0.8277,0.5083,91.65,1.3552,True
WYNN,1174922,2019,0.063,0.0463,0.0633,1.1098,,132.89,,False
WYNN,1174922,2020,0.1393,-0.1105,-0.0888,0.7676,,108.88,,False
WYNN,1174922,2021,0.1267,-0.1826,-0.0315,0.6322,,82.06,,False
WYNN,1174922,2022,0.1653,-0.2021,-0.0075,0.5443,,79.58,,False
WYNN,1174922,2023,0.1458,-0.1477,0.06,0.6044,,88.61,,False
WYNN,1174922,2024,0.1065,-0.1292,0.0873,0.6255,,84.71,,False
WYNN,1174922,2025,0.0794,-0.1109,0.0853,0.87,,119.46,,False
XEL,72903,2015,-0.0294,0.091,0.0113,0.566,,25.78,,False
XEL,72903,2016,-0.0098,0.0967,0.0113,0.6258,,30.19,,False
XEL,72903,2017,-0.0259,0.1026,0.0099,0.7282,,36.81,,False
XEL,72903,2018,-0.0297,0.1064,0.0074,0.7209,0.2509,38.97,0.8211,True
XEL,72903,2019,-0.0288,0.1073,0.0089,0.8661,,51.59,,False
XEL,72903,2020,-0.0179,0.1106,0.0079,0.8819,,55.6,,False
XEL,72903,2021,-0.0139,0.1136,0.0074,0.8584,,58.05,,False
XEL,72903,2022,-0.0153,0.1183,0.0397,0.8671,,61.79,,False
XEL,72903,2023,-0.0247,0.1226,0.0387,0.7586,,56.43,,False
XEL,72903,2024,-0.0305,0.1221,0.0341,0.7837,,63.38,,False
XEL,72903,2025,-0.0255,0.1131,0.0317,0.7807,,72.19,,False
XYL,1524472,2015,0.2538,0.19,0.0305,2.8975,,31.93,,False
XYL,1524472,2016,0.0928,0.1596,0.0168,2.4038,,43.93,,False
XYL,1524472,2017,0.1415,0.1789,0.0261,3.2966,,61.29,,False
XYL,1524472,2018,0.0976,0.2269,0.0269,3.1905,,60.67,,False
XYL,1524472,2019,0.1231,0.242,0.0253,3.572,,72.56,,False
XYL,1524472,2020,0.1791,0.2206,0.0205,3.8408,,94.98,,False
XYL,1524472,2021,0.2138,0.2603,0.0707,5.2227,,112.96,,False
XYL,1524472,2022,0.1788,0.2882,0.0782,5.5372,,105.51,,False
XYL,1524472,2023,0.1042,0.1614,0.0405,4.348,0.4571,110.54,3.5504,False
XYL,1524472,2024,0.1068,0.1904,0.0612,4.718,0.5191,113.38,3.9466,False
XYL,1524472,2025,0.1012,0.2102,0.0694,5.3434,0.5124,134.68,4.363,False
YUM,1041061,2015,-0.1734,0.1424,0.0546,1.6509,0.4893,42.95,1.6514,True
YUM,1041061,2016,0.0206,,0.2966,1.2993,,53.01,,False
YUM,1041061,2017,0.1873,,0.5199,1.6287,1.1968,69.5,,False
YUM,1041061,2018,-0.0228,-1.8383,0.5559,1.803,1.3772,79.65,1.6927,True
YUM,1041061,2019,-0.0027,-1.4582,0.1044,1.8281,0.3238,88.74,-0.2796,True
YUM,1041061,2020,0.0024,-1.2782,0.0824,1.9357,0.2978,97.48,-0.0555,True
YUM,1041061,2021,0.0196,-1.349,0.3585,2.4127,1.1036,126.77,1.8693,False
YUM,1041061,2022,-0.0096,-1.4552,0.3741,2.2092,1.1704,119.18,1.6817,True
YUM,1041061,2023,0.0533,-1.2223,0.372,2.3993,1.1356,123.87,2.1556,False
YUM,1041061,2024,0.0895,-1.0786,0.3572,2.4627,1.1222,129.72,2.3759,False
YUM,1041061,2025,0.0639,-0.8557,0.314,2.6216,1.0021,149.1,2.49,False
ZBRA,877212,2015,0.0871,0.2732,0.0012,0.7946,,69.65,,False
ZBRA,877212,2016,0.0589,0.2677,0.0173,1.0566,,85.76,,False
ZBRA,877212,2017,0.0147,0.2919,0.0753,1.4272,,103.8,,False
ZBRA,877212,2018,-0.032,0.389,0.1406,2.5077,0.262,159.23,2.7368,False
ZBRA,877212,2019,-0.0444,0.4738,0.1469,4.2079,0.253,255.44,3.8726,False
ZBRA,877212,2020,-0.1075,0.509,0.1211,5.6276,0.2433,384.33,4.6032,False
ZBRA,877212,2021,-0.0179,0.5749,0.1575,8.7154,0.9054,595.2,7.4379,False
ZBRA,877212,2022,-0.0596,0.5361,0.0703,2.5294,0.7678,256.41,3.1962,False
ZBRA,877212,2023,0.0101,0.5929,0.0658,3.0284,0.6274,273.33,3.504,False
ZBRA,877212,2024,0.0924,0.6099,0.0931,4.1699,0.6251,386.22,4.3991,False
ZBRA,877212,2025,-0.0066,0.6209,0.0823,2.3378,0.6347,242.82,3.1704,False
ZBH,1136869,2015,0.156,0.3067,0.0172,1.0052,,91.33,,False
ZBH,1136869,2016,0.0855,0.3173,0.031,1.0389,,92.67,,False
ZBH,1136869,2017,0.0576,0.386,0.0311,1.4641,,109.22,,False
ZBH,1136869,2018,0.0831,0.3934,0.0014,1.4054,0.0858,94.69,1.5842,True
ZBH,1136869,2019,0.052,0.4232,0.0462,2.144,0.0863,137.65,2.18,False
ZBH,1136869,2020,0.1035,0.4131,-0.0036,2.2298,0.0854,142.84,2.1139,False
ZBH,1136869,2021,0.0604,0.4388,0.0333,2.0953,0.3341,118.53,2.3878,False
ZBH,1136869,2022,0.0982,0.4538,0.0331,2.6071,0.3294,123.55,2.7559,False
ZBH,1136869,2023,0.0815,0.4831,0.0594,2.5162,0.344,118.84,2.8239,False
ZBH,1136869,2024,0.1039,0.5193,0.0602,2.2324,0.3594,104.04,2.7492,False
ZBH,1136869,2025,0.1098,0.5028,0.0476,1.6426,0.3565,89.44,2.3347,False
ZTS,1555280,2015,0.2589,0.1107,0.0087,2.6422,,43.62,,False
ZTS,1555280,2016,0.2972,0.1931,0.0302,3.3011,,49.13,,False
ZTS,1555280,2017,0.3637,0.2456,0.0501,4.0472,,66.6,,False
ZTS,1555280,2018,0.2947,0.3034,0.0388,3.8259,0.1451,79.55,3.3471,False
ZTS,1555280,2019,0.2548,0.3835,0.0379,5.7922,0.145,123.87,4.5879,False
ZTS,1555280,2020,0.3263,0.4158,0.1467,6.5449,0.4905,155.79,5.8752,False
ZTS,1555280,2021,0.3693,0.517,0.179,10.2012,0.5594,230.97,8.4377,False
ZTS,1555280,2022,0.2907,0.5808,0.178,5.4875,0.5414,139.73,5.5831,False
ZTS,1555280,2023,0.3118,0.7206,0.2055,8.4423,0.5981,189.9,7.7247,False
ZTS,1555280,2024,0.1808,0.8406,0.2201,6.91,0.6501,158.31,6.9162,False
ZTS,1555280,2025,0.2931,0.8886,0.2172,4.218,0.6121,123.88,5.4555,False
AA,1675149,2016,0.0215,-0.0062,-0.0097,0.7785,,26.68,,False
AA,1675149,2017,0.0565,0.0065,0.0664,1.2686,,51.19,,False
AA,1675149,2018,0.0762,0.0214,0.1002,0.7802,0.2098,25.26,1.1301,True
AA,1675149,2019,0.0661,-0.0379,-0.0299,0.6168,0.1665,20.44,0.464,True
AA,1675149,2020,0.1184,-0.0488,0.0116,0.5871,0.161,21.9,0.6254,True
AA,1675149,2021,0.12,-0.021,0.0798,1.7131,0.8088,56.74,2.2146,False
AA,1675149,2022,0.1522,-0.0386,0.0476,1.4095,0.8438,43.62,1.9751,False
AA,1675149,2023,0.0971,-0.0913,-0.0413,1.0483,0.7454,33.01,1.2269,True
AA,1675149,2024,0.108,-0.0941,0.0205,1.0995,0.8458,37.11,1.5712,True
AA,1675149,2025,0.1034,-0.0168,0.066,1.4044,0.7955,52.87,1.9564,False
AAL,6201,2015,-0.0748,-0.0254,0.0221,0.6262,,40.47,,False
AAL,6201,2016,-0.0692,0.032,0.015,0.6289,,45.12,,False
AAL,6201,2017,-0.1132,0.0654,0.0134,0.7072,,50.71,,False
AAL,6201,2018,-0.1561,0.0022,0.0094,0.3443,0.1806,31.6,0.234,True
AAL,6201,2019,-0.1684,0.0377,0.0122,0.3146,0.1886,28.57,0.2681,True
AAL,6201,2020,-0.0883,-0.1075,-0.0406,0.1516,0.0649,15.77,-0.2344,True
AAL,6201,2021,-0.0251,-0.13,-0.0159,0.1611,0.4496,17.96,0.2816,True
AAL,6201,2022,-0.0962,-0.1315,0.0248,0.1194,0.7567,12.72,0.6107,True
AAL,6201,2023,-0.1346,-0.1219,0.0481,0.1332,0.8371,13.74,0.7436,True
AAL,6201,2024,-0.1803,-0.1108,0.0423,0.1755,0.8774,17.43,0.7509,True
AAL,6201,2025,-0.1989,-0.109,0.0237,0.1549,0.8844,15.33,0.6645,True
AAON,824142,2015,0.347,0.7675,0.3062,22.1666,,14.5,,False
AAON,824142,2016,0.3974,0.8018,0.3103,33.8726,,20.8,,False
AAON,824142,2017,0.3493,0.7986,0.2497,32.2039,,23.26,,False
AAON,824142,2018,0.3011,0.8024,0.181,30.4695,1.408,22.43,21.7717,False
AAON,824142,2019,0.3541,0.7708,0.1804,32.2779,0.33,31.82,21.7962,False
AAON,824142,2020,0.3591,0.7695,0.2268,36.2771,0.2599,43.18,24.2828,False
AAON,824142,2021,0.202,0.5911,0.1065,23.1888,0.8221,51.75,16.1568,False
AAON,824142,2022,0.2501,0.5673,0.1557,16.0844,1.092,49.39,12.351,False
AAON,824142,2023,0.2998,0.651,0.2416,29.201,1.2412,73.03,20.8303,False
AAON,824142,2024,0.2666,0.6427,0.1779,27.4577,1.0216,116.77,19.3031,False
AAON,824142,2025,0.3192,0.4923,0.0867,7.917,0.8551,76.0,6.9637,False
AAP,1158449,2021,0.0898,0.3777,0.0688,1.4292,0.9019,214.52,2.623,False
AAP,1158449,2022,0.0563,0.3948,0.0594,0.8809,0.9281,136.22,2.273,False
AAP,1158449,2023,0.0871,0.3714,0.0093,0.3575,0.9195,57.74,1.7892,True
AAP,1158449,2024,0.1369,0.3855,-0.0661,0.3189,0.8422,45.55,1.5196,True
AAP,1158449,2026,0.2633,0.3506,-0.0036,0.2646,0.7273,42.18,1.6809,True
ABG,1144980,2015,0.1454,0.1927,0.1308,0.608,,67.44,,False
ABG,1144980,2016,0.0974,0.2618,0.1275,0.5386,,61.7,,False
ABG,1144980,2017,0.1035,0.3184,0.1221,0.5854,,64.0,,False
ABG,1144980,2018,0.0926,0.3423,0.1153,0.5385,2.5504,66.66,3.8446,False
ABG,1144980,2019,0.1221,0.3759,0.1116,0.886,2.4767,111.79,4.0496,False
ABG,1144980,2020,0.0496,0.3669,0.1009,0.9442,1.9399,145.74,3.4125,False
ABG,1144980,2021,0.1093,0.3254,0.1587,0.6059,1.9241,172.73,3.3978,False
ABG,1144980,2023,0.0179,0.2915,0.0939,0.584,1.457,224.97,2.5467,False
ABG,1144980,2024,0.0292,0.3114,0.0808,0.6383,1.6628,243.03,2.7835,False
ABG,1144980,2025,-0.0154,0.3113,0.0741,0.5403,,232.53,,False
ABM,771497,2015,0.1763,0.3426,0.0342,1.1756,,22.91,,False
ABM,771497,2016,0.1729,0.3316,0.024,1.503,,33.52,,False
ABM,771497,2017,0.1253,0.1889,0.0267,0.7569,,31.47,,False
ABM,771497,2018,0.1043,0.2126,0.0382,0.738,,27.36,,False
ABM,771497,2019,0.101,0.2319,0.0564,0.8978,0.4463,32.94,1.617,True
ABM,771497,2020,0.1205,0.2135,0.0253,0.8664,0.3931,33.65,1.44,True
ABM,771497,2021,0.026,0.1984,0.0465,0.7661,1.404,36.95,2.3262,False
ABM,771497,2022,0.0427,0.2171,0.0716,0.761,1.6034,40.92,2.6516,False
ABM,771497,2023,0.0999,0.2533,0.083,0.7886,1.641,42.16,2.8625,False
ABM,771497,2024,0.0864,0.2497,0.0416,0.8674,1.64,49.06,2.751,False
ABM,771497,2025,0.1201,0.2596,0.0592,0.6972,1.6597,41.44,2.7809,False
ACA,1739445,2018,0.1992,0.009,0.0123,2.7136,0.1724,26.95,2.0928,False
ACA,1739445,2019,0.2055,0.0534,0.0132,4.1838,0.1941,43.63,3.0694,False
ACA,1739445,2020,0.134,0.083,0.0574,3.5179,0.7313,54.05,3.3083,False
ACA,1739445,2021,0.1267,0.0877,0.0337,2.0692,0.6388,52.03,2.2661,False
ACA,1739445,2022,0.1464,0.1543,0.1045,2.2876,0.6714,53.86,2.7804,False
ACA,1739445,2023,0.1344,0.1858,0.0607,3.2383,0.645,82.16,3.2099,False
ACA,1739445,2024,0.0891,0.1524,0.0402,1.9032,0.5228,96.4,2.1176,False
ACA,1739445,2025,0.1209,0.19,0.0686,2.2249,0.5784,106.19,2.5508,False
ACAD,1070494,2015,0.8882,-2.986,-0.7418,277.5229,,35.65,,False
ACAD,1070494,2016,0.9005,-1.6644,-0.4862,116.2625,,28.84,,False
ACAD,1070494,2017,0.8438,-3.1824,-0.7605,105.4046,,30.11,,False
ACAD,1070494,2018,0.8636,-2.7191,-0.4581,45.5832,0.4143,16.17,23.4822,False
ACAD,1070494,2019,0.8752,-2.1759,-0.3148,87.7026,0.4329,42.78,50.0196,False
ACAD,1070494,2020,0.7815,-2.5373,-0.3662,59.1969,0.5645,53.46,32.2599,False
ACAD,1070494,2021,0.7452,-3.076,-0.2434,25.2569,0.6915,23.34,11.6302,False
ACAD,1070494,2022,0.6504,-4.0311,-0.3804,14.6378,0.8799,15.92,3.5442,False
ACAD,1070494,2023,0.4832,-3.2456,-0.098,17.0078,0.9699,31.31,6.8872,False
ACAD,1070494,2024,0.4575,-1.8559,0.1943,6.9496,0.8064,18.35,3.5681,False
ACAD,1070494,2025,0.5019,-1.1593,0.067,13.6645,0.685,26.71,8.084,False
ACCL,2038378,2025,0.3321,0.5498,0.2762,,1.241,,,False
ACHC,1520697,2015,0.0011,0.05,0.0946,,,62.46,,False
ACHC,1520697,2016,0.0141,0.0365,0.101,,,33.1,,False
ACHC,1520697,2017,0.0147,0.0667,0.0941,,,32.63,,False
ACHC,1520697,2018,0.0055,0.041,0.0962,,0.1205,25.71,,False
ACHC,1520697,2019,0.0114,0.0526,0.0852,,0.1134,33.22,,False
ACHC,1520697,2020,0.187,-0.0478,,,0.0833,50.26,,False
ACHC,1520697,2021,0.0189,-0.0251,,,0.4854,60.7,,False
ACHC,1520697,2022,0.0236,0.0308,,,0.5233,82.32,,False
ACHC,1520697,2023,-0.0541,0.0246,,,0.5465,77.76,,False
ACHC,1520697,2024,-0.0001,0.065,,,0.5295,39.65,,False
ACHC,1520697,2025,0.0523,-0.1386,,,0.5993,14.19,,False
ACI,1646972,2017,0.0513,-0.0261,0.0098,,,,,False
ACI,1646972,2018,0.0528,-0.0208,0.0139,,0.6746,,,False
ACI,1646972,2019,-0.007,0.0239,0.0132,,0.0445,,,False
ACI,1646972,2021,0.0059,0.0475,-0.0066,0.3829,0.593,19.94,0.8746,True
ACI,1646972,2022,-0.0825,-0.0071,0.0882,0.3672,2.9673,18.58,3.3697,False
ACI,1646972,2023,-0.0446,0.0316,0.0789,0.4358,3.0219,21.08,3.5345,False
ACI,1646972,2024,-0.0259,0.0556,0.0578,0.3827,3.0046,18.43,3.4718,False
ACI,1646972,2025,-0.0414,0.0515,0.0272,0.3232,3.1074,16.6,3.4134,False
ACIW,935036,2015,-0.0012,0.2095,0.0372,1.6173,,21.4,,False
ACIW,935036,2016,0.0166,0.2869,0.0633,1.597,,18.15,,False
ACIW,935036,2017,0.0537,0.2959,0.058,2.0862,,22.67,,False
ACIW,935036,2018,0.1271,0.407,0.0548,2.6004,,27.67,,False
ACIW,935036,2019,0.0947,0.2857,0.0314,1.7979,0.3863,37.89,2.0824,False
ACIW,935036,2020,0.0736,0.2963,0.0283,1.7794,0.3822,38.43,2.0462,False
ACIW,935036,2021,0.058,0.3581,0.0664,1.8303,0.4339,34.7,2.3224,False
ACIW,935036,2022,0.0797,0.3967,0.0635,1.1514,0.443,23.0,1.9945,False
ACIW,935036,2023,0.1072,0.405,0.064,1.4569,0.4217,30.6,2.2026,False
ACIW,935036,2024,0.1283,0.5282,0.1019,3.2734,0.527,51.91,3.7207,False
ACIW,935036,2025,0.1235,0.5877,0.1063,3.0436,0.5668,47.81,3.7146,False
ACLS,1113232,2015,0.6663,-1.1663,0.0719,3.2639,,10.36,,False
ACLS,1113232,2016,0.6386,-1.0975,0.055,4.4587,,14.55,,False
ACLS,1113232,2017,0.5335,-0.4194,0.098,6.5843,,28.7,,False
ACLS,1113232,2018,0.5685,-0.2867,0.1093,3.9234,0.807,17.8,3.8025,False
ACLS,1113232,2019,0.5602,-0.2558,0.0442,5.7843,0.6257,24.1,4.556,False
ACLS,1113232,2020,0.6185,-0.1472,0.0929,6.2876,0.7598,29.12,5.3751,False
ACLS,1113232,2021,0.6228,-0.0302,0.169,10.7453,0.8794,74.56,8.5896,False
ACLS,1113232,2022,0.621,0.1173,0.2095,7.0752,0.9076,79.36,6.7536,False
ACLS,1113232,2023,0.62,0.2492,0.2073,9.6024,0.8819,129.69,8.4205,False
ACLS,1113232,2024,0.6792,0.3487,0.1563,6.4219,0.7547,69.87,6.4267,False
ACLS,1113232,2025,0.5476,0.3699,0.0876,7.5948,0.6163,80.34,6.6374,False
ACM,868857,2015,0.1006,0.0373,0.0068,0.3551,,28.65,,False
ACM,868857,2016,0.0507,0.0451,0.005,0.4387,,34.68,,False
ACM,868857,2017,0.0767,0.0668,0.0112,0.4479,,35.44,,False
ACM,868857,2018,0.068,0.0646,0.0121,0.3127,,25.28,,False
ACM,868857,2019,0.0742,0.0415,-0.029,0.5013,0.3537,41.14,0.7058,True
ACM,868857,2020,0.1108,0.0134,0.005,0.6376,0.2746,47.49,0.8254,True
ACM,868857,2021,0.0556,-0.043,0.0145,1.0665,0.2858,73.79,0.9801,True
ACM,868857,2022,0.0376,-0.063,0.0165,1.2321,0.3076,81.7,1.0582,True
ACM,868857,2023,0.0284,-0.0983,0.0289,1.3042,1.28,89.68,2.0542,False
ACM,868857,2024,0.0665,-0.1063,0.0686,1.3894,1.3353,104.63,2.3263,False
ACM,868857,2025,0.0657,-0.1004,0.0841,1.2765,1.3229,94.27,2.3047,False
ACMR,1680062,2017,0.6053,-0.1467,0.0103,0.885,,1.75,,False
ACMR,1680062,2018,0.4841,-0.0329,0.0628,1.0146,,3.63,,False
ACMR,1680062,2019,0.6656,0.0712,0.0817,1.4478,0.4939,6.15,2.5307,False
ACMR,1680062,2020,0.4623,0.1005,0.063,2.8846,0.459,27.08,3.0929,False
ACMR,1680062,2021,0.71,0.0685,0.0368,1.6752,0.2469,28.42,2.3212,False
ACMR,1680062,2022,0.4594,0.0764,0.0478,0.2582,0.3147,7.71,1.2856,True
ACMR,1680062,2023,0.453,0.1052,0.0643,0.4905,0.3741,19.54,1.5714,True
ACMR,1680062,2024,0.4538,0.1401,0.0814,0.2817,0.4215,15.1,1.5997,True
ACMR,1680062,2025,0.5887,0.122,0.0381,0.5939,0.3138,39.45,1.6732,True
ACNT,95953,2021,0.4116,0.2371,0.1028,,1.2583,,,False
ACNT,95953,2022,0.5088,0.3165,0.0758,,1.5393,,,False
ACNT,95953,2023,0.3958,0.3584,-0.2292,,0.2524,,,False
ACNT,95953,2024,0.4128,0.3051,-0.0346,,1.208,,,False
ACNT,95953,2025,0.6313,0.409,-0.0628,,0.6695,,,False
ADEA,1803696,2020,0.1191,0.0978,0.0658,0.719,0.3302,8.15,1.2585,True
ADEA,1803696,2021,0.1335,0.076,0.0056,0.7361,0.3553,7.54,1.0821,True
ADEA,1803696,2022,0.076,-0.1022,0.0275,1.0845,0.0853,8.94,0.7748,True
ADEA,1803696,2023,0.0939,-0.0509,0.1232,1.7567,0.3517,11.93,1.8537,False
ADEA,1803696,2024,0.1687,0.0026,0.1171,2.1525,0.3425,13.69,2.2266,False
ADEA,1803696,2025,0.2157,0.0887,0.1684,3.3848,0.4266,17.15,3.3961,False
ADMA,1368514,2015,0.72,-3.6863,-0.6542,78.9549,,8.07,,False
ADMA,1368514,2016,0.4405,-4.5149,-0.7317,40.75,,5.12,,False
ADMA,1368514,2017,0.4974,-1.3951,-0.3639,10.6224,,3.21,,False
ADMA,1368514,2018,0.3927,-2.4353,-0.1862,7.7464,,2.39,,False
ADMA,1368514,2019,0.5649,-2.0829,-0.3259,8.8797,,4.0,,False
ADMA,1368514,2020,0.6442,-1.6394,-0.3126,3.6573,,1.95,,False
ADMA,1368514,2021,0.6456,-1.4918,-0.2113,2.338,0.293,1.41,-0.3153,True
ADMA,1368514,2022,0.6633,-1.3718,-0.113,4.423,0.4422,3.88,1.5986,True
ADMA,1368514,2023,0.6295,-1.5379,0.0657,5.2193,0.7844,4.52,2.7351,False
ADMA,1368514,2024,0.5645,-0.6315,0.2844,27.5049,0.8727,17.15,18.1075,False
ADMA,1368514,2025,0.6359,-0.259,0.3067,27.8071,0.8173,18.24,18.9142,False
ADNT,1670541,2017,0.013,0.0557,0.0806,0.7004,,77.67,,False
ADNT,1670541,2018,0.0107,-0.0939,-0.1024,0.142,,15.06,,False
ADNT,1670541,2019,0.0272,-0.1494,0.0002,0.2022,1.598,21.25,1.5434,True
ADNT,1670541,2020,0.0646,-0.2043,-0.0418,0.3087,1.2348,34.77,1.0736,True
ADNT,1670541,2021,0.1461,-0.0917,0.1335,0.472,1.2693,47.88,2.0401,False
ADNT,1670541,2022,0.0723,-0.121,0.0059,0.3969,1.5419,34.69,1.7169,True
ADNT,1670541,2023,0.0613,-0.0958,0.0313,0.411,1.6336,36.36,1.9229,False
ADNT,1670541,2024,0.0436,-0.0946,0.0142,0.1949,1.5707,17.23,1.6545,True
ADNT,1670541,2025,0.0498,-0.1302,-0.0098,0.2175,1.6233,19.17,1.5988,True
ADT,1703056,2018,-0.0092,-0.0977,0.0006,0.2713,,4.63,,False
ADT,1703056,2019,-0.0307,-0.1705,0.004,0.3987,,6.76,,False
ADT,1703056,2020,-0.0204,-0.2166,0.001,0.3973,,6.83,,False
ADT,1703056,2021,-0.0421,-0.234,0.0009,0.4148,0.3141,7.44,0.188,True
ADT,1703056,2022,-0.0527,-0.2216,0.0285,0.4308,0.3589,8.17,0.338,True
ADT,1703056,2023,-0.0298,-0.2266,0.0165,0.3924,0.0766,6.28,0.0134,True
ADT,1703056,2024,-0.0161,-0.2067,0.019,0.4074,0.0785,6.56,0.077,True
ADT,1703056,2025,-0.0043,-0.1838,0.0827,0.4973,0.3242,7.87,0.6332,True
ADUS,1468328,2015,0.3134,0.2837,0.0157,8.5434,,23.28,,False
ADUS,1468328,2016,0.3523,0.2885,0.0333,9.0779,,35.05,,False
ADUS,1468328,2017,0.3703,0.2962,0.0283,7.0615,,34.8,,False
ADUS,1468328,2018,0.3489,0.2753,0.0192,15.8739,0.393,67.88,10.7847,False
ADUS,1468328,2019,0.2856,0.1822,0.0228,11.2656,0.3021,97.22,7.7346,False
ADUS,1468328,2020,0.1611,0.1671,0.0131,5.8479,0.2196,117.09,4.1989,False
ADUS,1468328,2021,0.2181,0.205,0.0696,4.6786,0.9123,93.51,4.4978,False
ADUS,1468328,2022,0.0977,0.2562,0.0733,6.1024,1.014,99.49,5.3932,False
ADUS,1468328,2023,0.0536,0.2956,0.0888,5.4571,1.0334,92.85,5.0788,False
ADUS,1468328,2024,0.074,0.2665,0.0727,5.2943,0.8173,125.35,4.6956,False
ADUS,1468328,2025,0.0835,0.3286,0.0964,5.6972,0.9897,107.39,5.2865,False
AEIS,927003,2015,0.5159,0.1468,0.035,5.5638,,27.66,,False
AEIS,927003,2016,0.6006,0.3418,0.0674,11.9735,,53.65,,False
AEIS,927003,2017,0.667,0.4544,0.0792,12.452,,66.12,,False
AEIS,927003,2018,0.5611,0.628,0.024,8.0529,0.1888,42.06,6.6522,False
AEIS,927003,2019,0.3566,0.377,0.0145,3.2672,0.2207,69.76,3.1846,False
AEIS,927003,2020,0.415,0.4323,0.1068,4.5718,0.8593,95.01,5.0582,False
AEIS,927003,2021,0.4358,0.4162,0.0835,3.7944,0.8011,89.61,4.4588,False
AEIS,927003,2022,0.3993,0.4594,0.117,3.6681,0.9263,84.8,4.6357,False
AEIS,927003,2023,0.5382,0.3871,0.0445,3.0652,0.6476,108.11,3.8213,False
AEIS,927003,2024,0.4753,0.4539,0.0162,4.3721,0.6552,115.19,4.5378,False
AEIS,927003,2025,0.2289,0.4433,0.066,7.1284,0.7066,209.17,6.0967,False
AEO,919012,2015,0.1611,1.0292,0.1984,3.4777,,11.64,,False
AEO,919012,2016,0.2286,0.9961,0.1859,3.4031,,11.74,,False
AEO,919012,2017,0.2661,1.037,0.1667,4.44,,15.09,,False
AEO,919012,2019,0.089,0.6334,0.0701,0.9986,0.3949,12.4,2.2189,False
AEO,919012,2020,0.1934,0.544,-0.079,1.2289,1.0944,17.22,2.5647,False
AEO,919012,2021,0.1463,0.582,0.1561,1.5772,1.3233,22.24,3.7751,False
AEO,919012,2022,0.0968,0.6247,0.0722,1.1571,1.4586,12.58,3.382,False
AEO,919012,2023,0.1524,0.6223,0.0626,1.7925,1.4789,19.48,3.8151,False
AEO,919012,2024,0.1231,0.6411,0.1115,1.2763,1.391,15.72,3.5702,False
AEO,919012,2025,0.1114,0.6366,0.0564,1.8707,1.3835,25.88,3.717,False
AESI,1984060,2023,0.1792,-0.0327,0.2101,4.967,0.4866,15.65,4.3295,False
AESI,1984060,2024,0.0235,0.0,0.0577,2.8136,0.5353,21.07,2.4422,False
AESI,1984060,2025,0.0433,-0.0226,-0.0049,1.155,0.4915,9.42,1.1887,True
AGCO,880266,2015,0.1097,0.6146,0.0555,0.6997,,36.15,,False
AGCO,880266,2016,0.1424,0.5739,0.0402,0.7532,,46.58,,False
AGCO,880266,2017,0.1226,0.5336,0.0506,0.8328,,57.99,,False
AGCO,880266,2018,0.1011,0.5871,0.0641,0.6898,1.2263,45.63,2.7949,False
AGCO,880266,2019,0.1088,0.5726,0.0449,0.922,1.1652,63.89,2.7987,False
AGCO,880266,2020,0.1182,0.5596,0.0705,1.0992,1.0759,86.11,2.8935,False
AGCO,880266,2021,0.1698,0.5644,0.1091,1.2207,1.213,100.02,3.2993,False
AGCO,880266,2022,0.1634,0.5597,0.1252,1.4073,1.2522,125.01,3.4894,False
AGCO,880266,2023,0.1749,0.5569,0.1489,1.192,1.2619,115.14,3.4579,False
AGCO,880266,2024,0.1172,0.5044,-0.0109,0.8988,1.0421,91.73,2.3923,False
AGCO,880266,2025,0.123,0.507,0.0499,0.9857,0.8453,103.52,2.4588,False
AGNT,1495932,2018,0.3244,-1.0881,-0.4008,20.8684,,3.23,,False
AGNT,1495932,2019,0.3821,-0.7288,-0.091,19.4926,10.1598,5.17,20.9932,False
AGNT,1495932,2020,0.4772,-0.1617,0.1304,48.2897,2.5159,28.78,32.2664,False
AGNT,1495932,2021,0.3202,0.0737,0.0825,27.0226,9.1129,30.77,26.0863,False
AGNT,1495932,2022,0.3349,0.0543,0.0142,12.8843,12.0471,10.23,20.3023,False
AGNT,1495932,2023,0.3237,-0.0435,-0.0427,17.1412,11.1005,14.53,21.5719,False
AGNT,1495932,2024,0.2102,-0.1744,-0.0486,9.8462,11.6903,10.95,17.4457,False
AGNT,1495932,2025,0.2377,-0.2749,-0.0485,7.3558,10.7854,8.79,14.9392,False
AGX,100591,2015,0.3991,0.2423,0.0352,1.8783,,25.31,,False
AGX,100591,2016,0.3682,0.24,0.0462,2.2377,,56.09,,False
AGX,100591,2017,0.5001,0.3499,0.0135,2.0776,,36.32,,False
AGX,100591,2018,0.7009,0.5195,-0.009,5.3066,0.1839,31.12,4.9065,False
AGX,100591,2019,0.5696,0.3883,-0.0204,3.2367,0.1395,33.8,3.2414,False
AGX,100591,2021,0.4483,0.2756,0.0382,1.7814,0.6508,35.58,2.7695,False
AGX,100591,2022,0.5135,0.3409,0.0804,2.1458,0.9201,34.87,3.5663,False
AGX,100591,2023,0.4825,0.4246,0.0851,3.0543,0.9296,45.41,4.2166,False
AGX,100591,2024,0.4094,0.377,0.0609,6.1851,0.9584,135.47,5.8896,False
AGX,100591,2025,0.3605,0.35,0.1055,9.0493,1.0454,312.42,7.7456,False
AGX,100591,2026,0.3549,0.3424,0.1135,8.2345,0.7962,424.99,7.0168,False
AGYS,78749,2015,0.2997,0.7061,-0.0687,4.9144,,9.99,,False
AGYS,78749,2016,0.1625,0.6736,-0.0682,5.4481,,10.36,,False
AGYS,78749,2018,0.123,0.659,-0.0768,8.2924,,14.34,,False
AGYS,78749,2019,0.1266,0.5688,-0.08,11.3819,0.2238,25.41,7.7373,False
AGYS,78749,2020,0.1552,0.3816,-0.2204,13.0733,0.2566,38.38,8.0939,False
AGYS,78749,2021,0.3805,0.1863,-0.1104,11.4006,0.7225,44.46,7.916,False
AGYS,78749,2022,0.3021,0.1869,0.0295,19.1084,0.7594,79.14,12.946,False
AGYS,78749,2023,0.3133,0.2171,0.053,17.8904,0.815,84.82,12.4039,False
AGYS,78749,2024,0.2841,0.3931,0.045,32.601,0.6776,131.71,21.2779,False
AGYS,78749,2025,0.0288,0.3706,0.052,19.8949,0.6345,118.84,13.2965,False
AGYS,78749,2026,0.1226,0.4149,0.0893,21.2195,0.6631,116.41,14.4175,False
AHCO,1725255,2018,0.0016,0.0082,-0.0049,156.31,,9.83,,False
AHCO,1725255,2019,0.0559,-0.0498,0.0544,2.6019,0.9698,10.98,2.7077,False
AHCO,1725255,2020,-0.0324,-0.1098,0.0393,3.3414,0.5825,37.56,2.5245,False
AHCO,1725255,2021,0.0324,-0.0082,0.043,1.0475,0.4675,24.46,1.2652,True
AHCO,1725255,2022,0.0247,0.005,0.0365,0.8559,0.5691,19.22,1.2398,True
AHCO,1725255,2023,0.0248,-0.1447,-0.1327,0.3267,0.7098,7.29,0.295,True
AHCO,1725255,2024,0.0421,-0.1253,0.0588,0.4462,0.7268,9.52,1.0636,True
AHCO,1725255,2025,0.0038,-0.1466,0.0211,0.4867,0.7517,9.96,0.9125,True
AIDX,1139685,2025,-0.2398,-8.0359,-0.8051,,0.4943,,,False
AIIA,2073553,2025,,-0.0011,-0.0012,,,,,False
AIN,819793,2015,0.3227,0.4873,0.0633,1.7801,,31.78,,False
AIN,819793,2016,0.2385,0.4138,0.0726,1.5458,,40.94,,False
AIN,819793,2017,0.2808,0.3924,0.0559,1.9836,,55.05,,False
AIN,819793,2018,0.2847,0.4158,0.0264,1.9824,,56.52,,False
AIN,819793,2019,0.2819,0.4738,0.1313,2.5541,,69.4,,False
AIN,819793,2020,0.3396,0.4973,0.1072,2.6511,0.5811,68.15,3.6291,False
AIN,819793,2021,0.3539,0.5546,0.1144,3.4693,0.5972,82.88,4.2574,False
AIN,819793,2022,0.3819,0.5671,0.1102,3.4203,0.6302,93.3,4.2982,False
AIN,819793,2023,0.3429,0.5509,0.0915,3.0763,0.6256,93.99,3.9561,False
AIN,819793,2024,0.3059,0.6464,0.0797,3.143,0.7464,77.44,4.1672,False
AIN,819793,2025,0.2831,0.5681,-0.021,1.4381,0.6882,49.96,2.6168,False
AIR,1750,2023,0.4072,0.4968,,1382.939,,62.4,,False
AIR,1750,2024,0.3331,0.3455,,1358.117,,61.28,,False
AIT,109563,2015,0.3827,0.6757,0.1287,1.8274,,34.54,,False
AIT,109563,2016,0.3865,0.7198,0.0677,2.9113,,51.93,,False
AIT,109563,2017,0.4128,0.745,0.1258,3.468,,60.7,,False
AIT,109563,2018,0.2736,0.4942,0.0988,1.2204,,48.91,,False
AIT,109563,2019,0.3107,0.5271,0.1003,1.5809,1.4894,61.8,3.8795,False
AIT,109563,2020,0.3213,0.5257,0.039,1.88,1.4213,73.77,3.7995,False
AIT,109563,2021,0.3384,0.5698,0.0904,2.7002,1.4244,98.54,4.5468,False
AIT,109563,2022,0.3506,0.6115,0.1459,3.4476,1.5537,122.43,5.3806,False
AIT,109563,2023,0.4033,0.6535,0.1725,4.8381,1.6086,169.39,6.4794,False
AIT,109563,2024,0.4298,0.7188,0.168,6.8736,1.5175,236.58,7.718,False
AIT,109563,2025,0.3846,0.7709,0.157,7.0452,1.4371,255.52,7.723,False
AIT,109563,2026,0.321,0.9265,0.1825,10.3549,1.6501,323.98,10.1477,False
AITX,1498148,2015,-9.9767,-72.4492,-7.4053,,,,,False
AITX,1498148,2016,-110.2403,-809.6298,-65.6325,,,,,False
AITX,1498148,2017,-4895.62,8451.0113,-95.4148,,,,,False
AITX,1498148,2018,-46.5558,-48.201,-4.7745,,,,,False
AITX,1498148,2019,-26.0163,-32.8386,-5.7768,,,,,False
AITX,1498148,2020,-57.0041,-74.5626,-5.188,,,,,False
AITX,1498148,2021,-2.044,-20.1115,-1.9108,,,,,False
AITX,1498148,2022,0.2697,-10.1459,-1.4411,,,,,False
AITX,1498148,2023,-2.0027,-17.8269,-2.0154,,,,,False
AITX,1498148,2024,-2.3825,-17.5024,-1.8415,,0.2932,,,False
AITX,1498148,2025,-0.2319,-14.2454,-1.2695,,0.5581,,,False
AITX,1498148,2026,-1.8294,-18.3958,-1.2839,,0.8326,,,False
ALG,897077,2025,0.4853,0.6509,0.0944,4.4361,0.9982,166.9,5.4649,False
ALGM,866291,2021,0.4198,0.0047,0.0163,41.9386,0.7907,36.18,26.518,False
ALGM,866291,2022,0.4565,0.1377,0.1531,35.5837,0.8611,30.02,23.4572,False
ALGM,866291,2023,0.4237,0.2627,0.1721,26.3245,0.8243,30.27,18.0633,False
ALGM,866291,2024,0.2968,0.3025,0.1282,10.2153,0.6856,21.86,8.0176,False
ALGM,866291,2025,0.2609,-0.0377,-0.0139,10.0381,0.5102,26.38,6.7474,False
ALGM,866291,2026,0.2526,-0.0484,0.0131,14.6979,0.6285,36.25,9.7257,False
ALGT,1362468,2015,0.005,0.4244,0.275,4.0871,,149.75,,False
ALGT,1362468,2016,0.0174,0.4507,0.2217,3.4438,,150.91,,False
ALGT,1362468,2017,-0.0041,0.414,0.1042,2.3973,,143.13,,False
ALGT,1362468,2018,-0.0075,0.4102,0.0974,1.4292,0.6138,94.54,2.3582,False
ALGT,1362468,2019,-0.0167,0.4022,0.1209,2.1503,0.559,167.32,2.7911,False
ALGT,1362468,2020,0.078,0.3116,-0.0862,1.9536,0.2768,182.91,1.6944,True
ALGT,1362468,2021,0.0897,0.2593,0.0203,1.5019,0.4739,180.78,1.9127,False
ALGT,1362468,2023,-0.0434,0.2599,0.0454,0.6263,0.4773,81.12,1.3147,True
ALGT,1362468,2024,-0.0645,0.2265,-0.0542,0.7703,0.5005,94.12,1.0235,True
ALGT,1362468,2025,-0.0121,0.2277,0.0088,0.7385,0.5522,85.27,1.3287,True
ALHC,1832466,2021,0.6112,-0.9112,-0.2823,8.9784,1.8499,14.06,5.7633,False
ALHC,1832466,2022,0.4963,-1.1552,-0.2029,6.1827,2.2585,11.76,4.2766,False
ALHC,1832466,2023,0.3726,-1.4872,-0.216,4.1171,3.0427,8.61,3.1653,False
ALHC,1832466,2024,0.3961,-1.2893,-0.1299,3.4262,,11.25,,False
ALHC,1832466,2025,0.3703,-0.9467,0.0138,4.6213,,19.75,,False
ALK,766421,2024,-0.1206,0.2494,0.0288,0.4694,0.5936,64.75,1.1748,True
ALK,766421,2025,-0.1632,0.247,0.0149,0.3456,0.6993,50.3,1.1058,True
ALKS,1520262,2015,0.2795,-0.3985,-0.1209,24.5943,,79.38,,False
ALKS,1520262,2016,0.3352,-0.5491,-0.1209,18.0374,,55.58,,False
ALKS,1520262,2017,0.2881,-0.5811,-0.0823,15.4465,,54.73,,False
ALKS,1520262,2018,0.3526,-0.6495,-0.0543,7.5731,0.5996,29.51,4.478,False
ALKS,1520262,2019,0.3162,-0.7655,-0.0972,4.7536,0.6486,20.4,2.4877,False
ALKS,1520262,2020,0.345,-0.7657,-0.0577,3.7914,0.5328,19.95,1.9594,False
ALKS,1520262,2021,0.2919,-0.7612,-0.0145,4.2792,0.5798,23.26,2.3841,False
ALKS,1520262,2022,0.3221,-0.8652,-0.0724,4.7637,0.5661,26.13,2.3604,False
ALKS,1520262,2023,0.4519,-0.6289,0.1939,4.9851,0.7787,27.74,4.0712,False
ALKS,1520262,2024,0.4622,-0.475,0.2046,8.1696,0.7578,28.76,6.2244,False
ALKS,1520262,2025,0.5572,-0.2955,0.1021,7.0301,0.5934,27.98,5.4035,False
ALRM,1459200,2015,0.5837,-0.5664,0.0796,14.6313,,16.68,,False
ALRM,1459200,2016,0.576,-0.4513,0.0538,19.518,,27.83,,False
ALRM,1459200,2017,0.3214,-0.2386,0.0898,13.3499,,37.75,,False
ALRM,1459200,2018,0.3465,-0.1452,0.0277,15.5837,0.2526,51.87,9.9066,False
ALRM,1459200,2019,0.301,-0.0188,0.0904,11.0476,0.2519,42.97,7.5136,False
ALRM,1459200,2020,0.4198,0.091,0.0769,20.0533,0.2263,103.45,13.1434,False
ALRM,1459200,2021,0.6398,0.0965,0.05,6.8707,0.1585,84.81,5.3487,False
ALRM,1459200,2022,0.5462,0.1393,0.0384,3.4379,0.1566,49.48,3.1965,False
ALRM,1459200,2023,0.5428,0.1849,0.0464,4.4385,0.1572,64.62,3.8837,False
ALRM,1459200,2024,0.6343,0.1915,0.0533,2.3559,0.1188,60.8,2.7373,False
ALRM,1459200,2025,0.2852,0.2447,0.0625,2.0108,0.4733,51.02,2.571,False
ALSN,1411207,2015,0.0708,-0.1008,0.0084,0.5588,,21.79,,False
ALSN,1411207,2016,0.0487,-0.139,0.026,0.7633,,29.01,,False
ALSN,1411207,2017,0.0511,-0.2509,0.0304,0.885,,37.68,,False
ALSN,1411207,2018,0.0706,-0.2596,0.0489,0.8987,0.1527,38.94,0.5744,True
ALSN,1411207,2019,0.0604,-0.218,0.0371,0.9773,0.1387,43.42,0.6147,True
ALSN,1411207,2020,0.0855,-0.2176,0.0297,0.8762,0.1195,39.48,0.5413,True
ALSN,1411207,2021,0.0476,-0.2526,0.1501,0.7327,0.5389,33.92,1.1773,True
ALSN,1411207,2022,0.0826,-0.204,0.1678,0.8619,0.5928,39.63,1.4774,True
ALSN,1411207,2023,0.1491,-0.125,0.1829,1.2282,0.604,56.4,1.9483,False
ALSN,1411207,2024,0.1934,-0.0448,0.1859,2.3763,0.6044,106.04,2.813,False
ALSN,1411207,2025,0.2915,-0.0062,0.1447,1.9043,0.4949,97.2,2.456,False
ALV,1034670,2015,0.2408,0.465,0.0967,1.2554,,69.55,,False
ALV,1034670,2016,0.1874,0.469,0.1029,1.0957,,64.45,,False
ALV,1034670,2017,0.1813,0.4771,0.0708,1.237,,73.99,,False
ALV,1034670,2018,0.0625,0.3038,0.1021,0.8809,0.3262,58.03,1.6918,True
ALV,1034670,2019,0.0874,0.3372,0.1072,1.1367,0.3236,72.15,1.9364,False
ALV,1034670,2020,0.1376,0.3029,0.0468,1.0135,0.3086,79.35,1.6605,True
ALV,1034670,2021,0.1133,0.3638,0.0896,1.3614,1.0919,90.86,2.8496,False
ALV,1034670,2022,0.0093,0.2993,0.0854,1.0002,1.1458,69.54,2.458,False
ALV,1034670,2023,-0.0073,0.2747,0.0828,1.3078,1.2572,102.91,2.691,False
ALV,1034670,2024,-0.0192,0.2697,0.1254,1.1921,1.3314,89.82,2.8152,False
ALV,1034670,2025,0.0206,0.267,0.1259,1.4025,1.2512,116.07,2.9065,False
AM,1623925,2019,-0.0213,-0.0544,-0.0307,0.5957,0.1262,3.94,0.2808,True
AM,1623925,2020,-0.0,-0.0827,0.0205,0.7479,0.1605,5.03,0.5611,True
AM,1623925,2021,-0.0054,-0.0239,0.1002,1.0245,0.162,7.03,1.0672,True
AM,1623925,2022,-0.0023,0.0143,0.0932,1.1303,0.1589,8.57,1.1617,True
AM,1623925,2023,-0.0009,0.0175,0.1066,1.427,0.1816,10.78,1.4131,True
AM,1623925,2024,0.003,0.0157,0.1144,1.8015,0.192,13.84,1.6761,True
AM,1623925,2025,0.0456,0.0025,0.1096,2.0894,0.202,17.22,1.8754,False
AMKR,1047127,2015,0.0742,-0.1141,0.0409,,,5.64,,False
AMKR,1047127,2016,0.0987,-0.0742,0.0718,,,9.78,,False
AMKR,1047127,2017,0.0639,-0.0095,0.0244,,,9.32,,False
AMKR,1047127,2018,0.1141,0.0252,0.0168,,,6.08,,False
AMKR,1047127,2019,0.2006,0.0499,0.0252,,,12.06,,False
AMKR,1047127,2020,0.1627,0.112,0.0317,,0.273,14.02,,False
AMKR,1047127,2021,0.1949,0.1928,0.1264,,1.0165,23.22,,False
AMKR,1047127,2022,0.2402,0.2748,0.1315,,1.0396,22.68,,False
AMKR,1047127,2023,0.2675,0.319,0.0695,,0.9604,31.82,,False
AMKR,1047127,2024,0.233,0.3363,0.0631,,0.9098,25.2,,False
AMKR,1047127,2025,0.267,0.3229,0.0574,,0.8245,39.29,,False
AMN,1142750,2015,0.1415,-0.1092,0.1464,2.258,,31.05,,False
AMN,1142750,2016,0.1482,0.0081,0.1615,2.0192,,38.45,,False
AMN,1142750,2017,0.1666,0.1134,0.1694,2.7587,,49.25,,False
AMN,1142750,2018,0.1172,0.1916,0.1359,2.5704,0.3541,56.66,2.7537,False
AMN,1142750,2019,0.0944,0.2071,0.0916,2.0196,0.3038,62.31,2.2211,False
AMN,1142750,2020,0.0471,0.1995,0.0634,1.7233,0.2682,68.25,1.8473,False
AMN,1142750,2021,0.1212,0.2545,0.1526,2.4051,1.2721,122.33,3.7206,False
AMN,1142750,2022,0.0816,0.4297,0.224,2.1587,1.8153,102.82,4.5493,False
AMN,1142750,2023,0.0635,0.4964,0.1157,1.3855,1.2957,74.88,3.2801,False
AMN,1142750,2024,0.0203,0.5401,-0.0425,0.542,1.2351,23.92,2.2006,False
AMN,1142750,2025,-0.0154,0.5773,-0.0265,0.4204,1.3039,15.76,2.2585,False
AMPH,1297184,2015,0.2973,0.1546,-0.0177,6.3969,,14.23,,False
AMPH,1297184,2016,0.2887,0.1657,0.0367,7.9562,,18.42,,False
AMPH,1297184,2017,0.2652,0.1677,-0.002,6.9751,,19.24,,False
AMPH,1297184,2018,0.221,0.1314,-0.0168,5.6735,0.1746,19.9,3.9725,False
AMPH,1297184,2019,0.2815,0.1983,-0.0001,5.1464,0.1421,19.29,3.845,False
AMPH,1297184,2020,0.2653,0.1866,0.0174,4.687,0.5542,20.11,4.0033,False
AMPH,1297184,2021,0.3191,0.2685,0.1041,4.3835,0.6519,23.29,4.3844,False
AMPH,1297184,2022,0.382,0.3662,0.1449,5.5872,0.6725,28.02,5.474,False
AMPH,1297184,2023,0.1746,0.2705,0.1302,3.012,0.4259,61.85,3.2511,False
AMPH,1297184,2024,0.2284,0.3606,0.1302,1.8688,0.464,37.13,2.7939,False
AMPH,1297184,2025,0.2933,0.4093,0.0862,1.3554,0.4418,26.78,2.4644,False
AMR,1704715,2018,0.1727,0.1468,0.0706,,,,,False
AMR,1704715,2019,0.1721,0.0377,-0.0684,,0.991,,,False
AMR,1704715,2020,0.1494,-0.2146,-0.1016,,0.8411,,,False
AMR,1704715,2021,0.2433,-0.0386,0.1922,0.5606,1.2126,57.96,2.4213,False
AMR,1704715,2022,0.3078,0.5515,0.6836,2.0816,1.77,144.92,6.4163,False
AMR,1704715,2023,0.3069,0.8186,0.3587,5.1641,1.4366,338.92,7.2331,False
AMR,1704715,2024,0.3221,0.8843,0.0934,3.215,1.2083,200.12,5.0701,False
AMR,1704715,2025,0.3125,0.9185,-0.0269,3.4474,0.9307,199.88,4.5713,False
AMTM,2011286,2024,0.0935,-0.044,0.0243,0.6928,0.7005,21.03,1.2469,True
AMTM,2011286,2025,0.0662,-0.0402,0.0419,1.0366,1.2559,29.0,2.0393,False
AN,350698,2015,-0.0479,0.2828,0.0913,0.2736,2.1826,59.66,2.9866,False
AN,350698,2016,-0.1108,0.3115,0.0884,0.2075,2.148,48.65,2.8674,False
AN,350698,2017,-0.0816,0.2757,0.0821,0.2148,2.0965,51.33,2.7845,False
AN,350698,2018,-0.0726,0.3036,0.0729,0.1485,2.0077,35.7,2.6755,False
AN,350698,2019,-0.0654,0.3498,0.0781,0.2178,2.0236,48.63,2.8234,False
AN,350698,2020,-0.0013,0.4116,0.057,0.3469,2.0623,69.79,3.033,False
AN,350698,2021,-0.0277,0.5188,0.2128,0.5883,2.8897,116.85,4.6378,False
AN,350698,2022,-0.0266,0.3642,0.2012,0.4428,2.6825,107.3,4.0902,False
AN,350698,2023,-0.1065,0.3876,0.1379,0.5083,2.2495,150.18,3.4243,False
AN,350698,2024,-0.1242,0.4101,0.1004,0.5325,2.0586,169.84,3.1346,False
AN,350698,2025,-0.062,0.4152,0.0862,0.5665,1.9199,206.48,3.0509,False
ANDE,821026,2015,0.1024,0.2608,,0.548,,25.41,,False
ANDE,821026,2016,0.1157,0.2728,,0.8608,,36.54,,False
ANDE,821026,2017,0.1205,0.293,,0.6582,,25.95,,False
ANDE,821026,2018,0.0794,0.2707,,0.5695,0.3758,25.4,,False
ANDE,821026,2019,0.1296,0.1648,,0.2769,0.3568,22.05,,False
ANDE,821026,2020,0.1135,0.1466,,0.2427,0.3575,22.23,,False
ANDE,821026,2021,0.1988,0.1538,,0.3739,0.484,35.89,,False
ANDE,821026,2022,0.205,0.1753,,0.3538,0.659,33.1,,False
ANDE,821026,2023,0.3037,0.229,,0.8031,0.8306,55.28,,False
ANDE,821026,2024,0.2715,0.2355,,0.5304,,39.36,,False
ANDE,821026,2025,0.1858,0.2798,,0.7387,0.4124,52.67,,False
ANF,1018840,2015,0.2648,1.0399,0.0299,0.8276,,22.18,,False
ANF,1018840,2016,0.2846,1.0779,0.0066,0.4175,,10.27,,False
ANF,1018840,2017,0.3255,1.0408,0.031,0.6259,,15.83,,False
ANF,1018840,2018,0.3257,1.0138,0.0534,0.6865,,18.88,,False
ANF,1018840,2019,0.1266,0.6518,0.0197,0.2917,0.3337,17.04,1.6384,True
ANF,1018840,2020,0.2118,0.6484,-0.0062,0.3652,0.9428,20.36,2.3036,False
ANF,1018840,2021,0.1676,0.8118,0.1167,0.7031,1.2631,34.83,3.4076,False
ANF,1018840,2022,0.1201,0.8731,0.0341,0.4845,1.3629,22.91,3.1328,False
ANF,1018840,2023,0.1918,0.8888,0.163,1.9455,1.4393,88.22,4.6188,False
ANF,1018840,2024,0.1656,0.9687,0.2245,3.255,1.4996,149.47,5.7485,False
ANF,1018840,2025,0.1537,1.044,0.1974,2.5177,1.4869,125.87,5.295,False
ANIP,1023024,2015,0.6339,-0.0152,0.022,8.8045,,45.13,,False
ANIP,1023024,2016,0.2201,-0.009,0.004,9.6627,,60.62,,False
ANIP,1023024,2017,0.2241,-0.0097,0.0179,6.6307,,64.45,,False
ANIP,1023024,2018,-0.0294,0.0267,0.0266,4.7119,0.4681,45.02,3.385,False
ANIP,1023024,2019,0.2759,0.0385,-0.0102,6.1727,0.4522,61.67,4.507,False
ANIP,1023024,2020,0.199,-0.0108,0.0007,2.6714,0.1241,29.04,1.953,False
ANIP,1023024,2021,0.3036,-0.0619,-0.0516,2.7258,0.2801,46.08,2.023,False
ANIP,1023024,2022,0.3221,-0.128,-0.0464,2.3307,0.4162,40.23,1.8688,False
ANIP,1023024,2023,0.4139,-0.0886,0.0519,3.0138,0.5383,55.14,2.8906,False
ANIP,1023024,2024,0.2602,-0.0781,0.0005,1.5787,0.4786,55.28,1.6302,True
ANIP,1023024,2025,0.3298,-0.016,0.0771,2.1429,0.6133,78.94,2.5268,False
AORT,784199,2015,0.4971,0.129,0.0296,20.2712,,10.78,,False
AORT,784199,2016,0.3705,0.108,0.069,8.7132,,19.15,,False
AORT,784199,2017,0.2312,0.0638,0.0135,2.9865,,19.15,,False
AORT,784199,2018,0.2533,0.0613,0.0163,4.6743,0.4602,28.38,3.7083,False
AORT,784199,2019,0.2348,0.0606,0.0281,4.1281,0.4561,27.09,3.3923,False
AORT,784199,2020,0.2206,0.0254,0.0031,2.4987,0.3208,23.61,2.1304,False
AORT,784199,2021,0.2557,0.0025,0.0102,2.0153,0.3768,20.35,1.9301,False
AORT,784199,2022,0.2591,-0.0226,0.0081,1.235,0.4114,12.12,1.4586,True
AORT,784199,2023,0.2812,-0.0605,0.0072,1.7073,0.4468,17.88,1.7478,True
AORT,784199,2024,0.2829,-0.0776,0.0493,2.7178,0.4924,28.59,2.5164,False
AORT,784199,2025,0.2899,-0.0582,0.0381,5.0938,0.4988,45.61,3.9474,False
AOSL,1387467,2015,0.429,0.2946,-0.0109,3.8355,,9.19,,False
AOSL,1387467,2016,0.3719,0.3142,0.0047,8.417,,21.27,,False
AOSL,1387467,2017,0.3277,0.2859,0.033,4.9574,,16.36,,False
AOSL,1387467,2018,0.1957,0.1839,0.0126,1.28,,10.19,,False
AOSL,1387467,2019,0.1587,0.1697,-0.0095,1.3918,0.6099,13.62,1.8417,False
AOSL,1387467,2020,0.1592,0.1499,-0.0176,1.9812,0.5863,23.64,2.118,False
AOSL,1387467,2021,0.1895,0.1926,0.0698,4.5556,0.7151,60.56,4.1758,False
AOSL,1387467,2022,0.2171,0.4851,0.0786,1.9447,0.5987,28.57,2.9645,False
AOSL,1387467,2023,0.2095,0.5354,0.0188,2.4969,0.5762,26.06,3.1373,False
AOSL,1387467,2024,0.2129,0.5511,-0.0033,4.4218,0.574,37.03,4.2433,False
AOSL,1387467,2025,0.2336,0.5162,-0.0275,2.8279,0.6731,19.81,3.2822,False
AOSL,1387467,2026,0.3223,0.5101,-0.0448,4.5045,0.7046,24.66,4.3603,False
APG,1796209,2020,0.1466,-0.0699,-0.0408,2.0858,0.8824,12.1,2.0773,False
APG,1796209,2021,0.341,-0.0459,0.0264,2.618,0.7637,17.18,2.7663,False
APG,1796209,2022,0.0903,-0.0203,0.02,1.0488,0.8105,12.54,1.5859,True
APG,1796209,2023,0.1021,-0.0014,0.0473,2.1114,0.9128,23.07,2.4562,False
APG,1796209,2024,0.0948,0.0264,0.0594,1.9933,0.8609,23.98,2.4035,False
APG,1796209,2025,0.1207,0.0579,0.062,2.991,0.8853,38.26,3.1104,False
APOG,6845,2015,0.2425,0.4297,0.1481,2.922,,35.18,,False
APOG,6845,2016,0.142,0.4359,0.1558,2.9122,,43.83,,False
APOG,6845,2017,0.1253,0.3651,0.1118,1.5442,,37.81,,False
APOG,6845,2018,0.1352,0.3441,-0.0138,0.9141,0.3242,25.05,1.471,True
APOG,6845,2019,0.0931,0.3437,0.0778,0.9466,1.2289,27.77,2.6465,False
APOG,6845,2021,0.1311,0.3519,0.0251,1.7323,1.2125,43.36,2.9849,False
APOG,6845,2022,0.1182,0.287,0.0248,1.7009,1.4799,40.89,3.1261,False
APOG,6845,2023,0.1535,0.2991,0.1374,2.0194,1.5739,50.22,3.842,False
APOG,6845,2024,0.1289,0.385,0.1514,3.4462,1.6028,68.21,4.8637,False
APOG,6845,2025,0.1333,0.3063,0.1005,1.0817,1.158,35.63,2.7274,False
APOG,6845,2026,0.1538,0.3354,0.0753,1.335,1.2516,39.06,2.9551,False
APPF,1433195,2015,0.1172,-0.7591,-0.1658,,,14.6,,False
APPF,1433195,2016,0.1173,-0.8313,-0.091,,,23.85,,False
APPF,1433195,2017,0.2715,-0.61,0.0847,,,41.5,,False
APPF,1433195,2018,0.454,-0.2522,0.1118,,1.0815,59.22,,False
APPF,1433195,2019,0.0551,-0.0309,0.0248,,0.9843,109.95,,False
APPF,1433195,2020,0.384,0.3861,0.0251,,0.7961,180.04,,False
APPF,1433195,2021,0.2597,0.3711,-0.0291,,0.8808,121.06,,False
APPF,1433195,2022,0.3676,0.2185,-0.1898,,1.2378,105.38,,False
APPF,1433195,2023,0.4955,0.2103,0.0024,,1.5174,173.24,,False
APPF,1433195,2024,0.4342,0.4628,0.2164,,1.2673,246.72,,False
APPF,1433195,2025,0.3577,0.6255,0.222,,1.3801,232.65,,False
AR,1433270,2015,0.0382,0.1278,0.0221,0.9758,0.0639,21.8,0.9472,True
AR,1433270,2016,-0.0291,0.0673,-0.0443,1.114,0.011,23.65,0.5924,True
AR,1433270,2017,0.0047,0.1032,0.0123,0.9148,0.0669,19.0,0.8063,True
AR,1433270,2018,-0.003,0.0759,-0.003,0.4105,0.0674,9.39,0.4064,True
AR,1433270,2019,-0.0077,0.0551,-0.0044,0.1065,0.0627,2.85,0.1798,True
AR,1433270,2020,-0.0311,-0.0327,0.011,0.2373,0.0995,5.45,0.1952,True
AR,1433270,2021,-0.0994,-0.0444,0.0017,0.6871,0.3324,17.5,0.5688,True
AR,1433270,2022,-0.0699,0.0647,0.1823,1.3417,0.5056,30.99,1.919,False
AR,1433270,2023,-0.0717,0.0831,0.0333,1.0886,0.3438,22.68,1.137,True
AR,1433270,2024,-0.0721,0.0853,0.0,1.86,0.3325,35.05,1.4814,True
AR,1433270,2025,-0.0507,0.127,0.0667,1.9159,0.3983,34.46,1.885,False
ARCB,894405,2015,0.1485,0.2984,0.0058,0.6495,,19.59,,False
ARCB,894405,2016,0.1027,0.2955,0.0009,0.8094,,25.75,,False
ARCB,894405,2017,0.0877,0.321,0.0122,1.0553,,33.72,,False
ARCB,894405,2018,0.1286,0.3257,0.0241,0.8858,0.503,32.56,1.7245,True
ARCB,894405,2019,0.1333,0.3229,-0.0068,0.6669,0.4345,26.5,1.4242,True
ARCB,894405,2020,0.1414,0.335,0.017,0.9757,0.4589,41.49,1.7392,True
ARCB,894405,2021,0.0347,0.3793,0.133,2.21,1.8839,117.03,4.2215,False
ARCB,894405,2022,0.0887,0.4365,0.1601,1.1445,2.1345,68.76,4.067,False
ARCB,894405,2023,0.0737,0.5121,0.0695,2.1324,1.7816,118.56,4.0956,False
ARCB,894405,2024,0.004,0.5907,0.1006,1.852,1.72,92.42,3.9949,False
ARCB,894405,2025,-0.0126,0.6052,0.0368,1.4291,1.635,73.97,3.4462,False
ARLO,1736946,2018,0.3918,-0.0769,-0.1255,3.2899,,9.98,,False
ARLO,1736946,2019,0.3237,-0.2423,-0.157,1.3351,,4.21,,False
ARLO,1736946,2020,0.2879,-0.5623,-0.2533,2.9918,,7.79,,False
ARLO,1736946,2021,0.2668,-0.8311,-0.1731,4.807,,10.49,,False
ARLO,1736946,2022,0.259,-1.269,-0.209,2.0472,,3.51,,False
ARLO,1736946,2023,0.312,-1.2869,-0.0872,5.6209,,9.52,,False
ARLO,1736946,2024,0.2877,-1.3337,-0.1169,6.0975,,11.19,,False
ARLO,1736946,2025,0.2838,-1.2334,0.0195,8.24,,13.99,,False
ARMK,1584509,2023,0.0113,0.0571,0.0511,0.5463,1.1175,27.27,1.7076,True
ARMK,1584509,2024,-0.0637,0.0189,0.0557,1.0019,1.3729,36.62,2.108,False
ARMK,1584509,2025,-0.0018,0.0341,0.0595,0.9497,1.391,36.59,2.2028,False
AROC,1389050,2015,0.0555,-0.7898,-0.0392,0.3827,,4.19,,False
AROC,1389050,2016,0.0452,-0.9223,-0.037,0.8018,,7.91,,False
AROC,1389050,2017,0.0375,-0.9307,-0.0177,0.6878,,6.56,,False
AROC,1389050,2018,0.0413,-0.8868,0.0138,0.5022,0.0913,4.9,-0.7537,True
AROC,1389050,2019,0.0301,-0.7218,0.0188,0.6021,0.0791,6.95,-0.4721,True
AROC,1389050,2020,0.0253,-0.8641,-0.0309,0.6237,0.3148,6.56,-0.5925,True
AROC,1389050,2021,0.0237,-0.951,0.015,0.6245,0.3017,6.05,-0.5769,True
AROC,1389050,2022,0.0321,-0.9655,0.0233,0.7859,0.3254,7.79,-0.4394,True
AROC,1389050,2023,0.023,-0.9413,0.0536,1.3851,0.3729,14.1,0.0905,True
AROC,1389050,2024,0.0116,-0.6375,0.0608,1.6576,0.3027,23.64,0.6192,True
AROC,1389050,2025,0.0246,-0.519,0.0974,1.5657,0.3425,25.52,0.9063,True
ARW,7536,2015,0.2404,0.359,0.0633,0.3106,,54.18,,False
ARW,7536,2016,0.2553,0.3658,0.0604,0.3706,,71.3,,False
ARW,7536,2017,0.271,0.3401,0.0165,0.3556,,80.41,,False
ARW,7536,2018,0.2709,0.3562,0.0188,0.2817,0.4452,68.95,1.5001,True
ARW,7536,2019,0.2602,0.3738,0.0145,0.3722,0.4474,84.74,1.5543,True
ARW,7536,2020,0.2358,0.3917,0.0188,0.414,0.4957,97.3,1.6377,True
ARW,7536,2021,0.2338,0.3987,0.0797,0.4795,1.7648,134.27,3.1542,False
ARW,7536,2022,0.2734,0.4234,0.095,0.3283,1.7058,104.57,3.1373,False
ARW,7536,2023,0.2366,0.2665,0.0677,0.3909,1.5238,122.25,2.6388,False
ARW,7536,2024,0.265,0.2749,0.0353,0.36,1.2834,113.12,2.3187,False
ARW,7536,2025,0.2344,0.2253,0.0283,0.2494,1.061,110.18,1.9006,False
ARWR,879407,2015,0.6575,-2.3945,-0.1908,38.3602,,6.15,,False
ARWR,879407,2016,0.506,-3.1085,-0.17,6.6042,,1.55,,False
ARWR,879407,2017,0.473,-4.1608,-0.0985,22.4493,,3.68,,False
ARWR,879407,2018,0.595,-4.3658,-0.1001,107.1773,,12.42,,False
ARWR,879407,2019,0.4807,-1.1985,0.0275,84.6786,0.1237,63.43,49.9208,False
ARWR,879407,2020,0.5391,-0.9643,-0.0959,178.4854,0.0146,76.73,106.0862,False
ARWR,879407,2021,0.3352,-0.9078,-0.2099,31.0799,0.1947,66.3,17.2814,False
ARWR,879407,2022,0.3851,-1.1862,-0.258,20.9404,0.3515,40.56,10.8659,False
ARWR,879407,2023,0.4102,-1.3402,-0.2678,9.0353,0.3145,30.6,3.4679,False
ARWR,879407,2024,0.5197,-1.4261,-0.5274,2.7991,0.0031,18.8,-1.4307,True
ARWR,879407,2025,0.5451,-1.1746,0.071,10.634,0.5988,66.39,6.2231,False
ASH,1674862,2016,0.1085,0.3128,0.0165,0.3983,,45.33,,False
ASH,1674862,2018,0.0772,0.3333,0.0275,0.5833,0.4536,61.73,1.4535,True
ASH,1674862,2019,0.0932,0.4446,0.0229,0.8405,0.3438,67.54,1.658,True
ASH,1674862,2020,0.1067,0.3852,-0.0564,0.8459,0.3382,70.95,1.3269,True
ASH,1674862,2021,0.1184,0.4229,0.0274,1.1588,0.3193,97.68,1.839,False
ASH,1674862,2022,0.1956,0.588,0.0536,1.5117,0.3848,98.8,2.5265,False
ASH,1674862,2023,0.1768,0.6053,0.029,1.2697,0.3689,78.8,2.2859,False
ASH,1674862,2024,0.1249,0.5872,-0.0046,1.1212,0.3743,67.99,2.0038,False
ASH,1674862,2025,0.1696,0.4984,-0.1681,0.973,0.3956,57.52,1.326,True
ASO,1817358,2020,0.0565,0.2252,0.0322,0.3745,0.3643,19.9,1.0782,True
ASO,1817358,2021,0.1284,0.2766,0.0432,0.8324,0.3944,42.15,1.5778,True
ASO,1817358,2022,0.141,0.3071,0.0446,1.0545,0.3801,50.81,1.759,True
ASO,1817358,2023,0.1636,0.366,0.0436,1.4535,0.3838,64.25,2.1085,False
ASO,1817358,2024,0.1529,0.3583,0.0316,1.1993,0.3422,56.42,1.8511,False
ASO,1817358,2025,0.1747,0.3628,0.0971,0.9819,1.1471,49.52,2.7741,False
ASTE,792987,2015,0.5143,0.6315,0.0643,4.9901,,36.3,,False
ASTE,792987,2016,0.4836,0.6363,0.1033,7.1679,,60.63,,False
ASTE,792987,2017,0.4764,0.6355,0.0624,6.0125,,52.96,,False
ASTE,792987,2018,0.4346,0.5789,-0.101,2.3497,1.3696,27.57,3.778,False
ASTE,792987,2019,0.4167,0.635,0.0313,4.5176,1.4611,38.85,5.664,False
ASTE,792987,2020,0.4663,0.6428,0.0507,6.0817,0.2817,54.2,5.5574,False
ASTE,792987,2021,0.4569,0.6066,0.0243,5.8609,1.204,65.29,6.1981,False
ASTE,792987,2022,0.4164,0.5203,0.0074,2.3037,1.2564,38.77,3.8912,False
ASTE,792987,2023,0.397,0.5186,0.0459,2.0397,1.2633,35.93,3.841,False
ASTE,792987,2024,0.4323,0.5191,0.0222,1.867,1.2506,32.92,3.6895,False
ASTE,792987,2025,0.3574,0.4157,0.0482,1.4435,1.0316,42.98,3.0675,False
ASTH,1083446,2015,0.2584,-1.2898,-0.0463,16.5622,,4.75,,False
ASTH,1083446,2016,0.3131,-1.466,-0.3714,37.95,,7.5,,False
ASTH,1083446,2017,0.0704,0.0035,0.0716,8.6682,,24.0,,False
ASTH,1083446,2018,0.1966,0.0347,0.1724,10.4044,,19.85,,False
ASTH,1083446,2019,0.3069,0.0438,0.0445,2.791,0.7693,18.41,3.0203,False
ASTH,1083446,2020,0.2735,0.0853,0.0317,2.7349,0.2163,18.27,2.4094,False
ASTH,1083446,2021,0.3325,0.1685,0.1152,12.176,0.908,73.48,9.2286,False
ASTH,1083446,2022,0.2893,0.1888,0.013,4.0456,0.3045,29.59,3.3863,False
ASTH,1083446,2023,0.2602,0.2605,0.0907,4.0849,1.4857,38.3,4.9126,False
ASTH,1083446,2024,0.2014,0.2113,0.0659,2.0903,1.5016,31.53,3.5109,False
ASTH,1083446,2025,0.1118,0.139,0.0354,0.8329,1.4341,24.81,2.3794,False
ATEN,1580808,2015,0.4747,-1.152,-0.1997,3.9441,,6.11,,False
ATEN,1580808,2016,0.4455,-1.0968,-0.0864,4.1545,,7.74,,False
ATEN,1580808,2017,0.494,-1.1431,-0.0461,4.1279,,7.19,,False
ATEN,1580808,2018,0.4984,-1.1542,-0.1173,3.1961,0.2621,5.81,0.7748,True
ATEN,1580808,2019,0.4501,-1.0584,-0.0624,2.8118,0.2201,6.4,0.7597,True
ATEN,1580808,2020,0.4626,-0.9362,0.061,3.8124,0.2154,9.18,1.9486,False
ATEN,1580808,2021,0.4272,-0.4512,0.0849,6.106,0.1798,15.49,4.0047,False
ATEN,1580808,2022,0.4124,-0.2321,0.0991,6.2858,0.6457,15.75,4.9143,False
ATEN,1580808,2024,0.4245,-0.0932,0.1016,6.5136,0.6046,18.03,5.2269,False
ATEN,1580808,2025,0.5435,0.0028,0.0749,3.0483,0.4613,17.56,3.1935,False
ATI,1018963,2015,0.2053,0.3383,-0.0642,0.424,,11.07,,False
ATI,1018963,2016,0.2046,0.247,-0.1185,0.5823,,15.93,,False
ATI,1018963,2017,0.232,0.2284,0.0155,0.9839,,24.14,,False
ATI,1018963,2018,0.2562,0.2585,0.0658,0.8445,0.1886,21.77,1.5819,True
ATI,1018963,2019,0.258,0.298,0.065,0.8175,0.1808,20.66,1.6125,True
ATI,1018963,2020,0.3501,0.0264,-0.3229,0.6729,0.1632,16.77,-0.0414,True
ATI,1018963,2021,0.3384,0.017,0.0274,0.6283,0.6534,15.93,1.5508,True
ATI,1018963,2022,0.3402,0.0398,0.0646,1.2365,0.8629,29.86,2.282,False
ATI,1018963,2023,0.3532,-0.0141,0.0217,1.7667,0.2134,45.47,1.7493,True
ATI,1018963,2024,0.332,0.0123,0.1164,2.2882,0.834,55.04,3.0066,False
ATI,1018963,2025,0.3282,0.0919,0.1257,4.9096,0.8996,114.76,4.7826,False
ATMU,1921963,2023,0.2921,0.0801,0.2282,1.8806,1.4956,23.23,3.8396,False
ATMU,1921963,2024,0.3445,0.2222,0.2236,3.293,1.4027,38.86,4.841,False
ATMU,1921963,2025,0.3881,0.3366,0.2214,4.3425,1.3062,51.74,5.5791,False
ATR,896622,2015,0.3621,0.4862,0.1329,3.1004,,62.87,,False
ATR,896622,2016,0.279,0.4593,0.1191,2.8666,,64.6,,False
ATR,896622,2017,0.3641,0.4147,0.1025,2.6841,,77.09,,False
ATR,896622,2018,0.19,0.4061,0.0848,2.7713,,85.22,,False
ATR,896622,2019,0.1707,0.4278,0.1043,3.3886,,106.07,,False
ATR,896622,2020,0.1475,0.412,0.0851,3.7783,0.1878,127.15,3.4894,False
ATR,896622,2021,0.0907,0.4321,0.0839,3.3671,0.7793,115.02,3.7901,False
ATR,896622,2022,0.1221,0.459,0.0902,3.0984,0.7904,104.75,3.7362,False
ATR,896622,2023,0.0669,0.4739,0.0908,3.5364,0.7834,119.31,3.9485,False
ATR,896622,2024,0.0925,0.5348,0.112,4.9759,0.8084,153.42,5.0233,False
ATR,896622,2025,0.1384,0.5031,0.0954,2.9665,0.7191,120.59,3.6842,False
AVA,104918,2015,-0.0344,0.1082,0.0143,0.5642,0.0789,22.76,0.5751,True
AVA,104918,2016,-0.0106,0.1094,0.0155,0.6094,0.0757,26.64,0.6332,True
AVA,104918,2017,-0.0653,0.1096,0.0149,0.7835,0.0721,35.4,0.6664,True
AVA,104918,2018,-0.0506,0.1115,0.0133,0.6283,0.0644,30.07,0.5807,True
AVA,104918,2019,-0.0371,0.1215,0.0121,0.713,0.0599,35.27,0.653,True
AVA,104918,2020,-0.0253,0.1184,0.0363,0.5871,0.2065,30.65,0.8141,True
AVA,104918,2021,-0.0698,0.1146,0.0333,0.6025,0.21,33.8,0.758,True
AVA,104918,2022,-0.0327,0.1094,0.0256,0.6059,0.2306,36.77,0.7927,True
AVA,104918,2023,-0.0147,0.1092,0.0335,0.4999,0.2274,31.14,0.773,True
AVA,104918,2024,-0.0145,0.1097,0.0385,0.5257,0.244,33.58,0.8228,True
AVA,104918,2025,-0.0178,0.1083,0.0423,0.5508,0.235,37.16,0.8354,True
AVAV,1368622,2015,0.7102,0.5082,0.0051,30.8451,,29.47,,False
AVAV,1368622,2016,0.7392,0.5048,0.0237,27.7516,,26.83,,False
AVAV,1368622,2017,0.7076,0.5085,0.029,56.4652,,56.16,,False
AVAV,1368622,2018,0.7161,0.5075,0.0669,54.9936,,67.95,,False
AVAV,1368622,2019,0.747,0.5609,0.0806,41.8061,,61.74,,False
AVAV,1368622,2020,0.329,0.3785,0.0466,13.9548,,86.9,,False
AVAV,1368622,2022,0.2926,0.3798,-0.0108,14.2157,,85.66,,False
AVAV,1368622,2023,0.4313,0.2074,-0.2167,23.4111,,126.04,,False
AVNT,1122976,2015,0.1783,0.1415,0.0121,1.2021,,24.77,,False
AVNT,1122976,2016,0.1615,0.1804,0.0213,1.1647,,25.37,,False
AVNT,1122976,2017,0.1833,0.1431,0.0169,1.5235,,34.98,,False
AVNT,1122976,2018,0.162,0.1736,0.0173,0.9846,0.3062,23.43,1.3915,True
AVNT,1122976,2019,0.2477,0.3059,0.0063,1.2767,0.2012,30.91,1.7134,True
AVNT,1122976,2020,0.1645,0.2171,0.0133,1.0137,0.2047,34.91,1.3583,True
AVNT,1122976,2021,0.1774,0.2417,0.0763,1.4112,0.9643,49.34,2.6141,False
AVNT,1122976,2022,0.1151,0.2997,0.04,0.7491,0.5582,30.48,1.6973,True
AVNT,1122976,2023,0.1062,0.303,0.033,0.9732,0.5266,38.52,1.7709,True
AVNT,1122976,2024,0.1146,0.3239,0.0567,1.0211,0.5576,38.76,1.9484,False
AVNT,1122976,2025,0.092,0.3095,0.0338,0.7702,0.5411,30.56,1.6584,True
AVT,8858,2015,0.4046,0.3317,0.0766,0.4524,,33.71,,False
AVT,8858,2016,0.3613,0.3232,0.0701,0.4771,,38.07,,False
AVT,8858,2017,0.5237,0.3917,0.0476,0.5861,,32.26,,False
AVT,8858,2018,0.4836,0.3372,0.024,0.4999,,29.92,,False
AVT,8858,2019,0.5018,0.3231,0.0427,0.6654,2.279,35.87,3.8738,False
AVT,8858,2020,0.4995,0.2988,-0.0006,0.5724,2.1757,30.54,3.535,False
AVT,8858,2021,0.4603,0.2819,0.0315,0.6222,2.1887,36.7,3.613,False
AVT,8858,2022,0.4452,0.2812,0.0904,0.5027,2.3401,37.95,3.868,False
AVT,8858,2023,0.5211,0.2708,0.0951,0.5015,2.1268,47.21,3.746,False
AVT,8858,2024,0.4837,0.295,0.0692,0.5662,1.9458,50.25,3.5072,False
AVT,8858,2025,0.4861,0.2831,0.0424,0.548,1.832,47.45,3.2803,False
AVT,8858,2026,0.378,0.2278,0.047,0.7037,1.7914,89.2,3.1411,False
AVTR,1722482,2019,0.0969,-0.0208,0.0565,,0.1559,18.15,,False
AVTR,1722482,2020,0.0739,0.0348,0.07,,0.5315,28.15,,False
AVTR,1722482,2022,0.0742,0.0869,0.0839,,0.5579,21.09,,False
AVTR,1722482,2023,0.0697,0.115,0.0537,,0.5371,22.83,,False
AVTR,1722482,2024,0.0115,0.1818,0.0895,,0.56,21.07,,False
AVTR,1722482,2025,0.0909,0.1418,-0.0209,,0.5555,11.46,,False
AWI,7431,2015,0.1651,0.1357,0.0696,0.9294,,42.29,,False
AWI,7431,2016,0.1036,0.2673,0.105,1.0954,,38.66,,False
AWI,7431,2017,0.2023,0.3381,0.1362,1.6275,,56.0,,False
AWI,7431,2018,0.1085,0.4617,0.1331,1.4147,0.5206,53.97,2.5853,False
AWI,7431,2019,0.0597,0.6751,0.2125,3.2911,0.6952,87.87,4.3881,False
AWI,7431,2020,0.0812,0.5061,0.1483,2.3442,0.5452,70.31,3.247,False
AWI,7431,2021,0.0657,0.5915,0.152,3.9305,0.6471,110.7,4.4141,False
AWI,7431,2022,0.103,0.6934,0.1652,2.4257,0.7309,66.13,3.8257,False
AWI,7431,2023,0.0709,0.8052,0.1936,3.7597,0.7745,96.13,4.8813,False
AWI,7431,2024,0.0538,0.847,0.2031,5.4288,0.7846,139.45,5.9625,False
AWI,7431,2025,0.0645,0.9425,0.2239,7.8405,0.8421,189.97,7.6821,False
AWR,1056903,2018,-0.0101,0.2028,0.0152,3.4468,0.2909,57.58,2.6809,False
AWR,1056903,2019,0.0039,0.2108,0.0151,3.9463,0.0688,75.55,2.7861,False
AWR,1056903,2020,0.0215,0.2149,0.0163,3.9352,0.0693,70.45,2.811,False
AWR,1056903,2021,-0.0092,0.2249,0.0742,4.5991,0.2624,93.16,3.5704,False
AWR,1056903,2022,-0.1205,0.2209,0.0622,3.8296,0.2416,84.86,2.9094,False
AWR,1056903,2023,0.0175,0.2284,0.0876,3.3305,0.2652,75.16,2.8933,False
AWR,1056903,2024,-0.0209,0.2259,0.0738,3.1324,0.2382,74.27,2.6524,False
AWR,1056903,2025,0.0208,0.2285,0.0749,3.176,0.2424,71.06,2.7399,False
AXTA,1616862,2016,0.1709,-0.008,0.0697,,,27.2,,False
AXTA,1616862,2017,0.1805,-0.0031,0.053,,,32.36,,False
AXTA,1616862,2018,0.1901,0.0297,0.0191,,0.6995,23.42,,False
AXTA,1616862,2019,0.2201,0.065,0.0159,,0.6574,30.4,,False
AXTA,1616862,2020,0.2438,0.0787,0.0228,,0.5222,28.55,,False
AXTA,1616862,2021,0.1719,0.1146,0.0641,,0.6119,33.12,,False
AXTA,1616862,2022,0.1853,0.1443,0.06,,0.6919,25.47,,False
AXTA,1616862,2023,0.1917,0.1769,0.0808,,0.7129,33.97,,False
AXTA,1616862,2024,0.1889,0.2313,0.0974,,0.7278,34.22,,False
AXTA,1616862,2025,0.1903,0.2704,0.0967,,0.6734,32.31,,False
AYI,1144215,2015,0.3769,0.4499,0.1549,6.3255,,226.01,,False
AYI,1144215,2016,0.2206,0.4616,0.1612,5.1972,,223.65,,False
AYI,1144215,2017,0.2223,0.5725,0.1789,4.1478,,170.98,,False
AYI,1144215,2018,0.1768,0.6689,0.1521,2.6382,,112.1,,False
AYI,1144215,2019,0.2666,0.7237,0.1459,3.2269,0.2957,135.12,4.0464,False
AYI,1144215,2020,0.2354,0.7227,0.1014,2.6155,0.2552,119.19,3.4532,False
AYI,1144215,2021,0.2383,0.7861,0.1196,4.0894,0.9681,209.09,5.2029,False
AYI,1144215,2022,0.2104,0.9126,0.1465,3.131,1.1511,164.04,5.0433,False
AYI,1144215,2023,0.2346,1.0284,0.1389,4.3727,1.1595,203.49,5.9628,False
AYI,1144215,2024,0.3103,1.025,0.145,6.0649,1.0069,290.89,6.9318,False
AYI,1144215,2025,0.1694,0.9013,0.1186,5.2983,0.9139,359.34,5.9493,False
AZTA,933974,2015,0.3412,-1.3428,0.0222,3.3644,,9.8,,False
AZTA,933974,2016,0.2618,-1.6286,0.0062,5.3644,,16.19,,False
AZTA,933974,2017,0.2677,-1.4119,0.0836,6.3349,,22.99,,False
AZTA,933974,2018,0.3647,-0.9076,0.0287,2.968,,25.57,,False
AZTA,933974,2019,0.2473,-0.3868,0.0304,4.8137,0.5151,41.43,3.2587,False
AZTA,933974,2020,0.2811,-0.3534,0.0503,8.5661,0.5755,67.56,5.7238,False
AZTA,933974,2021,0.2376,-0.2583,-0.0117,9.1406,0.0753,103.11,5.4445,False
AZTA,933974,2022,0.5998,0.4455,-0.0067,7.2307,0.1495,58.22,5.8093,False
AZTA,933974,2023,0.4186,0.5687,-0.0253,8.125,0.2305,65.14,6.3204,False
AZTA,933974,2024,0.299,0.7032,-0.0956,6.6161,0.3125,50.0,5.3102,False
AZTA,933974,2025,0.2285,0.6894,0.0009,4.3809,0.0773,33.26,3.9483,False
AZZ,8947,2015,0.1637,0.4584,0.1244,2.8857,,48.22,,False
AZZ,8947,2016,0.1638,0.5096,0.1011,3.7853,,56.08,,False
AZZ,8947,2017,0.192,0.5116,0.0469,2.948,,45.42,,False
AZZ,8947,2018,0.1964,0.5146,0.0707,2.2555,,36.39,,False
AZZ,8947,2019,0.0689,0.5331,0.0739,2.8782,,42.09,,False
AZZ,8947,2020,0.1903,0.5492,0.0618,3.5701,0.1963,44.33,3.5398,False
AZZ,8947,2022,0.2083,0.5156,0.1,2.4975,0.7967,38.7,3.597,False
AZZ,8947,2023,0.1036,0.2278,0.0782,1.2482,0.5958,56.82,2.0459,False
AZZ,8947,2024,0.0787,0.2625,0.1009,1.9275,0.7003,80.88,2.6517,False
AZZ,8947,2025,0.0694,0.2735,0.1061,2.7129,0.7084,106.67,3.1526,False
AZZ,8947,2026,0.0737,0.3992,0.1195,4.7029,0.7455,137.16,4.609,False
BAH,1443646,2015,0.1092,0.0363,0.0322,1.1309,,25.3,,False
BAH,1443646,2016,0.083,0.1058,0.0347,1.3958,,30.19,,False
BAH,1443646,2017,0.0572,0.1417,0.0383,1.3977,,32.53,,False
BAH,1443646,2018,0.1256,0.1894,0.0378,1.543,,39.11,,False
BAH,1443646,2019,0.1357,0.2596,0.0353,2.3867,0.4645,62.63,2.5392,False
BAH,1443646,2020,0.2087,0.2776,0.0311,2.3812,0.4109,77.95,2.5813,False
BAH,1443646,2021,0.2446,0.3196,0.0311,2.0953,0.3599,77.14,2.4606,False
BAH,1443646,2022,0.1513,0.3344,0.1137,2.343,1.388,96.98,3.8188,False
BAH,1443646,2023,0.0597,0.3132,0.0682,2.6119,1.4134,120.7,3.7157,False
BAH,1443646,2024,0.1595,0.3663,0.1544,2.6843,1.6244,123.12,4.4486,False
BAH,1443646,2025,0.2006,0.4199,0.1874,1.5723,1.6384,82.47,4.0287,False
BAH,1443646,2026,0.1824,0.5119,0.1451,1.5133,1.5759,75.65,3.8983,False
BB,1070235,2015,0.4282,0.1542,-0.0646,,0.5092,,,False
BB,1070235,2016,0.3563,0.1388,-0.0403,,0.3903,,,False
BB,1070235,2017,0.3325,-0.1342,-0.3619,,0.4012,,,False
BB,1070235,2018,0.5513,-0.0119,0.0749,,0.2466,,,False
BB,1070235,2019,0.184,-0.0081,0.0153,,0.2301,,,False
BB,1070235,2020,0.0193,-0.0509,-0.0383,,0.2675,,,False
BB,1070235,2021,0.2048,-0.4634,-0.3928,,0.3169,,,False
BB,1070235,2022,0.2517,-0.5041,-0.0008,,0.2797,,,False
BB,1070235,2023,0.0083,-1.2079,-0.4318,,0.3907,,,False
BB,1070235,2024,0.109,-1.547,-0.0896,,0.6115,,,False
BB,1070235,2025,0.1908,-1.7268,0.0006,,0.4129,,,False
BB,1070235,2026,0.241,-1.7404,0.0388,,0.441,,,False
BBWI,701985,2015,0.2686,0.0371,0.1269,1.2225,,53.06,,False
BBWI,701985,2016,0.1776,0.0251,0.1209,0.8749,,38.61,,False
BBWI,701985,2017,0.1549,-0.176,0.1211,0.8406,,37.11,,False
BBWI,701985,2018,0.1575,-0.1832,0.0989,0.3817,,16.96,,False
BBWI,701985,2020,0.2379,-0.1228,0.11,0.4345,0.4165,26.36,1.1538,True
BBWI,701985,2021,0.2853,-0.2992,0.1459,1.6465,0.5023,61.6,1.895,False
BBWI,701985,2022,0.1614,-0.437,0.1189,0.9938,0.5258,37.95,1.0963,True
BBWI,701985,2023,0.1512,-0.3364,0.2352,1.13,1.3599,39.73,2.5245,False
BBWI,701985,2024,0.1215,-0.3239,0.2599,1.1747,1.4998,36.45,2.7545,False
BBWI,701985,2025,0.0844,-0.2831,0.2221,0.6189,1.4384,19.49,2.2477,False
BC,14930,2015,0.3416,0.5267,0.1052,1.4489,,41.84,,False
BC,14930,2016,0.2203,0.5727,0.1245,1.6085,,45.79,,False
BC,14930,2017,0.2417,0.5857,0.1057,1.6223,,46.95,,False
BC,14930,2018,0.1455,0.4983,0.0856,0.9593,1.2038,40.02,2.9343,False
BC,14930,2019,0.1631,0.5418,0.1321,1.5052,1.1526,52.58,3.4461,False
BC,14930,2020,0.1258,0.5014,0.1498,1.2534,1.0776,67.91,3.1771,False
BC,14930,2022,0.1907,0.5202,0.1499,1.0031,1.0777,66.24,3.1314,False
BC,14930,2023,0.1216,0.5773,0.118,1.4182,1.0274,90.68,3.2217,False
BC,14930,2024,0.1469,0.6366,0.0549,1.0594,0.9224,61.89,2.8067,False
BC,14930,2025,0.1195,0.6334,-0.0077,1.2841,1.0095,73.06,2.7849,False
BCC,1328581,2015,0.422,0.1945,0.0062,0.8303,,16.99,,False
BCC,1328581,2016,0.311,0.1954,-0.0021,0.6079,,14.97,,False
BCC,1328581,2017,0.3428,0.2248,0.0134,0.9951,,26.6,,False
BCC,1328581,2018,0.3895,0.2087,-0.0533,0.6294,3.1591,16.39,4.1204,False
BCC,1328581,2019,0.3766,0.2106,0.0146,0.9173,2.7421,26.08,4.0877,False
BCC,1328581,2020,0.3993,0.2301,0.0504,1.1182,0.7489,35.73,2.3875,False
BCC,1328581,2021,0.484,0.3688,0.3777,1.657,3.0809,57.94,6.4189,False
BCC,1328581,2022,0.4685,0.5079,0.3573,1.7355,2.5883,58.82,6.0819,False
BCC,1328581,2023,0.4229,0.5148,0.1805,3.358,1.9771,121.55,5.8158,False
BCC,1328581,2024,0.3924,0.5723,0.1454,3.3419,1.9957,116.67,5.7528,False
BCC,1328581,2025,0.3582,0.4638,0.0565,2.1813,1.9755,72.96,4.5502,False
BCO,78890,2015,0.0698,0.2883,0.017,0.6568,,25.77,,False
BCO,78890,2016,0.0451,0.2888,0.0292,0.9371,,37.31,,False
BCO,78890,2017,0.2135,0.1846,0.0289,1.0869,,71.81,,False
BCO,78890,2018,0.1104,0.1326,0.0251,0.7979,0.2805,59.46,1.1601,True
BCO,78890,2019,0.0613,0.1215,0.0195,0.973,0.2486,84.01,1.1404,True
BCO,78890,2020,0.0932,0.0793,0.0218,0.5643,0.1989,67.58,0.8323,True
BCO,78890,2021,0.1025,0.0562,0.0637,0.482,0.7545,62.18,1.4556,True
BCO,78890,2022,0.1449,0.0655,0.0568,0.3669,0.7125,51.62,1.3855,True
BCO,78890,2023,0.1279,0.0504,0.0644,0.5798,0.7384,85.61,1.5229,True
BCO,78890,2024,0.1494,0.0431,0.0684,0.5952,0.7567,91.19,1.5792,True
BCO,78890,2025,0.1541,0.0368,0.0798,0.6891,0.7169,115.97,1.6301,True
BCPC,9326,2015,0.1336,0.3906,0.1066,4.4039,,57.68,,False
BCPC,9326,2016,0.0922,0.4091,0.0958,5.9627,,79.98,,False
BCPC,9326,2017,0.0944,0.4822,0.1009,7.0981,,77.21,,False
BCPC,9326,2018,0.147,0.5381,0.1098,8.309,0.1666,75.52,6.4441,False
BCPC,9326,2019,0.1408,0.5113,0.0887,7.6187,0.1441,98.47,5.8929,False
BCPC,9326,2020,0.1479,0.5633,0.0953,10.5952,0.155,112.21,7.7929,False
BCPC,9326,2021,0.1488,0.6105,0.1063,16.3025,0.1777,164.83,11.3432,False
BCPC,9326,2022,0.1205,0.5014,0.0894,5.5782,0.1431,120.08,4.6315,False
BCPC,9326,2023,0.1038,0.5619,0.0997,8.6305,0.1432,147.07,6.5616,False
BCPC,9326,2024,0.0991,0.6332,0.1161,12.1381,0.1523,162.0,8.8237,False
BCPC,9326,2025,0.1122,0.665,0.1241,11.4001,0.1563,153.36,8.4717,False
BDC,913142,2015,0.0886,0.205,0.0172,0.7239,,46.16,,False
BDC,913142,2016,0.2387,0.2059,0.0154,1.2092,,72.61,,False
BDC,913142,2017,0.1805,0.2171,0.0156,1.2202,,75.14,,False
BDC,913142,2018,0.1434,0.244,0.0194,0.6665,0.1734,40.8,1.1508,True
BDC,913142,2019,0.1923,0.1521,0.0127,0.8611,,53.92,,False
BDC,913142,2020,0.184,0.1436,0.0399,0.6755,,41.3,,False
BDC,913142,2021,0.219,0.148,0.0364,1.0322,,65.04,,False
BDC,913142,2022,0.2835,0.2377,0.1149,1.3816,,71.37,,False
BDC,913142,2023,0.2541,0.3042,0.098,1.4482,,76.86,,False
BDC,913142,2024,0.1723,0.3534,0.0801,2.1578,,112.27,,False
BDC,913142,2025,0.184,0.3966,0.0891,1.9957,,116.4,,False
BFAM,1437578,2015,-0.071,-0.1007,0.0209,2.2832,,66.8,,False
BFAM,1437578,2016,-0.0988,-0.0516,0.0201,2.0378,,70.02,,False
BFAM,1437578,2017,-0.1086,0.0142,0.0212,2.6586,,94.0,,False
BFAM,1437578,2018,-0.1148,0.0765,0.0252,3.1066,,111.45,,False
BFAM,1437578,2019,-0.0764,0.1122,0.0203,3.0983,0.1563,150.29,2.1475,False
BFAM,1437578,2020,0.0251,0.1075,0.0021,3.4441,0.1012,172.99,2.3551,False
BFAM,1437578,2021,-0.0225,0.1294,0.0354,2.4879,0.4822,125.88,2.2461,False
BFAM,1437578,2022,-0.1155,0.1452,0.0415,1.1289,0.5319,63.1,1.4109,True
BFAM,1437578,2023,-0.0905,0.1606,0.044,1.708,0.6207,94.24,1.9068,False
BFAM,1437578,2024,-0.0736,0.1989,0.0641,2.0962,0.6976,110.85,2.3569,False
BFAM,1437578,2025,-0.1188,0.2466,0.0809,1.9337,0.7542,101.4,2.3841,False
BFH,1101215,2015,0.4391,0.1379,0.0162,0.359,,189.17,,False
BFH,1101215,2016,0.406,0.137,0.007,0.2523,,156.69,,False
BFH,1101215,2017,0.4745,0.1358,0.0151,0.2337,,175.37,,False
BFH,1101215,2018,0.4353,0.1649,0.0189,0.1437,0.1015,104.91,1.0034,True
BFH,1101215,2019,0.462,0.1949,0.0117,0.1233,0.0317,79.92,0.9714,True
BFH,1101215,2020,0.4086,0.2143,0.0115,0.0983,0.0256,53.79,0.9128,True
BHE,863436,2018,0.456,0.3075,0.0308,0.8358,1.3509,17.92,2.9319,False
BHE,863436,2025,0.3922,0.2742,0.0367,1.5726,1.3268,42.55,3.2461,False
BILL,1786352,2020,0.2923,-0.0619,-0.0043,6.8743,0.0175,136.5,4.3921,False
BILL,1786352,2021,0.2145,-0.0415,-0.0191,6.1771,0.0399,249.15,3.8825,False
BILL,1786352,2022,0.3101,-0.0589,-0.0342,1.7826,0.0694,108.96,1.3158,True
BILL,1786352,2023,0.303,-0.0889,-0.0307,1.2536,0.1098,81.59,0.9999,True
BILL,1786352,2024,0.2453,-0.1195,-0.019,1.432,0.1406,84.71,1.0642,True
BILL,1786352,2025,0.2633,-0.1501,-0.008,0.7563,0.1453,54.54,0.6785,True
BILL,1786352,2026,0.2457,-0.2045,-0.0072,0.6278,0.1618,49.23,0.5233,True
BIO,12208,2015,0.36,0.4871,0.0449,3.142,,138.66,,False
BIO,12208,2016,0.3566,0.4769,0.0138,3.9908,,182.28,,False
BIO,12208,2017,0.3449,0.4284,0.0107,4.9179,,238.67,,False
BIO,12208,2018,0.2803,0.6633,-0.0184,4.0391,0.408,232.22,4.0357,False
BIO,12208,2019,0.1592,0.6831,0.0287,4.5425,0.2886,370.03,4.2561,False
BIO,12208,2020,0.1163,0.7144,0.0317,5.2152,0.1962,582.94,4.5696,False
BIO,12208,2021,0.0736,0.7599,0.0275,5.0881,0.1644,755.57,4.4602,False
BIO,12208,2022,0.1918,0.7331,0.0357,2.9935,0.2075,420.49,3.3781,False
BIO,12208,2023,0.2053,0.753,0.0275,2.5109,0.2172,322.89,3.1149,False
BIO,12208,2024,0.2737,0.792,0.0287,3.2522,0.2741,328.51,3.7574,False
BIO,12208,2025,0.2259,0.7731,0.0045,2.6844,0.2442,302.99,3.223,False
BJ,1531152,2025,-0.0906,0.1599,0.1087,2.1405,2.857,90.03,4.6153,False
BJRI,1013488,2015,-0.035,0.3606,0.0233,2.4642,,42.3,,False
BJRI,1013488,2016,-0.0686,0.2944,0.0234,1.8745,,38.24,,False
BJRI,1013488,2017,-0.0908,0.2771,0.016,1.7744,,35.55,,False
BJRI,1013488,2018,-0.1035,0.3523,0.0204,2.7444,0.4036,49.78,2.4865,False
BJRI,1013488,2019,-0.0875,0.2082,0.0152,1.0283,0.2715,37.79,1.1252,True
BJRI,1013488,2020,-0.078,0.2096,-0.0192,1.0695,0.186,38.49,0.9642,True
BJRI,1013488,2021,-0.1059,0.2524,-0.0159,1.0479,1.0501,34.55,1.8525,False
BJRI,1013488,2022,-0.1096,0.2592,-0.0052,0.8013,1.2276,26.38,1.9223,False
BJRI,1013488,2023,-0.1111,0.2867,0.0456,1.1799,1.3778,36.01,2.5044,False
BKE,885245,2015,0.4457,0.4847,0.4008,3.3649,,10.46,,False
BKE,885245,2016,0.4964,0.5014,0.2634,2.8808,,8.35,,False
BKE,885245,2017,0.4881,0.4582,0.2492,3.3355,,9.51,,False
BKE,885245,2018,0.5314,0.4643,0.2293,3.3898,0.5014,8.78,4.5798,False
BKE,885245,2019,0.2376,0.2724,0.1515,1.4666,0.3123,13.63,2.3586,False
BKE,885245,2020,0.273,0.2815,0.1987,1.953,0.377,17.03,2.9259,False
BKE,885245,2021,0.1827,0.1858,0.4296,3.1868,1.6579,28.95,5.4671,False
BKE,885245,2022,0.2356,0.235,0.3918,3.5859,1.606,32.11,5.6621,False
BKE,885245,2023,0.2504,0.2473,0.3046,3.9916,1.4173,36.93,5.4641,False
BKE,885245,2024,0.2467,0.2382,0.2643,4.5674,1.3335,43.39,5.5756,False
BKE,885245,2025,0.213,0.2039,0.2637,4.4955,1.3093,49.45,5.418,False
BKH,1130464,2015,0.0859,0.1015,0.0,1.8274,,31.7,,False
BKH,1130464,2016,-0.0094,0.0703,0.0085,2.095,,43.13,,False
BKH,1130464,2017,-0.0118,0.0824,0.0176,1.9172,,43.48,,False
BKH,1130464,2018,-0.0207,0.1006,0.0164,2.0753,0.2511,46.95,1.6663,True
BL,1666134,2016,0.1317,-0.2077,-0.0807,12.447,,27.63,,False
BL,1666134,2017,0.1291,-0.2846,-0.0795,13.0354,,32.8,,False
BL,1666134,2018,0.1261,-0.2644,-0.0604,14.1755,0.1262,40.95,8.2132,False
BL,1666134,2019,0.509,-0.1613,-0.0275,4.9047,0.0791,51.56,3.3162,False
BL,1666134,2020,0.3878,-0.1811,-0.0179,11.4194,0.086,133.38,7.0904,False
BL,1666134,2021,0.564,-0.166,-0.0212,4.1113,0.0635,103.54,2.9045,False
BL,1666134,2022,0.4537,-0.1404,-0.0289,2.1628,0.269,67.27,1.8191,False
BL,1666134,2023,0.364,-0.1022,0.0068,2.0054,0.2808,62.44,1.8003,True
BL,1666134,2024,0.3672,-0.0268,0.0102,2.6319,0.358,60.76,2.3737,False
BL,1666134,2025,0.1875,-0.0141,0.0145,2.3153,0.3981,55.29,2.0404,False
BLFS,834365,2015,0.4242,-5.2004,-0.4056,42.2777,,2.17,,False
BLFS,834365,2016,0.4409,-8.9827,-0.6121,16.5403,,1.61,,False
BLFS,834365,2017,0.6932,-6.0905,-0.0869,143.0985,,6.0,,False
BLFS,834365,2018,0.7835,-1.5623,0.0805,253.7075,0.4342,12.03,151.6776,False
BLFS,834365,2019,0.1772,-1.078,-0.0024,16.0308,0.2949,16.18,8.609,False
BLFS,834365,2020,0.4222,-0.4147,-0.0237,65.9463,0.2048,39.89,39.6202,False
BLFS,834365,2021,0.1543,-0.1895,-0.0613,24.6585,0.2151,37.27,14.7277,False
BLFS,834365,2022,0.2085,-0.5484,-0.3233,10.3451,0.3593,18.2,4.982,False
BLFS,834365,2023,0.19,-0.7592,-0.1716,10.5893,0.3471,16.25,5.2995,False
BLFS,834365,2024,0.2904,-0.8388,-0.0178,25.1022,0.2059,25.96,14.3825,False
BLFS,834365,2025,0.2798,-0.8369,-0.0409,34.7854,0.237,24.18,20.1374,False
BLKB,1280058,2015,-0.1366,0.1102,0.0084,2.8741,,64.16,,False
BLKB,1280058,2016,-0.1314,0.1166,0.0183,2.6837,,62.83,,False
BLKB,1280058,2017,-0.1034,0.1112,0.0107,2.9155,,93.3,,False
BLKB,1280058,2018,-0.1286,0.1526,0.0091,2.2824,0.5254,62.43,1.9842,False
BLKB,1280058,2019,-0.1276,0.1178,0.0018,2.2598,0.4518,79.47,1.8255,False
BLKB,1280058,2020,-0.095,0.1158,-0.0004,1.6142,0.4466,57.56,1.4618,True
BLKB,1280058,2021,-0.087,0.0816,0.0084,1.5901,0.3122,78.98,1.3037,True
BLKB,1280058,2022,-0.1043,0.0658,-0.0095,1.1881,0.3536,58.86,1.0021,True
BLKB,1280058,2023,-0.0918,0.0683,0.0154,1.8708,0.3796,86.7,1.5381,True
BLKB,1280058,2024,-0.1105,-0.0338,-0.1084,1.4255,0.463,73.92,0.7807,True
BLKB,1280058,2025,-0.1054,0.0065,0.0798,1.2466,0.472,63.32,1.3658,True
BMI,9092,2024,0.5168,0.671,0.1935,28.7702,0.2513,208.61,19.7113,False
BMI,9092,2025,0.366,0.6634,0.1884,19.2475,0.2267,172.83,13.7649,False
BMRN,1048477,2015,0.1727,-0.2739,-0.0297,15.2642,,104.76,,False
BMRN,1048477,2016,0.2442,-0.3779,-0.1997,12.7529,,82.84,,False
BMRN,1048477,2017,0.3001,-0.3534,-0.0032,9.4609,,89.17,,False
BMRN,1048477,2018,0.3463,-0.3827,-0.0279,11.2959,0.3368,85.15,6.9021,False
BMRN,1048477,2019,0.2153,-0.3669,-0.0214,10.4402,0.3633,84.55,6.3015,False
BMRN,1048477,2020,0.3163,-0.1473,-0.0063,9.7441,0.3181,87.69,6.3172,False
BMRN,1048477,2021,0.2889,-0.1542,-0.0137,9.8709,0.3075,88.35,6.3157,False
BMRN,1048477,2022,0.3392,-0.1238,0.0235,11.3058,0.3288,103.49,7.4234,False
BMRN,1048477,2023,0.26,-0.0908,0.0231,9.8751,0.3536,96.42,6.5397,False
BMRN,1048477,2024,0.3757,-0.0279,0.0693,9.5598,0.4083,65.73,6.7846,False
BMRN,1048477,2025,0.4207,0.0203,0.0539,7.6337,0.4242,59.43,5.7155,False
BOOT,1610250,2015,0.1799,0.042,0.0239,2.0197,,12.29,,False
BOOT,1610250,2016,0.0944,0.0437,0.0104,1.0035,,12.52,,False
BOOT,1610250,2017,0.1353,0.0668,0.0143,1.3043,,16.61,,False
BOOT,1610250,2018,0.1533,0.1134,0.0192,1.3815,,17.03,,False
BOOT,1610250,2019,0.1971,0.1662,0.0259,3.6261,,44.53,,False
BOOT,1610250,2020,0.0779,0.1662,0.0105,2.1776,0.204,43.36,1.8712,False
BOOT,1610250,2021,0.1637,0.2282,0.0352,6.9178,0.2773,123.05,5.06,False
BOOT,1610250,2022,0.1712,0.3379,0.2153,3.1547,1.2404,62.52,4.5222,False
BOOT,1610250,2023,0.194,0.3796,0.1528,3.1375,1.0924,76.76,4.2432,False
BOOT,1610250,2024,0.2444,0.4239,0.1162,6.0343,0.9774,151.82,5.8682,False
BOOT,1610250,2025,0.253,0.4479,0.1186,6.0255,0.947,176.47,5.8845,False
BOOT,1610250,2026,0.2626,0.4611,0.1221,4.0319,0.9199,150.63,4.7027,False
BOX,1372612,2016,0.1398,-1.4721,-0.404,5.2883,,13.86,,False
BOX,1372612,2017,0.0489,-1.7909,-0.3052,6.9167,,21.12,,False
BOX,1372612,2018,0.0094,-1.8771,-0.2782,4.3,,16.88,,False
BOX,1372612,2019,-0.0533,-1.744,-0.2065,3.7207,0.9357,16.78,-0.0187,True
BOX,1372612,2020,-0.1247,-1.3315,-0.1453,2.6412,0.7253,18.05,-0.1832,True
BOX,1372612,2021,0.1971,-0.9778,-0.0278,2.9929,0.5702,26.19,1.1417,True
BOX,1372612,2022,0.1419,-0.9789,-0.0198,3.2874,0.6281,31.13,1.335,True
BOX,1372612,2023,0.0753,-1.1066,0.0305,2.8313,0.8208,25.61,1.1615,True
BOX,1372612,2024,0.1312,-0.9723,0.0409,3.6738,0.8361,31.6,1.9716,False
BOX,1372612,2025,0.1054,-0.577,0.0478,2.7912,0.6537,29.91,1.8047,True
BOX,1372612,2026,0.0573,-0.5477,0.0538,3.6391,0.7615,35.78,2.4245,False
BRC,746598,2015,0.1875,0.3896,-0.0308,,,18.79,,False
BRC,746598,2016,0.2306,0.4343,0.032,,,31.62,,False
BRC,746598,2017,0.2101,0.4829,0.0346,,,32.64,,False
BRC,746598,2018,0.2653,0.5236,0.0424,,,38.24,,False
BRC,746598,2019,0.2863,0.5511,0.0399,,,51.28,,False
BRC,746598,2020,0.2832,0.6166,0.0291,,,48.2,,False
BRC,746598,2021,0.1506,0.5722,0.0296,,0.8308,50.01,,False
BRC,746598,2022,0.1776,0.6527,0.1412,,0.9523,44.56,,False
BRC,746598,2023,0.192,0.7356,0.1621,,0.9587,56.55,,False
BRC,746598,2024,0.2211,0.7746,0.1606,,0.8851,72.2,,False
BRC,746598,2025,0.1681,0.7598,0.1364,,0.8728,77.69,,False
BRC,746598,2026,0.1798,0.7975,0.1423,,0.8972,90.65,,False
BRKR,1109354,2023,0.2264,0.5468,0.1028,3.8901,0.6975,72.73,4.408,False
BRKR,1109354,2024,0.1329,0.4145,0.0436,2.2118,0.5797,58.19,2.7905,False
BRKR,1109354,2025,0.1495,0.3784,0.0109,1.9112,0.5506,47.0,2.4426,False
BROS,1866581,2021,-0.1463,-0.0233,-0.2046,,0.8992,50.91,,False
BROS,1866581,2022,-0.1099,-0.0146,-0.0022,,0.6229,28.19,,False
BROS,1866581,2023,0.0381,-0.0088,0.0262,,0.5475,31.67,,False
BROS,1866581,2024,0.0619,0.0079,0.0424,,0.5122,52.38,,False
BROS,1866581,2025,0.0388,0.0331,0.0536,,0.5444,61.22,,False
BSY,1031308,2020,-0.1113,-0.3339,0.0482,,0.195,39.53,,False
BSY,1031308,2021,0.0083,-0.1653,0.0356,,0.3629,47.27,,False
BSY,1031308,2022,-0.0671,-0.1172,0.0659,,0.3473,36.27,,False
BSY,1031308,2023,-0.1027,-0.0488,0.0694,,0.37,51.42,,False
BSY,1031308,2024,-0.1095,-0.0223,0.0889,,0.398,46.24,,False
BSY,1031308,2025,-0.1185,-0.0113,0.102,,0.4224,38.02,,False
BTSG,1865782,2024,0.0784,-0.0375,0.0348,0.7883,1.9011,17.03,2.5307,False
BTSG,1865782,2025,0.1629,-0.0116,0.046,1.6369,2.0131,37.45,3.3264,False
BTU,1064728,2015,-0.5457,0.0457,-0.0427,,0.1191,,,False
BTU,1064728,2016,0.0916,0.1188,-0.0038,,0.1223,,,False
BTU,1064728,2019,0.0976,0.0912,-0.0253,0.274,0.1708,8.7,0.4966,True
BTU,1064728,2020,0.1349,-0.2728,-0.3703,0.0761,0.6173,2.3,-0.7791,True
BTU,1064728,2021,0.1758,-0.1845,0.0873,0.374,0.6704,9.6,1.1356,True
BTU,1064728,2022,0.2591,0.0684,0.2462,1.3264,0.8879,25.2,2.903,False
BTU,1064728,2023,0.1746,0.1866,0.1803,1.2125,0.8297,23.42,2.6228,False
BTU,1064728,2024,0.1601,0.2428,0.0748,1.1088,0.7116,20.42,2.1558,False
BTU,1064728,2025,0.1234,0.2335,-0.0138,1.6135,0.665,29.45,2.0625,False
BURL,1579298,2015,0.018,-0.4945,0.0926,1.0058,,42.9,,False
BURL,1579298,2016,-0.0266,-0.4118,0.1294,2.0286,,84.75,,False
BURL,1579298,2017,-0.0068,-0.2402,0.1525,2.8349,,123.03,,False
BURL,1579298,2018,0.0078,-0.0847,0.1648,3.707,0.6468,162.67,3.3057,False
BURL,1579298,2019,-0.008,0.0366,0.1038,2.8276,0.3935,228.03,2.4743,False
BURL,1579298,2020,0.1219,-0.0017,-0.0645,2.6011,0.3361,261.55,1.8276,False
BURL,1579298,2021,0.0846,0.0584,0.0769,2.8932,1.3127,291.51,3.4858,False
BURL,1579298,2022,0.0512,0.0886,0.0423,1.9671,1.1946,202.76,2.7,False
BURL,1579298,2023,0.0387,0.1277,0.0604,1.8206,1.2598,194.48,2.7768,False
BURL,1579298,2024,0.0406,0.1696,0.0769,2.4198,1.2105,285.06,3.2025,False
BURL,1579298,2025,0.0527,0.2115,0.0823,2.2368,1.1644,288.85,3.1372,False
BWA,908255,2021,0.1689,0.4025,0.0694,0.8122,0.8952,37.14,2.3778,False
BWA,908255,2022,0.1401,0.4386,0.0809,0.7244,0.9298,33.74,2.4135,False
BWA,908255,2023,0.1695,0.4257,0.0803,0.8397,0.9824,34.58,2.5504,False
BWA,908255,2024,0.2055,0.4582,0.039,0.7636,1.0066,31.07,2.4816,False
BWA,908255,2025,0.2551,0.4772,0.0389,1.1164,1.0397,44.7,2.8122,False
BWXT,1486957,2025,0.208,0.5908,0.0216,5.1895,0.2074,172.1,4.4689,False
BYD,906553,2015,-0.0225,-0.1006,0.0143,0.3496,,18.49,,False
BYD,906553,2016,-0.0123,-0.0043,0.0064,0.365,,18.77,,False
BYD,906553,2017,-0.0108,0.0359,0.0172,0.6647,,32.8,,False
BYD,906553,2018,-0.0122,0.044,0.0164,0.3089,,19.6,,False
BYD,906553,2019,-0.0237,0.0573,0.0173,0.3848,,28.52,,False
BYD,906553,2020,0.0192,0.0375,0.017,0.5465,,40.88,,False
BYD,906553,2021,-0.0079,0.1141,0.1446,0.9684,,62.45,,False
BYD,906553,2022,-0.0171,0.2037,0.1555,0.8082,,52.51,,False
BYD,906553,2023,-0.0107,0.278,0.1438,0.977,,60.9,,False
BYD,906553,2024,-0.0096,0.2477,0.1452,1.0775,0.6149,71.34,2.0756,False
BYD,906553,2025,-0.0682,0.3969,0.1138,1.5501,0.6224,84.62,2.4019,False
CABO,1632127,2015,0.0281,0.3175,0.0362,,,,,False
CABO,1632127,2016,0.0535,0.3663,0.0332,,,,,False
CABO,1632127,2017,0.0324,0.3261,0.0266,,,,,False
CABO,1632127,2018,0.08,0.3692,0.0301,,0.1172,,,False
CABO,1632127,2019,-0.0026,0.311,0.0281,,0.1011,,,False
CABO,1632127,2020,0.1005,0.2736,0.1046,,0.2953,,,False
CABO,1632127,2021,0.0333,0.2095,0.0657,,0.2309,,,False
CABO,1632127,2022,0.0148,0.2349,0.078,,0.2468,,,False
CABO,1632127,2023,0.0206,0.2606,0.0779,,0.2483,,,False
CABO,1632127,2024,0.01,0.2618,0.0677,,0.242,,,False
CABO,1632127,2025,-0.081,0.2388,-0.0371,,0.2687,,,False
CACI,16058,2015,0.085,0.4664,0.0231,1.154,,92.78,,False
CACI,16058,2016,0.0894,0.4168,0.0203,1.1542,,124.3,,False
CACI,16058,2017,0.0903,0.4668,0.0205,1.3814,,132.35,,False
CACI,16058,2018,0.0972,0.5272,0.0199,1.6515,,144.03,,False
CACI,16058,2019,0.0668,0.4738,0.0159,2.0346,0.2701,249.99,2.2869,False
CACI,16058,2020,0.0571,0.4929,0.0241,1.9124,0.2698,249.33,2.2555,False
CACI,16058,2021,0.0723,0.5167,0.0182,1.6964,0.2534,269.21,2.1413,False
CACI,16058,2022,0.0275,0.5364,0.0749,1.8577,0.9357,300.59,3.0813,False
CACI,16058,2023,0.0327,0.597,0.086,2.1197,1.0154,323.86,3.446,False
CACI,16058,2024,0.0436,0.6416,0.0956,2.7242,1.1271,404.06,4.0277,False
CACI,16058,2025,0.0661,0.562,0.0884,2.477,0.9977,532.81,3.6418,False
CACI,16058,2026,0.0624,0.4565,0.0778,1.8715,0.8095,623.01,2.9032,False
CAG,23217,2015,0.0204,0.2469,0.0103,0.8078,,21.83,,False
CAG,23217,2016,0.078,0.2403,0.1285,1.3426,,26.92,,False
CAG,23217,2017,0.029,0.4206,0.1226,2.0857,,26.23,,False
CAG,23217,2018,-0.0382,0.4567,0.136,1.0981,,15.22,,False
CAG,23217,2019,0.0266,0.2272,0.0739,0.8173,0.1176,25.19,1.202,True
CAG,23217,2020,-0.018,0.2453,0.0814,0.9129,0.1474,27.38,1.2856,True
CAG,23217,2021,-0.0272,0.2822,0.0965,0.9413,0.5039,26.68,1.7494,True
CAG,23217,2022,-0.0216,0.292,0.0708,1.1054,0.5142,31.35,1.7938,True
CAG,23217,2023,-0.0479,0.2993,0.0664,0.8744,0.5567,24.2,1.662,True
CAG,23217,2024,-0.0044,0.3008,0.0563,0.9512,0.5776,24.55,1.7501,True
CAG,23217,2025,-0.0595,0.3229,0.0652,0.6528,0.5547,16.37,1.5421,True
CAG,23217,2026,-0.0177,0.2415,-0.0943,0.7023,0.6531,16.02,1.0802,True
CAKE,887596,2024,-0.1243,0.4332,0.0586,0.879,1.1775,45.9,2.3558,False
CAKE,887596,2025,-0.0988,0.4332,0.0574,0.8782,1.1503,49.86,2.3546,False
CALM,16160,2015,0.406,0.7322,0.2534,7.175,,34.27,,False
CALM,16160,2016,0.4883,0.8009,0.423,8.08,,33.48,,False
CALM,16160,2017,0.3596,0.7899,-0.1279,8.3784,,33.68,,False
CALM,16160,2018,0.417,0.804,0.0892,7.7976,,32.37,,False
CALM,16160,2019,0.4262,0.8255,0.0396,9.3145,,33.05,,False
CALM,16160,2020,0.3556,0.8081,0.0631,6.9107,,29.02,,False
CALM,16160,2021,0.3497,0.794,-0.0214,6.2052,0.2846,28.62,5.4684,False
CALM,16160,2022,0.334,0.7467,0.1006,6.3114,0.4154,43.47,5.9802,False
CALM,16160,2023,0.4821,0.8038,0.4951,6.7681,0.3524,49.76,7.7509,False
CALM,16160,2024,0.4642,0.8039,0.143,11.2598,0.2933,93.05,9.2036,False
CALM,16160,2025,0.5381,0.8318,0.4981,7.1035,1.3817,78.52,9.0979,False
CALM,16160,2026,0.4428,0.8898,0.1127,7.928,0.9369,78.92,7.8427,False
CALX,1406666,2015,0.3568,-1.7195,-0.0301,5.6245,,7.87,,False
CALX,1406666,2016,0.2755,-1.6438,-0.0344,3.402,,7.7,,False
CALX,1406666,2017,0.1156,-2.2617,-0.0433,2.4958,,5.95,,False
CALX,1406666,2018,0.098,-2.16,-0.0163,3.7173,,9.75,,False
CALX,1406666,2019,0.0894,-2.2176,0.0047,3.0941,,8.0,,False
CALX,1406666,2020,0.3881,-1.5657,0.058,12.7447,,29.76,,False
CALX,1406666,2021,0.3788,-0.5805,0.0996,29.0041,,79.97,,False
CALX,1406666,2022,0.4317,-0.4404,0.0595,20.9902,0.9808,68.43,13.6725,False
CALX,1406666,2023,0.4356,-0.3826,0.0272,12.3423,1.1038,43.69,8.5859,False
CALX,1406666,2024,0.4829,-0.4154,-0.0458,13.8672,0.8853,34.87,9.0524,False
CALX,1406666,2025,0.4991,-0.3517,0.0198,16.7217,0.9447,52.93,11.1498,False
CALY,837465,2015,0.3372,0.1601,0.0427,7.6056,,9.3,,False
CALY,837465,2016,0.3414,0.3583,0.0551,9.5793,,10.86,,False
CALY,837465,2017,0.153,0.327,0.0795,7.2392,,13.85,,False
CALY,837465,2018,0.2105,0.393,0.122,8.2903,0.1716,15.25,6.3511,False
CALY,837465,2019,0.1357,0.2496,0.0677,3.1672,0.1591,21.17,2.7951,False
CALY,837465,2021,0.0387,0.088,-0.0071,1.205,0.0919,27.44,0.9613,True
CALY,837465,2022,0.0399,0.0992,0.0299,0.732,0.4651,19.75,1.1898,True
CALY,837465,2023,0.0746,0.1039,0.0261,0.4883,0.4698,14.34,1.0837,True
CALY,837465,2024,0.1015,-0.0655,-0.1646,0.2684,0.5552,7.86,0.2029,True
CALY,837465,2025,0.2152,-0.1248,-0.0074,0.3993,0.0504,11.67,0.349,True
CAR,723612,2021,-0.0248,-0.0082,0.0756,,0.4121,197.02,,False
CAR,723612,2022,-0.0265,0.0995,0.1402,,0.4626,155.75,,False
CAR,723612,2023,-0.016,0.1183,0.0588,,0.3687,177.26,,False
CAR,723612,2024,-0.0236,0.0699,-0.0905,,0.4059,80.61,,False
CAR,723612,2025,-0.0255,0.0364,-0.0297,,0.3728,128.32,,False
CARG,1494259,2017,0.6469,-0.3313,0.0865,,,29.98,,False
CARG,1494259,2018,0.4896,0.0362,0.0257,,0.47,33.73,,False
CARG,1494259,2019,0.3689,0.1317,0.0346,,0.4018,35.18,,False
CARG,1494259,2020,0.5285,0.2576,0.1946,,1.0979,31.73,,False
CARG,1494259,2021,0.4212,0.1388,0.1592,,1.0213,33.64,,False
CARG,1494259,2022,0.4947,0.3484,0.117,,1.7852,14.01,,False
CARG,1494259,2023,0.3004,0.3854,0.0355,,0.9949,24.16,,False
CARG,1494259,2024,0.3616,0.4549,0.0163,,1.0847,36.54,,False
CARG,1494259,2025,0.2756,0.5475,0.3693,,0.3642,38.35,,False
CART,1579091,2023,0.5441,-0.5574,-0.4531,6.7916,0.6435,23.47,3.0957,False
CART,1579091,2024,0.4615,-0.8712,0.1188,11.4698,0.8209,41.42,7.429,False
CART,1579091,2025,0.3477,-1.2167,0.1351,10.6908,1.0149,44.98,6.589,False
CAVA,1639438,2023,0.2499,-0.4551,0.0048,12.1571,0.7407,42.98,7.7137,False
CAVA,1639438,2024,0.2236,-0.2713,0.0369,27.7909,0.8239,112.8,17.5086,False
CAVA,1639438,2025,0.1974,-0.1865,0.0406,11.812,0.8674,58.69,8.0645,False
CBRL,1067294,2015,0.0071,0.3081,0.1617,1.7389,,80.75,,False
CBRL,1067294,2016,-0.0087,0.3262,0.1873,2.578,,112.02,,False
CBRL,1067294,2017,-0.0112,0.3238,0.2058,2.5657,,112.2,,False
CBRL,1067294,2018,-0.0379,0.3488,0.1922,2.8174,,119.19,,False
CBRL,1067294,2019,-0.0949,0.3552,0.1789,2.7531,0.4978,120.28,3.1233,False
CBRL,1067294,2020,0.0754,0.1723,0.0407,1.1225,0.1946,106.76,1.3343,True
CBRL,1067294,2021,-0.0467,0.2774,0.1533,1.3691,0.328,105.85,1.9876,False
CBRL,1067294,2022,-0.0806,0.2228,0.0667,1.0261,1.4239,81.87,2.4747,False
CBRL,1067294,2023,-0.0932,0.2163,0.0544,0.9072,1.5521,70.39,2.4669,False
CBRL,1067294,2024,-0.0814,0.1977,0.0209,0.6587,1.6057,50.73,2.2489,False
CBRL,1067294,2025,-0.1445,0.2086,0.0255,0.3272,1.6114,24.89,2.0103,False
CBT,16040,2015,0.1974,0.4807,-0.1031,0.8837,0.2182,31.51,1.318,True
CBT,16040,2016,0.227,0.5072,0.0821,1.1633,0.2034,39.88,2.1549,False
CBT,16040,2017,0.1569,0.5078,0.1014,1.3994,0.2182,49.71,2.2917,False
CBT,16040,2018,0.1338,0.4368,0.0481,0.8755,0.262,35.44,1.7181,True
CBT,16040,2019,0.2034,0.4451,0.1019,1.0421,0.2753,40.49,2.1039,False
CBT,16040,2020,0.1615,0.3556,0.0076,0.9788,0.237,39.62,1.5408,True
CBT,16040,2021,0.0841,0.3506,0.1373,1.1134,1.0312,50.87,2.7441,False
CBT,16040,2022,0.2028,0.3643,0.1104,1.2136,1.2258,61.75,3.0715,False
CBT,16040,2023,0.2231,0.4367,0.1459,1.7389,1.0907,78.81,3.4948,False
CBT,16040,2024,0.223,0.4641,0.1643,1.9589,1.0691,87.68,3.7041,False
CBT,16040,2025,0.1526,0.481,0.1628,1.4853,0.9733,65.16,3.2581,False
CC,1627223,2015,0.1326,-0.0183,-0.0192,0.0932,,3.82,,False
CC,1627223,2016,0.129,-0.0188,-0.045,0.4023,,15.92,,False
CC,1627223,2017,0.253,0.0794,0.0362,0.8471,,36.18,,False
CC,1627223,2018,0.2152,0.1991,0.0247,0.4941,0.1989,20.82,1.1139,True
CC,1627223,2019,0.1703,0.1721,-0.0626,0.3222,0.1864,14.05,0.6186,True
CC,1627223,2020,0.1682,0.184,0.0253,0.4913,0.7016,20.46,1.5392,True
CC,1627223,2021,0.197,0.2313,0.0895,0.6657,0.8404,28.61,2.0954,False
CC,1627223,2022,0.1732,0.284,0.097,0.6195,0.8893,26.89,2.1865,False
CC,1627223,2023,0.1635,0.216,-0.0086,0.574,0.1649,28.65,0.9795,True
CC,1627223,2024,0.1627,0.2286,0.0012,0.3493,0.1808,16.04,0.9097,True
CC,1627223,2025,0.1781,0.1653,-0.0091,0.2452,0.18,11.62,0.7424,True
CCK,1219601,2015,0.0141,0.2171,0.0925,0.5254,,47.71,,False
CCK,1219601,2016,-0.0057,0.273,0.1064,0.5827,,49.47,,False
CCK,1219601,2017,-0.0165,0.2817,0.101,0.5722,,52.94,,False
CCK,1219601,2018,0.0109,0.226,0.0718,0.297,,39.12,,False
CCK,1219601,2019,0.0066,0.2553,0.0128,0.5384,0.7523,68.27,1.4832,True
CCK,1219601,2020,0.0373,0.2722,0.0202,0.7087,0.1777,94.3,1.0955,True
CCK,1219601,2021,0.0261,0.2295,0.0984,0.9551,0.8222,104.91,2.0725,False
CCK,1219601,2022,0.0508,0.2196,0.0934,0.6874,0.905,78.7,1.9943,False
CCK,1219601,2023,0.042,0.2312,0.0844,0.7681,0.7989,89.16,1.9124,False
CCK,1219601,2024,0.0539,0.2617,0.1025,0.7944,0.8522,81.02,2.098,False
CCK,1219601,2025,0.0085,0.2671,0.1088,0.9839,0.8664,101.98,2.2,False
CCOI,1158324,2015,0.2752,-0.6514,0.0244,1.6008,,21.1,,False
CCOI,1158324,2016,0.352,-0.649,0.0219,1.6948,,26.18,,False
CCOI,1158324,2017,0.3259,-0.7806,0.0289,1.8852,,29.93,,False
CCOI,1158324,2018,0.3717,-0.8237,0.0302,1.7977,0.1785,31.2,0.6495,True
CCOI,1158324,2019,0.4141,-0.7344,0.0301,2.1383,0.1505,47.42,1.0015,True
CCOI,1158324,2020,0.3617,-0.8074,0.1069,1.7772,0.5678,44.89,1.2906,True
CCOI,1158324,2021,0.3337,-0.9241,0.1211,2.1638,0.599,57.36,1.4036,True
CCOI,1158324,2022,0.2432,-1.0638,0.1128,1.5913,0.5936,47.5,0.7231,True
CCOI,1158324,2023,0.0437,0.0053,-0.0403,1.3203,0.293,67.08,1.0122,True
CCOI,1158324,2024,0.0721,-0.1186,-0.0623,1.2482,0.3265,71.9,0.7904,True
CCOI,1158324,2025,0.0741,-0.2286,-0.0326,0.3476,0.3148,21.47,0.1846,True
CDE,215466,2015,0.2301,-1.9518,,2.7983,,2.48,,False
CDE,215466,2016,0.223,-1.9299,,16.9573,,9.08,,False
CDE,215466,2017,0.1298,-1.497,,8.6879,,7.49,,False
CDE,215466,2018,0.0796,-1.5139,,5.331,0.084,4.46,,False
CDE,215466,2019,0.0144,-2.128,,11.6569,0.1415,8.07,,False
CDE,215466,2020,0.0253,-2.0713,,14.9597,0.1626,10.34,,False
CDE,215466,2021,0.031,-1.6948,,5.5349,0.4802,5.03,,False
CDE,215466,2022,0.0439,-1.6345,,3.6086,0.4256,3.36,,False
CDE,215466,2023,-0.0107,-1.4999,,3.1705,0.3946,3.26,,False
CDE,215466,2024,-0.0251,-1.3304,0.0713,4.9805,0.4579,5.71,1.7889,True
CDE,215466,2025,0.1234,-0.5274,0.1506,13.2411,0.4409,17.81,8.2921,False
CE,1306830,2015,0.1441,0.4217,0.038,1.0557,,55.38,,False
CE,1306830,2016,0.1669,0.5169,0.1069,1.3603,,66.14,,False
CE,1306830,2017,0.1293,0.5158,0.0945,1.6115,,91.61,,False
CE,1306830,2018,0.1176,0.6278,0.1432,1.452,0.7683,78.51,3.1323,False
CE,1306830,2019,0.1067,0.6753,0.088,1.8318,0.6645,109.79,3.1274,False
CELH,1341766,2016,0.867,-3.0115,-0.1606,30.4125,,0.82,,False
CELH,1341766,2017,0.7593,-2.2855,-0.298,44.4428,,1.75,,False
CELH,1341766,2018,0.5672,-2.1191,-0.3073,12.8599,,1.16,,False
CELH,1341766,2019,0.2747,-0.7016,-0.016,15.1314,,1.61,,False
CELH,1341766,2020,0.5087,-0.4222,0.0603,157.3825,,16.77,,False
CELH,1341766,2021,0.5389,-0.164,-0.013,64.8679,,24.86,,False
CELH,1341766,2022,0.6192,-0.1954,-0.1291,24.5469,,34.68,,False
CELH,1341766,2023,0.6042,-0.0078,0.1734,30.8025,,54.52,,False
CELH,1341766,2024,0.5428,0.0597,0.0881,12.2864,0.7672,26.34,9.1649,False
CELH,1341766,2025,0.1431,0.0344,0.0276,5.3135,0.4913,45.74,3.9901,False
CENT,887733,2015,0.4203,0.1022,0.0806,,,10.59,,False
CENT,887733,2016,0.4229,0.1324,0.1067,,,25.91,,False
CENT,887733,2017,0.3542,0.1831,0.1195,,,30.48,,False
CENT,887733,2018,0.5266,0.1903,0.0877,,,26.98,,False
CENT,887733,2019,0.508,0.2083,0.0751,,,24.33,,False
CENT,887733,2020,0.4638,0.2183,0.0846,,,30.23,,False
CENT,887733,2021,0.3277,0.2073,0.0817,,1.06,41.21,,False
CENT,887733,2022,0.3315,0.2301,0.0792,,1.0172,29.33,,False
CENT,887733,2023,0.3697,0.2544,0.0623,,0.9797,39.24,,False
CENT,887733,2024,0.3859,0.27,0.0522,,0.9007,38.8,,False
CENT,887733,2025,0.3964,0.28,0.069,,0.863,32.15,,False
CENTA,887733,2015,0.4203,0.1022,0.0806,,,10.88,,False
CENTA,887733,2016,0.4229,0.1324,0.1067,,,24.72,,False
CENTA,887733,2017,0.3542,0.1831,0.1195,,,30.17,,False
CENTA,887733,2018,0.5266,0.1903,0.0877,,,25.0,,False
CENTA,887733,2019,0.508,0.2083,0.0751,,,23.49,,False
CENTA,887733,2020,0.4638,0.2183,0.0846,,,29.06,,False
CENTA,887733,2021,0.3277,0.2073,0.0817,,1.06,38.28,,False
CENTA,887733,2022,0.3315,0.2301,0.0792,,1.0172,28.64,,False
CENTA,887733,2023,0.3697,0.2544,0.0623,,0.9797,35.23,,False
CENTA,887733,2024,0.3859,0.27,0.0522,,0.9007,33.05,,False
CENTA,887733,2025,0.3964,0.28,0.069,,0.863,29.19,,False
CENX,949157,2015,0.1602,-0.7405,-0.0223,0.5956,,4.42,,False
CENX,949157,2016,0.1697,-1.0123,-0.1521,1.0813,,8.56,,False
CENX,949157,2017,0.2296,-0.9551,0.0593,2.5854,,19.64,,False
CENX,949157,2018,0.1837,-1.0256,-0.0384,0.9334,1.2313,7.31,0.4494,True
CENX,949157,2019,0.1691,-1.1045,-0.0481,0.9027,1.2246,7.52,0.2642,True
CENX,949157,2020,0.1541,-1.2716,-0.0575,1.2793,1.1468,11.03,0.1292,True
CENX,949157,2021,0.0451,-1.2401,0.042,1.4269,1.4093,16.56,0.7221,True
CENX,949157,2022,0.1815,-1.3322,-0.102,0.7549,1.8868,8.18,0.3556,True
CENX,949157,2023,0.0022,-1.0854,0.0172,0.7999,1.1835,12.14,0.2035,True
CENX,949157,2024,0.1748,-0.8596,0.0626,1.4127,1.1448,18.22,1.2054,True
CENX,949157,2025,0.2237,-0.7163,0.0697,2.8957,1.114,39.18,2.347,False
CERT,1827090,2021,0.1207,-0.05,0.009,9.2261,0.1893,28.42,5.8294,False
CERT,1827090,2022,0.152,-0.0387,0.0207,4.9696,0.2134,16.07,3.3916,False
CERT,1827090,2023,0.1345,-0.0744,-0.0261,5.1969,0.2267,17.59,3.316,False
CERT,1827090,2024,0.1046,-0.0814,-0.0011,3.1456,0.2445,10.65,2.1398,False
CERT,1827090,2025,0.1039,-0.0834,0.0135,2.7216,0.2691,8.81,1.9544,False
CGNX,851205,2015,0.4479,0.6383,0.1369,42.1041,,15.54,,False
CGNX,851205,2016,0.4435,0.6199,0.1548,65.2046,,29.46,,False
CGNX,851205,2017,0.4015,0.5189,0.2014,49.6501,,56.82,,False
CGNX,851205,2018,0.5342,0.5011,0.0351,39.2984,0.1499,36.07,25.1873,False
CGNX,851205,2019,0.2581,0.3994,0.0756,16.6534,0.3848,52.49,11.4952,False
CGNX,851205,2020,0.2607,0.271,0.0328,24.2199,0.1242,77.53,15.4565,False
CGNX,851205,2021,0.2252,0.2809,0.1573,22.0879,0.5176,75.31,14.9528,False
CGNX,851205,2022,0.2707,0.2697,0.1257,14.8433,0.5138,45.86,10.5372,False
CGNX,851205,2023,0.2612,0.254,0.0648,13.4072,0.4151,40.89,9.3422,False
CGNX,851205,2024,0.2228,0.2505,0.0577,12.5245,0.4589,35.39,8.7822,False
CGNX,851205,2025,0.2547,0.2015,0.0806,11.4884,0.4931,35.83,8.24,False
CHDN,20212,2015,-0.1832,0.2124,0.0543,0.9459,,22.53,,False
CHDN,20212,2016,-0.0985,0.2527,0.0861,1.073,,24.16,,False
CHDN,20212,2017,-0.0835,0.2688,-0.0054,1.5253,,37.62,,False
CHDN,20212,2018,-0.0088,0.2749,0.007,2.2092,,39.68,,False
CHDN,20212,2019,-0.0314,0.1996,0.0014,2.2977,,67.25,,False
CHDN,20212,2020,-0.0704,0.1302,0.0084,2.8793,,95.81,,False
CHDN,20212,2021,0.0357,0.1032,0.0954,3.0973,,118.86,,False
CHDN,20212,2022,-0.0446,0.089,0.0518,1.2898,,104.65,,False
CHDN,20212,2023,-0.051,0.1286,0.0811,1.541,0.3539,134.02,1.6649,True
CHDN,20212,2024,-0.0436,0.1491,0.0974,1.502,0.3758,133.02,1.755,True
CHDN,20212,2025,-0.0388,0.135,0.0914,1.2336,0.3909,113.78,1.5751,True
CHE,19584,2015,-0.0241,1.0159,0.2164,5.5287,,143.43,,False
CHE,19584,2016,-0.0022,1.0887,0.2031,5.6817,,154.74,,False
CHE,19584,2017,-0.019,1.1293,0.1229,8.1142,,235.71,,False
CHE,19584,2018,-0.0326,1.2564,0.2497,9.3828,1.2276,275.81,9.4012,False
CHE,19584,2019,-0.0564,1.1241,0.2029,10.3533,1.0101,429.11,9.3979,False
CHE,19584,2020,0.0211,1.2013,0.2716,12.7768,0.9301,521.74,11.1996,False
CHE,19584,2021,-0.0537,1.4674,0.2555,9.4426,0.9393,519.78,9.4379,False
CHE,19584,2022,-0.0171,1.5242,0.2382,10.2203,0.8333,503.04,9.865,False
CHE,19584,2023,0.1132,1.4669,0.2042,13.4841,0.7884,577.97,11.742,False
CHE,19584,2024,0.0654,1.6312,0.2196,12.493,0.9175,525.32,11.5003,False
CHE,19584,2025,0.0101,1.9213,0.2199,9.9684,,426.18,,False
CHEF,1517175,2015,0.2228,0.1117,0.0257,,,16.68,,False
CHEF,1517175,2016,0.248,0.1081,0.0354,,,15.8,,False
CHEF,1517175,2017,0.2742,0.1205,0.0223,,,20.5,,False
CHEF,1517175,2018,0.2774,0.141,0.0243,,0.538,31.98,,False
CHEF,1517175,2019,0.2989,0.1237,0.0182,,0.4208,38.11,,False
CHEF,1517175,2020,0.2951,0.0437,-0.0495,,0.2891,25.69,,False
CHEF,1517175,2021,0.2542,0.035,0.0101,,1.6258,33.3,,False
CHEF,1517175,2022,0.2896,0.0433,0.0568,,1.7315,33.28,,False
CHEF,1517175,2023,0.2024,0.0586,0.0592,,2.0136,29.43,,False
CHEF,1517175,2024,0.2381,0.0764,0.069,,2.0413,49.32,,False
CHEF,1517175,2025,0.2448,0.0994,0.0716,,2.0461,62.33,,False
CHH,1046311,2015,0.1436,0.7181,0.0658,1.8413,,45.53,,False
CHH,1046311,2016,0.0953,0.7127,0.0615,1.9909,,51.48,,False
CHH,1046311,2017,0.1169,0.7264,0.061,2.8509,,72.19,,False
CHH,1046311,2018,-0.0656,0.6985,0.0457,2.2924,0.2152,67.34,2.6407,False
CHH,1046311,2019,-0.0644,0.6987,0.0495,3.1362,0.1933,98.26,3.1392,False
CHH,1046311,2020,0.1116,0.6454,0.0769,2.8753,0.4877,101.77,3.504,False
CHH,1046311,2021,0.0991,0.6601,0.222,4.0331,0.5533,149.28,4.7489,False
CHH,1046311,2022,-0.0418,0.7401,0.2277,2.5154,0.6668,108.84,3.9132,False
CHH,1046311,2023,-0.2698,0.7334,0.1566,2.1093,0.6448,110.56,3.1301,False
CHH,1046311,2024,-0.0489,0.7909,0.1833,2.4376,,139.5,,False
CHH,1046311,2025,-0.021,0.7943,0.1537,1.5534,,94.46,,False
CHRD,1486159,2015,-0.0009,0.1477,-0.0094,0.0736,,4.48,,False
CHRD,1486159,2016,-0.0231,0.0957,-0.0003,0.1546,,9.2,,False
CHRD,1486159,2017,-0.0326,0.1085,0.013,0.0901,,5.11,,False
CHRD,1486159,2018,-0.0076,0.0895,0.0091,0.0496,0.0786,3.36,0.2548,True
CHRD,1486159,2019,-0.0221,0.0739,0.0032,0.0296,0.0645,1.98,0.1698,True
CHRD,1486159,2020,-0.0322,-0.0231,0.018,1.0751,0.0555,22.53,0.6888,True
CHRD,1486159,2021,0.1289,0.0891,0.2674,2.4634,0.522,81.3,3.162,False
CHRD,1486159,2022,0.0183,0.218,0.2388,3.0569,0.55,109.05,3.4994,False
CHRD,1486159,2023,0.0374,0.2831,0.1838,4.2486,0.5626,143.66,4.1596,False
CHRD,1486159,2024,-0.008,0.1766,0.0844,1.3616,0.4029,107.78,1.7361,True
CHRD,1486159,2025,0.0067,0.1563,0.0151,0.9872,0.373,90.14,1.2421,True
CHWY,1766502,2019,-0.5049,-1.9784,-0.2711,,5.1986,29.0,,False
CHWY,1766502,2020,-0.0885,-1.1126,-0.052,,4.1049,89.89,,False
CHWY,1766502,2021,-0.154,-0.9638,-0.0346,,4.2615,58.97,,False
CHWY,1766502,2022,-0.099,-0.7799,0.0222,,4.0154,37.08,,False
CHWY,1766502,2023,-0.002,-0.6199,-0.0074,,3.498,23.63,,False
CHWY,1766502,2024,-0.1806,-0.5251,0.0373,,3.9347,33.49,,False
CHWY,1766502,2025,-0.079,-0.404,0.0755,,3.7433,33.05,,False
CLF,764065,2015,0.1878,-2.2236,0.0708,0.2168,0.2229,1.5,-2.3008,True
CLF,764065,2016,0.2253,-2.3776,0.1252,1.3955,0.3919,7.96,-1.416,True
CLF,764065,2017,0.3699,-1.4246,0.1434,1.147,0.2035,6.83,-0.1856,True
CLF,764065,2018,0.2865,-0.867,0.1907,1.3375,0.1973,7.28,0.7592,True
CLF,764065,2019,0.1394,-0.8112,0.1225,1.489,0.1524,8.21,0.4817,True
CLF,764065,2020,0.1413,-0.1782,-0.0085,0.6067,0.3192,14.56,0.5753,True
CLF,764065,2021,0.2157,-0.0001,0.2114,0.9409,1.0774,21.77,2.5984,False
CLF,764065,2022,0.2065,0.0711,0.1034,0.858,1.2258,16.11,2.4291,False
CLF,764065,2023,0.1784,0.0988,0.0386,1.2374,1.2543,20.42,2.4765,False
CLF,764065,2024,0.1711,0.0467,-0.0361,0.3817,0.9159,9.4,1.2966,True
CLF,764065,2025,0.1566,-0.0264,-0.0789,0.5535,0.9299,13.28,1.1525,True
CLH,822818,2015,0.1178,0.1785,0.0074,,,41.65,,False
CLH,822818,2016,0.1598,0.1556,0.006,,,55.65,,False
CLH,822818,2017,0.1754,0.1816,0.0075,,,54.2,,False
CLH,822818,2018,0.1605,0.1972,0.0111,,0.2296,49.35,,False
CLNE,1368265,2015,0.0823,-0.5883,-0.0414,,,,,False
CLNE,1368265,2016,0.1923,-0.673,-0.0197,,,,,False
CLNE,1368265,2017,0.1283,-0.8632,-0.1698,,,,,False
CLNE,1368265,2018,0.2079,-0.9851,0.0056,,0.4955,,,False
CLNE,1368265,2019,0.1689,-0.8599,0.0128,,0.4428,,,False
CLNE,1368265,2020,0.2562,-0.9484,-0.0138,,0.408,,,False
CLNE,1368265,2021,0.2968,-0.8058,-0.0993,,0.2671,,,False
CLNE,1368265,2022,0.299,-0.7668,-0.0478,,0.3882,,,False
CLNE,1368265,2023,0.2432,-0.738,-0.0607,,0.3376,,,False
CLNE,1368265,2024,0.2083,-0.814,-0.0292,,0.3343,,,False
CLNE,1368265,2025,0.1885,-1.1683,-0.1513,,0.402,,,False
CLSK,827876,2015,0.0703,-4.7642,-4.2572,,0.0031,,,False
CLSK,827876,2016,0.0075,-0.1949,-0.077,25148.4875,0.0025,35.0,15088.5772,False
CLSK,827876,2017,-0.0083,-0.9587,-0.2315,13885.3569,0.0215,24.4,8329.1195,False
CLSK,827876,2018,-0.0456,-3.813,-0.4031,3510.8,0.033,20.5,2099.7899,False
CLSK,827876,2019,0.3577,-3.971,-0.709,302.044,0.1934,5.35,173.9501,False
CLSK,827876,2021,0.1501,-0.4359,-0.09,207.9587,0.1557,9.52,124.2038,False
CLSK,827876,2022,0.037,-0.4331,-0.0837,10.7771,0.2906,2.04,5.9187,False
CLSK,827876,2023,0.0369,-0.4368,-0.1721,33.5822,0.2211,11.03,19.2354,False
CLSK,827876,2024,0.2637,-0.2442,-0.0759,11.7197,0.1931,9.21,6.9489,False
CLSK,827876,2025,0.3154,-0.0395,0.1002,2.5771,0.2407,10.12,2.4407,False
CMC,22444,2015,0.5011,0.3889,,0.5976,,11.09,,False
CMC,22444,2016,0.3919,0.4385,,1.1411,,18.19,,False
CMC,22444,2017,0.3716,0.4584,,1.2825,,18.25,,False
CMC,22444,2018,0.4613,0.4346,,0.8453,,14.02,,False
CMC,22444,2019,0.3686,0.4218,,1.038,,20.03,,False
CMC,22444,2020,0.3599,0.4429,,0.9557,,18.94,,False
CMC,22444,2021,0.3786,0.4663,0.1151,1.6073,,34.05,,False
CMC,22444,2022,0.3342,0.5311,0.2429,1.7243,,45.99,,False
CMC,22444,2023,0.3465,0.6171,0.169,2.1211,,48.28,,False
CMC,22444,2024,0.3605,0.6606,0.0932,2.13,,48.48,,False
CMC,22444,2025,0.3118,0.6284,0.015,2.5482,,68.61,,False
CNM,1856525,2021,0.2093,0.0207,0.0959,,1.1286,30.34,,False
CNM,1856525,2022,0.3025,0.0933,0.1579,,1.3549,19.31,,False
CNM,1856525,2023,0.2347,0.1241,0.1187,,1.2567,40.41,,False
CNMD,816956,2015,0.2586,0.3724,0.046,2.2424,,39.52,,False
CNMD,816956,2016,0.163,0.3062,0.0283,1.6164,,40.39,,False
CNMD,816956,2017,0.1523,0.3241,0.0346,1.9537,,47.39,,False
CNMD,816956,2018,0.1559,0.3395,0.0521,2.558,0.6279,60.37,2.9969,False
CNMD,816956,2019,0.1179,0.2653,0.0446,2.9844,0.5381,106.08,2.9886,False
CNMD,816956,2020,0.1293,0.2611,0.0263,3.0826,0.4924,107.31,2.9493,False
CNMD,816956,2021,0.1492,0.2812,0.0621,4.1745,0.5723,136.67,3.8547,False
CNMD,816956,2022,0.1239,0.1796,0.0305,1.6619,0.455,86.12,1.9529,False
CNMD,816956,2023,0.1326,0.1968,0.0524,2.1903,0.5412,107.19,2.4629,False
CNMD,816956,2024,0.1569,0.2429,0.0869,1.5092,0.5667,67.7,2.2873,False
CNMD,816956,2025,0.1539,0.2532,0.0441,0.9407,0.5911,40.6,1.8402,False
CNR,1710366,2017,-0.0085,-0.0161,,0.7636,,36.36,,False
CNR,1710366,2018,-0.0066,0.066,,0.6556,0.5335,29.18,,False
CNR,1710366,2019,-0.0201,0.0965,,0.3124,0.5106,13.35,,False
CNR,1710366,2020,-0.0299,0.0978,,0.1671,0.3485,6.63,,False
CNR,1710366,2021,-0.0229,0.1092,,0.5458,0.49,20.9,,False
CNR,1710366,2022,0.0553,0.2473,,1.9925,0.8431,61.76,,False
CNR,1710366,2023,0.0588,0.353,,3.6982,0.9371,99.21,,False
CNR,1710366,2024,0.0928,0.4036,,4.0033,0.7516,105.76,,False
CNR,1710366,2025,0.0819,0.1335,-0.0297,1.786,0.6794,88.22,1.9382,False
CNX,1070412,2015,-0.0802,0.236,,0.16,,6.57,,False
CNX,1070412,2016,-0.0342,0.1881,,0.4286,,15.19,,False
CNX,1070412,2017,0.0593,0.21,,0.7139,,14.63,,False
CNX,1070412,2018,-0.0025,0.2411,,0.4813,,11.42,,False
CNX,1070412,2019,-0.0034,0.2176,,0.3195,,8.85,,False
CNX,1070412,2020,-0.0209,0.1835,,0.4415,,10.8,,False
CNX,1070412,2021,-0.0611,0.1084,,0.4623,,13.75,,False
CNX,1070412,2022,-0.0868,0.0527,,0.4477,,16.84,,False
CNX,1070412,2023,-0.0465,0.2297,,0.6937,,20.0,,False
CNX,1070412,2024,-0.0883,0.206,,1.2291,,36.67,,False
CNX,1070412,2025,-0.0697,0.2182,,1.1435,,36.77,,False
CNXC,1803599,2021,0.1139,0.0778,0.1134,4.0442,1.1071,160.8,4.1536,False
CNXC,1803599,2022,0.0933,0.1161,0.096,1.8541,0.9482,120.75,2.6519,False
CNXC,1803599,2023,0.0628,0.082,0.0529,0.6587,0.5695,90.12,1.3296,True
CNXC,1803599,2024,0.0706,0.0994,0.0497,0.311,0.8021,40.53,1.3768,True
CNXC,1803599,2025,0.0825,-0.0164,-0.0853,0.3042,0.9131,39.97,0.8901,True
CNXN,1050377,2015,0.5177,0.4677,0.0358,2.0856,,20.38,,False
CNXN,1050377,2016,0.4794,0.4925,0.0319,2.5559,,25.59,,False
CNXN,1050377,2017,0.4922,0.513,0.0293,2.2977,,24.18,,False
CNXN,1050377,2018,0.5083,0.5476,0.0327,2.5044,0.881,27.73,3.8681,False
CNXN,1050377,2019,0.4987,0.5491,0.0316,3.4596,0.7645,46.61,4.3118,False
CNXN,1050377,2020,0.5089,0.5536,0.0195,2.9556,0.6655,44.39,3.8887,False
CNXN,1050377,2021,0.5149,0.5591,0.0891,2.6175,2.67,41.58,5.9351,False
CNXN,1050377,2022,0.5849,0.6238,0.1096,3.441,2.8414,45.49,6.8428,False
CNXN,1050377,2023,0.6064,0.6403,0.0868,4.7643,2.3988,65.62,7.1679,False
CNXN,1050377,2024,0.6123,0.6445,0.0747,4.421,2.1565,68.03,6.6928,False
CNXN,1050377,2025,0.5925,0.6706,0.0735,3.279,2.1265,57.27,5.9863,False
COCO,1482981,2021,0.5028,0.2399,0.1245,8.6276,,11.17,,False
COCO,1482981,2022,0.6097,0.279,0.0154,13.9988,,13.82,,False
COCO,1482981,2023,0.6313,0.3526,0.1977,17.6856,,25.65,,False
COCO,1482981,2024,0.6568,0.4324,0.2037,20.4562,,36.91,,False
COCO,1482981,2025,0.6614,0.4944,0.179,23.4741,,53.01,,False
CODX,1692415,2017,0.8201,-2.6644,-0.9789,,,,,False
CODX,1692415,2018,-0.837,-12.0361,-3.9389,,0.0257,,,False
CODX,1692415,2019,0.567,-11.2705,-2.6604,,0.097,,,False
CODX,1692415,2020,0.8963,0.2458,0.5853,,1.0465,,,False
CODX,1692415,2021,0.6406,0.3385,0.2878,,0.6117,,,False
CODX,1692415,2022,0.7219,0.3244,-0.2192,,0.278,,,False
CODX,1692415,2023,0.5916,0.0482,-0.448,,0.0715,,,False
CODX,1692415,2024,0.3903,-0.5163,-0.6263,,0.0612,,,False
CODX,1692415,2025,0.4104,-3.2484,-2.0275,,0.0252,,,False
COHU,21535,2015,0.4959,0.3711,0.023,5.0072,,11.34,,False
COHU,21535,2016,0.5107,0.3605,0.0164,5.7386,,13.34,,False
COHU,21535,2017,0.5046,0.3585,0.0826,7.6864,,21.33,,False
COHU,21535,2018,0.2863,0.0985,-0.0263,1.2717,0.1505,15.79,1.3083,True
COHU,21535,2019,0.2698,0.0395,-0.0486,1.8143,0.1318,22.79,1.4392,True
COHU,21535,2020,0.2849,0.0241,0.003,3.1266,0.1856,38.18,2.4469,False
COHU,21535,2021,0.4435,0.1537,0.1601,4.7886,0.7047,38.09,4.8534,False
COHU,21535,2022,0.4921,0.2366,0.1023,5.0815,0.6622,32.05,4.9704,False
COHU,21535,2023,0.4654,0.2769,0.0376,8.3689,0.5532,35.39,6.6448,False
COHU,21535,2024,0.4494,0.2489,-0.0717,8.8682,0.402,26.7,6.374,False
COHU,21535,2025,0.5156,0.1404,-0.0561,2.4081,0.3644,23.27,2.4393,False
COKE,317540,2015,0.0591,0.1408,0.053,0.0792,,16.95,,False
COKE,317540,2016,0.0555,0.1231,0.0522,0.0572,,16.72,,False
COKE,317540,2017,0.0505,0.1265,0.0313,0.0552,,20.22,,False
COKE,317540,2018,0.065,0.1194,0.0043,0.0469,0.3776,16.76,0.665,True
COKE,317540,2019,0.0665,0.1219,0.0126,0.0719,0.377,26.94,0.7124,True
COKE,317540,2020,0.0634,0.1689,0.029,0.0668,0.3968,25.36,0.8452,True
COKE,317540,2021,0.0702,0.2103,0.1275,0.1545,1.6145,59.15,2.5064,False
COKE,317540,2022,0.0918,0.2999,0.1728,0.135,1.6716,49.04,2.8529,False
COKE,317540,2023,0.1431,0.3153,0.1946,0.2245,1.5514,89.7,2.9412,False
COKE,317540,2024,0.2323,0.2626,0.1732,0.2282,1.2986,124.46,2.6535,False
COKE,317540,2025,0.0693,-0.1915,0.2209,0.2162,1.6798,152.63,2.3535,False
COLL,1267565,2015,0.9052,-1.3202,-0.0966,70.7955,,27.5,,False
COLL,1267565,2016,0.8208,-1.3775,-0.1702,18.6983,,15.57,,False
COLL,1267565,2017,0.7524,-2.1985,-0.1297,19.0859,,18.46,,False
COLL,1267565,2018,0.1661,-1.1577,0.0378,2.7997,0.2521,17.17,0.6351,True
COLL,1267565,2019,0.1761,-1.175,-0.0077,3.0612,0.2423,20.58,0.6198,True
COLL,1267565,2020,0.0597,-0.5174,0.0233,1.4244,0.1185,20.03,0.3972,True
COLL,1267565,2021,0.052,-0.3704,-0.0493,1.2433,0.0395,18.68,0.1666,True
COLL,1267565,2022,-0.0117,-0.2396,0.01,0.7713,0.1104,23.2,0.2567,True
COLL,1267565,2023,0.0697,-0.204,0.054,1.0572,0.131,30.78,0.7414,True
COLL,1267565,2024,-0.0164,-0.0986,0.0229,0.6501,0.1094,28.65,0.4174,True
COLL,1267565,2025,0.1517,-0.061,0.0367,1.1123,0.124,46.3,1.009,True
COLM,1050797,2015,0.4785,0.7507,0.1353,5.0534,,42.48,,False
COLM,1050797,2016,0.521,0.7595,0.1274,6.0856,,51.4,,False
COLM,1050797,2017,0.5404,0.7163,0.1188,5.8604,,64.18,,False
COLM,1050797,2018,0.5034,0.7084,0.1482,5.7252,1.1831,75.87,6.7029,False
COLM,1050797,2019,0.4246,0.6307,0.1347,4.3191,1.0378,91.3,5.4664,False
COLM,1050797,2020,0.4594,0.6387,0.0483,4.0743,0.8819,79.89,4.9314,False
COLM,1050797,2021,0.4674,0.65,0.1469,4.274,1.0193,89.99,5.5394,False
COLM,1050797,2022,0.4582,0.6402,0.1288,3.766,1.1352,82.08,5.2661,False
COLM,1050797,2023,0.4825,0.6752,0.1056,3.8733,1.1865,75.69,5.3832,False
COLM,1050797,2024,0.4175,0.6195,0.091,3.4715,1.1322,81.05,4.8837,False
COLM,1050797,2025,0.4138,0.6064,0.0707,2.2799,1.1601,54.26,4.1068,False
CON,2014596,2024,0.0516,0.0054,0.1209,1.1137,0.7537,19.41,1.8902,False
CON,2014596,2025,0.016,0.0512,0.1168,1.022,0.7569,19.54,1.8467,False
CORT,1088856,2018,0.6457,-0.3777,0.2871,40.3271,0.2144,13.36,25.6042,False
CORT,1088856,2019,0.6512,-0.0571,0.2707,31.8014,0.2132,12.1,20.8888,False
CORT,1088856,2020,0.7539,0.1442,0.2242,58.4352,0.15,26.16,37.0576,False
CORT,1088856,2021,0.5166,0.4601,0.2937,44.6371,0.8637,19.8,29.8793,False
CORT,1088856,2022,0.7315,0.508,0.1931,26.9093,0.6888,20.31,19.0604,False
CORT,1088856,2023,0.5698,0.6477,0.1726,30.5807,0.7761,32.48,21.2846,False
CORT,1088856,2024,0.3936,0.6469,0.1629,33.8404,0.8031,50.39,23.0229,False
CORT,1088856,2025,0.3817,0.769,0.0535,19.9201,0.9101,34.8,14.5735,False
COTY,1024305,2015,0.0549,-0.0322,0.0656,3.9674,,22.29,,False
COTY,1024305,2016,0.0117,-0.0052,0.0358,2.141,,16.19,,False
COTY,1024305,2017,-0.0099,-0.0204,-0.0194,1.2565,,18.09,,False
COTY,1024305,2018,-0.0174,-0.0277,0.0071,0.417,,6.21,,False
COTY,1024305,2019,-0.0116,-0.2571,-0.1965,0.7767,0.4896,11.13,-0.0667,True
COTY,1024305,2020,0.1739,-0.3317,-0.0739,0.4866,0.282,7.02,0.0744,True
COTY,1024305,2021,-0.0462,-0.4204,-0.0035,0.9725,0.3382,10.5,0.266,True
COTY,1024305,2022,-0.0729,-0.4536,0.0199,0.8809,0.4378,8.56,0.3093,True
COTY,1024305,2023,-0.0541,-0.3939,0.0429,1.2978,0.4387,12.42,0.7426,True
COTY,1024305,2024,-0.0528,-0.4054,0.0452,0.7824,0.5064,6.96,0.4941,True
COTY,1024305,2025,-0.0491,-0.4423,0.0202,0.3411,0.4949,3.08,0.0882,True
COTY,1024305,2026,-0.0611,-0.5763,-0.008,0.368,0.5693,2.85,-0.1164,True
CPB,16732,2015,-0.0883,0.3083,0.1354,1.6179,,36.42,,False
CPB,16732,2016,-0.0826,0.2459,0.1225,2.0265,,42.84,,False
CPB,16732,2017,-0.0641,0.3087,0.1812,1.7164,,35.0,,False
CPB,16732,2018,-0.0893,0.1531,0.0323,0.5624,,24.81,,False
CPB,16732,2019,-0.1078,0.1516,0.0745,0.9539,0.1354,38.5,1.0362,True
CPB,16732,2020,-0.0558,0.2578,0.0895,1.1797,0.1704,38.78,1.4675,True
CPB,16732,2021,-0.0101,0.3189,0.1317,1.2509,0.7223,35.99,2.3417,False
CPB,16732,2022,-0.0776,0.3397,0.0978,1.6908,0.72,48.53,2.4397,False
CPB,16732,2023,-0.0134,0.3691,0.1088,1.3541,0.776,38.12,2.4483,False
CPB,16732,2024,-0.091,0.2999,0.0656,0.9945,0.6325,38.15,1.7565,True
CPB,16732,2025,-0.0452,0.3151,0.0755,0.7197,0.6883,26.53,1.756,True
CPK,19745,2015,-0.1563,0.1556,0.0151,1.5724,,46.34,,False
CPK,19745,2016,-0.1569,0.1562,0.0178,1.7158,,55.74,,False
CPK,19745,2017,-0.1654,0.1617,0.0164,1.7221,,66.52,,False
CPK,19745,2018,-0.1988,0.1544,0.0171,1.4377,0.4236,70.09,1.3202,True
CPK,19745,2019,-0.1618,0.1686,0.0166,1.658,0.269,84.02,1.3605,True
CPK,19745,2020,-0.0997,0.1775,0.0182,1.8879,0.2526,96.75,1.5743,True
CPK,19745,2021,-0.0961,0.1859,0.062,2.3795,0.2695,132.34,2.0466,False
CPK,19745,2022,-0.079,0.2011,0.0645,1.9017,0.3073,109.04,1.848,False
CPK,19745,2023,-0.0607,0.1479,0.0456,1.1642,0.2029,99.42,1.1862,True
CPK,19745,2024,-0.0601,0.1538,0.0638,1.287,0.2201,116.75,1.346,True
CPK,19745,2025,-0.0733,0.1569,0.0641,1.234,0.2328,122.67,1.3163,True
CPRI,1530721,2015,0.6268,0.8057,0.0952,10.0967,,40.06,,False
CPRI,1530721,2016,0.4809,1.1718,0.0951,8.6105,,42.98,,False
CPRI,1530721,2017,0.2485,1.4775,-0.0177,8.7827,,62.95,,False
CPRI,1530721,2018,0.0744,1.0229,0.0215,2.1152,,37.92,,False
CPRI,1530721,2019,0.0281,0.7078,0.1105,1.0289,0.7877,38.15,2.7944,False
CPRI,1530721,2020,0.062,0.5452,-0.0675,0.8261,0.15,42.0,1.2608,True
CPRI,1530721,2021,-0.01,0.5708,0.0025,1.3856,0.5427,64.91,2.1695,False
CPRI,1530721,2022,0.0434,0.6807,0.1207,1.3235,0.7559,57.32,2.9536,False
CPRI,1530721,2023,0.0576,0.7825,0.0931,1.0484,0.7703,50.24,2.871,False
CPRI,1530721,2024,-0.013,0.8191,-0.036,0.4703,0.7729,21.06,2.0674,False
CPRI,1530721,2025,0.0355,0.8243,-0.1443,0.5728,0.8521,24.4,1.9163,False
CPRI,1530721,2026,0.0615,1.3711,0.0071,0.4781,1.0742,13.25,3.3778,False
CR,1944013,2023,0.2673,0.4117,0.1216,6.8966,0.8941,116.43,6.3304,False
CR,1944013,2024,0.3254,0.461,0.0326,8.6637,0.8067,150.37,7.1485,False
CR,1944013,2025,0.5466,0.3974,0.1101,5.9245,0.5982,183.71,5.7285,False
CRC,1609253,2015,-0.0153,-0.8058,,,,,,False
CRC,1609253,2016,-0.0474,-0.8505,-0.0482,,,,,False
CRC,1609253,2017,-0.0401,-0.9135,0.0101,,,,,False
CRC,1609253,2018,0.0046,-0.7463,0.1074,,0.3618,,,False
CRC,1609253,2019,-0.0313,-0.7718,0.0617,,0.3262,,,False
CRC,1609253,2020,-0.0468,-0.04,-0.0345,0.9515,0.0771,20.74,0.422,True
CRC,1609253,2021,-0.0263,0.1235,0.0762,1.5517,0.5325,37.7,1.8563,False
CRC,1609253,2022,-0.0076,0.2365,0.2047,1.651,0.6662,39.09,2.6543,False
CRC,1609253,2024,0.0062,0.2355,0.0869,1.2119,0.3556,49.08,1.7065,True
CRC,1609253,2025,-0.0151,0.2573,0.0808,1.043,0.3931,43.79,1.6276,True
CRCW,1688126,2017,0.9358,-0.6488,-0.7978,,,,,False
CRCW,1688126,2018,0.2057,-5.2873,-1.6773,,0.0009,,,False
CRCW,1688126,2019,-1163.6269,-18786.5742,-1064.82,,40.8088,,,False
CRCW,1688126,2020,-72.8861,-1094.5176,-101.1448,,0.4764,,,False
CRCW,1688126,2021,-1.4583,-22.2841,-1.368,,0.2859,,,False
CRCW,1688126,2022,-2.7528,-25.3967,-2.4728,,0.398,,,False
CRCW,1688126,2023,-83.9537,-640.849,-56.6629,,2.706,,,False
CRCW,1688126,2024,-4540.6319,-31041.3091,-3483.1004,,25.4192,,,False
CRCW,1688126,2025,-28.1012,-256.5937,-14.1732,,0.0838,,,False
CRGY,1866175,2021,-0.0265,-0.0038,0.0313,1.5903,0.0898,10.29,1.1104,True
CRGY,1866175,2022,-0.0626,0.0103,0.2133,1.2301,0.5078,10.13,1.8891,False
CRGY,1866175,2023,-0.0198,0.014,0.0477,1.2214,0.3502,11.71,1.2365,True
CRGY,1866175,2024,-0.0043,-0.0071,0.0238,0.93,0.3199,13.49,0.9416,True
CRGY,1866175,2025,0.0484,0.0,0.0184,0.37,0.2877,8.15,0.6285,True
CRI,1060822,2015,0.4324,0.4534,0.1955,2.1656,,66.9,,False
CRI,1060822,2016,0.4004,0.4225,0.0716,2.0852,,65.8,,False
CRI,1060822,2017,0.3332,0.4283,0.0705,2.7589,,91.0,,False
CRI,1060822,2018,0.3475,0.4419,0.0829,1.9849,0.5277,64.31,3.0278,False
CRI,1060822,2019,0.2297,0.3325,0.0591,1.7248,0.3997,88.0,2.3708,False
CRI,1060822,2020,0.34,0.2808,0.056,1.1397,0.8915,76.2,2.5611,False
CRI,1060822,2021,0.3693,0.3057,0.1553,1.3549,1.0889,83.1,3.2853,False
CRI,1060822,2022,0.2704,0.3404,0.1554,1.4213,1.3168,63.62,3.4835,False
CRI,1060822,2023,0.2478,0.3653,0.136,1.5974,1.2384,66.72,3.4542,False
CRI,1060822,2024,0.2605,0.3674,0.1047,1.1786,1.1689,50.68,3.0485,False
CRI,1060822,2025,0.2981,0.3623,0.0561,0.7101,1.1298,31.73,2.6059,False
CRK,23194,2015,0.0506,-0.5692,-0.2429,1.9029,,8.86,,False
CRK,23194,2016,-0.0017,-0.9168,-0.0065,2.3618,,9.34,,False
CRK,23194,2017,0.144,-0.9966,-0.026,1.8118,,8.02,,False
CRK,23194,2018,-0.0217,0.0293,0.0372,0.7784,0.0702,4.29,0.6751,True
CRK,23194,2019,-0.0221,0.0298,0.0218,0.7307,0.0621,7.8,0.5878,True
CRK,23194,2020,-0.0523,0.0119,0.0353,0.382,0.1856,4.14,0.4851,True
CRK,23194,2021,-0.0675,-0.0437,0.193,0.6471,0.3965,7.67,1.2792,True
CRK,23194,2022,-0.0195,0.1556,0.4007,1.1252,0.6371,13.09,2.8289,False
CRK,23194,2023,-0.0352,0.1532,0.0362,0.6714,0.2503,8.85,0.945,True
CRK,23194,2024,-0.0515,0.1142,-0.0264,1.3214,0.1966,18.22,1.0002,True
CRK,23194,2025,-0.0526,0.1604,0.0922,1.683,0.3169,23.18,1.7923,True
CRON,1656472,2019,0.5918,0.5442,-0.0581,,0.0035,,,False
CRON,1656472,2020,0.6052,0.5528,-0.0931,,0.0243,,,False
CRON,1656472,2021,0.7336,0.4718,-0.4011,,0.0533,,,False
CRON,1656472,2022,0.7354,0.4045,-0.1029,,0.0758,,,False
CRON,1656472,2023,0.7823,0.3655,-0.0744,,0.0765,,,False
CRON,1656472,2024,0.76,0.3924,-0.0656,,0.1008,,,False
CRON,1656472,2025,0.7484,0.374,-0.0145,,0.1224,,,False
CROX,1334036,2015,0.4586,0.3741,-0.1079,2.634,,10.24,,False
CROX,1334036,2016,0.4879,0.3456,-0.0702,1.9682,,6.86,,False
CROX,1334036,2017,0.493,0.3503,-0.0559,3.4552,,12.64,,False
CROX,1334036,2018,0.4176,0.2585,-0.0297,3.9097,0.4606,25.98,3.5714,False
CROX,1334036,2019,0.2276,0.3255,0.0113,3.3093,0.356,41.89,3.1077,False
CROX,1334036,2020,0.1799,0.4946,0.0578,3.6279,0.3678,62.66,3.6436,False
CROX,1334036,2021,0.1801,0.8278,0.1035,4.0154,0.3797,128.22,4.5057,False
CROX,1334036,2022,0.0855,0.4041,0.189,1.4112,0.7897,108.43,2.9283,False
CROX,1334036,2023,0.0457,0.5624,0.2233,1.404,0.8532,93.41,3.2747,False
CROX,1334036,2024,0.0274,0.7402,0.2124,1.7643,0.8524,109.53,3.681,False
CROX,1334036,2025,0.0445,0.8337,0.0358,1.423,0.9679,85.52,3.1605,False
CRS,17843,2015,0.2575,0.4585,0.0136,0.7945,,25.33,,False
CRS,17843,2016,0.2548,0.4684,0.0104,0.9062,,30.89,,False
CRS,17843,2017,0.2424,0.4593,0.0155,1.3072,,44.3,,False
CRS,17843,2018,0.2712,0.4908,0.0198,1.0224,,31.38,,False
CRS,17843,2019,0.2573,0.5036,0.0213,1.3254,0.2012,44.6,2.0805,False
CRS,17843,2020,0.2523,0.4859,-0.0459,0.7514,0.1355,27.01,1.4178,True
CRS,17843,2021,0.273,0.4373,-0.0837,0.8704,0.4966,27.73,1.6826,True
CRS,17843,2022,0.2537,0.413,-0.0085,1.111,0.6262,35.91,2.1474,False
CRS,17843,2023,0.2693,0.4021,0.0436,2.0878,0.6013,69.84,2.884,False
CRS,17843,2024,0.3417,0.4176,0.0982,5.031,0.8384,168.81,5.1755,False
CRS,17843,2025,0.3674,0.4905,0.1497,9.7389,0.8251,314.38,8.2898,False
CRS,17843,2026,0.3807,0.5731,0.0539,14.6587,0.2217,476.42,10.4539,False
CRSR,1743759,2020,0.1412,-0.0021,0.0448,4.4691,0.4234,36.22,3.4192,False
CRSR,1743759,2021,0.1937,0.0734,0.1031,2.9547,1.4237,21.01,3.8719,False
CRSR,1743759,2022,0.2157,0.0287,-0.0422,2.2872,1.06,13.57,2.592,False
CRSR,1743759,2023,0.2159,0.0298,0.0071,2.2989,1.0754,14.1,2.7791,False
CRSR,1743759,2024,0.1837,-0.0476,-0.0404,1.1601,1.0652,6.61,1.7818,True
CRSR,1743759,2025,0.187,-0.0568,0.0017,1.0568,1.1744,5.94,1.9589,False
CRUS,772406,2015,0.2397,-0.3487,0.0947,3.7754,,29.53,,False
CRUS,772406,2016,0.3198,-0.2914,0.1525,8.7892,,56.54,,False
CRUS,772406,2017,0.447,-0.0757,0.2243,9.9286,,51.86,,False
CRUS,772406,2018,0.3311,-0.0974,0.1835,6.1959,,33.18,,False
CRUS,772406,2019,0.3766,-0.1644,0.0745,19.4453,0.1778,82.41,12.3125,False
CRUS,772406,2020,0.3086,-0.1266,0.1089,11.3521,0.1754,82.2,7.5392,False
CRUS,772406,2021,0.3436,-0.0616,0.1296,10.4432,0.1603,92.02,7.1799,False
CRUS,772406,2022,0.2709,0.011,0.1725,7.1293,0.839,74.48,6.0264,False
CRUS,772406,2023,0.3883,-0.0045,0.1207,10.2772,0.9194,83.19,7.9436,False
CRUS,772406,2024,0.4122,0.0264,0.1539,12.0385,0.8016,99.58,9.0642,False
CRUS,772406,2025,0.4489,0.0388,0.1763,15.7271,0.8148,118.5,11.426,False
CRUS,772406,2026,0.4977,0.0743,0.1849,15.1873,0.8024,109.51,11.2263,False
CRVL,874866,2015,0.2064,1.6674,0.2083,8.1422,,14.64,,False
CRVL,874866,2016,0.1938,1.7855,0.2091,6.978,,12.2,,False
CRVL,874866,2017,0.1649,1.7961,0.202,9.2065,,17.63,,False
CRVL,874866,2018,0.2384,1.6732,0.1748,10.1055,,20.57,,False
CRVL,874866,2019,0.31,1.5885,0.1934,11.939,0.4751,29.12,10.8726,False
CRVL,874866,2020,0.1809,1.3274,0.1458,7.878,0.3532,35.33,7.6367,False
CRVL,874866,2021,0.2507,1.41,0.1393,17.1381,0.3426,69.33,13.3599,False
CRVL,874866,2022,0.2255,1.6022,0.2035,12.0632,0.4127,48.44,10.8358,False
CRVL,874866,2023,0.1926,1.8574,0.2146,21.7086,0.4708,82.4,17.0358,False
CRVL,874866,2024,0.2589,1.7769,0.2092,27.1479,0.4558,111.26,20.2331,False
CRVL,874866,2025,0.3345,1.6541,0.2213,15.2617,1.6403,67.67,14.2448,False
CRVL,874866,2026,0.3643,1.5761,0.2226,13.988,1.4907,68.88,13.2618,False
CSL,790051,2015,0.1805,0.6024,0.0318,1.9179,,77.59,,False
CSL,790051,2016,0.2122,0.6423,0.029,2.5897,,97.74,,False
CSL,790051,2017,0.186,0.5322,0.0196,1.4636,,102.14,,False
CSL,790051,2018,0.2783,0.6385,0.0218,1.3721,0.8534,91.62,2.9765,False
CSL,790051,2019,0.1552,0.6771,0.0257,2.0799,0.8755,149.43,3.3425,False
CSL,790051,2020,0.2664,0.6697,0.0824,1.7479,0.7236,146.5,3.3017,False
CSL,790051,2021,0.1354,0.5848,0.0783,2.0242,0.6638,235.34,3.1179,False
CSL,790051,2022,0.1615,0.6961,0.1766,2.1359,0.9128,225.75,3.9455,False
CSL,790051,2023,0.3356,0.8511,0.0383,3.1751,0.6929,303.09,4.3186,False
CSL,790051,2024,0.2167,1.1644,0.1965,4.2767,0.8602,361.11,5.9651,False
CSW,1624794,2016,0.316,0.5964,0.1211,4.3037,,35.46,,False
CSW,1624794,2017,0.273,0.6162,0.0565,5.7536,,44.22,,False
CSW,1624794,2018,0.2427,0.6856,0.1488,10.1016,,46.53,,False
CSW,1624794,2019,0.2895,0.7872,0.1714,13.6564,0.2595,74.55,10.4684,False
CSW,1624794,2020,0.2462,0.8533,0.1789,19.222,0.267,109.13,13.8807,False
CSW,1624794,2021,0.1506,0.3969,0.068,4.1675,0.1525,118.41,3.6136,False
CSW,1624794,2022,0.1836,0.4094,0.0978,3.643,0.1741,114.24,3.4762,False
CSW,1624794,2023,0.2061,0.4728,0.1333,6.7022,0.7263,205.39,6.0967,False
CSW,1624794,2024,0.2066,0.5589,0.1525,13.9879,0.7599,350.48,10.6863,False
CSW,1624794,2025,0.3232,0.5112,0.1314,16.6361,0.6369,292.66,12.1558,False
CSW,1624794,2026,0.1563,0.3449,0.0727,4.0359,0.4673,308.95,3.7993,False
CTS,26058,2015,0.3111,0.7887,0.0019,2.3597,,16.71,,False
CTS,26058,2016,0.2271,0.7939,0.0273,3.0637,,21.41,,False
CTS,26058,2017,0.2431,0.7785,0.0,3.617,,24.78,,False
CTS,26058,2018,0.2469,0.8733,-0.031,4.2031,0.219,25.05,4.1572,False
CTS,26058,2019,0.2184,0.7924,-0.0193,3.5048,0.1788,29.19,3.5896,False
CTS,26058,2020,0.2049,0.8614,0.0274,4.7502,0.1965,33.62,4.5889,False
CTS,26058,2021,0.2634,0.7408,0.1151,5.1412,0.7719,36.12,5.5897,False
CTS,26058,2022,0.2849,0.7304,0.1243,4.5959,0.7841,38.94,5.3161,False
CTS,26058,2023,0.2999,0.8125,0.1013,5.7854,0.7426,43.37,6.0455,False
CTS,26058,2024,0.1915,0.8556,0.095,6.3758,0.6732,52.46,6.2399,False
CTS,26058,2025,0.1871,0.9335,0.1081,5.7596,0.7082,42.81,6.0522,False
CVCO,278166,2025,0.4315,0.8518,0.1353,13.2795,1.4328,590.74,11.5573,False
CVCO,278166,2026,0.3282,0.9313,0.1533,11.0821,1.5052,559.13,10.358,False
CVGI,1290900,2015,0.4429,-0.2804,0.0121,,,,,False
CVGI,1290900,2016,0.4727,-0.2644,0.0091,,,,,False
CVGI,1290900,2017,0.3926,-0.2994,0.0225,,,,,False
CVGI,1290900,2018,0.4353,-0.1688,0.0345,,0.5348,,,False
CVGI,1290900,2019,0.3427,-0.1384,-0.0098,,0.4348,,,False
CVGI,1290900,2020,0.3206,-0.2143,0.011,,0.4754,,,False
CVGI,1290900,2021,0.4108,-0.145,0.0977,,1.9137,,,False
CVGI,1290900,2022,0.3482,-0.2033,0.0428,,2.0872,,,False
CVGI,1290900,2023,0.3778,-0.0956,0.0995,,2.0585,,,False
CVGI,1290900,2024,0.4181,-0.1744,-0.0018,,1.7037,,,False
CVGI,1290900,2025,0.3956,-0.2472,-0.0017,,1.6568,,,False
CVI,1376139,2015,0.2389,-0.0572,-0.0335,0.9986,,16.94,,False
CVI,1376139,2016,0.1851,-0.0835,0.0032,0.5283,,12.3,,False
CVI,1376139,2017,0.1446,-0.0729,0.0079,0.9409,,19.68,,False
CVI,1376139,2018,0.204,-0.0578,0.0353,0.9624,,19.52,,False
CVI,1376139,2019,0.178,-0.0289,0.0177,1.1006,,24.49,,False
CVI,1376139,2020,0.1868,-0.1232,-0.0837,0.3451,,9.47,,False
CVI,1376139,2021,0.0545,-0.2448,0.0223,0.3818,,11.91,,False
CVI,1376139,2022,0.0374,-0.237,0.2338,0.7748,,25.65,,False
CVI,1376139,2023,0.1056,-0.1402,0.2386,0.7836,,28.6,,False
CVI,1376139,2024,0.1703,-0.1886,0.0136,0.5546,,18.62,,False
CVI,1376139,2025,0.1514,-0.2097,0.0491,0.9051,,25.28,,False
CVLT,1169561,2015,0.3975,-0.1759,0.0544,5.3216,,39.35,,False
CVLT,1169561,2016,0.3532,-0.277,0.0028,6.6925,,51.4,,False
CVLT,1169561,2017,0.39,-0.2989,0.0003,6.0384,,52.5,,False
CVLT,1169561,2018,0.3941,-0.4565,-0.0012,5.9071,0.8543,59.09,4.2286,False
CVLT,1169561,2019,0.3996,-0.5903,0.006,4.291,0.8644,44.64,3.1119,False
CVLT,1169561,2020,0.2191,-0.6553,-0.0207,5.2976,0.7939,55.37,3.2495,False
CVLT,1169561,2021,0.2592,-0.7363,-0.0246,5.5992,0.8001,68.92,3.3586,False
CVLT,1169561,2022,0.1103,-1.1012,0.0509,4.6486,0.943,62.84,2.4909,False
CVLT,1169561,2023,0.18,-1.3582,-0.0203,5.5482,1.0026,79.85,2.579,False
CVLT,1169561,2024,0.1167,-1.1188,0.0798,9.3934,0.8891,150.91,5.3624,False
CVLT,1169561,2025,0.0715,-1.0141,0.0659,6.5505,0.8903,125.36,3.7043,False
CVLT,1169561,2026,0.3331,-0.7804,0.0392,3.0335,0.6275,137.52,1.8842,False
CVSA,730464,2015,0.1346,0.8661,0.0163,1.7673,,24.91,,False
CVSA,730464,2016,0.0745,0.8446,,2.0832,,31.2,,False
CVSA,730464,2017,0.0406,0.813,,2.241,,42.05,,False
CVSA,730464,2018,0.1374,0.8177,,1.9726,0.1364,47.32,,False
CVSA,730464,2019,0.0861,0.8975,,1.4143,0.1473,34.97,,False
CVSA,730464,2020,0.1556,0.8649,,1.2624,0.1165,33.95,,False
CVSA,730464,2021,0.3622,0.6566,0.0529,0.5746,0.3643,29.56,2.2374,False
CVSA,730464,2022,0.0457,0.7668,0.0147,0.7928,0.1193,35.5,1.7719,True
CVSA,730464,2023,0.0168,0.8553,0.0598,1.4828,0.5162,58.95,2.8209,False
CVSA,730464,2024,-0.0254,0.9267,0.0792,2.2535,0.578,90.85,3.4584,False
CVSA,730464,2025,-0.0333,1.0092,0.1241,2.6708,0.6497,103.47,4.0345,False
CVSA,730464,2026,0.0185,1.0055,0.1273,2.8754,0.6486,132.33,4.2236,False
CW,26324,2015,0.2613,0.5251,0.1025,1.3579,,65.22,,False
CW,26324,2016,0.2435,0.5777,0.1014,1.992,,94.2,,False
CW,26324,2017,0.2506,0.6008,0.105,2.5366,,117.34,,False
CW,26324,2018,0.2017,0.6732,0.1148,2.1163,,98.82,,False
CW,26324,2019,0.2086,0.6634,0.1073,2.544,,137.06,,False
CW,26324,2020,0.122,0.664,0.0718,1.885,,114.0,,False
CW,26324,2021,0.1396,0.7089,0.0933,2.2163,,136.64,,False
CW,26324,2022,0.1227,0.7134,0.0952,2.4854,,165.37,,False
CW,26324,2023,0.197,0.7548,0.1049,3.5695,0.6158,221.56,4.3966,False
CW,26324,2024,0.1512,0.7744,0.106,5.1546,0.626,353.91,5.3342,False
CW,26324,2025,0.1174,0.8256,0.1213,7.5703,0.67,550.89,6.9093,False
CWEN,1567683,2015,-0.0177,0.0015,0.0085,,,8.26,,False
CWEN,1567683,2016,0.0222,-0.0002,-0.0118,,,9.41,,False
CWEN,1567683,2017,-0.0005,-0.0083,0.0023,,,11.94,,False
CWEN,1567683,2018,0.0061,-0.0068,0.0064,,0.0288,11.69,,False
CWEN,1567683,2019,-0.1494,-0.0074,0.0006,,0.0246,14.18,,False
CWEN,1567683,2020,0.007,-0.0079,0.0026,,,23.69,,False
CWEN,1567683,2021,-0.0078,-0.0026,0.0208,,,27.92,,False
CWEN,1567683,2022,0.0535,0.0376,0.1194,,,25.72,,False
CWEN,1567683,2023,0.0445,0.0246,0.0179,,,23.42,,False
CWEN,1567683,2024,0.0244,0.0177,0.0137,,,23.62,,False
CWEN,1567683,2025,0.008,0.0128,0.0096,,,32.0,,False
CWK,1628369,2018,0.1076,-0.1984,0.0066,0.6549,,14.47,,False
CWK,1628369,2019,0.0751,-0.1811,0.0261,0.8184,0.364,20.44,0.778,True
CWK,1628369,2020,0.1125,-0.2083,-0.0072,0.5576,0.3098,14.83,0.4638,True
CWK,1628369,2021,0.0502,-0.162,0.063,0.8103,1.1899,22.24,1.7174,True
CWK,1628369,2022,0.0474,-0.1361,0.0673,0.4652,1.2713,12.46,1.6388,True
CWK,1628369,2023,0.0522,-0.1437,0.0264,0.4158,1.2212,10.8,1.4195,True
CWK,1628369,2024,0.0478,-0.1306,0.0449,0.5299,1.2513,13.08,1.5919,True
CWK,1628369,2025,0.0327,-0.1169,0.0589,0.6642,1.3402,16.19,1.8088,True
CWST,911177,2015,-0.0134,-0.5639,0.0072,,,5.98,,False
CWST,911177,2016,-0.0061,-0.5911,0.0158,,,12.41,,False
CWST,911177,2017,-0.0068,-0.6425,0.016,,,23.02,,False
CWST,911177,2018,-0.0197,-0.5307,-0.007,,0.902,28.49,,False
CWST,911177,2019,-0.0298,-0.383,0.0157,,0.7974,46.03,,False
CWST,911177,2020,0.0972,-0.2229,0.0119,,0.1677,61.95,,False
CWST,911177,2021,-0.0045,-0.1753,0.0605,,0.6928,85.42,,False
CWST,911177,2022,0.0206,-0.1186,0.0658,,0.7487,79.31,,False
CWST,911177,2023,0.0582,-0.0578,0.0317,,0.4987,85.46,,False
CWST,911177,2024,0.0947,-0.0412,0.0225,,0.4821,105.81,,False
CWST,911177,2025,0.0228,-0.0379,0.0193,,0.5561,97.94,,False
CWT,1035201,2015,-0.0093,0.1374,0.0067,0.7217,,18.72,,False
CWT,1035201,2016,-0.0448,0.1344,0.0088,0.9857,,27.93,,False
CWT,1035201,2017,-0.096,0.1302,0.0073,1.1507,,38.09,,False
CWT,1035201,2018,-0.0467,0.1382,0.0094,1.1966,0.2378,40.78,1.124,True
CWT,1035201,2019,-0.0559,0.1341,0.0065,1.1883,0.2135,44.8,1.0687,True
CWT,1035201,2020,-0.0951,0.1391,0.0403,1.1951,0.2055,47.79,1.1361,True
CXM,1569345,2022,0.4459,-0.48,-0.1081,,0.5352,8.17,,False
CXM,1569345,2023,0.3938,-0.4845,-0.05,,0.6031,12.04,,False
CXM,1569345,2024,0.4029,-0.3882,0.0278,,0.5988,8.45,,False
CXM,1569345,2025,0.2842,-0.5287,0.0202,,0.6725,7.78,,False
CXM,1569345,2026,0.2771,-0.626,0.0334,,0.7113,8.21,,False
CXT,25445,2023,0.1456,0.0568,0.1347,2.7141,0.6534,54.95,2.9805,False
CXT,25445,2024,0.0336,0.1125,0.1126,2.4761,0.623,56.85,2.6781,False
CXT,25445,2025,0.0911,0.1202,0.0792,1.44,0.5316,46.52,1.9343,False
CXW,1070985,2015,0.0052,-0.0896,0.0198,0.9606,0.5232,18.39,1.0457,True
CXW,1070985,2016,0.0081,-0.0986,0.0246,1.011,,18.53,,False
CXW,1070985,2017,0.0112,-0.1052,0.0199,0.9863,,18.16,,False
CXW,1070985,2018,0.002,-0.1076,0.0177,0.6894,0.1319,15.62,0.4556,True
CXW,1070985,2019,0.0176,-0.1177,0.0175,0.6679,0.1313,16.31,0.446,True
CXW,1070985,2020,0.1088,-0.1204,0.0439,0.2821,0.5137,6.55,0.7898,True
CXW,1070985,2021,0.0819,-0.1425,,0.4637,0.5323,9.97,,False
CXW,1070985,2022,0.0194,-0.116,,0.6308,0.5687,11.56,,False
CXW,1070985,2023,0.0571,-0.0995,,0.8827,0.6108,14.53,,False
CXW,1070985,2024,0.0559,-0.0819,,1.4945,0.6691,21.74,,False
CXW,1070985,2025,0.0744,-0.0379,,1.0207,0.679,19.11,,False
CYTK,1061983,2015,0.7069,-4.6404,-0.3246,31.1742,,10.46,,False
CYTK,1061983,2016,0.7369,-3.0462,0.1098,22.2897,,12.15,,False
CYTK,1061983,2017,0.8204,-2.1915,-0.3846,6.1256,,8.15,,False
CYTK,1061983,2018,0.8783,-3.5199,-0.421,4.7431,0.1492,6.32,-2.2683,True
CYTK,1061983,2019,0.7168,-2.9847,-0.3411,4.9045,0.0927,10.61,-1.4088,True
CYTK,1061983,2020,0.8299,-1.8589,-0.176,6.8715,0.1046,20.78,2.0401,False
CYTK,1061983,2021,0.5513,-1.4354,-0.2215,10.6061,0.0837,45.58,4.3686,False
CYTK,1061983,2022,0.7002,-1.5629,-0.3195,5.674,0.0932,45.82,1.0955,True
CYTK,1061983,2023,0.6373,-2.5624,-0.602,9.5876,0.0091,83.49,0.9526,True
CYTK,1061983,2024,0.6623,-1.9275,-0.3826,4.2547,0.0132,47.04,-0.6003,True
CYTK,1061983,2025,0.5016,-2.4476,-0.4298,4.2384,0.0618,63.54,-1.6382,True
CZR,1590895,2015,0.0079,0.0753,0.01,2.1254,,11.0,,False
CZR,1590895,2016,-0.0002,0.0963,0.0101,3.4683,,16.95,,False
CZR,1590895,2017,0.009,0.056,0.0085,2.5961,,33.15,,False
CZR,1590895,2018,0.0289,0.0491,0.0147,1.5109,0.1136,36.21,1.172,True
CZR,1590895,2019,-0.0149,0.065,0.0104,2.6861,0.105,59.64,1.8242,False
CZR,1590895,2020,0.1122,-0.0382,-0.012,0.4826,0.0955,74.27,0.4265,True
CZR,1590895,2021,0.0175,-0.0634,0.0384,0.5689,0.2516,93.53,0.652,True
CZR,1590895,2022,-0.0169,-0.0987,0.0519,0.2846,0.3228,41.6,0.5063,True
CZR,1590895,2023,-0.0193,-0.0756,0.0741,0.3334,0.3455,46.88,0.661,True
CZR,1590895,2024,-0.0161,-0.0859,0.0707,0.2413,0.345,33.42,0.5835,True
CZR,1590895,2025,-0.0142,-0.1044,0.0587,0.1705,0.363,23.39,0.4959,True
DAN,26780,2015,0.3197,-0.0948,,0.3417,,11.1,,False
DAN,26780,2016,0.2121,0.0401,,0.4618,,15.53,,False
DAN,26780,2017,0.2091,0.0152,0.0868,0.6352,,26.47,,False
DAN,26780,2018,0.196,0.0771,0.0978,0.2825,0.3334,11.49,1.1688,True
DAN,26780,2019,0.1824,0.0861,0.0404,0.3328,0.2752,15.73,0.9478,True
DAN,26780,2020,0.1826,0.0719,0.0168,0.3407,0.2858,16.98,0.8654,True
DAN,26780,2021,0.185,0.0867,0.0518,0.3977,1.172,20.18,1.9249,False
DAN,26780,2022,0.1812,0.0431,0.0115,0.2608,1.3634,13.7,1.8358,False
DAN,26780,2023,0.1884,0.0398,0.0397,0.2384,1.3252,13.6,1.881,False
DAN,26780,2024,0.1526,0.0273,0.0302,0.2035,1.3739,11.16,1.8169,False
DAN,26780,2025,0.0717,0.0301,0.0178,0.3658,0.2391,23.49,0.6455,True
DAR,916540,2015,0.1019,0.1567,0.0068,0.5897,,10.52,,False
DAR,916540,2016,0.094,0.1815,0.0075,0.777,,12.91,,False
DAR,916540,2017,0.0801,0.1979,0.0071,1.0876,,18.13,,False
DAR,916540,2018,0.0731,0.2224,0.0048,1.189,0.1745,19.24,1.3029,True
DAR,916540,2019,0.0428,0.2619,0.0549,1.64,0.1608,28.08,1.744,True
DAR,916540,2020,0.0555,0.3023,0.0132,3.423,0.1817,57.68,2.769,False
DAR,916540,2021,0.0548,0.3828,0.1442,3.9248,0.773,69.29,4.2054,False
DAR,916540,2022,0.0619,0.3353,0.1118,1.8615,0.7098,62.59,2.7395,False
DAR,916540,2023,0.0775,0.3375,0.0859,1.2352,0.6137,49.84,2.2037,False
DAR,916540,2024,0.0393,0.3984,0.0465,0.9483,0.5675,33.69,1.8949,False
DAR,916540,2025,0.0504,0.3957,0.0266,1.0349,0.5958,36.0,1.9187,False
DAVE,1841408,2021,-0.0165,-0.1154,-0.025,,,328.0,,False
DAVE,1841408,2022,0.8465,-0.5033,,,0.6371,9.28,,False
DAVE,1841408,2023,0.8546,-0.7153,,,0.8812,8.39,,False
DAVE,1841408,2024,0.8259,-0.5093,,,1.1595,86.92,,False
DAVE,1841408,2025,0.6621,0.0891,,,1.137,221.41,,False
DBD,28823,2023,0.1761,0.0041,0.0222,0.3188,0.3913,28.95,0.8729,True
DBD,28823,2024,0.1133,-0.0003,0.0514,0.5608,1.0586,43.04,1.7002,True
DBD,28823,2025,0.1077,0.0238,0.0628,0.8382,0.9874,67.89,1.8601,False
DBI,1319947,2016,0.3099,0.2426,0.0343,,,,,False
DBI,1319947,2017,0.3809,0.2477,0.024,,,,,False
DBI,1319947,2018,0.3036,0.1572,-0.0352,,0.5204,,,False
DBI,1319947,2019,0.0896,0.1084,-0.0057,,0.3366,,,False
DBI,1319947,2020,0.0141,-0.1157,-0.2966,,1.1306,,,False
DBI,1319947,2021,0.0771,-0.0369,0.1019,,1.5867,,,False
DBI,1319947,2022,0.0765,0.0408,0.0932,,1.6498,,,False
DBI,1319947,2023,0.0747,0.0476,0.0349,,1.481,,,False
DBI,1319947,2024,0.0719,0.0388,-0.0129,,0.3551,,,False
DBI,1319947,2025,0.0614,0.0307,0.0245,,1.4852,,,False
DBX,1467623,2018,0.22,-0.9796,-0.2916,,0.8215,20.43,,False
DBX,1467623,2019,0.0846,-0.6395,-0.0298,,0.6155,17.91,,False
DBX,1467623,2020,0.0585,-0.9389,-0.116,,0.8017,22.19,,False
DBX,1467623,2021,0.218,-0.8862,0.0888,,0.6981,24.54,,False
DBX,1467623,2022,0.0943,-0.8913,0.0583,,0.7475,22.38,,False
DBX,1467623,2023,0.1056,-0.9192,0.1806,,0.8385,29.48,,False
DBX,1467623,2024,0.1587,-0.9463,0.1462,,0.7663,30.04,,False
DBX,1467623,2025,-0.2471,-1.341,0.2422,,0.8861,27.8,,False
DCH,1062231,2015,0.1327,0.0638,0.1118,1.5512,,18.94,,False
DCH,1062231,2016,0.1987,0.1304,0.1104,1.5715,,19.3,,False
DCH,1062231,2017,0.0924,0.0965,0.0689,0.638,,17.03,,False
DCH,1062231,2018,0.0896,0.0937,0.0142,0.4378,,11.1,,False
DCH,1062231,2019,0.1251,0.0374,-0.0454,0.4514,0.9829,10.76,1.3064,True
DCH,1062231,2020,0.1517,-0.0541,-0.0669,0.3575,0.243,8.34,0.3431,True
DCH,1062231,2021,0.1448,-0.0557,0.0427,0.4281,0.915,9.33,1.4085,True
DCH,1062231,2022,0.1452,-0.0456,0.0446,0.3837,1.0609,7.82,1.5486,True
DCH,1062231,2023,0.1503,-0.0529,0.0274,0.4406,1.135,8.81,1.596,True
DCH,1062231,2024,0.1462,-0.0491,0.0477,0.308,1.2105,5.83,1.6595,True
DCH,1062231,2025,0.36,-0.0402,0.0168,0.2526,0.875,6.41,1.4579,True
DCI,29644,2015,0.2598,0.4505,0.1593,2.7176,,24.17,,False
DCI,29644,2016,0.2605,0.506,0.1533,4.1239,,36.19,,False
DCI,29644,2017,0.3369,0.5259,0.166,4.4049,,42.76,,False
DCI,29644,2018,0.332,0.5677,0.1922,3.9898,0.3666,38.51,4.5881,False
DCI,29644,2019,0.2986,0.5981,0.1812,4.8584,0.3393,51.97,5.0478,False
DCI,29644,2020,0.3074,0.6371,0.1515,4.7867,,51.24,,False
DCI,29644,2021,0.2656,0.6701,0.1603,5.0573,,55.11,,False
DCI,29644,2022,0.2988,0.7039,0.1706,4.3959,,55.64,,False
DCI,29644,2023,0.1912,0.7536,0.1733,5.0176,,62.76,,False
DCI,29644,2024,0.225,0.8158,0.1867,5.3401,,65.66,,False
DCI,29644,2025,0.2366,0.8767,0.1664,6.6791,,87.8,,False
DCX,1957413,2023,-0.8094,-0.5858,-0.1654,,0.0177,,,False
DCX,1957413,2024,-1.0852,-0.7671,-0.1217,,0.0147,,,False
DCX,1957413,2025,0.1817,-0.4281,-0.0097,,,,,False
DFIN,1669811,2016,0.1467,-0.0008,0.1083,0.651,,22.98,,False
DFIN,1669811,2017,0.093,0.01,0.1108,0.644,,19.49,,False
DFIN,1669811,2018,0.0582,0.1086,0.1394,0.5367,1.1086,14.03,2.1125,False
DFIN,1669811,2019,0.0357,0.1487,0.0885,0.4163,0.9862,10.47,1.7792,True
DFIN,1669811,2020,0.0332,0.1219,0.0042,0.6753,1.0334,16.97,1.6627,True
DFIN,1669811,2021,0.0207,0.2846,0.2483,2.2891,1.1245,47.14,3.7406,False
DFIN,1669811,2022,0.0043,0.4273,0.1751,1.905,1.0064,38.65,3.3305,False
DFIN,1669811,2023,0.0086,0.5405,0.1363,3.789,0.988,62.37,4.4781,False
DFIN,1669811,2024,0.01,0.628,0.1623,3.8033,0.9291,62.73,4.6378,False
DFIN,1669811,2025,0.0142,0.7008,0.1763,2.7253,0.9583,46.69,4.1734,False
DGII,854775,2015,0.4561,0.4142,0.0214,16.9872,,11.38,,False
DGII,854775,2016,0.5112,0.4198,0.0509,14.4391,,13.75,,False
DGII,854775,2017,0.453,0.4359,0.0255,13.9146,,9.55,,False
DGII,854775,2018,0.3451,0.4089,0.0063,9.3744,,10.09,,False
DGII,854775,2019,0.3714,0.4061,0.0253,13.5246,,17.72,,False
DGII,854775,2020,0.2058,0.3222,0.0214,4.563,0.5282,18.9,4.0347,False
DGII,854775,2021,0.303,0.2917,0.017,6.3422,0.4982,24.57,5.1315,False
DGII,854775,2022,0.0816,0.2343,0.0448,3.9361,0.4547,36.55,3.39,False
DGII,854775,2023,0.096,0.2691,0.06,3.3441,0.5324,26.0,3.2287,False
DGII,854775,2024,0.0799,0.3035,0.059,4.9016,0.5203,30.23,4.1766,False
DGII,854775,2025,0.0248,0.3123,0.061,5.7326,0.4663,43.29,4.5742,False
DINO,1915657,2024,0.1184,0.3106,0.0157,0.794,1.7172,32.59,2.8224,False
DINO,1915657,2025,0.1409,0.3254,0.0561,1.1025,1.6274,45.03,3.099,False
DIOD,29002,2015,0.3566,,0.0263,1.3961,,22.98,,False
DIOD,29002,2016,0.3581,,0.0249,1.6695,,25.67,,False
DIOD,29002,2017,0.2789,,0.054,2.1477,,28.67,,False
DIOD,29002,2018,0.315,,0.1012,2.7064,0.206,32.26,,False
DIOD,29002,2019,0.32,,0.1224,5.3348,0.1837,56.37,,False
DIOD,29002,2020,0.2598,,0.0679,3.3702,0.177,70.5,,False
DIOD,29002,2021,0.3266,,0.1258,5.6707,0.8226,109.81,,False
DIOD,29002,2022,0.3186,,0.1784,4.9708,0.8743,76.14,,False
DIOD,29002,2023,0.3353,,0.1058,6.6455,0.7018,80.52,,False
DIOD,29002,2024,0.3556,,0.0211,5.4897,0.5494,61.67,,False
DIOD,29002,2025,0.3589,,0.0145,4.458,0.6054,49.34,,False
DKS,1089063,2015,0.1745,0.4881,0.0584,,,26.31,,False
DKS,1089063,2016,0.1474,0.482,0.0341,,,39.99,,False
DKS,1089063,2017,0.1382,0.5247,0.0424,,,22.08,,False
DKS,1089063,2018,0.1475,0.5864,0.0339,,0.5952,24.59,,False
DKS,1089063,2019,0.0503,0.3991,0.0149,,0.3935,40.13,,False
DKS,1089063,2020,0.156,0.3953,0.0956,,1.2362,47.33,,False
DKS,1089063,2021,0.2648,0.4376,0.225,,1.3596,102.55,,False
DKS,1089063,2022,0.2582,0.5425,0.1627,,1.3754,109.34,,False
DKS,1089063,2023,0.2296,0.6002,0.1377,,1.3944,137.7,,False
DKS,1089063,2024,0.2235,0.6112,0.1409,,1.2853,218.81,,False
DKS,1089063,2025,0.1414,0.3921,0.0629,,0.9887,193.75,,False
DLB,1308547,2015,0.3322,0.8442,0.1,,,29.08,,False
DLB,1308547,2016,0.2366,0.8391,0.1003,,,39.49,,False
DLB,1308547,2017,0.3022,0.8222,0.0981,,,54.79,,False
DLB,1308547,2018,0.3873,0.8044,0.1128,,,55.21,,False
DLB,1308547,2019,0.3809,0.825,0.0911,,0.1059,62.19,,False
DLB,1308547,2020,0.4388,0.8375,0.075,,0.3982,88.92,,False
DLB,1308547,2021,0.4652,0.8397,0.1109,,0.4126,88.04,,False
DLB,1308547,2022,0.3842,0.8543,0.0768,,0.4662,66.12,,False
DLB,1308547,2023,0.3576,0.8027,0.0724,,0.4362,81.87,,False
DLB,1308547,2024,0.2497,0.8027,0.0831,,0.4096,75.36,,False
DLB,1308547,2025,0.2945,0.8163,0.0821,,0.418,63.11,,False
DLX,27996,2015,-0.2305,0.4073,0.1921,1.4808,0.2513,35.5,2.0675,False
DLX,27996,2016,-0.008,0.4041,0.1688,1.6719,0.2198,47.52,2.3362,False
DLX,27996,2017,-0.0149,0.4548,0.1499,1.9928,0.2241,51.88,2.5335,False
DLX,27996,2018,0.0252,0.4023,0.1003,0.8734,0.2276,26.47,1.6761,True
DLX,27996,2019,0.0331,0.2946,-0.0814,1.1788,0.2687,35.28,1.1596,True
DMC,1047340,2015,0.2327,0.4477,0.0351,1.7426,,31.24,,False
DMC,1047340,2016,0.2231,0.4846,0.092,2.7733,,49.23,,False
DMC,1047340,2017,0.2262,0.4608,0.0552,1.8922,,39.16,,False
DMC,1047340,2018,0.1698,0.3705,0.0119,0.7483,0.3213,23.58,1.5319,True
DMC,1047340,2019,0.1459,0.374,0.0341,0.891,0.306,29.31,1.6516,True
DMC,1047340,2020,0.1368,0.3803,0.0229,0.6238,0.2998,20.42,1.4462,True
DMC,1047340,2021,0.1375,0.3907,0.0327,0.7357,0.2994,23.79,1.5606,True
DMC,1047340,2022,0.1834,0.4041,0.0452,0.7333,0.3007,23.08,1.6755,True
DMC,1047340,2023,0.1896,0.4213,0.0184,0.8822,1.357,23.79,2.7642,False
DMC,1047340,2024,0.1937,0.4636,0.0634,1.352,1.3824,31.24,3.2843,False
DMC,1047340,2025,0.1999,0.4731,0.0449,1.5906,1.413,34.71,3.4178,False
DNOW,1599617,2015,0.5377,-0.2424,-0.1004,6.6667,,15.82,,False
DNOW,1599617,2016,0.3818,-0.423,-0.0293,8.8112,,20.47,,False
DNOW,1599617,2017,0.4202,-0.4174,-0.0234,3.5356,,11.03,,False
DNOW,1599617,2018,0.4334,-0.3777,0.0123,3.6219,0.4256,11.64,2.6305,False
DNOW,1599617,2019,0.4217,-0.4871,-0.0861,4.5459,0.4016,11.24,2.6692,False
DNOW,1599617,2020,0.5843,-1.1984,-0.4167,4.2008,1.6062,7.18,1.775,True
DNOW,1599617,2021,0.4656,-1.0897,0.0082,3.9385,1.4783,8.54,2.9014,False
DNOW,1599617,2022,0.4379,-0.8144,0.0992,4.8235,1.6182,12.7,4.2251,False
DNOW,1599617,2023,0.4251,-0.5415,0.0916,4.3916,1.518,11.32,4.2071,False
DNOW,1599617,2024,0.3615,-0.4608,0.0697,4.7708,1.4639,13.01,4.3451,False
DNOW,1599617,2025,0.3323,-0.213,-0.0237,1.4208,0.7187,13.25,1.5934,True
DOCN,1582961,2021,0.8148,-0.0888,-0.0053,6.2025,0.204,80.33,4.7613,False
DOCN,1582961,2022,0.4299,-0.1181,-0.0142,1.6938,0.3174,25.47,1.6376,True
DOCN,1582961,2023,0.2124,-0.2356,0.0081,2.4309,0.4743,36.69,1.8847,False
DOCN,1582961,2024,0.1957,-0.1579,0.0199,2.1748,0.125,34.07,1.5093,True
DOCN,1582961,2025,-0.1047,-0.0238,0.0854,3.0315,0.4905,48.12,2.4323,False
DOCS,1516513,2022,0.7998,0.1928,0.1145,,0.3465,33.56,,False
DOCS,1516513,2023,0.7353,0.1916,0.11,,0.3686,28.04,,False
DOCS,1516513,2024,0.7094,0.0741,0.1518,,0.4405,53.39,,False
DOCS,1516513,2025,0.7374,0.1478,0.1802,,0.4512,44.28,,False
DOCS,1516513,2026,0.7024,-0.0454,0.1913,,0.5739,26.71,,False
DOCU,1261333,2019,0.2898,-0.5749,-0.2639,13.8367,0.4339,74.11,7.408,False
DOCU,1261333,2020,0.1322,-0.6013,-0.1023,30.8954,0.515,222.3,18.0313,False
DOCU,1261333,2021,0.0296,-0.5908,-0.0744,14.1812,0.6219,152.31,8.0935,False
DOCU,1261333,2022,-0.0205,-0.5659,-0.0244,4.5716,0.8292,55.42,2.6749,False
DOCU,1261333,2023,-0.1916,-0.5306,-0.0292,4.6386,0.8351,59.45,2.549,False
DOCU,1261333,2024,-0.0313,-0.5621,0.0106,9.1282,0.9295,89.94,5.6171,False
DOCU,1261333,2025,-0.0854,-0.3208,0.0498,6.3602,0.7418,68.4,4.1708,False
DOCU,1261333,2026,-0.1297,-0.4389,0.0706,5.3579,0.7612,66.27,3.4387,False
DORM,868780,2015,0.6112,0.7637,0.0553,13.5675,,47.47,,False
DORM,868780,2016,0.6291,0.7827,0.0661,19.6832,,73.06,,False
DORM,868780,2017,0.5511,0.7699,0.0567,13.8378,,61.14,,False
DORM,868780,2018,0.55,0.7655,0.0503,16.7031,0.2933,90.02,12.2129,False
DORM,868780,2019,0.513,0.6922,0.021,8.4005,0.2301,75.72,6.9246,False
DORM,868780,2020,0.4918,0.6465,0.1093,7.0183,0.8952,86.82,6.962,False
DORM,868780,2021,0.246,0.5119,0.1025,4.5296,0.804,113.01,4.8719,False
DORM,868780,2022,0.2523,0.4086,0.073,1.8473,0.7404,80.87,2.9645,False
DORM,868780,2023,0.2995,0.4665,0.0937,2.2018,0.8418,83.41,3.4845,False
DORM,868780,2024,0.3324,0.487,0.1208,3.399,0.8287,129.55,4.3476,False
DORM,868780,2025,0.4126,0.5392,0.1202,3.5982,0.8545,123.19,4.6599,False
DSGR,703604,2015,0.3773,0.3274,0.0159,,,,,False
DSGR,703604,2016,0.3572,0.31,-0.0108,,,,,False
DSGR,703604,2017,0.2018,0.3748,0.0521,,,,,False
DSGR,703604,2018,0.2064,0.3923,0.0467,,,,,False
DSGR,703604,2019,0.2421,0.4231,0.0443,,,,,False
DSGR,703604,2020,0.1758,0.3964,0.0802,,1.3718,,,False
DSGR,703604,2021,0.2363,0.4334,0.0468,,1.6308,,,False
DSGR,703604,2022,0.254,-0.0212,0.0344,,0.9472,,,False
DSGR,703604,2023,0.2679,-0.0224,0.0277,,1.0129,,,False
DSGR,703604,2024,0.2582,-0.0243,0.0324,,1.0445,,,False
DSGR,703604,2025,0.2605,-0.0193,0.0448,,,,,False
DT,1773383,2020,-0.0093,-0.2909,-0.0842,11.5726,0.2673,43.27,6.5146,False
DT,1773383,2021,0.0143,-0.2277,0.0407,15.2643,0.3118,60.35,9.3032,False
DT,1773383,2022,0.0326,-0.1815,0.032,8.9491,0.3657,38.3,5.6257,False
DT,1773383,2023,0.0293,-0.1278,0.0336,13.6198,0.4189,54.69,8.5579,False
DT,1773383,2024,0.1017,-0.0583,0.0377,11.2654,0.4195,54.35,7.3435,False
DT,1773383,2025,0.1329,0.0688,0.0433,8.2483,0.4103,43.34,5.7582,False
DT,1773383,2026,0.1255,0.1014,0.0556,8.7437,0.4571,54.59,6.1793,False
DTM,1842022,2021,0.0224,0.0528,0.0492,0.981,0.1029,39.86,0.9547,True
DTM,1842022,2022,-0.0399,0.0619,0.0541,1.0492,0.1042,48.12,0.9511,True
DTM,1842022,2023,-0.018,0.0736,0.0524,1.0933,0.1026,50.39,1.013,True
DTM,1842022,2024,-0.0117,0.0728,0.0492,1.8789,0.0987,95.2,1.4764,True
DTM,1842022,2025,0.0022,0.082,0.0609,2.3176,0.1233,118.18,1.8324,False
DUOL,1562088,2021,0.7563,-0.2584,-0.0907,,0.3792,106.11,,False
DUOL,1562088,2022,0.6897,-0.3084,-0.0872,,0.4944,71.13,,False
DUOL,1562088,2023,0.6504,-0.2248,-0.0139,,0.5567,226.85,,False
DUOL,1562088,2024,0.5219,-0.0967,0.0481,,0.5746,324.23,,False
DUOL,1562088,2025,0.4445,0.1447,0.0681,,0.5208,175.5,,False
DV,1819928,2021,0.3483,0.0944,0.0299,55.3857,0.3729,33.28,34.2533,False
DV,1819928,2022,0.3628,0.123,0.0569,21.2495,0.4363,21.96,13.9812,False
DV,1819928,2023,0.3613,0.1601,0.069,33.7119,0.4606,36.78,21.5731,False
DV,1819928,2024,0.357,0.2,0.0646,15.4463,0.5147,19.21,10.7039,False
DV,1819928,2025,0.2938,0.2259,0.0585,7.9598,0.5526,11.44,6.1903,False
DXC,1688568,2018,-0.0069,0.0384,0.1032,0.4068,0.7239,51.13,1.3538,True
DXC,1688568,2019,-0.0131,0.0162,0.1105,0.33,0.7017,36.86,1.2714,True
DXC,1688568,2020,0.042,-0.1991,0.0793,0.1971,0.7528,25.75,0.9043,True
DXC,1688568,2021,0.0026,-0.2419,0.05,0.3074,0.8045,32.19,0.8184,True
DXC,1688568,2022,0.0294,-0.221,0.0683,0.2868,0.8076,26.5,0.931,True
DXC,1688568,2023,0.0591,-0.2944,0.073,0.3039,0.9107,22.87,0.9928,True
DXC,1688568,2024,0.0534,-0.2768,0.0732,0.2955,0.9853,19.98,1.0809,True
DXC,1688568,2025,0.0721,-0.2613,0.0772,0.2409,0.9747,14.65,1.0946,True
DXC,1688568,2026,0.1104,-0.2279,0.0753,0.1865,0.9809,11.3,1.1546,True
DXPE,1020710,2018,0.3462,0.2425,0.0978,1.1029,0.4443,27.84,2.1836,False
DXPE,1020710,2019,0.3303,0.2609,0.0839,1.3936,0.3749,39.81,2.2495,False
DXPE,1020710,2020,0.3021,0.2143,-0.0319,0.6804,0.268,22.23,1.2337,True
DXPE,1020710,2021,0.2466,0.2234,0.044,0.7275,1.2292,25.67,2.4197,False
DXPE,1020710,2022,0.2923,0.2415,0.0942,0.6363,1.4276,27.55,2.8093,False
DXPE,1020710,2023,0.3604,0.2712,0.1178,0.6565,1.4256,33.7,3.0205,False
DXPE,1020710,2024,0.3097,0.2888,0.1077,1.3834,1.3353,82.62,3.2968,False
DXPE,1020710,2025,0.3785,0.2838,0.105,1.4356,1.1965,109.79,3.2558,False
DY,67215,2015,0.3458,0.3137,,2.4776,,69.96,,False
DY,67215,2016,0.3074,0.3128,,2.0832,,80.29,,False
DY,67215,2017,0.3264,0.3434,,2.7375,,111.43,,False
DY,67215,2018,0.3869,0.3683,,1.2602,0.3569,54.04,,False
DY,67215,2019,0.4217,0.3741,,1.0542,0.3326,47.15,,False
DY,67215,2020,0.3704,0.4118,,2.0106,0.3861,75.52,,False
DY,67215,2022,0.46,0.3533,0.0249,2.0763,0.3595,93.6,2.7341,False
DY,67215,2023,0.4423,0.3696,0.0779,2.4031,0.3966,115.09,3.1437,False
DY,67215,2024,0.4147,0.4133,0.116,3.5903,0.3784,174.06,3.9917,False
DY,67215,2025,0.376,0.4144,0.1045,5.9729,1.5964,337.9,6.5563,False
DY,67215,2026,0.2927,0.2454,0.0615,2.1318,0.9275,291.21,3.1045,False
EAT,703351,2015,-0.1593,1.6935,0.2167,1.1401,,41.34,,False
EAT,703351,2016,-0.1736,1.7371,0.2156,1.0861,,43.84,,False
EAT,703351,2017,-0.2066,1.8583,0.1812,0.783,,35.76,,False
EAT,703351,2018,-0.2064,1.9914,0.1678,0.8478,,41.93,,False
EAT,703351,2019,-0.1944,2.2023,0.1833,0.8521,,41.55,,False
EAT,703351,2020,-0.1161,-0.1687,0.0266,0.8334,,56.57,,False
EAT,703351,2021,-0.1602,-0.117,0.0876,0.5927,,36.59,,False
EAT,703351,2022,-0.1436,-0.0597,0.0642,0.4842,,31.91,,False
EAT,703351,2023,-0.1418,-0.1415,0.0581,0.6854,,43.18,,False
EAT,703351,2024,-0.1497,-0.0758,0.0885,2.1636,,132.29,,False
EAT,703351,2025,-0.1749,0.0696,0.1911,2.5974,,143.52,,False
EAT,703351,2026,-0.1311,0.2393,0.2202,4.0245,,228.5,,False
ECG,2015845,2024,0.3134,0.2204,0.1474,3.8776,2.2117,65.75,5.7093,False
ECG,2015845,2025,0.324,0.281,0.1531,3.9758,2.1671,85.56,5.8402,False
EEFT,1029199,2015,0.1036,0.0476,0.0252,1.9821,,72.43,,False
EEFT,1029199,2016,0.1496,0.1028,0.0214,1.4949,,72.43,,False
EEFT,1029199,2017,0.1537,0.1392,0.0131,1.6243,,84.27,,False
EEFT,1029199,2018,0.2135,0.2017,0.0214,1.8337,,102.38,,False
EEFT,1029199,2019,0.2758,0.2183,0.023,1.9145,0.1489,157.56,2.0101,False
EEFT,1029199,2020,0.3066,0.2056,0.0102,1.5573,0.1434,144.92,1.7672,True
EEFT,1029199,2021,0.3069,0.2285,0.0388,1.2776,0.6314,119.17,2.214,False
EEFT,1029199,2022,0.254,0.2495,0.0713,0.8488,0.6216,94.38,2.0203,False
EEFT,1029199,2023,0.248,0.2762,0.0734,0.8173,0.6257,101.49,2.0426,False
EEFT,1029199,2024,0.1389,0.3315,0.0862,0.8353,0.6838,102.84,2.1004,False
EEFT,1029199,2025,0.064,0.3457,0.0816,0.551,0.6541,76.11,1.815,False
EFOR,890564,2015,0.1436,0.1412,0.0861,1.8758,,44.95,,False
EFOR,890564,2016,0.1569,0.1801,0.1082,2.0488,,44.16,,False
EFOR,890564,2017,0.1839,0.2367,0.1242,3.2185,,64.27,,False
EFOR,890564,2018,0.1407,0.2181,0.0968,1.4839,0.3459,54.5,2.0297,False
EFOR,890564,2019,0.1532,0.2532,0.1049,1.859,0.3485,70.97,2.3485,False
EFOR,890564,2020,0.1764,0.2826,0.0947,2.0254,1.2052,83.53,3.3402,False
EFOR,890564,2021,0.2451,0.3353,0.1002,3.0899,0.3008,123.4,3.2489,False
EFOR,890564,2022,0.1504,0.3347,0.1142,1.9833,1.2776,81.48,3.4934,False
EFOR,890564,2023,0.1634,0.3373,0.1027,2.3861,1.2556,96.17,3.6945,False
EFOR,890564,2024,0.1606,0.3199,0.0888,2.068,1.1956,83.34,3.37,False
EFOR,890564,2025,0.1338,0.2969,0.0626,1.0543,1.0824,48.17,2.4978,False
EHC,785161,2015,0.0374,-0.3682,,0.6328,,23.77,,False
EHC,785161,2016,0.0382,-0.3094,0.0311,0.7871,,28.84,,False
EHC,785161,2017,0.0377,-0.2434,0.0296,1.0718,,35.29,,False
EHC,785161,2018,-0.002,-0.1711,0.018,1.3159,0.2118,44.77,0.819,True
EHC,785161,2019,0.0057,-0.0866,0.0232,1.2168,0.1948,51.16,0.8871,True
EHC,785161,2020,0.0359,-0.0376,0.0261,1.3787,0.1884,62.11,1.0922,True
EHC,785161,2021,0.0251,0.0207,,1.099,0.7461,49.75,,False
EHC,785161,2022,0.0251,0.0205,0.0269,1.5216,0.2018,58.22,1.2625,True
EHC,785161,2023,0.0304,0.0666,,1.6997,0.7868,65.56,,False
EHC,785161,2024,0.007,0.1219,,2.4423,0.8223,91.24,,False
EHC,785161,2025,0.0098,0.1819,,2.73,0.8372,105.54,,False
ELAN,1739104,2018,0.1713,0.0018,-0.0002,4.1905,0.3424,31.53,3.064,False
ELAN,1739104,2019,0.173,0.0094,-0.0005,4.2787,0.3418,29.45,3.1281,False
ELAN,1739104,2020,0.0757,-0.027,-0.018,1.6626,0.185,30.67,1.1763,True
ELAN,1739104,2021,0.0991,-0.0576,-0.0344,1.5852,0.2891,28.38,1.1649,True
ELAN,1739104,2022,0.1018,-0.0682,-0.0046,0.7444,0.2847,12.22,0.7427,True
ELAN,1739104,2023,0.1508,-0.1593,-0.0832,0.9147,0.3075,14.9,0.5397,True
ELAN,1739104,2024,0.1506,-0.1546,0.0387,0.9283,0.3519,12.11,1.0009,True
ELAN,1739104,2025,0.1393,-0.1633,-0.0168,1.66,0.353,22.63,1.2321,True
ELF,1600033,2016,0.1076,-1.3514,0.0556,6.2355,,28.94,,False
ELF,1600033,2017,0.1732,-1.263,0.0798,5.8934,,22.31,,False
ELF,1600033,2018,0.2265,-1.1736,0.06,2.4743,0.1803,8.66,0.4918,True
ELF,1600033,2020,0.1793,-1.1289,0.0661,7.0468,0.1649,25.19,3.2457,False
ELF,1600033,2021,0.1986,-1.0367,0.0193,8.9997,0.1901,33.21,4.4405,False
ELF,1600033,2022,0.2588,-0.9776,0.0602,17.9094,0.2126,55.3,10.0988,False
ELF,1600033,2023,0.328,-0.7085,0.1144,46.1428,0.3146,144.34,27.7794,False
ELF,1600033,2024,0.1576,-0.2606,0.1325,15.2226,0.2844,125.55,9.6795,False
ELF,1600033,2025,0.2912,-0.146,0.1266,9.2074,0.2665,76.04,6.3538,False
ELF,1600033,2026,0.1893,-0.0651,0.0308,5.0923,0.1877,109.05,3.4805,False
EML,31107,2020,0.2579,0.4458,0.0254,,0.8725,,,False
EML,31107,2022,0.2995,0.5314,0.0542,,1.0678,,,False
EML,31107,2023,0.2758,0.5745,0.0602,,1.085,,,False
EML,31107,2024,0.301,0.5675,0.0856,,1.1591,,,False
EML,31107,2026,0.3307,0.6369,0.0493,,1.149,,,False
EMN,915389,2015,0.0527,0.3296,0.0887,0.4647,0.618,47.09,1.7141,True
EMN,915389,2016,0.0693,0.3701,0.0895,0.568,0.5828,53.88,1.8202,False
EMN,915389,2017,0.0726,0.4252,0.0958,0.7398,0.5968,68.04,2.039,False
EMN,915389,2018,0.0947,0.4735,,0.6223,0.1485,55.04,,False
EMN,915389,2019,0.0957,0.4976,,0.7068,0.1377,61.65,,False
EMN,915389,2020,0.0935,0.5024,,0.9315,0.1359,81.24,,False
EMN,915389,2021,0.1079,0.5514,,1.1796,0.1736,100.36,,False
EMN,915389,2022,0.0359,0.6118,,0.8475,0.7213,69.88,,False
EMN,915389,2023,0.0618,0.6485,,1.0067,0.6294,80.12,,False
EMN,915389,2024,0.0916,0.6582,,1.0289,0.6167,84.21,,False
EMN,915389,2025,0.0668,0.6801,,0.7984,0.589,61.58,,False
ENGS,1971828,2025,-0.1332,-0.8908,-0.1659,,0.6576,,,False
ENHA,1956439,2025,0.0018,-0.0374,-0.0051,,,,,False
ENOV,1420800,2015,0.0956,0.0828,0.0423,0.6667,,40.19,,False
ENOV,1420800,2016,0.1063,0.1073,0.0373,1.0833,,61.84,,False
ENOV,1420800,2017,0.1449,0.1262,0.0043,1.3185,,68.19,,False
ENOV,1420800,2018,0.1149,0.1502,0.0359,0.6634,,35.97,,False
ENOV,1420800,2019,0.074,0.0649,0.0276,0.9266,0.1203,62.62,0.9469,True
ENOV,1420800,2020,0.0748,0.0704,0.0221,1.0085,0.1126,65.82,0.9789,True
ENOV,1420800,2021,0.1503,0.0692,0.0301,1.1839,0.4526,79.12,1.5396,True
ENOV,1420800,2022,0.0538,0.1347,-0.0167,3.7482,0.0956,53.52,2.5428,False
ENOV,1420800,2023,0.1168,0.1203,-0.0146,2.9676,0.3786,56.02,2.4197,False
ENOV,1420800,2024,0.1308,-0.06,-0.1644,1.1746,0.4466,43.88,0.6819,True
ENOV,1420800,2025,0.1587,-0.3827,-0.2932,0.6558,0.5862,26.64,-0.3331,True
ENPH,1463101,2015,0.2955,-1.106,,,,3.51,,False
ENPH,1463101,2016,0.2145,-1.5316,,,,1.01,,False
ENPH,1463101,2017,0.2288,-1.7483,,,,2.41,,False
ENPH,1463101,2018,0.221,-1.0187,0.0147,,0.2715,4.73,,False
ENPH,1463101,2019,0.4211,-0.2596,0.0623,,0.2945,26.13,,False
ENPH,1463101,2020,0.3325,-0.0427,0.0659,,0.2207,175.47,,False
ENPH,1463101,2021,0.4918,-0.1951,0.1038,,0.6647,182.94,,False
ENPH,1463101,2022,0.5272,0.0056,0.1453,,0.7557,264.96,,False
ENPH,1463101,2023,0.5649,0.0137,0.1318,,0.6771,132.14,,False
ENPH,1463101,2024,0.513,-0.0755,0.0238,,0.4094,68.68,,False
ENPH,1463101,2025,0.3831,-0.0581,0.0449,,0.4197,32.05,,False
ENR,1632790,2015,0.4042,0.0042,,0.9675,,23.87,,False
ENR,1632790,2016,0.2058,0.0409,,1.2445,,32.01,,False
ENR,1632790,2017,0.2403,0.109,,1.3886,,35.25,,False
ENR,1632790,2018,0.1321,0.0558,,0.7358,,33.89,,False
ENR,1632790,2019,0.1776,0.0238,,0.5407,0.1319,38.73,,False
ENR,1632790,2020,0.0982,-0.0116,,0.4222,0.1332,33.41,,False
ENR,1632790,2021,0.0985,-0.001,0.0308,0.481,0.6034,32.67,1.1104,True
ENR,1632790,2022,0.1951,-0.0666,-0.0668,0.4373,0.6671,28.36,0.8498,True
ENR,1632790,2023,0.1824,-0.0365,0.039,0.4419,0.6563,27.74,1.2177,True
ENR,1632790,2024,0.1518,-0.0296,0.0124,0.5166,0.6648,31.73,1.1564,True
ENR,1632790,2025,0.194,0.0191,0.0623,0.2968,0.648,19.01,1.2914,True
ENS,1289308,2015,0.3816,0.4957,0.0117,1.5353,0.0611,50.66,2.1728,False
ENS,1289308,2017,0.4149,0.537,0.0226,1.9593,0.0618,64.36,2.5619,False
ENS,1289308,2018,0.4214,0.531,0.0271,2.0302,0.0748,72.38,2.6314,False
ENS,1289308,2019,0.2962,0.4651,0.0112,1.3879,0.0598,70.51,1.9363,False
ENS,1289308,2020,0.2915,0.4716,0.0061,1.4282,0.0655,79.11,1.9525,False
ENS,1289308,2021,0.2929,0.4822,0.0149,1.4265,,75.91,,False
ENS,1289308,2022,0.3359,0.4773,0.0552,1.1515,,71.63,,False
ENS,1289308,2023,0.3256,0.5337,0.077,1.7699,,98.78,,False
ENS,1289308,2024,0.3055,0.6243,0.1014,1.9268,,91.3,,False
ENS,1289308,2025,0.3311,0.6268,0.117,2.5723,,146.34,,False
ENS,1289308,2026,0.3342,0.6853,0.1065,3.166,,183.86,,False
ENSG,1125376,2015,0.1539,0.2587,0.1245,3.6902,,20.31,,False
ENSG,1125376,2016,0.1218,0.2348,0.0918,2.1651,,20.08,,False
ENSG,1125376,2017,0.129,0.2401,0.0737,1.9583,,20.24,,False
ENSG,1125376,2018,0.0667,0.2918,0.1087,3.5757,1.7265,35.56,4.7192,False
ENSG,1125376,2019,0.0288,0.1658,0.0547,1.5253,0.8622,44.64,2.2245,False
ENSG,1125376,2020,0.0081,0.2165,0.0877,2.4314,0.9438,72.06,3.0047,False
ENSG,1125376,2021,0.0409,0.2575,0.0914,2.6507,0.9217,83.18,3.2233,False
ENSG,1125376,2022,0.0577,0.2741,0.086,2.4861,0.8716,93.98,3.1,False
ENSG,1125376,2023,0.0747,0.2735,0.0611,2.4296,0.8927,111.73,3.0248,False
ENSG,1125376,2024,0.0887,0.3056,0.0767,2.7308,0.9124,132.55,3.3384,False
ENSG,1125376,2025,0.0692,0.3215,0.0779,3.1427,0.9211,174.07,3.5968,False
EPAC,6955,2015,0.1987,0.8352,0.0327,1.2515,,23.59,,False
EPAC,6955,2016,0.2085,0.8732,-0.0695,1.42,,25.59,,False
EPAC,6955,2017,0.1767,0.7852,-0.0331,1.2573,,24.99,,False
EPAC,6955,2018,0.2227,0.7878,0.0123,1.1506,,20.76,,False
EPAC,6955,2019,0.3824,0.8143,0.0423,1.6023,0.5824,25.79,3.2821,False
EPAC,6955,2020,0.2858,1.1133,0.0293,2.4685,0.5984,22.45,4.078,False
EPAC,6955,2021,0.2715,1.1623,0.0623,2.5278,0.6445,20.17,4.3197,False
EPAC,6955,2022,0.2498,1.2766,0.0405,2.9561,0.7543,25.36,4.7485,False
EPAC,6955,2023,0.2721,1.3259,0.11,3.6396,0.7844,31.03,5.5142,False
EPAC,6955,2024,0.3124,0.3369,0.1564,5.4475,0.7584,41.05,5.3896,False
EPAC,6955,2025,0.2887,0.3432,0.1612,4.961,0.7452,38.24,5.0807,False
EPAM,1352010,2015,0.5151,,0.0408,24.5339,,78.62,,False
EPAM,1352010,2016,0.5728,,0.0404,22.9749,,64.31,,False
EPAM,1352010,2017,0.6231,,0.0416,20.1301,,107.43,,False
EPAM,1352010,2018,0.5809,,0.0486,17.1378,0.3133,116.01,,False
EPAM,1352010,2019,0.4845,,0.0378,16.8883,0.282,212.16,,False
EPAM,1352010,2020,0.5317,,0.0412,25.0384,0.2659,358.35,,False
EPAM,1352010,2021,0.4275,,0.1539,33.564,1.0667,668.45,,False
EPAM,1352010,2022,0.5019,,0.1429,16.8039,1.2034,327.74,,False
EPAM,1352010,2023,0.5621,,0.1152,17.4128,1.0777,297.34,,False
EPAM,1352010,2024,0.3379,,0.1146,10.7762,0.9953,233.82,,False
EPAM,1352010,2025,0.3176,,0.1061,8.6326,1.1132,204.88,,False
EPC,1096752,2015,0.1943,0.1548,,1.0326,,70.07,,False
EPC,1096752,2016,0.1224,0.1983,,1.0222,,65.26,,False
EPC,1096752,2017,0.158,0.2275,,1.0001,,53.1,,False
EPC,1096752,2018,0.0592,0.274,,0.697,,33.4,,False
EPC,1096752,2019,0.1125,0.209,,0.6025,0.1543,27.68,,False
EPC,1096752,2020,0.1336,0.221,,0.6789,0.138,31.05,,False
EPC,1096752,2021,0.163,0.2356,0.065,0.9192,0.1478,41.69,1.4392,True
EPC,1096752,2022,0.1062,0.2509,0.0488,0.7304,0.5849,35.71,1.6628,True
EPC,1096752,2023,0.1174,0.2732,0.0607,0.7221,0.1428,34.47,1.2996,True
EPC,1096752,2024,0.0998,0.2922,0.0534,0.6894,0.6041,32.11,1.7228,True
EPC,1096752,2025,0.1145,0.2893,0.0257,0.3498,0.5919,16.72,1.4291,True
ESAB,1877322,2022,0.1031,0.0424,0.0877,1.2186,0.6909,46.37,1.8944,False
ESAB,1877322,2023,0.0986,0.0916,0.1056,2.4485,0.7247,85.9,2.7888,False
ESAB,1877322,2024,0.128,0.148,0.1109,3.3317,0.6794,119.28,3.4053,False
ESAB,1877322,2025,0.1253,0.168,0.0865,2.7127,0.5964,111.47,2.895,False
ESE,866706,2015,0.1794,0.5018,,3.2076,,34.67,,False
ESE,866706,2016,0.1691,0.4817,,3.904,,54.74,,False
ESE,866706,2017,0.1569,0.4099,,2.5735,,58.46,,False
ESE,866706,2018,0.1545,0.4797,,3.2956,,64.33,,False
ESE,866706,2019,0.1661,0.4669,,3.6687,0.1614,90.7,,False
ESE,866706,2020,0.1388,0.5667,,6.3893,0.1515,101.59,,False
ESE,866706,2021,0.1194,0.5268,,4.1255,0.4536,88.8,,False
ESE,866706,2022,0.1538,0.547,,3.7073,0.5183,86.76,,False
ESE,866706,2023,0.1583,0.5878,,5.461,0.568,116.37,,False
ESE,866706,2024,0.1734,0.589,,5.7238,0.5584,132.84,,False
ESE,866706,2025,0.0748,0.57,0.0707,5.8164,0.4544,195.21,5.0653,False
ESI,1590714,2015,0.1186,-0.0523,0.0031,,,11.86,,False
ESI,1590714,2016,0.0983,-0.057,0.0252,,,9.07,,False
ESI,1590714,2017,0.1218,-0.0848,0.0216,,,9.17,,False
ESI,1590714,2018,0.1425,-0.1271,0.0264,,0.0509,9.55,,False
ESI,1590714,2019,0.1248,-0.3553,0.0576,,0.1051,10.8,,False
ESI,1590714,2020,0.1507,-0.3286,0.0519,,0.4135,16.45,,False
ESI,1590714,2021,0.1556,-0.2592,0.0584,,0.467,22.79,,False
ESI,1590714,2022,0.1722,-0.2496,0.0663,,0.5199,17.34,,False
ESI,1590714,2023,0.1665,-0.2379,0.0349,,0.4691,22.41,,False
ESI,1590714,2024,0.1827,-0.2087,0.0706,,0.5041,24.94,,False
ESI,1590714,2025,0.2259,-0.1773,0.0671,,0.5001,24.83,,False
ESOA,1357971,2015,0.4366,-0.8761,0.0654,,,,,False
ESOA,1357971,2016,0.3361,-0.6874,0.0574,,,,,False
ESOA,1357971,2017,0.2036,-0.6842,0.0232,,,,,False
ESOA,1357971,2018,0.2608,-0.6942,0.0593,,,,,False
ESOA,1357971,2019,0.3719,-0.6486,0.0525,,,,,False
ESOA,1357971,2020,0.3941,-0.5991,0.1013,,,,,False
ESOA,1357971,2021,0.2637,-0.371,0.033,,,,,False
ESOA,1357971,2022,0.0441,-0.2865,0.0576,,,,,False
ESOA,1357971,2023,0.1072,-0.1803,0.0915,,,,,False
ESOA,1357971,2024,0.2286,-0.0101,0.1253,,,,,False
ESOA,1357971,2025,0.2181,-0.0149,0.0196,,1.9098,,,False
ET,1276187,2015,0.007,,0.0033,,0.134,,,False
ET,1276187,2016,-0.0037,,-0.0092,,0.1367,,,False
ET,1276187,2017,0.0323,,0.0315,,0.4699,,,False
ET,1276187,2018,-0.029,,0.0606,,0.6129,,,False
ET,1276187,2019,0.0014,,0.0172,,0.1388,,,False
ET,1276187,2020,0.0041,,0.0141,,0.1055,,,False
ET,1276187,2021,-0.0028,,0.083,,0.6362,,,False
ET,1276187,2022,0.0162,,0.0732,,0.8508,,,False
ET,1276187,2023,0.0102,,0.073,,0.6912,,,False
ET,1276187,2024,0.0123,,0.0729,,0.6594,,,False
ET,1276187,2025,0.0232,,0.0639,,0.6054,,,False
ETSY,1370637,2015,0.5043,-0.1563,-0.0034,3.4063,,8.26,,False
ETSY,1370637,2016,0.4939,-0.2002,0.0302,4.5729,,11.78,,False
ETSY,1370637,2017,0.5561,-0.159,0.0196,8.9939,,20.45,,False
ETSY,1370637,2018,0.6301,-0.1701,0.0829,8.7155,0.6694,47.57,6.6902,False
ETSY,1370637,2019,0.4749,-0.1474,0.0575,3.5801,0.5306,44.3,3.232,False
ETSY,1370637,2020,0.5989,-0.0611,0.1763,9.8245,0.7177,177.91,7.8275,False
ETSY,1370637,2021,0.1894,0.0187,0.1215,6.2733,0.6078,218.94,5.0265,False
ETSY,1370637,2022,0.3347,-0.3978,-0.2499,3.4547,0.9739,119.78,2.0666,False
ETSY,1370637,2023,0.3201,-0.5055,0.1042,2.3037,1.0235,81.05,2.4261,False
ETSY,1370637,2024,0.274,-0.7379,0.1573,1.5281,1.1615,52.89,1.8932,False
ETSY,1370637,2025,0.2113,-0.8503,0.0942,1.2963,1.0199,55.44,1.1715,True
EVR,1360901,2015,0.2308,-0.0188,0.0518,,0.8385,43.12,,False
EVR,1360901,2016,0.278,0.0122,0.0601,,0.8763,56.13,,False
EVR,1360901,2017,0.3383,0.0501,0.1183,,1.088,74.88,,False
EVR,1360901,2018,0.3443,0.1717,0.1189,,0.9797,60.71,,False
EVR,1360901,2019,0.3932,0.2148,0.0618,,0.7807,65.2,,False
EVR,1360901,2020,0.3888,0.2369,0.0987,,0.678,98.89,,False
EVR,1360901,2021,0.3948,0.373,0.2936,,0.8697,124.89,,False
EVR,1360901,2022,0.4519,0.4883,0.1944,,0.7675,102.91,,False
EVR,1360901,2023,0.4577,0.5111,0.0988,,0.6596,165.26,,False
EVR,1360901,2024,0.4212,0.5112,0.1277,,0.7179,271.6,,False
EVR,1360901,2025,0.3872,0.4819,0.1482,,0.7242,337.47,,False
EVTC,1559865,2015,0.037,0.1096,0.1188,1.179,,15.23,,False
EVTC,1559865,2016,0.0329,0.1314,0.121,1.2781,,16.63,,False
EVTC,1559865,2017,0.0238,0.1649,0.0954,1.0307,,13.02,,False
EVTC,1559865,2018,0.0857,0.2467,0.1349,2.3064,0.4895,27.47,2.7668,False
EVTC,1559865,2019,0.1302,0.2931,0.1428,2.6483,0.4817,32.8,3.1086,False
EVTC,1559865,2020,0.1921,0.3542,0.1318,3.1204,0.476,38.13,3.5097,False
EVTC,1559865,2021,0.2476,0.4421,0.1717,4.3152,0.5152,48.71,4.5869,False
EVTC,1559865,2022,0.1597,0.4306,0.1391,2.8849,0.5464,31.72,3.5308,False
EVTC,1559865,2023,0.1277,0.2616,0.0661,1.6912,0.3372,40.33,2.0894,False
EVTC,1559865,2024,0.1343,0.3228,0.0892,1.5269,0.4551,34.2,2.2786,False
EVTC,1559865,2025,0.1363,0.3066,0.0831,1.1303,0.4154,28.93,1.9606,False
EXEL,939767,2015,0.3804,-5.8285,-0.0951,3.2005,,5.64,,False
EXEL,939767,2016,0.3351,-3.3188,0.0651,7.2693,,14.91,,False
EXEL,939767,2017,0.5642,-2.7914,0.0571,20.34,,30.4,,False
EXEL,939767,2018,0.5565,-0.619,0.0785,36.1474,0.1607,19.67,21.9094,False
EXEL,939767,2019,0.4605,-0.2966,0.041,21.8624,0.1274,17.62,13.5175,False
EXEL,939767,2020,0.5805,-0.2094,0.0114,19.2587,0.1263,20.07,12.1225,False
EXEL,939767,2021,0.5723,-0.0828,0.1096,11.1666,0.5485,18.28,8.1809,False
EXEL,939767,2022,0.4214,-0.0111,0.0656,6.8165,0.5245,16.04,5.321,False
EXEL,939767,2023,0.3139,-0.0589,0.0581,8.7616,0.622,23.99,6.3649,False
EXEL,939767,2024,0.3609,-0.0335,0.2051,11.7289,0.7357,33.3,8.8362,False
EXEL,939767,2025,0.3648,-0.027,0.3066,15.8984,0.8157,43.83,11.7666,False
EXLS,1297989,2015,0.3567,0.4932,0.1035,,,8.99,,False
EXLS,1297989,2016,0.3603,0.5417,0.0909,,,10.09,,False
EXLS,1297989,2017,0.3741,0.5178,0.0876,,,12.07,,False
EXLS,1297989,2018,0.3247,0.456,0.0469,,0.2212,10.52,,False
EXLS,1297989,2019,0.2636,0.4665,0.0646,,0.2171,13.89,,False
EXLS,1297989,2020,0.3111,0.514,0.0882,,0.1995,17.03,,False
EXLS,1297989,2021,0.0643,0.5894,0.1215,,0.8748,28.95,,False
EXLS,1297989,2022,0.2488,0.6679,0.1428,,1.049,33.89,,False
EXLS,1297989,2023,0.245,0.7515,0.1656,,1.1309,30.85,,False
EXLS,1297989,2024,0.3121,0.7921,0.1629,,1.1359,44.38,,False
EXLS,1297989,2025,0.2972,0.9006,0.1843,,1.2264,42.44,,False
EXP,918646,2015,0.0967,0.3982,0.1606,2.0192,,57.4,,False
EXP,918646,2016,0.1377,0.4685,0.1449,3.4226,,94.07,,False
EXP,918646,2017,0.0761,0.4723,0.1587,3.1919,,108.6,,False
EXP,918646,2018,0.118,0.5485,0.1614,1.897,,58.77,,False
EXP,918646,2019,0.1145,0.5589,0.1683,2.8033,0.1312,87.7,3.2885,False
EXP,918646,2020,0.1717,0.3242,0.1263,1.5115,0.1065,98.21,2.0901,False
EXP,918646,2021,0.1734,0.4578,0.157,3.3607,0.1209,162.11,3.5046,False
EXP,918646,2022,0.0912,0.4405,0.214,2.7663,0.1601,130.41,3.2523,False
EXP,918646,2023,0.111,0.4275,0.2426,3.8522,0.7724,200.34,4.6161,False
EXP,918646,2024,0.1318,0.445,0.2433,4.5808,0.7666,244.68,5.0991,False
EXP,918646,2025,0.1298,0.4471,,3.4933,0.6924,205.88,,False
EXP,918646,2026,0.1798,0.3849,,2.5137,0.6009,194.0,,False
EXPO,851520,2015,0.4963,0.6948,0.0368,8.3766,,21.97,,False
EXPO,851520,2016,0.48,0.7214,0.037,9.8011,,26.88,,False
EXPO,851520,2017,0.5059,0.6915,0.0405,10.1442,,32.11,,False
EXPO,851520,2018,0.4869,0.7294,0.0571,14.2031,,46.31,,False
EXPO,851520,2019,0.4261,0.6827,0.0379,14.204,0.7405,63.68,10.8552,False
EXPO,851520,2020,0.4301,0.7271,0.0306,18.2465,0.6894,83.89,13.2723,False
EXPO,851520,2021,0.4384,0.6996,0.1593,19.5445,0.6819,109.62,14.44,False
EXPO,851520,2022,0.3241,0.9014,0.2401,16.8059,0.8749,93.99,13.4016,False
EXPO,851520,2023,0.3365,0.8876,0.1721,13.8144,0.8299,84.46,11.333,False
EXPO,851520,2024,0.365,0.803,0.1538,11.5474,0.7186,86.51,9.7168,False
EXPO,851520,2025,0.321,0.8597,0.1541,8.4131,0.7486,68.51,7.8936,False
EXTR,1078271,2015,0.006,-1.7726,-0.147,1.6411,,4.08,,False
EXTR,1078271,2016,0.0459,-2.1122,-0.0682,2.3059,,5.03,,False
EXTR,1078271,2017,0.1431,-1.6557,-0.0015,4.3377,,12.52,,False
EXTR,1078271,2018,0.0883,-1.0751,-0.0496,1.2106,1.2764,6.1,0.4399,True
EXTR,1078271,2019,0.1136,-1.1276,-0.0195,1.5006,1.3157,7.37,0.7095,True
EXTR,1078271,2020,0.0167,-1.0012,-0.101,0.9234,0.9683,6.89,-0.1927,True
EXTR,1078271,2021,0.0316,-0.9686,0.034,2.1438,0.9993,15.7,1.0798,True
EXTR,1078271,2022,-0.0104,-0.8742,0.0601,2.4426,1.041,18.31,1.4685,True
EXTR,1078271,2023,0.0006,-0.7498,0.0949,2.2458,1.1496,17.64,1.7611,True
EXTR,1078271,2024,-0.0486,-0.9035,-0.0625,2.1472,1.0716,16.74,0.8303,True
EXTR,1078271,2025,-0.0456,-0.8233,0.0147,1.9976,0.9886,16.65,1.0283,True
EXTR,1078271,2026,-0.0364,-0.7703,0.0532,2.6943,1.0898,22.49,1.7599,True
EYE,1710155,2023,-0.0005,0.1172,-0.0216,1.2322,0.9788,20.93,1.8105,False
EYE,1710155,2024,-0.1088,0.1126,-0.0127,0.6915,0.2178,10.42,0.6178,True
EYE,1710155,2025,-0.0941,0.1289,0.0297,1.8324,1.0019,25.82,2.2668,False
EZPW,876523,2015,0.2869,0.3491,-0.0074,,,4.99,,False
EZPW,876523,2016,0.3938,0.3253,0.0297,,,10.65,,False
EZPW,876523,2017,0.4963,0.3433,0.0523,,,12.2,,False
EZPW,876523,2018,0.3989,0.3145,0.0551,,,7.73,,False
EZPW,876523,2019,0.4749,0.3591,0.0434,,0.1978,6.82,,False
EZPW,876523,2020,0.3849,0.2658,-0.0404,,0.1394,4.79,,False
EZPW,876523,2021,0.3598,0.2579,0.0246,,0.1519,7.37,,False
EZPW,876523,2022,0.3645,0.2983,0.0556,,0.6575,8.15,,False
EZPW,876523,2023,0.3596,0.2937,0.0628,,0.7147,8.74,,False
EZPW,876523,2024,0.3078,0.3397,0.0754,,0.7779,12.22,,False
EZPW,876523,2025,0.4743,0.314,0.0764,,0.6531,19.42,,False
FA,1210677,2021,0.1892,-0.0167,0.0338,3.9048,0.3776,17.15,3.0357,False
FA,1210677,2022,0.2468,-0.0145,0.05,2.6491,0.4295,11.71,2.4598,False
FA,1210677,2023,0.177,-0.0304,0.05,3.9313,0.4684,16.57,3.162,False
FA,1210677,2024,0.0574,-0.0407,-0.0159,1.2298,0.2193,18.73,0.9166,True
FA,1210677,2025,0.0864,-0.0508,0.0346,0.9902,0.4107,14.53,1.1514,True
FBIN,1519751,2015,0.1354,0.1028,0.0288,1.9948,,40.52,,False
FBIN,1519751,2016,0.1175,0.1588,0.0324,1.7033,,39.46,,False
FBIN,1519751,2017,0.1261,0.213,0.0296,2.0964,,51.11,,False
FBIN,1519751,2018,0.0325,0.2428,0.0235,0.9084,0.2382,28.8,1.2397,True
FBIN,1519751,2019,0.0777,0.2802,0.0306,1.5563,0.2337,50.37,1.7541,True
FBIN,1519751,2020,0.1173,0.2963,0.0317,1.7437,0.2255,66.95,1.9319,False
FBIN,1519751,2021,0.0975,0.3538,0.1374,2.0677,0.9647,84.38,3.271,False
FBIN,1519751,2022,0.1496,0.3797,0.1265,1.5858,0.1849,53.59,2.2649,False
FBIN,1519751,2023,0.1288,0.3968,0.0937,2.0258,0.7047,72.49,2.9393,False
FBIN,1519751,2024,0.0617,0.4506,0.1125,1.8997,0.7024,65.88,2.9182,False
FBIN,1519751,2025,0.1384,0.4808,0.0791,1.4196,0.6845,49.14,2.6367,False
FCFS,840489,2015,0.3689,0.8502,0.1158,4.33,,32.51,,False
FCFS,840489,2016,0.3489,0.1806,0.0436,2.5784,,41.33,,False
FCFS,840489,2017,0.3498,0.2397,0.0835,4.4416,,60.16,,False
FCFS,840489,2018,0.3116,0.2879,0.0974,3.5834,0.5178,65.26,3.7662,False
FCFS,840489,2019,0.2206,0.2982,0.0921,2.9286,0.4819,73.56,3.2251,False
FCFS,840489,2020,0.1763,0.3327,0.0606,2.5874,0.4534,64.93,2.8831,False
FCFS,840489,2021,0.1921,0.2259,0.0434,1.506,0.2957,70.43,1.8893,False
FCFS,840489,2022,0.2139,0.2716,0.0829,1.7802,0.323,83.12,2.3015,False
FCFS,840489,2023,0.2263,0.2839,0.0683,1.9877,0.322,105.11,2.409,False
FCFS,840489,2024,0.2377,0.3152,0.0766,1.8215,0.3366,101.75,2.4087,False
FCFS,840489,2025,0.2733,0.3152,0.0844,2.272,0.3147,158.41,2.7258,False
FCN,887936,2015,0.177,0.3838,0.0107,0.885,,34.66,,False
FCN,887936,2016,0.1819,0.4229,0.0048,1.2227,,45.08,,False
FCN,887936,2017,0.1701,0.4633,0.0153,1.1135,,42.96,,False
FCN,887936,2018,0.2029,0.503,0.0188,1.7859,,66.64,,False
FCN,887936,2019,0.2034,0.5079,0.0173,2.3613,0.2164,110.66,2.6454,False
FCN,887936,2020,0.1655,0.5423,0.0255,2.2399,,111.72,,False
FCN,887936,2021,0.2102,0.5476,0.1006,2.7914,,153.42,,False
FCN,887936,2022,0.2286,0.5732,0.0937,2.8113,0.9344,158.8,4.0075,False
FCN,887936,2023,0.1993,0.6359,0.1135,4.09,1.0491,199.15,5.007,False
FCN,887936,2024,0.2468,0.6658,0.0966,3.9427,1.0283,191.13,4.9409,False
FCN,887936,2025,0.1554,0.5336,0.1115,2.6849,1.0855,170.83,3.9978,False
FEDU,1709819,2018,0.5815,,0.0777,,,,,False
FEDU,1709819,2019,0.3557,-0.0006,0.0012,,0.3601,,,False
FEDU,1709819,2020,0.3886,-0.1061,-0.1263,,0.3749,,,False
FEDU,1709819,2021,0.2997,-0.143,-0.0377,,0.2898,,,False
FEDU,1709819,2022,0.7177,-0.4193,-0.1099,,0.4153,,,False
FEDU,1709819,2023,0.7051,-0.4697,-0.0593,,0.0569,,,False
FEDU,1709819,2024,0.32,-0.4114,-0.0138,,0.1861,,,False
FEDU,1709819,2025,0.2207,-0.3782,-0.0215,,0.3434,,,False
FEDU,1709819,2026,0.1567,-0.3323,0.0091,,0.3441,,,False
FELE,38725,2015,0.2945,0.5,0.0907,,,24.16,,False
FELE,38725,2016,0.3135,0.529,0.1065,,,35.19,,False
FELE,38725,2017,0.2896,0.5103,0.0903,,,41.95,,False
FELE,38725,2018,0.274,0.5537,0.1116,,0.2678,39.6,,False
FELE,38725,2019,0.3195,0.5963,0.1064,,0.2679,53.56,,False
FELE,38725,2020,0.3266,0.6009,0.1026,,0.9804,65.38,,False
FELE,38725,2021,0.2086,0.5459,0.1201,,1.055,90.09,,False
FELE,38725,2022,0.267,0.5721,0.1518,,1.2063,76.71,,False
FELE,38725,2023,0.328,0.6241,0.1519,,1.195,93.88,,False
FELE,38725,2024,0.2914,0.6325,0.1338,,1.1103,95.59,,False
FELE,38725,2025,0.3161,0.5576,0.1383,,1.0961,94.77,,False
FHI,1056288,2015,0.1993,0.4597,0.0648,,,17.69,,False
FHI,1056288,2016,0.1707,0.4586,0.0734,,,18.84,,False
FHI,1056288,2017,0.2505,0.5663,0.0738,,,24.92,,False
FHI,1056288,2018,0.0796,0.5129,0.057,,0.199,19.1,,False
FHI,1056288,2019,0.1226,0.4948,0.0547,,0.1904,24.27,,False
FHI,1056288,2020,0.1504,0.4987,0.0557,,0.1766,23.35,,False
FHI,1056288,2021,0.1431,0.5882,0.1815,,0.6444,31.45,,False
FHI,1056288,2022,0.1948,0.5026,0.1667,,0.7156,31.4,,False
FHI,1056288,2023,0.2062,0.5683,0.1844,,0.7658,30.2,,False
FHI,1056288,2024,0.2361,0.6028,0.1734,,0.7829,39.14,,False
FHI,1056288,2025,0.2466,0.6868,0.2305,,0.8077,51.06,,False
FIVE,1177609,2015,0.4133,-0.1591,0.2363,11.8755,,32.1,,False
FIVE,1177609,2016,0.4526,0.1606,0.2262,9.2767,,39.96,,False
FIVE,1177609,2018,0.4087,0.275,0.1966,16.7071,,102.32,,False
FIVE,1177609,2019,0.1605,0.2231,0.1109,5.8715,0.3508,127.86,4.7447,False
FIVE,1177609,2020,0.1381,0.242,0.0669,6.7231,0.3709,174.98,5.13,False
FIVE,1177609,2021,0.1103,0.2913,0.1319,6.471,0.3459,206.89,5.2039,False
FIVE,1177609,2022,0.1395,0.331,0.1038,4.9605,0.3377,176.87,4.2873,False
FIVE,1177609,2023,0.1259,0.362,0.0693,5.1311,0.3455,213.16,4.3109,False
FIVE,1177609,2024,0.1371,0.3814,0.0569,2.2829,0.3205,104.96,2.5764,False
FIVE,1177609,2025,0.195,0.4079,0.0926,3.7795,0.965,188.36,4.3435,False
FIVN,1288847,2015,0.2289,-1.5561,-0.0235,8.9111,,8.7,,False
FIVN,1288847,2016,0.389,-1.58,0.0115,14.1545,,14.19,,False
FIVN,1288847,2017,0.4159,-1.3684,0.0013,22.8511,,24.88,,False
FIVN,1288847,2018,0.7247,-0.3839,0.0152,12.9682,0.1833,43.72,8.3464,False
FIVN,1288847,2019,0.6536,-0.3235,0.0063,17.1388,0.1913,65.58,10.8267,False
FIVN,1288847,2020,0.5505,-0.1863,0.0025,16.6099,0.1202,174.4,10.4942,False
FIVN,1288847,2021,0.3853,-0.1915,-0.01,10.4511,0.1455,137.32,6.5774,False
FIVN,1288847,2022,0.5046,-0.2596,-0.0106,5.426,0.1674,67.86,3.6299,False
FIVN,1288847,2023,0.5064,-0.2709,-0.0124,6.1475,0.16,78.69,4.0358,False
FIVN,1288847,2024,0.2959,-0.2036,0.002,2.1251,0.1359,40.64,1.4876,True
FIVN,1288847,2025,0.4171,-0.2113,0.0111,1.4919,0.1677,20.05,1.3041,True
FIZZ,69891,2020,0.4918,-0.6836,0.2555,16.0803,0.4045,33.72,10.5291,False
FIZZ,69891,2021,0.3908,0.606,0.4088,17.789,0.4686,38.24,13.8084,False
FIZZ,69891,2022,0.2762,0.4621,0.4443,16.09,2.4327,39.25,14.5313,False
FIZZ,69891,2023,0.3867,0.6239,0.325,19.4507,2.0422,41.94,16.1228,False
FIZZ,69891,2024,0.518,0.6948,0.2837,17.1417,1.5473,38.57,14.3629,False
FIZZ,69891,2025,0.396,0.6209,0.3499,11.7929,1.7854,28.83,11.3603,False
FIZZ,69891,2026,0.5376,0.7062,0.2702,13.7128,1.3862,31.63,12.1393,False
FLR,1124198,2015,0.307,0.4493,,1.2427,,43.06,,False
FLR,1124198,2016,0.1947,0.3887,,1.0691,,48.69,,False
FLR,1124198,2017,0.2173,0.3918,,1.0895,,48.76,,False
FLR,1124198,2018,0.2119,0.3839,,0.6947,,30.91,,False
FLR,1124198,2019,0.1989,0.2135,-0.0484,0.3858,,18.69,,False
FLR,1124198,2020,0.2,0.171,0.0434,0.3401,,15.97,,False
FLR,1124198,2021,0.2278,0.1086,-0.0082,0.5627,,24.77,,False
FLR,1124198,2022,0.2678,0.1312,0.0306,0.9196,,34.66,,False
FLR,1124198,2023,0.2725,0.1404,0.0211,1.0409,,39.17,,False
FLR,1124198,2024,0.2301,0.3417,0.0506,1.2699,,49.32,,False
FLR,1124198,2025,0.372,0.372,-0.0459,1.0617,,39.63,,False
FMC,37785,2015,0.2401,0.5351,-0.0087,0.7494,,26.69,,False
FMC,37785,2016,0.2298,0.571,0.0122,1.1718,,39.13,,False
FMC,37785,2017,0.1568,0.4293,0.0047,1.2677,,66.05,,False
FMC,37785,2018,0.1039,0.4345,0.0198,0.9538,0.1222,52.2,1.4931,True
FMC,37785,2019,0.1368,0.4243,0.0114,1.4124,0.1213,82.79,1.7644,True
FMC,37785,2020,0.1518,0.4424,0.0144,1.6834,0.1131,97.12,1.9723,False
FMC,37785,2021,0.1339,0.4717,0.0263,1.5695,0.1336,94.61,1.9833,False
FMC,37785,2022,0.1467,0.4973,0.0353,1.7588,0.1452,109.46,2.1894,False
FMC,37785,2023,0.1463,0.5523,0.0015,0.948,0.0961,56.89,1.6187,True
FMC,37785,2024,0.1664,0.5696,0.0201,0.7981,0.1051,45.67,1.6475,True
FMC,37785,2025,0.1243,0.4305,-0.1462,0.2254,0.1118,13.71,0.5163,True
FN,1408710,2015,0.5145,0.5788,0.0701,4.41,0.307,23.82,4.6121,False
FN,1408710,2016,0.4872,0.5268,0.0815,4.7814,0.3227,40.3,4.7827,False
FN,1408710,2017,0.4719,0.5307,0.1024,2.9259,0.3586,28.7,3.7614,False
FN,1408710,2018,0.5369,0.5813,0.0862,5.2976,0.3174,51.31,5.2386,False
FN,1408710,2019,0.5662,0.6011,0.0977,5.9241,0.3227,64.84,5.7206,False
FN,1408710,2020,0.5772,0.6284,0.085,6.8319,0.2933,77.59,6.2452,False
FN,1408710,2021,0.5619,0.6288,0.0933,8.43,1.1629,118.47,8.0834,False
FN,1408710,2022,0.5375,0.6628,0.1114,7.8953,1.2324,128.22,7.9102,False
FN,1408710,2023,0.5913,0.7398,0.1271,13.3475,1.3362,190.33,11.5097,False
FN,1408710,2024,0.6221,0.7529,0.1187,13.2924,1.2328,219.88,11.4006,False
FN,1408710,2025,0.5718,0.7393,0.1146,19.2026,1.2076,455.28,14.8285,False
FN,1408710,2026,0.4493,0.6562,0.1184,10.1581,1.1867,412.93,9.1299,False
FND,1507079,2017,0.1348,0.1119,0.1103,8.2925,,48.68,,False
FND,1507079,2018,0.1257,0.1974,0.1064,4.2446,0.3539,25.9,3.679,False
FND,1507079,2019,0.0641,0.1695,0.0685,3.4685,0.2267,50.81,2.8481,False
FND,1507079,2020,0.1186,0.2045,0.0745,5.2509,0.2512,92.85,4.0762,False
FND,1507079,2021,0.0647,0.2338,0.0909,5.7507,0.2451,130.01,4.4003,False
FND,1507079,2022,0.1036,0.269,0.0912,2.7523,0.2409,69.63,2.694,False
FND,1507079,2023,0.0353,0.3038,0.0689,4.3492,0.2248,111.56,3.5295,False
FND,1507079,2024,0.0491,0.3212,0.0507,3.6861,0.8822,99.7,3.7699,False
FND,1507079,2025,0.0688,0.3348,0.0494,2.1186,0.8564,60.89,2.8418,False
FORM,1039399,2015,0.6257,-1.2315,-0.0022,14.6348,,9.0,,False
FORM,1039399,2016,0.2779,-0.6925,-0.0235,4.0149,,11.2,,False
FORM,1039399,2017,0.3305,-0.5994,0.0083,6.5053,,15.65,,False
FORM,1039399,2018,0.3231,-0.3894,0.0162,7.4344,0.1935,14.09,4.5501,False
FORM,1039399,2019,0.3363,-0.2908,0.0282,10.2008,0.2127,25.97,6.4229,False
FORM,1039399,2020,0.3452,-0.172,0.087,15.3366,0.7201,43.02,10.3825,False
FORM,1039399,2021,0.3677,-0.0801,0.0961,17.445,0.7542,45.72,11.8673,False
FORM,1039399,2022,0.3222,-0.0308,0.0545,8.6856,0.7418,22.23,6.4765,False
FORM,1039399,2023,0.4,0.0464,0.0748,16.4575,0.5991,41.71,11.2652,False
FORM,1039399,2024,0.4133,0.1055,0.0565,17.3211,0.6662,44.0,11.8891,False
FORM,1039399,2025,0.3538,0.1432,0.0466,23.0609,0.6411,55.78,15.2566,False
FOSL,883569,2015,0.4046,0.3455,0.1236,,,,,False
FOSL,883569,2016,0.4265,0.406,0.0581,,,,,False
FOSL,883569,2017,0.4715,0.247,-0.2558,,,,,False
FOSL,883569,2018,0.4144,0.2423,0.0398,,1.6134,,,False
FOSL,883569,2019,0.3118,0.1868,-0.0177,,1.382,,,False
FOSL,883569,2020,0.2922,0.1378,-0.0915,,1.0912,,,False
FOSL,883569,2021,0.3559,0.1674,0.0677,,1.3663,,,False
FOSL,883569,2022,0.4195,0.1417,-0.0012,,1.3589,,,False
FOSL,883569,2023,0.3765,0.0188,-0.1462,,1.4441,,,False
FOSL,883569,2024,0.2985,-0.1104,-0.1361,,1.4995,,,False
FOSL,883569,2025,0.2409,-0.2359,-0.0277,,1.4572,,,False
FOUR,1794669,2020,0.525,-0.1566,-0.0031,5.367,0.1185,75.4,3.7392,False
FOUR,1794669,2021,0.542,-0.1389,-0.021,2.3543,0.5838,57.93,2.3831,False
FOUR,1794669,2022,0.2832,-0.1424,0.0371,2.13,0.7806,55.93,2.3215,False
FOUR,1794669,2023,0.1325,-0.1023,0.0339,2.3299,0.7571,74.34,2.2826,False
FOUR,1794669,2024,0.1052,-0.0453,0.049,2.0366,0.6606,103.78,2.1072,False
FOUR,1794669,2025,0.0995,-0.0536,0.0403,0.736,0.4797,62.97,1.0986,True
FOXF,1424929,2015,0.208,0.2051,0.0339,5.5037,,16.53,,False
FOXF,1424929,2016,0.2857,0.2765,0.0402,7.7415,,27.75,,False
FOXF,1424929,2017,0.2725,0.3174,0.0375,9.0468,,38.85,,False
FOXF,1424929,2018,0.2785,0.4527,0.0471,16.5214,0.3232,58.87,11.3595,False
FOXF,1424929,2019,0.3118,0.5129,0.0429,17.0604,0.3051,69.57,11.7752,False
FOXF,1424929,2020,0.3238,0.307,0.0293,7.8308,0.2039,105.71,5.8174,False
FOXF,1424929,2021,0.3264,0.3687,0.0284,11.5009,0.2259,170.1,8.128,False
FOXF,1424929,2022,0.3329,0.4721,0.1524,7.716,0.9902,91.23,7.1834,False
FOXF,1424929,2023,0.25,0.3916,0.0714,2.7792,0.653,67.48,3.4043,False
FOXF,1424929,2024,0.2096,0.3922,0.0258,1.2338,0.6244,30.27,2.2505,False
FOXF,1424929,2025,0.2903,0.1979,-0.3128,0.7179,0.8777,17.11,0.9017,True
FRHC,924805,2016,0.0115,-0.0726,-0.0568,,0.0,,,False
FRPT,1611647,2015,0.1436,-1.6673,0.0254,44.6037,,8.49,,False
FRPT,1611647,2016,0.0045,-1.5162,0.0123,26.1288,,10.15,,False
FRPT,1611647,2017,0.0767,-1.4637,0.0121,53.579,,18.95,,False
FRPT,1611647,2018,0.091,-1.4386,0.0135,83.5866,0.369,32.16,48.6607,False
FRPT,1611647,2019,0.0523,-0.8586,0.0206,27.0811,0.2785,59.09,15.4559,False
FRPT,1611647,2020,0.1749,-0.4741,-0.0071,169.6652,0.1946,141.99,101.5163,False
FRPT,1611647,2021,0.1165,-0.3004,-0.0314,70.8131,0.5424,95.27,42.6458,False
FRPT,1611647,2022,0.1531,-0.2622,-0.0462,27.0325,0.529,52.77,16.4127,False
FRPT,1611647,2023,0.2309,-0.2245,-0.0208,8.1601,0.5237,86.76,5.3139,False
FRPT,1611647,2024,0.2147,-0.1789,0.0241,13.7009,0.6192,148.11,8.9265,False
FRPT,1611647,2025,0.2009,-0.0803,0.0426,5.1451,0.6199,60.93,3.9761,False
FSS,277509,2015,0.2969,0.4125,0.1548,3.313,,14.16,,False
FSS,277509,2016,0.2716,0.4692,0.0897,3.4895,,14.24,,False
FSS,277509,2017,0.1881,0.3493,0.0676,2.126,,18.63,,False
FSS,277509,2018,0.1658,0.4224,0.1187,2.3121,1.0642,18.7,3.6334,False
FSS,277509,2019,0.172,0.4532,0.1262,3.5711,1.0479,30.65,4.448,False
FSS,277509,2020,0.2127,0.5005,0.1087,3.8405,0.9355,31.88,4.5544,False
FSS,277509,2021,0.1908,0.5004,0.0957,4.4054,0.8881,42.01,4.7765,False
FSS,277509,2022,0.2302,0.5132,0.1055,4.1838,0.9413,45.47,4.7944,False
FSS,277509,2023,0.231,0.5651,0.1385,7.459,1.0631,75.59,7.0641,False
FSS,277509,2024,0.227,0.6247,0.1594,9.6448,1.0546,91.5,8.5146,False
FSS,277509,2025,0.2388,0.5497,0.1425,6.533,0.9114,108.16,6.3576,False
FTDR,1727263,2018,-0.0144,-0.3228,,1.3236,1.2085,26.61,,False
FTI,1681459,2018,0.1068,0.045,-0.0215,0.3739,0.1341,13.65,0.4786,True
FTI,1681459,2019,0.0743,-0.0665,-0.0487,0.38,0.1585,15.3,0.2221,True
FTI,1681459,2020,0.0523,-0.2496,-0.1301,0.174,0.174,6.85,-0.4375,True
FTI,1681459,2021,0.1487,-0.4894,0.0183,0.3445,0.6391,5.8,0.3994,True
FTI,1681459,2022,0.0862,-0.5305,0.0398,0.7592,0.7095,11.94,0.6571,True
FTI,1681459,2023,0.0753,-0.5171,0.0682,1.1993,0.8102,19.83,1.1212,True
FTI,1681459,2024,0.0611,-0.4367,0.1173,1.6728,0.9204,28.71,1.7729,True
FTI,1681459,2025,0.0623,-0.3717,0.1419,2.5979,0.9817,44.47,2.5631,False
FTRE,1965040,2023,0.1095,-0.0113,0.0145,1.2676,0.7135,34.9,1.6375,True
FTRE,1965040,2024,-0.0004,-0.1109,-0.0452,0.8001,0.7534,18.65,0.9284,True
FTRE,1965040,2025,-0.0059,-0.5093,-0.3213,0.7622,1.0028,17.25,-0.3204,True
FUL,39368,2015,0.2211,0.487,0.0835,1.4685,,31.8,,False
FUL,39368,2016,0.2038,0.53,0.0982,2.0571,,42.67,,False
FUL,39368,2017,0.1468,0.2567,0.0289,0.7805,,48.13,,False
FUL,39368,2018,0.1297,0.3078,0.061,0.6864,0.184,38.58,1.3839,True
FUL,39368,2019,0.1232,0.3473,0.0567,0.9194,0.1854,47.23,1.5584,True
FUL,39368,2020,0.1213,0.3652,0.0541,0.9776,,48.25,,False
FUL,39368,2021,0.1133,0.3745,0.0591,1.5301,,76.16,,False
FUL,39368,2022,0.133,0.3901,0.0723,1.2838,,68.09,,False
FUL,39368,2023,0.1311,0.3901,0.0752,1.4188,,78.28,,False
FUL,39368,2024,0.1176,0.3902,0.0706,1.1371,,65.61,,False
FUL,39368,2025,0.1003,0.3909,,0.9939,,58.75,,False
FUN,1999001,2024,-0.0577,-0.018,0.034,0.6956,,48.19,,False
FUN,1999001,2025,-0.0272,-0.2261,-0.1763,0.2165,,15.34,,False
FWDI,38264,2015,0.5735,-0.8046,-0.1184,,,,,False
FWDI,38264,2016,0.6591,-0.7805,0.0498,,,,,False
FWDI,38264,2017,0.6792,-0.6915,0.0455,,,,,False
FWDI,38264,2018,0.3946,-0.4013,0.0136,,1.7942,,,False
FWDI,38264,2019,0.2201,-0.7034,-0.1925,,2.3244,,,False
FWDI,38264,2020,0.1754,-0.6765,-0.1024,,1.7813,,,False
FWDI,38264,2021,0.2814,-0.6332,-0.0385,,1.9653,,,False
FWDI,38264,2022,0.2082,-0.6662,-0.0592,,2.0219,,,False
FWDI,38264,2023,0.0307,-1.0173,0.0092,,2.1102,,,False
FWDI,38264,2024,0.0185,-1.3297,-0.1309,,2.0446,,,False
FWDI,38264,2025,0.0261,-0.1265,-0.0057,,0.0123,,,False
G,1398659,2015,0.215,0.1473,0.0299,2.5084,,22.23,,False
G,1398659,2016,0.1718,0.1241,0.034,2.2823,,21.66,,False
G,1398659,2017,0.1725,0.1032,0.0209,2.3698,,28.5,,False
G,1398659,2018,0.1073,0.1242,0.0314,1.9347,0.2367,24.47,1.8038,True
G,1398659,2019,0.144,0.1456,0.0268,2.3452,0.2112,38.59,2.0836,False
G,1398659,2020,0.1121,0.1522,0.0232,2.1136,0.195,38.23,1.8873,False
G,1398659,2021,0.1232,0.1472,0.1023,2.7027,0.8084,49.51,3.1216,False
G,1398659,2022,0.1474,0.17,0.1094,2.658,0.9526,43.7,3.3233,False
G,1398659,2023,0.1194,0.2258,0.1313,2.1828,0.9316,33.22,3.1338,False
G,1398659,2024,0.2238,0.248,0.1408,2.7034,0.9559,41.79,3.6583,False
G,1398659,2025,0.1804,0.2379,0.1284,2.3482,0.8694,46.03,3.2515,False
GAP,39911,2015,0.194,0.3265,0.2039,1.2082,,16.95,,False
GAP,39911,2016,0.2447,0.3612,0.1565,1.2062,,16.16,,False
GAP,39911,2017,0.2637,0.3857,0.1851,1.8285,,25.22,,False
GAP,39911,2018,0.258,0.4325,0.1692,1.5384,0.5744,19.69,2.9709,False
GAP,39911,2019,0.0955,0.2381,0.042,0.4796,0.3417,14.15,1.2159,True
GAP,39911,2020,0.1543,0.1816,-0.0626,0.5158,1.0023,16.38,1.5445,True
GAP,39911,2021,0.0853,0.2055,0.0635,0.5095,1.3063,14.56,2.2114,False
GAP,39911,2022,0.1195,0.188,-0.0061,0.3765,1.3715,9.81,1.984,False
GAP,39911,2023,0.1176,0.2191,0.0507,0.802,1.3482,19.29,2.4446,False
GAP,39911,2024,0.1638,0.2557,0.0936,0.9127,1.2693,22.4,2.6803,False
GAP,39911,2025,0.1961,0.2856,0.0883,0.9956,1.2164,25.03,2.7403,False
GBTG,1820872,2020,-0.0011,-0.127,,,0.0,,,False
GBTG,1820872,2021,-0.0168,-0.1195,,,0.0,,,False
GBTG,1820872,2022,0.1237,-0.0469,-0.0531,,0.4965,,,False
GBTG,1820872,2023,0.141,-0.3831,-0.0021,,0.6105,,,False
GBTG,1820872,2024,0.1382,-0.4346,0.0317,,0.6686,,,False
GBTG,1820872,2025,0.0382,-0.2982,0.0264,,0.5529,,,False
GEF,43920,2015,0.109,0.4176,0.0581,,,20.95,,False
GEF,43920,2016,0.0828,0.425,0.0716,,,36.42,,False
GEF,43920,2017,0.0949,0.4209,0.0843,,,44.29,,False
GEF,43920,2018,0.0959,0.4601,0.116,,0.3092,28.05,,False
GEF,43920,2019,0.0781,0.2836,0.0735,,0.227,34.93,,False
GEF,43920,2020,0.0549,0.2802,0.0553,,0.2107,38.99,,False
GEF,43920,2021,0.0602,0.3139,0.1006,,0.9553,51.7,,False
GEF,43920,2022,0.0825,0.383,0.1136,,1.1608,59.19,,False
GEF,43920,2023,0.0721,0.3922,0.1016,,0.8755,59.73,,False
GEF,43920,2024,0.0805,0.374,0.0699,,0.8196,57.56,,False
GEO,923796,2015,0.0456,0.0453,0.0191,0.6168,,11.7,,False
GEO,923796,2016,0.0516,0.0301,0.0181,0.7553,,15.92,,False
GEO,923796,2017,0.0497,0.0075,0.0157,0.7273,,16.73,,False
GEO,923796,2018,-0.0244,-0.0124,0.0149,0.6226,,15.17,,False
GEO,923796,2019,0.0352,-0.0277,0.0154,0.5605,0.5739,14.14,0.9642,True
GEO,923796,2020,0.0673,-0.05,0.0085,0.3191,0.5269,8.6,0.7573,True
GEO,923796,2021,0.1245,-0.0388,0.0635,0.2864,0.4973,7.75,0.9739,True
GEO,923796,2022,0.0313,-0.0011,0.1019,0.5556,0.632,10.95,1.3376,True
GEO,923796,2023,0.0246,0.0279,0.0953,0.5928,0.6528,10.83,1.3917,True
GEO,923796,2024,0.044,0.011,0.0853,1.6032,0.6673,27.98,1.9791,False
GEO,923796,2025,0.0941,0.0766,0.067,0.9076,0.6847,16.12,1.6703,True
GFF,50725,2015,0.2502,0.2625,0.0583,0.4464,,12.82,,False
GFF,50725,2016,0.2596,0.267,0.0581,0.631,,19.1,,False
GFF,50725,2017,0.3881,0.2564,0.0368,0.4607,,15.0,,False
GFF,50725,2018,0.2493,0.2641,0.0463,0.2323,0.2616,8.26,1.2226,True
GFF,50725,2019,0.2579,0.274,0.0652,0.4634,0.2767,16.34,1.4629,True
GFF,50725,2020,0.2704,0.2474,0.0631,0.4292,0.269,16.64,1.4057,True
GFF,50725,2021,0.3204,0.2572,0.0655,0.5939,0.8717,23.57,2.1889,False
GFF,50725,2022,0.2809,0.1222,-0.0671,0.6247,1.0114,32.26,1.6728,True
GFF,50725,2023,0.2569,0.1164,0.0814,1.2779,1.1101,59.35,2.6167,False
GFF,50725,2024,0.2448,0.1946,0.168,1.4778,1.1065,70.02,3.1139,False
GFF,50725,2025,0.2694,0.2321,0.1,1.6643,1.2211,73.11,3.1979,False
GGG,42888,2025,0.3068,0.4449,0.1908,21.173,0.6831,81.1,15.0077,False
GHC,104889,2015,0.2609,1.2515,0.0156,,,436.94,,False
GHC,104889,2016,0.2374,1.2609,0.0247,,,465.98,,False
GHC,104889,2017,0.1736,1.1729,0.0136,,,512.79,,False
GHC,104889,2018,0.1512,1.309,0.0159,,0.5659,593.71,,False
GHC,104889,2019,0.1048,1.1017,0.0051,,,597.06,,False
GHC,104889,2020,0.128,1.056,0.0072,,0.1221,505.62,,False
GHC,104889,2021,0.0917,0.9598,0.0104,,0.4291,602.96,,False
GHC,104889,2022,0.0811,1.0883,0.0127,,0.5962,584.73,,False
GHC,104889,2023,0.0862,1.0208,0.0057,,0.1623,681.54,,False
GHC,104889,2024,0.1171,1.0462,0.0281,,0.624,860.94,,False
GHC,104889,2025,0.1242,0.9877,0.028,,0.585,1093.24,,False
GIII,821002,2015,0.5328,0.4262,0.1575,6.5593,,43.67,,False
GIII,821002,2016,0.5554,0.4734,0.1558,4.2262,,29.17,,False
GIII,821002,2017,0.3064,0.3307,0.0505,1.8788,,36.4,,False
GIII,821002,2018,0.3198,0.3522,0.0804,1.4852,,27.52,,False
GIII,821002,2019,0.3048,0.3437,0.1045,1.3906,0.3473,33.05,2.3734,False
GIII,821002,2020,0.2942,0.3482,0.0887,0.7879,0.2942,23.42,1.9003,False
GIII,821002,2021,0.4164,0.4073,0.1134,0.9567,1.0088,27.27,3.027,False
GIII,821002,2022,0.3957,0.3628,-0.0404,0.4369,1.1896,13.53,2.3013,False
GIII,821002,2023,0.4351,0.4327,0.1057,1.2687,1.1556,33.53,3.3934,False
GIII,821002,2024,0.3322,0.5451,0.118,1.7167,1.2809,32.18,3.8622,False
GIII,821002,2025,0.3537,0.5427,0.0414,1.4449,1.1326,28.66,3.3201,False
GKOS,1192448,2015,0.7181,-1.6853,-0.0172,67.8302,,24.69,,False
GKOS,1192448,2016,0.7672,-1.4296,0.0035,118.3336,,34.3,,False
GKOS,1192448,2017,0.7397,-1.1589,0.0032,54.7491,,25.65,,False
GKOS,1192448,2018,0.7064,-0.9911,0.0092,100.0643,0.2613,56.17,59.7902,False
GKOS,1192448,2019,0.2507,-0.2318,-0.0363,22.1381,0.0805,54.47,13.2199,False
GKOS,1192448,2020,0.4174,-0.3084,-0.0113,13.1315,0.0728,75.26,7.9836,False
GKOS,1192448,2021,0.4028,-0.3479,-0.017,5.667,0.0698,44.44,3.41,False
GKOS,1192448,2022,0.3706,-0.4633,-0.0337,5.4541,0.0711,43.68,3.0286,False
GKOS,1192448,2023,0.3418,-0.637,-0.1369,9.7956,0.3347,79.49,5.2787,False
GKOS,1192448,2024,0.3844,-0.7647,-0.1255,42.5553,0.3934,149.94,24.9029,False
GKOS,1192448,2025,0.4183,-1.0444,-0.2234,28.0614,0.5679,112.91,15.7074,False
GLBE,1835963,2021,0.5802,-0.1509,-0.0776,,0.2899,,,False
GLBE,1835963,2022,0.142,-0.2779,-0.1628,,0.3518,,,False
GLBE,1835963,2023,0.2054,-0.38,-0.114,,0.474,,,False
GLBE,1835963,2024,0.2966,-0.4214,-0.0538,,0.5958,,,False
GLBE,1835963,2025,0.3259,-0.3667,0.049,,0.6578,,,False
GME,1326380,2015,0.0333,0.5005,0.0881,1.2109,,5.41,,False
GME,1326380,2016,0.0762,0.4625,0.0576,0.9527,,5.14,,False
GME,1326380,2017,0.1236,0.4324,-0.0192,0.6995,,3.92,,False
GME,1326380,2018,0.2341,0.3369,-0.0574,0.5682,2.0486,3.05,2.9528,False
GME,1326380,2019,0.1404,0.2448,0.0267,0.3473,2.2932,1.52,3.1007,False
GME,1326380,2020,0.0843,0.1921,0.0076,1.1671,2.0585,4.71,3.1539,False
GME,1326380,2021,0.3555,0.0267,-0.1053,9.8677,1.7177,37.1,7.7549,False
GME,1326380,2022,0.3162,-0.0705,-0.1001,5.1996,1.9038,18.46,4.9741,False
GME,1326380,2023,0.3838,-0.0786,-0.0127,6.4535,1.9464,17.53,6.1271,False
GME,1326380,2024,0.7982,-0.0139,-0.0045,16.7207,0.6507,31.34,11.6068,False
GME,1326380,2025,0.9007,0.0198,0.0223,2.049,0.3494,20.08,2.7611,False
GMED,1237831,2015,0.554,0.6289,0.2065,31.4471,,27.82,,False
GMED,1237831,2016,0.4677,0.678,0.1662,34.8584,,24.81,,False
GMED,1237831,2017,0.4889,0.6827,0.1501,49.8371,,41.1,,False
GMED,1237831,2018,0.411,0.6864,0.1302,50.4616,0.1506,43.28,32.3113,False
GMED,1237831,2019,0.376,0.684,0.1123,60.9862,0.1382,58.88,38.5091,False
GMED,1237831,2020,0.4174,0.6223,0.0663,50.561,0.139,65.22,32.0666,False
GMED,1237831,2021,0.3701,0.6102,0.0879,44.9043,0.4895,72.2,29.0203,False
GMED,1237831,2022,0.397,0.5972,0.1098,43.4015,0.4927,74.27,28.2084,False
GMED,1237831,2023,0.2994,0.2236,0.0262,6.5754,0.3084,53.29,5.0124,False
GMED,1237831,2024,0.2516,0.2195,0.0316,10.3357,0.4797,82.71,7.3946,False
GMED,1237831,2025,0.3068,0.2617,0.0905,16.0689,0.5542,87.31,11.2288,False
GNTX,355811,2015,0.397,0.5163,0.0589,6.506,,13.16,,False
GNTX,355811,2016,0.4352,0.5243,0.0554,8.7293,,16.54,,False
GNTX,355811,2017,0.4,0.5536,0.057,12.4933,,17.94,,False
GNTX,355811,2018,0.3269,0.5287,0.0602,16.6149,,17.64,,False
GNTX,355811,2019,0.359,0.5147,0.0511,23.569,0.2046,25.81,15.6662,False
GNTX,355811,2020,0.3647,0.4958,0.0739,27.7132,0.2411,30.78,18.2446,False
GNTX,355811,2021,0.3244,0.4891,0.1923,34.9137,0.8122,32.05,23.4689,False
GNTX,355811,2022,0.3,0.4935,0.0404,20.5576,0.2121,25.51,13.731,False
GNTX,355811,2023,0.2781,0.512,0.0508,21.8915,0.2256,31.06,14.5787,False
GNTX,355811,2024,0.2842,0.5253,0.0325,20.2349,0.1962,27.73,13.5209,False
GNTX,355811,2025,0.253,0.5006,0.1618,11.0285,0.8654,22.91,9.0209,False
GO,1771515,2019,0.0285,0.0128,0.0078,2.2326,0.2999,32.45,1.7173,True
GO,1771515,2020,0.0601,0.0544,0.0112,2.4877,0.3246,39.25,2.0024,False
GO,1771515,2021,0.0767,0.074,0.0334,1.6875,1.1535,28.28,2.4717,False
GO,1771515,2022,0.0674,0.0947,0.0343,1.74,1.2906,29.19,2.6611,False
GO,1771515,2023,0.0446,0.1152,0.0424,1.5263,1.3367,26.96,2.607,False
GO,1771515,2024,0.0486,0.1202,0.0247,0.7826,1.3774,15.61,2.1549,False
GO,1771515,2025,0.0432,0.0506,-0.0717,0.4749,1.5169,10.1,1.6879,True
GOLF,1672013,2016,0.1166,-0.0311,0.0044,1.0071,,16.68,,False
GOLF,1672013,2017,0.2202,0.0009,0.0153,1.216,,18.32,,False
GOLF,1672013,2018,0.2182,0.0431,0.0116,1.4284,0.203,18.7,1.4204,True
GOLF,1672013,2019,0.2112,0.0831,0.0157,1.9895,0.2027,29.48,1.8181,False
GOLF,1672013,2020,0.2369,0.107,0.0145,2.5778,0.2253,37.48,2.2539,False
GOLF,1672013,2021,0.2424,0.162,0.1295,3.1493,1.0708,49.73,3.9055,False
GOLF,1672013,2022,0.2327,0.2157,0.1283,1.9513,1.0349,40.44,3.2103,False
GOLF,1672013,2023,0.2484,0.0728,0.1299,2.7783,1.0844,61.07,3.5799,False
GOLF,1672013,2024,0.2299,0.0827,0.1396,2.9392,1.127,69.6,3.7426,False
GOLF,1672013,2025,0.2541,0.0606,0.1278,2.9683,1.0922,79.15,3.6847,False
GPI,1031203,2015,0.037,0.2098,0.063,0.2327,,68.25,,False
GPI,1031203,2016,0.0218,0.2361,0.0763,0.2408,,71.33,,False
GPI,1031203,2017,0.0268,0.2559,0.0702,0.2096,,65.88,,False
GPI,1031203,2018,0.0032,0.2789,0.0682,0.1517,0.5816,49.7,1.292,True
GPI,1031203,2019,0.0169,0.2769,0.0173,0.2642,0.5586,95.6,1.1822,True
GPI,1031203,2020,0.0317,0.3572,0.0955,0.4131,2.1322,126.12,3.2334,False
GPI,1031203,2021,0.0213,0.408,0.1538,0.5749,0.607,189.24,2.0564,False
GPI,1031203,2022,0.0095,0.4576,0.1625,0.4691,2.4149,176.27,3.8845,False
GPI,1031203,2023,0.0367,0.4695,0.1246,0.7013,2.2991,299.98,3.8324,False
GPI,1031203,2024,0.0102,0.4196,0.0925,0.7262,2.0291,417.26,3.37,False
GPI,1031203,2025,0.0251,0.4273,0.0709,0.6168,2.1809,391.15,3.4133,False
GPOR,874499,2015,0.0045,-0.2193,-0.2436,,0.0571,,,False
GPOR,874499,2016,0.2898,-0.4052,-0.0452,,0.015,,,False
GPOR,874499,2017,-0.0381,-0.2197,0.0298,,0.0685,,,False
GPOR,874499,2018,-0.0368,-0.1397,0.0256,,0.0687,,,False
GPOR,874499,2019,-0.0374,-0.7334,-0.3719,,0.0724,,,False
GPOR,874499,2020,-0.0396,-1.7611,0.0077,,0.0964,,,False
GPOR,874499,2021,-0.1667,-0.052,-0.0258,0.8161,0.2471,72.03,0.3788,True
GPOR,874499,2022,-0.1543,0.1507,0.2143,0.7876,0.5252,73.64,1.7307,True
GPOR,874499,2023,0.016,0.5655,0.2983,2.2186,0.5483,133.2,3.6749,False
GPOR,874499,2024,-0.0398,0.5522,-0.0826,2.9163,0.3343,184.2,2.5367,False
GPOR,874499,2025,-0.0383,0.6056,0.1982,3.0783,0.4696,207.99,3.7725,False
GPRO,1500435,2015,0.4878,0.1309,0.0496,,1.4687,,,False
GPRO,1500435,2016,0.1702,-0.2977,-0.4042,,1.2849,,,False
GPRO,1500435,2017,0.2389,-0.52,-0.1923,,1.3875,,,False
GPRO,1500435,2018,0.25,-0.8148,-0.1345,,1.6443,,,False
GPRO,1500435,2019,0.2635,-0.7363,-0.0029,,1.5069,,,False
GPRO,1500435,2020,0.3811,-0.8433,-0.0477,,1.1562,,,False
GPRO,1500435,2021,0.2437,0.0374,0.0899,,0.9216,,,False
GPRO,1500435,2022,0.3065,-0.1821,0.0362,,1.0154,,,False
GPRO,1500435,2023,0.2102,-0.2576,-0.078,,1.0387,,,False
GPRO,1500435,2024,-0.0313,-1.2537,-0.2484,,1.4742,,,False
GPRO,1500435,2025,-0.0575,-1.811,-0.1947,,1.5224,,,False
GRVY,1313310,2015,0.7625,-1.0663,-0.3768,,0.7798,,,False
GRVY,1313310,2016,0.5926,-0.879,0.062,,0.9313,,,False
GSHD,1726978,2018,0.4318,-0.189,0.0403,8.4165,,23.88,,False
GSHD,1726978,2019,0.2061,-0.3684,0.0501,8.6593,,39.16,,False
GSHD,1726978,2020,0.163,-0.1863,0.1073,10.9857,,116.49,,False
GSHD,1726978,2021,0.0748,-0.2266,0.0324,7.7257,,123.11,,False
GSHD,1726978,2022,0.0528,-0.1885,0.0315,1.9361,,32.5,,False
GSHD,1726978,2023,0.0949,-0.1326,0.0929,4.4871,,71.74,,False
GSHD,1726978,2024,0.1562,-0.0387,0.1538,5.9848,,101.48,,False
GSHD,1726978,2025,0.0842,-0.3214,0.1795,2.6963,0.0,73.65,1.861,False
GT,42582,2015,0.072,0.278,0.123,0.6951,,29.69,,False
GT,42582,2016,0.0546,0.3518,,0.6925,,28.35,,False
GT,42582,2017,0.0618,0.3542,,0.7088,,30.07,,False
GT,42582,2018,0.0678,0.391,,0.474,0.9172,19.43,,False
GT,42582,2019,0.0376,0.3557,,0.3503,0.858,15.38,,False
GT,42582,2020,0.0311,0.2913,,0.2371,0.7465,10.91,,False
GT,42582,2021,0.0336,0.2604,,0.3785,0.8167,21.32,,False
GT,42582,2022,0.068,0.2575,,0.1722,0.9275,10.15,,False
GT,42582,2023,0.0233,0.2357,,0.2462,0.9298,14.32,,False
GT,42582,2024,0.0141,0.2459,,0.1614,0.9005,9.0,,False
GT,42582,2025,0.0239,0.1845,,0.1703,1.004,8.76,,False
GTES,1718512,2018,0.1689,0.0568,0.0739,0.7637,0.1178,13.24,1.1021,True
GTES,1718512,2019,0.1755,0.1446,0.0468,0.7916,0.0979,13.76,1.1403,True
GTES,1718512,2020,0.1589,0.155,0.0284,0.7616,0.3761,12.76,1.3346,True
GTES,1718512,2021,0.1889,0.1909,0.0643,0.9941,0.4612,15.91,1.7636,True
GTES,1718512,2022,0.2121,0.2062,0.0534,0.7707,0.4942,11.41,1.676,True
GTES,1718512,2023,0.2236,0.2016,0.0638,0.9156,0.4921,13.42,1.8024,True
GTES,1718512,2024,0.2335,0.218,0.0705,1.5111,0.5022,20.57,2.2271,False
GTES,1718512,2025,0.2442,0.2311,0.0651,1.5699,0.4815,21.47,2.2546,False
GTM,1794515,2020,0.0573,-0.0017,0.0159,10.1169,0.2046,48.23,6.3937,False
GTM,1794515,2021,0.0056,0.0165,0.0165,3.8495,0.109,64.2,2.503,False
GTM,1794515,2022,0.0363,0.0247,0.0246,1.8019,0.1539,30.11,1.3944,True
GTM,1794515,2023,0.0329,0.0412,0.0378,1.1334,0.1805,18.49,1.0824,True
GTM,1794515,2024,-0.0311,0.0483,0.0151,0.6409,0.1878,10.51,0.6523,True
GTM,1794515,2025,-0.0278,0.0678,0.035,0.6004,0.194,10.17,0.7315,True
GVA,861459,2015,0.3189,0.4297,0.0678,2.0849,,37.57,,False
GVA,861459,2016,0.3225,0.4244,0.0533,2.5144,,48.69,,False
GVA,861459,2017,0.3081,0.4186,0.0527,2.6772,,56.7,,False
GVA,861459,2018,0.2978,0.3179,0.0259,1.4161,1.3399,36.4,3.0773,False
GVA,861459,2019,0.2138,0.2375,-0.0331,0.8164,1.3771,25.38,2.3467,False
GVA,861459,2020,0.2151,0.1785,-0.0665,0.786,1.4968,25.22,2.2569,False
GVA,861459,2021,0.3038,0.1647,0.0004,1.0608,1.2065,37.02,2.4396,False
GVA,861459,2022,0.2536,0.222,0.0394,1.2291,1.5228,34.12,3.0053,False
GVA,861459,2023,0.2181,0.1784,0.0285,1.1943,1.2472,50.11,2.5691,False
GVA,861459,2024,0.2263,0.1998,0.0685,1.8954,1.3245,87.07,3.2393,False
GVA,861459,2025,0.082,0.1922,0.0701,1.7671,1.0978,115.13,2.7568,False
GWRE,1528396,2015,0.6966,0.0411,0.0206,44.6158,,60.16,,False
GWRE,1528396,2016,0.6424,0.0522,0.0179,30.5853,,49.33,,False
GWRE,1528396,2017,0.4779,0.064,0.0247,32.8024,,74.26,,False
GWRE,1528396,2018,0.4968,0.0631,0.0243,11.5852,,80.23,,False
GWRE,1528396,2019,0.5089,0.0877,0.0007,15.1837,0.332,109.77,10.1779,False
GWRE,1528396,2020,0.4728,0.0689,-0.0101,14.9063,0.3139,128.73,9.8881,False
GWRE,1528396,2021,0.4544,-0.0285,-0.0455,11.981,0.3201,113.53,7.864,False
GWRE,1528396,2022,0.4037,-0.1253,-0.088,6.292,0.3585,62.56,4.1524,False
GWRE,1528396,2023,0.3582,-0.3047,-0.0737,10.7922,0.4464,109.04,6.6817,False
GWRE,1528396,2024,0.2057,-0.2803,-0.0236,15.6439,0.4404,168.58,9.6032,False
GWRE,1528396,2025,0.3538,-0.2037,0.0151,13.0404,0.4419,201.01,8.4553,False
GWRE,1528396,2026,0.2028,-0.3975,0.0582,12.1366,0.5725,204.75,7.7332,False
GXO,1852244,2021,-0.0316,0.0173,0.0208,2.1342,1.092,90.83,2.4273,False
GXO,1852244,2022,-0.0113,0.035,0.0263,0.7485,0.9755,42.69,1.5467,True
GXO,1852244,2023,-0.0061,0.0581,0.0334,1.0691,1.0285,61.16,1.8543,False
GXO,1852244,2024,-0.0486,0.0609,0.0194,0.6061,1.0393,43.5,1.4937,True
GXO,1852244,2025,-0.0479,0.0586,0.02,0.6529,1.0747,52.64,1.5569,True
H,1468174,2015,0.0022,0.3013,0.0255,,,45.4,,False
H,1468174,2016,0.0277,0.3217,0.0373,,,53.36,,False
H,1468174,2017,0.0471,0.3574,0.0747,,,71.01,,False
H,1468174,2018,0.0372,0.4997,0.1244,,0.1489,65.78,,False
H,1468174,2019,0.0737,0.4954,0.1195,,0.1515,88.19,,False
H,1468174,2020,0.173,0.3712,-0.1052,,0.2263,73.16,,False
H,1468174,2021,-0.0135,0.2513,0.0035,,0.2403,94.49,,False
H,1468174,2022,-0.0842,0.2942,0.0295,,0.4785,89.12,,False
H,1468174,2023,-0.1128,0.2913,0.0242,,0.5195,129.01,,False
H,1468174,2024,-0.0406,0.2863,0.1173,,0.4989,155.91,,False
H,1468174,2025,-0.0511,0.2481,0.0058,,0.5059,159.91,,False
HAE,313143,2015,0.2566,0.283,0.0078,2.2248,,32.24,,False
HAE,313143,2016,0.2293,0.2397,-0.0042,3.0607,,40.2,,False
HAE,313143,2017,0.2413,0.234,-0.0464,5.2945,,58.08,,False
HAE,313143,2018,0.1103,0.2157,0.0115,9.3873,,100.05,,False
HAE,313143,2019,0.267,0.1266,0.0187,8.6136,,114.9,,False
HAE,313143,2020,0.2595,0.062,0.0205,7.9452,,118.75,,False
HAE,313143,2021,0.2418,0.0868,-0.0116,2.2175,,53.04,,False
HAE,313143,2022,0.1687,0.1088,0.0434,3.2228,,78.65,,False
HAE,313143,2023,0.2677,0.1308,0.0806,3.4835,,85.51,,False
HAE,313143,2024,0.2134,0.1642,0.0751,2.875,0.5962,78.08,3.0549,False
HAE,313143,2025,0.1456,0.1437,0.0905,2.237,0.5552,80.15,2.572,False
HAE,313143,2026,0.2305,0.1166,0.0654,2.9316,0.5568,103.07,2.9715,False
HALO,1159036,2023,0.3657,0.0522,0.1948,2.5432,0.4784,36.96,3.1591,False
HALO,1159036,2024,0.4586,0.1744,0.2673,3.1926,0.492,47.81,4.084,False
HALO,1159036,2025,0.2566,0.0217,0.1857,3.0843,0.553,67.3,3.3549,False
HAYW,1834622,2021,0.15,0.1077,0.1068,,0.4706,26.23,,False
HAYW,1834622,2022,0.1321,0.174,0.0993,,0.4571,9.4,,False
HAYW,1834622,2023,0.1646,0.1972,0.0595,,0.3368,13.6,,False
HAYW,1834622,2024,0.1518,0.2339,0.0698,,0.3516,15.29,,False
HAYW,1834622,2025,0.1993,0.2701,0.074,,0.3561,15.45,,False
HCC,1691303,2017,0.1617,0.0831,0.0669,1.3531,,14.87,,False
HCC,1691303,2018,0.2471,0.3658,0.1127,1.4175,0.2583,18.32,2.2893,False
HCC,1691303,2019,0.2344,0.4253,0.0179,1.7045,0.1524,18.68,2.1109,False
HCC,1691303,2020,0.2132,0.377,-0.0271,1.509,0.1523,19.11,1.7519,True
HCC,1691303,2021,0.3449,0.4548,0.1665,2.0756,0.7234,23.28,3.5688,False
HCC,1691303,2022,0.5029,0.6053,0.3952,2.9858,0.8573,32.83,5.4038,False
HCC,1691303,2023,0.391,0.698,0.2297,6.523,0.7113,59.62,6.8294,False
HCC,1691303,2024,0.2765,0.7143,0.0984,5.6715,0.5885,53.78,5.6478,False
HCC,1691303,2025,0.2023,0.6792,0.0164,7.2273,0.4706,87.93,6.0548,False
HCSG,731012,2015,0.5611,0.2222,,10.5686,,28.41,,False
HCSG,731012,2016,0.5937,0.2478,,11.7823,,32.55,,False
HCSG,731012,2017,0.5077,0.2424,,11.0686,,44.52,,False
HCSG,731012,2018,0.508,0.2705,,9.0406,0.6186,34.55,,False
HCSG,731012,2020,0.5225,0.2559,,5.7913,2.2423,25.7,,False
HCSG,731012,2021,0.4569,0.2366,0.0795,3.5536,2.1118,16.82,5.3858,False
HCSG,731012,2022,0.4594,0.2151,0.0628,2.8189,2.3529,12.0,5.1038,False
HCSG,731012,2023,0.4487,0.234,0.0671,2.1307,2.1139,10.37,4.4798,False
HCSG,731012,2024,0.4536,0.2797,0.0659,2.6334,2.1372,11.62,4.8707,False
HCSG,731012,2025,0.5112,0.3572,0.0854,4.6199,2.3131,19.12,6.4805,False
HE,354707,2025,0.0512,-0.0746,0.0264,0.2904,,12.3,,False
HERE,1932770,2023,0.134,-0.7926,-0.0929,,,,,False
HERE,1932770,2024,0.3224,-0.4096,0.2646,,0.8229,,,False
HERE,1932770,2025,0.4205,-0.1357,0.2389,,0.394,,,False
HIHO,1026785,2015,0.6485,0.046,0.0748,,,,,False
HIHO,1026785,2016,0.6254,0.03,0.089,,,,,False
HIHO,1026785,2017,0.5811,0.0007,0.0434,,,,,False
HIHO,1026785,2018,0.5992,0.0191,0.1069,,,,,False
HIHO,1026785,2019,0.5424,-0.0809,-0.0495,,,,,False
HIHO,1026785,2020,0.4532,-0.0476,0.0411,,,,,False
HIHO,1026785,2021,0.4854,-0.1318,-0.0398,,,,,False
HIHO,1026785,2022,0.4805,-0.1537,0.0382,,,,,False
HIHO,1026785,2023,0.4753,-0.2446,-0.0344,,,,,False
HIHO,1026785,2024,0.5133,-0.4431,-0.1441,,,,,False
HIHO,1026785,2025,0.5749,-0.5691,-0.056,,,,,False
HIHO,1026785,2026,0.3585,-0.633,-0.2098,,0.0052,,,False
HIMS,1773751,2019,0.0033,0.0056,-0.0035,,,9.9,,False
HIMS,1773751,2020,-0.0184,-0.0092,-0.0233,,,14.6,,False
HIMS,1773751,2021,0.4534,-0.6632,-0.2735,,0.6464,6.55,,False
HIMS,1773751,2022,0.4604,-0.9407,-0.1875,,1.4383,6.41,,False
HIMS,1773751,2023,0.4003,-0.8345,-0.0668,,1.9765,8.9,,False
HIMS,1773751,2024,0.2466,-0.3422,0.0875,,2.0868,24.18,,False
HIMS,1773751,2025,0.1686,-0.0528,0.049,,1.0895,32.47,,False
HL,719413,2015,0.0641,-0.1047,-0.016,1.3694,0.1996,1.8,0.8988,True
HL,719413,2016,0.0742,-0.0706,0.0493,3.7813,0.2724,5.02,2.694,False
HL,719413,2017,0.088,-0.0827,0.0273,2.9049,,3.81,,False
HL,719413,2018,0.0103,-0.0918,-0.0145,1.5054,,2.27,,False
HL,719413,2019,0.0236,-0.134,-0.0217,2.339,,3.29,,False
HL,719413,2020,0.0506,-0.1423,0.0193,4.3909,,6.31,,False
HL,719413,2021,0.0664,-0.1296,0.0306,3.5461,,5.11,,False
HL,719413,2022,0.0305,-0.138,0.0042,3.8753,,5.47,,False
HL,719413,2023,0.0341,-0.1673,-0.0148,3.0658,,4.76,,False
HL,719413,2024,0.0055,-0.1656,0.0357,3.496,,4.9,,False
HL,719413,2025,0.1117,-0.0512,0.1446,13.2967,,19.18,,False
HLIT,851310,2015,0.3834,-3.6268,-0.0247,2.2557,,4.07,,False
HLIT,851310,2016,0.1298,-3.5667,-0.121,1.9241,,5.0,,False
HLIT,851310,2017,0.0584,-4.0503,-0.1395,1.5811,,4.2,,False
HLIT,851310,2018,0.118,-4.0471,-0.0098,1.8217,0.2225,4.72,-4.2412,True
HLIT,851310,2019,0.1012,-3.5277,0.0223,2.5588,0.208,7.8,-3.0006,True
HLIT,851310,2020,0.1534,-3.5522,-0.021,2.4188,0.6404,7.39,-2.7667,True
HLIT,851310,2021,0.1422,-3.0099,0.0271,3.2317,0.7311,11.76,-1.2837,True
HLIT,851310,2022,0.0327,-2.8824,0.0641,3.7062,0.8802,13.1,-0.6807,True
HLIT,851310,2023,0.0759,-2.5548,0.0289,4.2925,0.7913,13.04,-0.0235,True
HLIT,851310,2024,0.2492,-2.4526,0.0793,4.3561,0.8521,13.23,0.5928,True
HLIT,851310,2025,0.4126,-2.89,0.0196,3.2176,0.5018,9.89,-1.0539,True
HNI,48287,2024,0.0251,0.3198,0.1101,3.3199,1.3473,47.59,4.1805,False
HNI,48287,2025,0.0558,0.1209,0.0258,0.9698,0.5812,40.97,1.4843,True
HOG,793952,2015,0.1232,0.897,0.1157,0.4414,,34.57,,False
HOG,793952,2016,0.1002,0.1353,0.1061,0.5977,,45.77,,False
HOG,793952,2017,0.0729,0.1612,0.0894,0.5257,,41.06,,False
HOG,793952,2018,0.0831,0.1882,0.0669,0.3338,,28.52,,False
HOG,793952,2019,0.0956,0.2084,0.0528,0.3865,,32.4,,False
HOG,793952,2020,0.1552,0.107,0.0008,0.3284,,32.46,,False
HOG,793952,2021,0.1092,0.1667,0.0745,0.4146,,33.85,,False
HOG,793952,2022,0.1059,0.2167,0.0791,0.46,0.4294,37.96,1.3969,True
HOG,793952,2023,0.1466,0.2554,0.0642,0.4012,0.4022,34.26,1.3881,True
HOG,793952,2024,0.1211,0.2916,0.0351,0.3412,0.3491,28.57,1.2232,True
HOG,793952,2025,0.364,0.4621,0.0481,0.424,0.448,19.98,1.9447,False
HP,46765,2016,0.1819,0.6279,-0.0136,2.1644,,48.76,,False
HQY,1428336,2015,0.7299,-0.0819,0.1063,141.3161,,25.07,,False
HQY,1428336,2016,0.5957,0.0164,0.1189,205.1428,,40.52,,False
HQY,1428336,2017,0.6632,0.1074,0.1476,224.4415,,46.66,,False
HQY,1428336,2018,0.6634,0.2311,0.1474,215.5983,,59.65,,False
HQY,1428336,2019,0.7169,0.337,0.1523,186.0134,0.1486,74.07,113.5911,False
HQY,1428336,2020,0.0567,0.0825,0.03,3.7572,0.0784,69.71,2.6153,False
HQY,1428336,2021,0.0943,0.0813,0.0125,2.7479,0.2706,44.24,2.1877,False
HQY,1428336,2022,0.0638,0.0567,-0.0078,4.0641,0.2435,61.64,2.8121,False
HQY,1428336,2023,0.0815,0.0485,0.0029,4.5958,0.279,66.3,3.2119,False
HQY,1428336,2024,0.1392,0.065,0.0372,7.0311,0.0829,95.95,4.6824,False
HQY,1428336,2025,0.0932,0.0607,0.0471,5.6819,0.3479,91.61,4.1092,False
HQY,1428336,2026,0.1051,0.058,0.0954,6.2722,0.3886,96.54,4.674,False
HRB,12659,2015,0.2376,0.4067,,1.0105,,21.99,,False
HRB,12659,2016,0.0639,0.0141,,0.6845,,15.74,,False
HRB,12659,2017,0.151,-0.0179,,0.8327,,18.61,,False
HRB,12659,2018,0.3337,0.1156,,0.8391,,18.7,,False
HRB,12659,2019,0.3244,0.1513,,0.8062,0.9379,18.04,,False
HRB,12659,2020,0.2956,0.0084,,0.3176,0.5164,12.99,,False
HRB,12659,2021,0.1469,0.068,,0.7539,0.9344,20.19,,False
HRB,12659,2022,0.118,0.0368,,1.3018,1.0594,32.29,,False
HRB,12659,2023,0.081,-0.0158,,1.7921,1.1302,44.2,,False
HRB,12659,2024,0.0814,0.0039,,1.9513,1.1216,49.52,,False
HRB,12659,2025,-0.0417,0.0037,,1.6364,1.1523,42.15,,False
HRB,12659,2026,0.0406,0.0095,,2.0099,1.2116,51.18,,False
HRMY,1802665,2020,0.3005,-1.1431,0.0398,6.3816,0.374,36.15,3.0945,False
HRMY,1802665,2021,0.5322,-1.0465,0.2019,10.056,0.7047,42.64,6.5782,False
HRMY,1802665,2022,0.4769,-0.4038,0.1784,11.8393,0.6498,55.1,8.3489,False
HRMY,1802665,2023,0.354,-0.1766,0.2367,5.4609,0.7173,32.3,4.9524,False
HRMY,1802665,2024,0.4045,0.0022,0.191,5.8931,0.7153,34.41,5.3699,False
HRMY,1802665,2025,0.515,0.1265,0.1639,5.4288,0.6829,37.42,5.2764,False
HSDT,1610853,2015,0.0152,-15.9687,-8.0639,,,,,False
HSDT,1610853,2016,0.4231,-6.51,-2.3059,,,,,False
HSDT,1610853,2017,-1.1281,-9.7472,-3.3563,,,,,False
HSDT,1610853,2018,0.323,-3.4137,-0.9586,,0.0172,,,False
HSDT,1610853,2019,0.3324,-10.1259,-2.3191,,0.1446,,,False
HSDT,1610853,2020,0.3453,-18.1614,-2.1973,,0.101,,,False
HSDT,1610853,2021,0.7049,-9.7174,-1.2865,,0.037,,,False
HSDT,1610853,2022,0.8509,-8.7411,-0.8976,,0.045,,,False
HSDT,1610853,2023,0.7227,-20.7952,-1.6157,,0.0787,,,False
HSDT,1610853,2024,0.356,-48.4752,-3.9252,,0.1344,,,False
HSDT,1610853,2025,0.0926,-0.6995,-0.8023,,0.0018,,,False
HSTM,1095565,2015,0.3174,0.0042,0.0357,6.1132,,20.75,,False
HSTM,1095565,2016,0.2082,0.0135,0.0141,6.2874,,23.63,,False
HSTM,1095565,2017,0.24,0.0427,0.0238,5.7581,,21.84,,False
HSTM,1095565,2018,0.3045,0.0733,0.0351,5.6459,0.5241,23.75,4.4952,False
HSTM,1095565,2019,0.2439,0.0983,0.0301,5.1671,0.5191,26.75,4.1489,False
HSTM,1095565,2020,-0.0094,0.1245,0.0316,3.7761,0.4893,21.47,3.0223,False
HSTM,1095565,2021,0.0133,0.14,0.0165,5.1302,0.5274,25.92,3.872,False
HSTM,1095565,2022,-0.0057,0.1612,0.025,4.3625,0.5361,24.42,3.4549,False
HSTM,1095565,2023,0.0237,0.1848,0.032,4.9024,0.5582,26.69,3.8925,False
HSTM,1095565,2024,0.0733,0.2134,0.0417,6.087,0.571,31.52,4.7474,False
HSTM,1095565,2025,-0.0086,0.2375,0.0389,4.0375,0.5843,22.97,3.4573,False
HTLD,799233,2015,0.0955,0.7825,0.0377,4.5481,0.2372,15.65,4.3004,False
HTLD,799233,2016,0.185,0.8475,0.0283,6.2558,0.1897,18.8,5.4451,False
HTLD,799233,2017,0.121,0.8797,0.0125,7.7988,0.21,21.63,6.3073,False
HTLD,799233,2018,0.2081,0.943,0.0367,6.9227,0.1823,17.03,6.0269,False
HTLD,799233,2019,0.0983,0.9196,0.0196,7.0991,0.186,19.67,5.9158,False
HTLD,799233,2020,0.1282,0.9367,0.025,5.7886,0.1638,16.98,5.1847,False
HTLD,799233,2021,0.1741,0.9955,0.1135,6.2652,0.654,16.32,6.3904,False
HTLD,799233,2022,0.0437,0.6299,0.1128,1.4222,0.5798,14.97,2.7398,False
HTLD,799233,2023,0.0303,0.7022,0.0281,1.6789,0.7998,13.99,2.9193,False
HTLD,799233,2024,0.0074,0.7676,-0.0152,1.6749,0.7851,11.08,2.8235,False
HTLD,799233,2025,0.0037,0.8102,-0.0482,1.5952,0.6761,9.0,2.613,False
HTO,766829,2015,-0.0047,0.2254,0.0236,,,23.19,,False
HTO,766829,2016,0.025,0.2344,0.0114,,,44.73,,False
HTO,766829,2017,-0.0125,0.258,0.0125,,,51.98,,False
HTO,766829,2018,0.1731,0.2013,0.0089,,0.199,46.16,,False
HTO,766829,2019,-0.0359,0.1223,0.0019,,0.1429,60.1,,False
HTO,766829,2020,-0.0675,0.1232,0.0073,,0.1659,59.84,,False
HTO,766829,2021,-0.0198,0.1226,0.0318,,0.1602,64.43,,False
HTO,766829,2022,-0.0303,0.1262,0.0361,,0.1616,73.06,,False
HTO,766829,2023,-0.0333,0.114,0.0344,,0.1561,60.07,,False
HTO,766829,2024,-0.0151,0.1153,0.0366,,0.1581,46.51,,False
HTO,766829,2025,-0.0161,0.1128,0.0345,,0.1564,47.87,,False
HUBG,940942,2015,0.2044,0.5078,0.0272,0.9122,,15.97,,False
HUBG,940942,2016,0.1504,0.5408,0.0227,1.0811,,21.21,,False
HUBG,940942,2017,0.0817,0.5211,0.0246,0.9616,,23.22,,False
HUBG,940942,2018,0.0322,0.5571,0.0251,0.7103,0.529,17.97,1.8565,False
HUBG,940942,2019,0.0667,0.5923,0.0195,1.0124,0.4522,24.86,2.0333,False
HUBG,940942,2020,0.0683,0.5952,0.0148,1.0882,0.4525,27.63,2.0695,False
HUBG,940942,2021,0.085,0.5845,0.0978,1.3889,1.7365,40.83,3.813,False
HUBG,940942,2022,0.1299,0.634,0.1689,1.1878,1.9005,38.53,4.214,False
HUBG,940942,2023,0.0651,0.6639,0.0723,1.2777,1.4314,44.56,3.444,False
HUBG,940942,2024,0.0658,0.705,0.0489,1.3324,1.3758,43.68,3.4027,False
HUN,1307954,2015,0.1952,-0.0538,0.0412,,,,,False
HUN,1307954,2016,0.1934,-0.0354,0.0704,,,,,False
HUN,1307954,2017,0.2649,0.0157,0.0831,,,,,False
HUN,1307954,2018,0.1694,0.0367,0.1305,,1.1793,,,False
HUN,1307954,2019,0.21,0.0829,0.0564,,0.8169,,,False
HUN,1307954,2020,0.1824,0.1795,0.0497,,0.6907,,,False
HUN,1307954,2021,0.1999,0.2593,0.0846,,0.9,,,False
HUN,1307954,2022,0.1757,0.3291,0.0818,,0.976,,,False
HUN,1307954,2023,0.1576,0.3618,0.0116,,0.8431,,,False
HUN,1307954,2024,0.0677,0.258,-0.0187,,0.8101,,,False
HWKN,46250,2015,0.1776,0.3488,0.0205,1.3446,,15.17,,False
HWKN,46250,2016,0.1559,0.3963,0.0178,2.4301,,23.37,,False
HWKN,46250,2017,0.1903,0.3766,-0.092,1.7209,,15.56,,False
HWKN,46250,2018,0.2179,0.4264,0.015,2.3086,1.4428,18.55,3.7358,False
HWKN,46250,2019,0.1767,0.4699,0.0199,2.8411,0.3401,21.21,2.9804,False
HWKN,46250,2021,0.1958,0.4526,0.1182,3.8064,1.2631,37.8,4.8059,False
HWKN,46250,2022,0.2226,0.4484,0.1255,2.9571,1.3652,37.5,4.4484,False
HWKN,46250,2023,0.2391,0.5121,0.1493,6.0095,1.5835,69.24,6.6856,False
HWKN,46250,2024,0.1513,0.5541,0.1581,10.0685,1.397,121.5,8.9172,False
HWKN,46250,2025,0.1605,0.5641,0.1548,9.5402,1.2657,141.48,8.483,False
HWKN,46250,2026,0.1284,0.5071,0.123,5.5511,1.0988,120.27,5.6992,False
HXL,717605,2015,0.156,0.4775,0.0371,3.2214,,42.93,,False
HXL,717605,2016,0.1396,0.5227,0.0362,3.1415,,48.01,,False
HXL,717605,2017,0.1419,0.538,0.0335,3.4253,,58.24,,False
HXL,717605,2018,0.1236,0.6113,0.0339,2.7413,0.1986,54.45,2.9596,False
HXL,717605,2019,0.1222,0.6325,0.0311,3.1566,0.1804,70.23,3.2092,False
HXL,717605,2020,0.1209,0.6842,-0.007,2.5014,0.1014,46.56,2.6822,False
HXL,717605,2021,0.1308,0.7138,0.0184,2.8194,0.4699,49.73,3.3784,False
HXL,717605,2022,0.1426,0.7419,0.0617,3.3536,0.5561,56.9,3.9817,False
HXL,717605,2023,0.1879,0.7431,0.0738,4.5192,0.613,71.83,4.8337,False
HXL,717605,2024,0.157,0.8261,0.0683,3.892,0.6982,61.64,4.6036,False
HXL,717605,2025,0.1509,0.8532,0.0635,3.8231,0.7004,73.47,4.5792,False
HYLN,1759631,2019,0.0037,0.0098,-0.0032,,,,,False
HYLN,1759631,2020,0.9211,0.42,-0.0339,,,,,False
HYLN,1759631,2021,0.6418,0.3096,-0.1661,,0.0003,,,False
HYLN,1759631,2022,0.6929,0.0576,-0.356,,0.0047,,,False
HYLN,1759631,2023,0.5073,-0.2977,-0.4183,,0.002,,,False
HYLN,1759631,2024,0.4438,-0.5695,-0.2444,,0.0057,,,False
HYLN,1759631,2025,0.4361,-1.0169,-0.322,,0.0171,,,False
HZO,1057060,2015,0.3457,0.1613,0.0136,2.2114,,18.42,,False
HZO,1057060,2016,0.2913,0.1888,0.0136,1.8247,,19.35,,False
HZO,1057060,2017,0.2173,0.1981,0.0121,1.2358,,18.9,,False
HZO,1057060,2018,0.2799,0.2593,0.0265,1.4069,0.4818,18.31,2.1121,False
HZO,1057060,2019,0.1986,0.2582,0.016,0.8877,0.393,16.69,1.5783,True
HZO,1057060,2020,0.2977,0.3582,0.0422,2.4184,0.5143,35.03,2.9634,False
HZO,1057060,2021,0.2644,0.4293,0.2078,3.1579,2.0472,59.04,5.5461,False
HZO,1057060,2022,0.2522,0.4662,0.196,1.2095,1.7062,31.22,4.0342,False
HZO,1057060,2023,0.114,0.3056,0.0829,0.5717,0.989,38.9,2.1704,False
HZO,1057060,2024,0.0783,0.2987,0.0492,0.395,0.9332,28.95,1.8447,False
HZO,1057060,2025,0.0793,0.3021,0.0138,0.3517,0.9348,24.23,1.7094,True
IART,917520,2015,0.1687,0.0822,0.0448,2.5758,,33.89,,False
IART,917520,2016,0.2055,0.1219,0.0638,3.4457,,42.9,,False
IART,917520,2017,0.1474,0.0888,0.014,1.6551,,47.86,,False
IART,917520,2018,0.1649,0.1121,0.0357,2.025,0.1233,45.1,1.811,False
IART,917520,2019,0.1595,0.1207,0.0284,2.4026,0.1196,58.28,2.0152,False
IART,917520,2020,0.2313,0.1472,0.0419,2.404,0.1075,64.92,2.1718,False
IART,917520,2021,0.2151,0.1847,0.0521,2.4838,0.4078,66.99,2.5869,False
IART,917520,2022,0.2161,0.226,0.0614,2.0911,0.4005,56.07,2.4336,False
IART,917520,2023,0.1986,0.2504,0.0295,1.5437,0.4076,43.55,2.0199,False
IART,917520,2024,0.0395,0.2328,0.007,0.7078,0.3989,22.68,1.2201,True
IART,917520,2025,0.1953,0.1176,-0.137,0.3775,0.454,12.42,0.6275,True
IBP,1580905,2015,0.1412,-0.0832,0.1202,2.3149,,22.61,,False
IBP,1580905,2016,0.1348,0.0158,0.1429,3.2444,,37.61,,False
IBP,1580905,2017,0.2641,0.0656,0.1005,3.48,,69.16,,False
IBP,1580905,2018,0.2754,0.1261,0.1117,1.2504,0.4231,30.68,2.0488,False
IBP,1580905,2019,0.3345,0.1577,0.1102,1.9622,0.3649,62.71,2.5281,False
IBP,1580905,2020,0.3262,0.2268,0.1363,2.8406,1.392,92.82,4.2552,False
IBP,1580905,2021,0.3337,0.2132,0.1136,2.7623,1.1908,128.49,3.9222,False
IBP,1580905,2022,0.3127,0.2884,0.1942,1.6658,1.5008,80.56,3.9201,False
IBP,1580905,2023,0.3652,0.3502,0.1863,3.5532,1.4024,175.26,5.0776,False
IBP,1580905,2024,0.3378,0.4202,0.1857,3.3398,1.4279,170.21,5.0381,False
IBP,1580905,2025,0.3377,0.5045,0.1868,5.0164,1.4366,256.32,6.1746,False
ICHR,1652535,2017,0.2353,0.0037,0.0828,2.7026,,24.6,,False
ICHR,1652535,2018,0.255,0.1235,0.1318,2.126,1.6965,16.3,3.8857,False
ICHR,1652535,2019,0.1996,0.1247,0.0264,3.6104,1.0958,33.27,3.7635,False
ICHR,1652535,2020,0.431,0.1343,0.0537,3.1153,1.1809,30.15,3.9324,False
ICHR,1652535,2021,0.2493,0.1713,0.0794,3.3144,1.0745,46.03,3.8639,False
ICHR,1652535,2022,0.3203,0.2285,0.0792,2.0242,1.1812,26.82,3.3614,False
ICHR,1652535,2023,0.3222,0.2181,-0.0116,3.3696,0.8643,33.63,3.5398,False
ICHR,1652535,2024,0.3184,0.1847,-0.0077,4.0601,0.8528,32.22,3.9041,False
ICHR,1652535,2025,0.2975,0.139,-0.0417,2.4742,1.0051,18.43,2.9038,False
ICUI,883984,2015,0.7377,0.7241,0.1094,60.065,,112.78,,False
ICUI,883984,2016,0.7501,0.7336,0.1177,82.7428,,147.35,,False
ICUI,883984,2017,0.4371,0.3912,-0.0101,18.0836,,216.0,,False
ICUI,883984,2018,0.4275,0.3915,0.0136,17.8481,,229.63,,False
ICUI,883984,2019,0.3745,0.4265,0.0634,14.8485,,187.12,,False
ICUI,883984,2020,0.4112,0.4585,0.0557,20.5173,,214.49,,False
ICUI,883984,2021,0.4408,0.4848,0.0655,22.4217,,237.34,,False
ICUI,883984,2022,0.164,0.1855,-0.0095,1.6235,,157.48,,False
ICUI,883984,2023,0.1689,0.1845,0.0052,1.1061,,99.74,,False
ICUI,883984,2024,0.2107,0.1642,0.0102,1.7333,,155.17,,False
ICUI,883984,2025,0.1708,0.1706,0.0106,1.8518,,142.67,,False
IDA,1057877,2015,0.0365,0.2042,0.0468,1.2324,,50.19,,False
IDA,1057877,2016,0.0303,0.2104,0.0432,1.4057,,61.13,,False
IDA,1057877,2017,0.0402,0.236,0.0503,1.9128,,71.19,,False
IDA,1057877,2018,0.0531,0.24,0.0465,1.8811,0.2056,74.43,1.8874,False
IDA,1057877,2019,0.0287,0.2461,0.0449,1.9761,0.1935,87.61,1.9064,False
IDA,1057877,2020,0.05,0.2444,0.0436,1.7603,0.1813,81.07,1.7836,True
IDA,1057877,2021,0.0375,0.2543,0.0457,2.1326,0.1918,98.46,2.0232,False
IDA,1057877,2022,0.0192,0.2569,0.0434,2.0885,0.2065,96.42,1.9855,False
IDA,1057877,2023,0.0437,0.2402,0.037,1.7869,0.1934,90.66,1.7763,True
IDA,1057877,2024,0.0311,0.2327,0.0355,2.009,0.1915,104.21,1.877,False
IDCC,1405495,2015,0.4144,,0.1414,1.0961,,40.46,,False
IDCC,1405495,2016,0.4605,,0.2531,2.0293,,76.55,,False
IDCC,1405495,2017,0.5497,-0.7605,0.1626,1.7041,,64.8,,False
IDCC,1405495,2018,0.5194,,0.0385,2.1562,,57.53,,False
IDCC,1405495,2019,0.4409,,0.0235,1.5081,0.0634,48.26,,False
IDCC,1405495,2020,0.4523,0.8748,0.0019,1.7362,0.0562,55.15,2.8719,False
IDCC,1405495,2021,0.4169,0.8851,0.0437,1.9592,0.2613,66.45,3.3206,False
IDCC,1405495,2022,0.5649,0.7852,0.0792,1.0375,0.2409,47.02,2.902,False
IDCC,1405495,2023,0.1618,0.8256,0.1251,2.2819,0.3104,105.16,3.4425,False
IDCC,1405495,2024,0.2751,0.9675,0.2394,5.0224,0.4732,190.4,5.9614,False
IDCC,1405495,2025,0.3078,1.0237,0.2233,8.4708,0.404,316.16,8.0258,False
IESC,1048268,2015,0.3571,-0.3883,0.0815,0.8794,0.7044,5.53,1.386,True
IESC,1048268,2016,0.1944,0.083,0.0633,1.1273,0.5215,9.57,1.7564,True
IESC,1048268,2017,0.1911,0.1094,0.0479,0.9308,0.4867,8.62,1.5857,True
IESC,1048268,2018,0.2329,0.0766,0.0615,0.7815,0.5694,7.78,1.6279,True
IESC,1048268,2019,0.2313,0.1473,0.094,1.3061,0.6594,12.83,2.2371,False
IESC,1048268,2020,0.2301,0.1909,0.0893,1.6654,0.5895,23.02,2.427,False
IESC,1048268,2021,0.2251,0.2258,0.1116,1.2737,2.0042,25.32,3.7232,False
IESC,1048268,2022,0.2381,0.2174,0.0599,0.6509,2.3182,17.78,3.4965,False
IESC,1048268,2023,0.2758,0.3013,0.1628,1.6385,2.4218,39.61,4.6949,False
IESC,1048268,2024,0.2833,0.5019,0.2404,2.8289,2.1129,100.48,5.646,False
III,1371489,2015,0.3069,-1.1358,0.0189,,,,,False
III,1371489,2016,0.2292,-0.6621,-0.0364,,,,,False
III,1371489,2017,0.2253,-0.7021,0.0176,,,,,False
III,1371489,2018,0.268,-0.699,0.059,,1.2843,,,False
III,1371489,2019,0.2677,-0.6709,0.0611,,1.2149,,,False
III,1371489,2020,0.267,-0.6012,0.0387,,1.0401,,,False
III,1371489,2021,0.2503,-0.5426,0.1067,,1.1733,,,False
III,1371489,2022,0.2645,-0.4475,0.1213,,1.1779,,,False
III,1371489,2023,0.2691,-0.4152,0.0591,,1.1767,,,False
III,1371489,2024,0.2585,-0.4883,0.0281,,1.2106,,,False
III,1371489,2025,0.2555,-0.429,0.0843,,1.1598,,,False
ILMN,1110803,2015,0.403,0.2773,0.1662,15.3299,,186.72,,False
ILMN,1110803,2016,0.3769,0.347,0.1371,9.0272,,124.55,,False
ILMN,1110803,2017,0.425,0.4291,0.1153,12.7965,,212.54,,False
ILMN,1110803,2018,0.386,0.443,0.1269,13.7631,0.1246,291.76,9.8846,False
ILMN,1110803,2019,0.5175,0.5559,0.1346,18.0273,0.1303,322.7,12.7902,False
ILMN,1110803,2022,0.0643,0.0932,-0.3411,5.2539,0.3741,196.69,2.6086,False
ILMN,1110803,2023,0.1028,-0.0019,-0.1057,4.6846,0.4455,135.45,3.028,False
ILMN,1110803,2024,0.1902,-0.197,-0.1322,5.1344,0.6936,133.63,3.2905,False
ILMN,1110803,2025,0.2565,-0.059,0.1215,5.051,0.6537,131.16,4.3103,False
INDV,1625297,2024,-0.0758,-0.3442,0.0243,0.8794,0.9007,12.43,0.9356,True
INDV,1625297,2025,-0.2182,-0.2023,0.2182,3.2572,1.0316,35.88,3.1608,False
INGM,1897762,2024,0.2393,0.0712,0.0132,,0.7106,,,False
INGM,1897762,2025,0.2146,0.0747,0.0413,,2.4739,,,False
INGR,1046257,2020,0.1734,0.577,0.0849,1.1224,0.2323,67.38,2.2016,False
INGR,1046257,2021,0.1693,0.5571,0.0443,1.4227,0.2508,85.14,2.2336,False
INGR,1046257,2022,0.1887,0.5568,0.1008,1.3048,0.2628,88.95,2.3843,False
INGR,1046257,2023,0.2129,0.609,0.1252,1.6031,0.2514,101.48,2.7346,False
INGR,1046257,2024,0.2786,0.684,0.1186,2.3268,0.2418,131.13,3.3213,False
INGR,1046257,2025,0.2772,0.7104,0.1287,1.9235,0.2225,107.7,3.1284,False
INSP,1609550,2018,0.9402,-0.7343,-0.1018,33.8534,,42.25,,False
INSP,1609550,2019,0.8484,-0.9939,-0.1925,51.7997,,74.21,,False
INSP,1609550,2020,0.886,-0.8441,-0.1999,105.7065,0.1636,188.09,62.8094,False
INSP,1609550,2021,0.7701,-0.9468,-0.135,100.7196,0.7909,230.06,60.3756,False
INSP,1609550,2022,0.83,-0.5741,-0.0843,105.7377,0.722,251.88,64.0789,False
INSP,1609550,2023,0.7619,-0.5104,-0.0595,56.3893,0.9232,203.43,34.7601,False
INSP,1609550,2024,0.6709,-0.3611,0.0446,45.1554,0.9931,185.38,28.5331,False
INSP,1609550,2025,0.5374,-0.1615,0.0562,21.1356,1.0051,92.23,14.2907,False
INSW,1679049,2016,0.0757,-0.0448,-0.0171,0.7835,,7.64,,False
INSW,1679049,2017,0.0508,-0.1085,-0.053,0.8591,,10.04,,False
INSW,1679049,2018,0.05,-0.1458,0.0097,0.5409,0.1463,9.16,0.3586,True
INSW,1679049,2019,0.0416,-0.1542,0.0266,1.0967,0.2088,16.19,0.7886,True
INSW,1679049,2020,0.0932,-0.1739,-0.0619,0.7254,0.2658,9.0,0.3653,True
INSW,1679049,2021,-0.0043,-0.1744,-0.0478,0.3676,0.1161,8.73,-0.0704,True
INSW,1679049,2022,0.1473,-0.0082,0.1693,1.0068,0.3306,22.92,1.6585,True
INSW,1679049,2023,0.1068,0.0899,0.244,2.0162,0.425,32.77,2.6942,False
INSW,1679049,2024,0.0931,0.1362,0.1727,1.8541,0.361,29.21,2.3456,False
INSW,1679049,2025,0.1005,0.1963,0.1294,3.2353,0.316,42.35,3.0796,False
INTJ,1916416,2023,0.4842,0.4427,0.1209,,0.6009,,,False
INTJ,1916416,2024,0.9003,0.205,-0.0352,,0.2828,,,False
INTJ,1916416,2025,0.9468,-0.0364,-0.2096,,0.1937,,,False
INTZ,736012,2021,0.2273,-8.6751,-2.1123,,,,,False
INTZ,736012,2022,-0.8439,-10.3856,-1.7556,,,,,False
INTZ,736012,2023,-2.1004,-17.6404,-1.928,,,,,False
INTZ,736012,2024,0.1618,-10.2535,-0.7339,,,,,False
INTZ,736012,2025,0.2355,-12.2332,-0.8823,,0.6754,,,False
INVA,1080014,2015,0.4736,-3.9909,0.0408,0.9932,,10.54,,False
INVA,1080014,2016,0.4697,-4.3085,0.1003,1.0561,,10.7,,False
INVA,1080014,2017,0.4509,-4.08,0.1808,1.6801,,14.19,,False
INVA,1080014,2018,0.3527,-2.0133,0.1409,3.1948,0.1457,17.45,0.1319,True
INVA,1080014,2019,0.5875,-1.3057,0.1016,2.487,0.1048,14.16,0.8094,True
INVA,1080014,2020,0.3361,-0.7223,0.3213,1.9474,0.3369,12.39,1.9576,False
INVA,1080014,2021,0.3323,-0.4924,0.4049,2.4357,0.423,17.25,2.9301,False
INVA,1080014,2022,0.2505,-0.1664,,1.4379,0.2691,13.25,,False
INVA,1080014,2025,0.4145,0.1647,0.1001,3.1238,0.2516,19.99,3.1843,False
INVX,1042893,2015,0.7166,0.998,0.0422,39.9096,,59.23,,False
INVX,1042893,2016,0.6536,1.0271,-0.0032,40.0043,,60.05,,False
INVX,1042893,2017,0.6491,1.0004,-0.0037,31.6671,,47.7,,False
INVX,1042893,2018,0.6463,1.0113,-0.0829,21.7978,0.283,30.03,15.2795,False
INVX,1042893,2019,0.6494,0.9788,0.005,28.315,0.311,46.91,19.4663,False
INVX,1042893,2020,0.6756,0.9775,-0.0101,18.893,0.2905,29.62,13.7721,False
INVX,1042893,2021,0.6452,0.963,-0.1235,12.1458,0.2849,19.68,9.2872,False
INVX,1042893,2022,0.6838,0.9797,0.0026,19.469,0.3291,27.17,14.2112,False
INVX,1042893,2023,0.5855,0.9247,0.0051,11.0767,,23.27,,False
INVX,1042893,2024,0.3998,0.1764,0.041,4.0823,0.5518,13.97,3.8632,False
INVX,1042893,2025,0.4572,0.2249,0.1046,7.2623,0.7713,21.87,6.3373,False
IOSP,1054905,2022,0.2911,0.5763,0.1168,4.238,1.2245,96.92,5.3088,False
IOSP,1054905,2023,0.3012,0.6022,0.0946,5.1982,1.1414,117.72,5.7771,False
IOSP,1054905,2024,0.3373,0.5909,0.1026,5.0563,1.0638,106.46,5.6681,False
IOSP,1054905,2025,0.3517,0.5999,0.0707,3.7304,0.9703,75.65,4.7037,False
IOT,1642896,2023,0.3187,-0.7226,-0.1605,,0.4036,,,False
IOT,1642896,2024,0.1701,-0.8387,-0.1864,,0.5403,,,False
IOT,1642896,2025,0.1896,-0.7953,-0.0938,,0.6171,,,False
IOT,1642896,2026,0.2323,-0.6373,-0.0207,,0.6371,,,False
IPAR,822663,2015,0.491,0.5649,0.089,1.9171,,19.28,,False
IPAR,822663,2016,0.4953,0.5901,0.0977,2.7764,,27.05,,False
IPAR,822663,2017,0.4914,0.5433,0.1011,3.3971,,36.54,,False
IPAR,822663,2018,0.4785,0.5615,0.1185,5.1041,,56.03,,False
IPAR,822663,2019,0.4691,0.5727,0.1264,5.6067,,63.17,,False
IPAR,822663,2020,0.4994,0.5657,0.0787,4.7825,0.0803,52.91,4.6009,False
IPAR,822663,2021,0.4058,0.4895,0.1293,5.2899,,94.72,,False
IPAR,822663,2022,0.3387,0.4739,0.1485,4.0606,,87.71,,False
IPAR,822663,2023,0.3756,0.5067,0.1836,6.3733,,133.32,,False
IPAR,822663,2024,0.4127,0.5408,0.1947,5.9939,,124.72,,False
IPAR,822663,2025,0.4311,0.5229,0.1705,3.7652,,82.83,,False
IPGP,1111928,2015,0.6729,0.5734,0.2353,19.6737,,89.16,,False
IPGP,1111928,2016,0.6384,0.6112,0.2035,18.0759,,98.71,,False
IPGP,1111928,2017,0.6569,0.6099,0.2328,26.4049,,214.13,,False
IPGP,1111928,2018,0.6058,0.718,0.2033,13.0868,0.1282,113.29,10.3834,False
IPGP,1111928,2019,0.6243,0.743,0.0856,18.7934,0.1123,144.92,13.4603,False
IPGP,1111928,2020,0.6586,0.7454,0.0677,27.8663,0.1147,223.79,18.8916,False
IPGP,1111928,2021,0.6416,0.778,0.116,17.2964,0.4608,172.14,13.0806,False
IPGP,1111928,2022,0.6239,0.9392,0.0618,11.2504,0.5211,94.67,9.5389,False
IPGP,1111928,2023,0.6298,1.0358,0.086,16.2839,0.477,108.54,12.7368,False
IPGP,1111928,2024,0.5355,1.1418,-0.091,11.6812,0.4268,72.72,9.3765,False
IPGP,1111928,2025,0.4906,1.091,0.0054,10.2835,0.4141,71.6,8.7182,False
IRDM,1418819,2015,0.1186,0.0603,-0.0151,0.4211,,7.85,,False
IRDM,1418819,2016,0.1239,0.0825,0.0119,0.4404,,8.96,,False
IRDM,1418819,2017,0.052,0.1372,-0.0037,0.5343,,11.02,,False
IRDM,1418819,2018,0.0318,0.125,-0.0,0.7563,,17.22,,False
IRDM,1418819,2019,0.0632,0.0916,0.0,1.1261,,23.0,,False
IRDM,1418819,2020,0.0698,0.0821,0.0015,2.0035,,36.71,,False
IRDM,1418819,2021,0.0992,0.0443,0.0146,2.1574,0.1932,38.54,1.7167,True
IRDM,1418819,2022,0.0557,-0.0162,0.026,2.785,0.2441,47.98,2.045,False
IRDM,1418819,2023,0.0524,-0.0884,0.0307,2.3191,0.2971,38.82,1.7288,True
IRDM,1418819,2024,0.0462,-0.152,0.075,1.4117,0.3109,27.91,1.2482,True
IRDM,1418819,2025,0.0651,-0.1654,0.0932,0.8791,0.3444,17.16,1.0261,True
ITGR,1114483,2015,0.121,0.0777,0.0044,0.7632,,47.86,,False
ITGR,1114483,2016,0.1172,0.0385,0.0382,0.475,,29.45,,False
ITGR,1114483,2017,0.1134,0.0618,0.049,0.7877,,45.3,,False
ITGR,1114483,2018,0.1082,0.1481,0.0669,2.0473,0.1302,76.26,1.9163,False
ITGR,1114483,2019,0.1004,0.1871,0.067,2.2772,0.1384,80.43,2.1082,False
ITGR,1114483,2020,0.1082,0.2182,0.0509,2.5071,0.1134,81.19,2.2208,False
ITGR,1114483,2021,0.1136,0.2379,0.0526,2.3701,0.4729,85.59,2.5378,False
ITGR,1114483,2022,0.1197,0.2436,0.0434,1.6901,0.4925,68.46,2.1345,False
ITGR,1114483,2023,0.1348,0.2621,0.0569,2.3658,0.5426,99.08,2.6785,False
ITGR,1114483,2024,0.1442,0.2896,0.0677,3.088,0.5577,132.52,3.2122,False
ITGR,1114483,2025,0.1578,0.2915,0.0649,1.6022,0.5435,78.43,2.3163,False
ITRI,780571,2015,0.1672,-0.2625,0.0314,1.4964,,36.18,,False
ITRI,780571,2016,0.2024,-0.2596,0.061,2.9672,,62.85,,False
ITRI,780571,2017,0.1624,-0.1604,0.0719,2.2962,,68.2,,False
ITRI,780571,2018,0.0933,-0.1631,-0.019,1.1044,0.225,47.29,0.7085,True
ITRI,780571,2019,0.1203,-0.139,0.049,1.9276,0.2321,83.95,1.5001,True
ITRI,780571,2020,0.1459,-0.1666,-0.004,2.3768,0.8337,95.9,2.1884,False
ITRI,780571,2021,0.1038,-0.2154,-0.0331,2.3982,0.8278,68.52,1.9805,False
ITRI,780571,2022,0.1392,-0.2209,-0.0031,1.8692,0.755,50.65,1.724,True
ITRI,780571,2023,0.1967,-0.1645,0.0495,2.5976,0.8346,75.51,2.5622,False
ITRI,780571,2024,0.3779,-0.0556,0.0775,2.3817,0.7163,108.58,2.7767,False
ITRI,780571,2025,0.2177,0.03,0.0841,2.051,0.6362,92.86,2.4478,False
ITT,216228,2015,0.1463,0.4557,0.1021,1.2253,,32.32,,False
ITT,216228,2016,0.1487,0.4968,0.0719,1.4307,,34.78,,False
ITT,216228,2017,0.1566,0.5016,0.0837,2.0713,,48.71,,False
ITT,216228,2018,0.2009,0.5486,0.1033,1.9672,,44.49,,False
ITT,216228,2019,0.216,0.5775,0.1002,3.0292,,68.78,,False
ITT,216228,2020,0.2446,0.5422,0.053,3.0172,,72.55,,False
ITT,216228,2021,0.2226,0.6904,0.1414,6.5092,,97.18,,False
ITT,216228,2022,0.1723,0.6639,0.1238,4.5918,,78.22,,False
ITT,216228,2023,0.2085,0.7064,0.1343,7.4734,,116.49,,False
ITT,216228,2024,0.1128,0.6579,0.1435,6.4843,,140.79,,False
ITT,216228,2025,0.3258,0.4734,0.1085,6.9486,,172.48,,False
JAZZ,1232524,2015,0.3069,0.0901,0.1513,5.1813,,140.56,,False
JAZZ,1232524,2017,0.1316,0.1792,0.1032,3.626,,134.65,,False
JAZZ,1232524,2018,0.1708,0.1616,0.1182,3.2897,0.3634,123.96,3.1583,False
JAZZ,1232524,2019,0.2285,0.1928,0.0961,3.9913,0.105,149.28,3.3611,False
JAZZ,1232524,2020,0.3344,0.1775,0.0578,3.7252,0.1018,165.05,3.1776,False
JAZZ,1232524,2021,0.1465,0.0675,0.0138,0.9924,0.2516,127.4,1.1631,True
JAZZ,1232524,2022,0.1544,0.0677,-0.006,1.3345,0.3377,159.31,1.3985,True
JAZZ,1232524,2023,0.1667,0.0771,0.0508,1.0429,0.3365,123.0,1.4378,True
JAZZ,1232524,2024,0.2989,0.0938,0.0597,1.0096,0.3387,123.15,1.6314,True
JAZZ,1232524,2025,0.165,0.0554,-0.0369,1.5033,0.366,170.0,1.4218,True
JBLU,1158463,2015,-0.1042,0.1939,0.0381,1.5681,,22.65,,False
JBLU,1158463,2016,-0.0691,0.2578,0.1383,1.5454,,22.42,,False
JBLU,1158463,2017,-0.1216,0.3673,0.0193,1.7039,,22.34,,False
JBLU,1158463,2018,-0.0905,0.3529,0.0212,1.0421,0.7345,16.06,1.8151,False
JBLU,1158463,2019,-0.0736,0.3626,0.019,0.9922,0.1704,18.72,1.248,True
JBLU,1158463,2020,0.0501,0.2214,-0.0339,0.5802,0.0493,14.54,0.6557,True
JBLU,1158463,2021,-0.0125,0.2042,-0.0087,0.5486,0.1344,14.24,0.7058,True
JBLU,1158463,2022,-0.1404,0.1858,-0.0228,0.2579,0.702,6.48,0.873,True
JBLU,1158463,2023,-0.106,0.1526,-0.0166,0.1991,0.6941,5.55,0.8452,True
JBLU,1158463,2024,0.0224,0.0783,-0.0406,0.2089,0.551,7.86,0.6788,True
JBLU,1158463,2025,-0.0702,0.0433,-0.0222,0.1188,0.5469,4.55,0.5212,True
JBSS,880117,2015,0.3477,0.3141,0.0317,1.3903,,32.64,,False
JBSS,880117,2016,0.406,0.3668,0.0317,2.702,,46.65,,False
JBSS,880117,2017,0.3605,0.3095,0.0292,2.1728,,43.5,,False
JBSS,880117,2018,0.3141,0.306,0.0251,1.8596,,39.58,,False
JBSS,880117,2019,0.3614,0.3519,0.042,4.0734,0.5539,68.59,4.0629,False
JBSS,880117,2020,0.311,0.3045,0.0383,2.9587,0.5012,61.65,3.2023,False
JBSS,880117,2021,0.3136,0.3171,0.0437,3.8991,0.5189,74.88,3.8228,False
JBSS,880117,2022,0.3586,0.3434,0.1955,3.3986,,70.49,,False
JBSS,880117,2023,0.3968,0.3798,0.2121,5.6308,,92.27,,False
JBSS,880117,2024,0.3261,0.3626,0.1652,3.3855,,80.44,,False
JBSS,880117,2025,0.3186,0.3706,0.1418,2.3211,,67.71,,False
JBSS,880117,2026,0.2754,0.3594,0.1354,2.1478,,73.69,,False
JBTM,1433660,2015,0.0492,0.241,0.1016,3.3194,,47.76,,False
JBTM,1433660,2016,0.0775,0.2245,0.0871,4.2681,,82.89,,False
JBTM,1433660,2017,0.1058,0.2398,0.1048,5.8641,,107.33,,False
JBTM,1433660,2018,0.0923,0.2887,0.0997,3.6771,1.3308,69.86,4.3811,False
JBTM,1433660,2019,0.122,0.2782,0.0983,4.2422,1.0161,110.02,4.4217,False
JBTM,1433660,2020,0.0878,0.3476,0.0903,4.9564,0.9568,111.67,4.8207,False
JBTM,1433660,2021,0.0788,0.3425,0.0748,5.6326,0.8725,151.02,5.0728,False
JBTM,1433660,2022,0.0961,0.3294,0.0652,2.7171,0.8382,90.16,3.2601,False
JBTM,1433660,2023,0.2272,0.54,0.0608,4.185,0.164,98.54,3.9042,False
JBTM,1433660,2024,0.389,0.4499,0.0347,3.5081,0.5027,126.43,3.8186,False
JBTM,1433660,2025,-0.0048,0.1788,0.0231,2.0925,0.4637,150.33,2.0402,False
JJSF,785956,2015,0.3091,0.7796,0.1493,12.5048,1.3141,95.73,10.7718,False
JJSF,785956,2016,0.3198,0.792,0.1427,13.5954,1.2559,110.99,11.3766,False
JJSF,785956,2017,0.303,0.777,0.1362,12.9221,,127.9,,False
JJSF,785956,2018,0.2842,0.798,0.1189,13.325,0.3227,123.34,10.1682,False
JJSF,785956,2019,0.3778,0.7858,0.1147,16.0143,1.164,159.09,12.7047,False
JJSF,785956,2020,0.3459,0.7343,0.0163,10.3187,0.9673,136.46,8.6553,False
JJSF,785956,2021,0.3717,0.6999,0.0635,9.5169,,140.89,,False
JJSF,785956,2022,0.2159,0.6433,0.0508,7.1839,,136.05,,False
JJSF,785956,2023,0.1999,0.6319,0.0857,7.9003,,154.66,,False
JJSF,785956,2024,0.2024,0.6122,0.0861,6.6958,,146.28,,False
JJSF,785956,2025,0.2191,0.6082,0.061,3.9511,,87.73,,False
JLL,1037976,2015,0.0235,0.3294,0.0409,2.0681,0.9614,156.24,2.8266,False
JLL,1037976,2016,0.0437,0.3058,0.0297,0.951,0.8918,99.38,2.0408,False
JLL,1037976,2017,0.0181,0.3185,0.0365,1.4327,0.9898,147.28,2.4373,False
JLL,1037976,2018,0.0443,0.3088,0.0312,0.9204,0.4877,125.86,1.6283,True
JLL,1037976,2019,0.0277,0.2624,0.0269,0.9468,0.395,174.09,1.4526,True
JLL,1037976,2020,0.0228,0.2777,0.0391,0.7847,1.1588,148.37,2.1746,False
JLL,1037976,2021,-0.0064,0.3185,0.0673,1.3642,1.2491,269.34,2.7279,False
JLL,1037976,2022,0.0422,0.3585,0.0557,0.7764,1.3379,159.37,2.5399,False
JLL,1037976,2023,0.0256,0.3608,0.0359,0.9,1.2923,188.87,2.4865,False
JLL,1037976,2024,0.0199,0.3779,0.0518,1.1801,1.3978,253.14,2.8298,False
JLL,1037976,2025,0.0445,0.3996,0.0617,1.5209,1.4671,336.47,3.1961,False
JVA,1007019,2015,0.6218,0.274,-0.0549,,,,,False
JVA,1007019,2016,0.5853,0.3208,0.1043,,,,,False
JVA,1007019,2017,0.5151,0.3086,0.0306,,,,,False
JVA,1007019,2018,0.504,0.3452,0.0618,,,,,False
JVA,1007019,2019,0.5097,0.3354,0.0136,,2.1787,,,False
JVA,1007019,2020,0.6247,0.3434,-0.0214,,1.716,,,False
JVA,1007019,2021,0.5491,0.3341,0.0334,,1.4758,,,False
JVA,1007019,2022,0.5917,0.2419,-0.1251,,1.5391,,,False
JVA,1007019,2023,0.4408,0.225,-0.0316,,1.6158,,,False
JVA,1007019,2024,0.6329,0.3443,0.0871,,2.3099,,,False
JVA,1007019,2025,0.5383,0.3119,0.0512,,2.2898,,,False
JYNT,1612630,2015,0.3458,-0.4139,-0.2793,,,,,False
JYNT,1612630,2016,-0.0098,-1.6994,-0.8808,,,,,False
JYNT,1612630,2017,0.0999,-1.9077,-0.1878,,,,,False
JYNT,1612630,2018,0.1264,-1.5196,0.0087,,,,,False
JYNT,1612630,2019,-0.006,-0.7696,0.0781,,0.8388,,,False
JYNT,1612630,2020,0.0981,-0.3114,0.0836,,,,,False
JYNT,1612630,2021,0.0638,-0.1582,0.0626,,,,,False
JYNT,1612630,2022,-0.0599,-0.13,0.0089,,,,,False
JYNT,1612630,2023,0.1235,-0.2514,-0.0238,,,,,False
JYNT,1612630,2024,0.3071,-0.3331,0.0097,,,,,False
JYNT,1612630,2025,0.3161,-0.4067,0.0122,,,,,False
KAI,886346,2015,0.2611,0.7154,0.1206,3.5901,,37.28,,False
KALU,811596,2015,0.2658,0.0127,0.0282,2.0618,,59.99,,False
KALU,811596,2016,0.3401,0.0521,0.0314,1.4668,,57.31,,False
KALU,811596,2017,0.349,0.0617,0.0289,2.0625,,80.6,,False
KALU,811596,2018,0.3178,0.1058,0.026,1.6561,,68.77,,False
KALU,811596,2019,0.3993,0.1132,0.0063,1.8058,0.2416,87.51,1.9835,False
KALU,811596,2020,0.5165,0.0848,0.0435,1.168,0.6289,80.89,2.2118,False
KALU,811596,2021,0.3091,0.0384,0.0266,0.7459,1.0824,78.92,2.0423,False
KALU,811596,2022,0.2726,0.0058,0.0017,0.6524,1.4977,66.15,2.2302,False
KALU,811596,2023,0.2735,0.0045,0.0423,0.6553,1.3615,64.74,2.2286,False
KALU,811596,2024,0.2487,0.0027,0.0379,0.6604,1.3063,66.52,2.1298,False
KALU,811596,2025,0.3253,0.0556,0.0736,1.0641,1.3151,113.17,2.6646,False
KBR,1357615,2015,0.1266,0.1744,0.022,0.773,,14.47,,False
KBR,1357615,2016,0.1178,0.1178,-0.008,0.5408,,14.58,,False
KBR,1357615,2017,0.0964,0.2387,0.0073,0.9076,,17.66,,False
KBR,1357615,2018,0.1065,0.248,0.0174,0.5207,0.9687,13.77,1.8133,False
KBR,1357615,2019,0.0951,0.2686,0.0164,1.0076,1.0513,28.03,2.2002,False
KBR,1357615,2020,0.0314,0.2287,0.0079,0.8907,1.0109,28.94,1.9292,False
KBR,1357615,2021,0.0447,0.2033,0.0373,1.2621,1.1839,45.03,2.4023,False
KBR,1357615,2022,-0.0133,0.2533,0.0616,1.6154,1.1793,50.41,2.6906,False
KBR,1357615,2023,0.0142,0.1926,0.0805,1.614,1.25,53.4,2.7707,False
KBR,1357615,2024,0.0137,0.2052,0.0994,1.3679,1.1619,56.38,2.6142,False
KBR,1357615,2025,0.0551,0.2577,0.1182,0.9858,1.1826,39.66,2.591,False
KD,1867072,2021,0.0933,-0.0284,-0.1455,0.3751,,18.1,,False
KD,1867072,2023,0.0083,-0.1725,-0.0742,0.4525,,20.78,,False
KD,1867072,2024,0.0149,-0.219,-0.0159,0.796,,34.6,,False
KD,1867072,2025,0.0277,-0.1978,0.0416,0.6343,,26.56,,False
KD,1867072,2026,-0.0621,-0.1489,0.033,0.2602,,13.45,,False
KEX,56047,2015,0.0671,0.5295,0.0203,1.4801,,52.62,,False
KEX,56047,2016,0.067,0.5443,0.0132,1.8572,,66.5,,False
KEX,56047,2017,0.093,0.5162,-0.0102,1.752,,66.8,,False
KEX,56047,2018,0.0832,0.4639,-0.0033,1.3394,0.5059,67.36,2.0481,False
KEX,56047,2019,0.0664,0.4714,0.0027,1.746,0.4669,89.53,2.2629,False
KEX,56047,2020,0.0982,0.4378,0.0042,0.9647,0.3665,51.83,1.6899,True
KEX,56047,2021,0.0852,0.4346,-0.0478,1.2498,0.4161,59.42,1.7189,True
KEX,56047,2022,0.1025,0.4444,0.0347,1.3538,0.5013,64.35,2.1734,False
KEX,56047,2023,0.0803,0.4704,0.0586,1.6343,0.5403,78.48,2.469,False
KEX,56047,2024,0.057,0.509,0.0682,2.2357,0.5581,105.8,2.9055,False
KEX,56047,2025,0.0618,0.5547,0.0826,2.216,0.5599,110.18,3.0129,False
KFY,56679,2015,0.2542,0.2975,0.0213,3.0713,,28.29,,False
KFY,56679,2016,0.099,0.2113,0.0026,1.6343,,25.5,,False
KFY,56679,2017,0.1867,0.2239,0.0159,2.0329,,36.36,,False
KFY,56679,2018,0.1992,0.2504,0.0277,1.7885,,35.02,,False
KFY,56679,2019,0.2509,0.283,0.0267,1.8955,0.8454,37.92,2.7681,False
KFY,56679,2020,0.2234,0.2708,0.0081,1.4152,0.7206,39.43,2.2436,False
KFY,56679,2021,0.2411,0.2732,0.0282,2.2338,0.5954,69.1,2.7006,False
KFY,56679,2022,0.2239,0.3275,0.1357,1.33,0.763,46.68,2.7359,False
KFY,56679,2023,0.1853,0.3668,0.0885,1.579,0.8012,55.61,2.7766,False
KFY,56679,2024,0.2011,0.3876,0.0579,1.8142,0.7599,64.56,2.8233,False
KFY,56679,2025,0.2058,0.4113,0.0897,1.7812,0.7151,64.94,2.9026,False
KFY,56679,2026,0.2273,0.4332,0.0922,2.2377,0.723,85.55,3.2491,False
KGS,1767042,2023,0.0063,0.0549,0.0752,0.8477,0.2621,17.62,1.1035,True
KGS,1767042,2024,0.0145,0.0211,0.0562,1.2526,0.2614,37.93,1.2455,True
KGS,1767042,2025,-0.0145,0.003,0.0787,1.1867,0.3029,36.51,1.2615,True
KLIC,56978,2015,0.7003,0.4483,0.0018,3.9866,,10.1,,False
KLIC,56978,2016,0.6742,0.458,0.004,4.1078,,13.81,,False
KLIC,56978,2017,0.6493,0.4859,0.0357,4.3914,,21.07,,False
KLIC,56978,2018,0.6858,0.5174,0.0207,3.0555,,17.84,,False
KLIC,56978,2019,0.6661,0.5508,0.0071,4.1165,0.1295,24.43,4.1933,False
KLIC,56978,2020,0.666,0.5842,0.0219,5.1487,0.1685,29.18,4.9469,False
KLIC,56978,2021,0.6244,0.5922,0.2575,5.8003,0.9476,56.13,6.8559,False
KLIC,56978,2022,0.682,0.8446,0.2959,5.5338,0.9465,41.66,7.244,False
KLIC,56978,2023,0.6718,0.904,0.0263,8.4089,0.4951,52.26,7.6989,False
KLIC,56978,2024,0.6541,1.0019,-0.0746,8.0132,0.5695,45.35,7.3188,False
KLIC,56978,2025,0.646,1.0862,-0.0029,8.366,0.5923,45.22,7.898,False
KMT,55242,2015,0.2723,0.3756,-0.1256,0.742,0.929,14.35,1.8123,False
KMT,55242,2016,0.2736,0.3295,-0.0739,1.3418,0.8859,24.17,2.2369,False
KMT,55242,2017,0.2701,0.317,0.0468,2.1375,0.8522,38.22,3.0568,False
KMT,55242,2018,0.2255,0.3078,0.1051,1.2048,0.8093,26.8,2.5807,False
KMT,55242,2019,0.2745,0.4054,0.1238,1.8092,0.2274,30.42,2.6184,False
KMT,55242,2020,0.1787,0.3308,0.0073,1.325,0.1248,30.75,1.6215,True
KMT,55242,2021,0.2129,0.3724,0.0383,1.828,0.6908,31.12,2.6908,False
KMT,55242,2022,0.2095,0.416,0.0848,1.2768,0.782,21.48,2.6616,False
KMT,55242,2023,0.2327,0.4415,0.0755,1.4668,0.8159,23.73,2.8426,False
KMT,55242,2024,0.2343,0.4675,0.068,1.4295,0.8175,22.79,2.8352,False
KMT,55242,2025,0.2424,0.4721,0.0562,1.7444,0.7727,27.94,2.9567,False
KMT,55242,2026,0.3458,0.4684,0.1492,1.4397,0.7442,29.34,3.1711,False
KMX,1170010,2015,0.1214,0.1511,,0.7627,,53.97,,False
KMX,1170010,2016,0.1013,0.1206,,0.7893,,64.39,,False
KMX,1170010,2017,0.1086,0.1157,,0.691,,64.13,,False
KMX,1170010,2018,0.1079,0.1171,,0.6283,,62.73,,False
KMX,1170010,2019,0.1016,0.1124,,0.8099,0.9709,87.67,,False
KMX,1170010,2020,0.101,0.118,,0.7743,0.9638,94.46,,False
KMX,1170010,2021,0.1123,0.1341,,1.0759,0.8797,130.23,,False
KMX,1170010,2022,0.1709,0.1338,,0.4095,1.2112,60.89,,False
KMX,1170010,2023,0.1185,0.1422,,0.5294,1.1338,76.74,,False
KMX,1170010,2024,0.1072,0.1517,,0.5493,0.9757,81.76,,False
KMX,1170010,2025,0.1051,0.1559,,0.2591,0.9617,38.64,,False
KMX,1170010,2026,0.1098,0.1533,,0.425,0.9815,61.33,,False
KN,1587523,2015,0.1133,-0.1872,-0.1385,,,13.33,,False
KN,1587523,2016,0.1195,-0.2377,0.0311,,,16.71,,False
KN,1587523,2017,0.157,-0.1883,0.0261,,,14.66,,False
KN,1587523,2018,0.1442,-0.1448,0.0503,,,13.31,,False
KN,1587523,2019,0.1432,-0.1058,0.0491,,,21.15,,False
KN,1587523,2020,0.0739,-0.1018,0.0176,,,18.43,,False
KN,1587523,2021,0.1236,-0.0105,0.0669,,,23.35,,False
KN,1587523,2022,0.2224,-0.3786,-0.3504,,,16.42,,False
KN,1587523,2023,0.1806,-0.2569,0.0349,,,17.91,,False
KN,1587523,2024,0.1465,-0.5487,0.0463,,,19.93,,False
KN,1587523,2025,0.1765,-0.5417,0.0669,,,21.43,,False
KNF,1955520,2023,0.2178,0.2561,0.114,2.8165,1.0887,66.18,3.7747,False
KNF,1955520,2024,0.2166,0.3043,0.1109,4.1956,,101.64,,False
KNF,1955520,2025,0.1597,0.2807,0.0783,1.9875,,70.35,,False
KNTK,1692787,2017,-0.0018,-0.0005,-0.0046,,,,,False
KNTK,1692787,2018,0.1989,-0.1151,,,,49.57,,False
KNTK,1692787,2019,-0.0013,-0.2616,-0.8518,,,18.34,,False
KNTK,1692787,2020,0.0071,-0.2173,0.0342,,,15.22,,False
KNTK,1692787,2021,0.0808,-0.3347,0.038,,,21.59,,False
KNTK,1692787,2022,0.0024,-0.1619,0.0254,,0.205,24.75,,False
KNTK,1692787,2023,0.0011,-0.1114,0.0245,,0.1934,27.44,,False
KNTK,1692787,2024,-0.0182,-0.4368,0.0263,,0.2176,50.25,,False
KNTK,1692787,2025,-0.0195,-0.1136,0.0232,,0.2487,34.2,,False
KNX,1492691,2015,0.1049,-0.0476,0.0416,,0.3729,21.92,,False
KNX,1492691,2016,0.0896,-0.011,0.0275,,0.3783,30.16,,False
KNX,1492691,2017,0.037,0.1538,0.0192,,0.1763,40.16,,False
KNX,1492691,2019,-0.0124,0.1685,0.0082,,0.1445,33.37,,False
KNX,1492691,2020,0.0099,0.185,0.0667,,0.5519,39.26,,False
KNX,1492691,2021,0.0319,0.2047,0.0906,,0.5629,57.64,,False
KNX,1492691,2022,0.0547,0.2332,0.0997,,0.6783,50.04,,False
KNX,1492691,2023,-0.009,0.2067,0.0263,,0.5549,55.59,,False
KNX,1492691,2024,-0.0203,0.2096,0.0192,,0.5835,51.78,,False
KNX,1492691,2025,-0.012,0.2175,0.0181,,0.6248,51.83,,False
KOP,1315257,2015,0.1455,-0.048,-0.0805,0.292,,17.57,,False
KOP,1315257,2016,0.1333,-0.0227,0.0174,0.6971,,38.81,,False
KOP,1315257,2017,0.1879,0.0062,0.0102,0.8471,,49.02,,False
KOP,1315257,2018,0.1633,0.0184,0.0092,0.2196,0.2875,16.41,0.6712,True
KOP,1315257,2019,0.1427,0.06,0.0155,0.4952,0.2513,36.81,0.8549,True
KOP,1315257,2020,0.1704,0.135,0.098,0.4531,1.0441,30.01,2.0329,False
KOP,1315257,2021,0.206,0.1811,0.0942,0.4556,1.01,30.14,2.0949,False
KOP,1315257,2022,0.1828,0.2105,0.0805,0.3955,1.1572,27.36,2.174,False
KOP,1315257,2023,0.2033,0.2419,0.1063,0.7099,1.1736,50.02,2.5331,False
KOP,1315257,2024,0.1877,0.2594,0.0784,0.4299,1.1068,31.85,2.2119,False
KOP,1315257,2025,0.234,0.2859,0.0889,0.3876,0.996,26.9,2.2032,False
KRMN,2040127,2024,0.1125,,0.0821,,0.4461,,,False
KRMN,2040127,2025,0.1836,0.0082,0.0661,13.4425,0.427,73.17,8.9424,False
KRYS,1711279,2017,0.9832,-0.181,-0.0952,486.5309,,10.52,,False
KRYS,1711279,2019,0.9212,-0.1868,-0.1056,268.3227,,55.38,,False
KRYS,1711279,2020,0.8352,-0.2291,-0.1062,94.6658,,60.0,,False
KRYS,1711279,2021,0.6356,-0.5027,-0.26,57.1644,,69.95,,False
KRYS,1711279,2023,0.678,-0.3297,-0.1341,92.4619,0.062,124.06,55.4486,False
KRYS,1711279,2024,0.6062,-0.1711,0.0622,42.3629,0.2752,156.66,26.3861,False
KRYS,1711279,2025,0.691,0.0181,0.1209,63.8803,0.2917,246.54,39.8735,False
KSS,885639,2015,0.1736,0.9061,0.1141,0.9563,,27.64,,False
KSS,885639,2016,0.1675,0.9225,0.0872,0.9316,,29.95,,False
KSS,885639,2017,0.2009,0.975,0.1061,1.1865,,34.67,,False
KSS,885639,2018,0.1688,1.0743,0.1092,1.4755,0.5472,43.91,3.4993,False
KTB,1760965,2019,0.3289,-0.0011,0.0386,1.2679,1.68,33.59,2.9613,False
KTB,1760965,2020,0.3157,0.0046,0.0801,1.2452,1.3571,33.29,2.7539,False
KTB,1760965,2021,0.2967,0.0148,0.1846,1.7112,1.6151,43.36,3.6276,False
KTB,1760965,2022,0.3424,0.0548,0.2254,1.4551,1.6631,35.45,3.7677,False
KTB,1760965,2023,0.3958,0.1012,0.194,2.4736,1.5847,57.64,4.3258,False
KTB,1760965,2024,0.4062,0.1211,0.2074,3.5441,1.5798,81.09,5.0477,False
KTB,1760965,2025,0.1888,0.1062,0.1304,1.6184,1.2206,59.75,2.9972,False
KTOS,1069258,2015,0.1638,-0.6837,0.0017,1.1857,,4.1,,False
KTOS,1069258,2016,0.1862,-0.7148,0.0048,2.0666,,7.4,,False
KTOS,1069258,2017,0.2758,-0.7039,-0.0129,3.879,,10.59,,False
KTOS,1069258,2018,0.3267,-0.7173,0.0107,5.3891,0.1628,14.09,2.8194,False
KTOS,1069258,2019,0.2863,-0.6003,0.0078,5.664,0.1561,18.01,3.0834,False
KTOS,1069258,2020,0.3629,-0.4047,0.0058,8.2691,0.1321,27.43,4.9816,False
KTOS,1069258,2021,0.3378,-0.3991,0.0176,5.788,0.5105,19.4,3.8879,False
KTOS,1069258,2022,0.2246,-0.4327,-0.0017,3.2074,0.579,10.32,2.1616,False
KTOS,1069258,2023,0.1848,-0.4167,0.0191,6.0077,0.6353,20.29,3.9412,False
KTOS,1069258,2024,0.2949,-0.3403,0.0149,8.2852,0.5824,26.38,5.4802,False
KTOS,1069258,2025,0.3858,-0.2602,0.0104,30.261,0.5459,75.91,18.8355,False
KWR,81362,2015,0.352,0.4766,0.0193,3.8943,,68.86,,False
KWR,81362,2016,0.3599,0.5266,0.0295,7.1307,,115.79,,False
KWR,81362,2017,0.3488,0.5067,0.0236,7.5888,,137.82,,False
KWR,81362,2018,0.3763,0.5709,0.0283,10.3185,0.298,163.88,7.8332,False
KWR,81362,2019,0.1249,0.1449,0.0071,1.637,0.1373,152.97,1.4957,True
KWR,81362,2020,0.1417,0.1466,0.0205,2.604,0.4902,237.72,2.4956,False
KWR,81362,2021,0.1657,0.1747,0.0509,2.3919,0.5958,217.93,2.6424,False
KWR,81362,2022,0.2266,0.1665,0.0185,1.7765,0.6888,159.3,2.321,False
KWR,81362,2023,0.2065,0.2029,0.079,2.6631,0.7197,205.72,3.1101,False
KWR,81362,2024,0.1902,0.2427,0.0746,1.8768,0.7047,137.04,2.645,False
KWR,81362,2025,0.1934,0.2132,0.0189,1.6451,0.675,135.89,2.2551,False
LAD,1023128,2015,0.0893,0.1645,0.0938,0.893,,97.46,,False
LAD,1023128,2016,0.095,0.1831,0.088,0.6706,,89.48,,False
LAD,1023128,2017,0.1029,0.197,0.0873,0.6478,,106.08,,False
LAD,1023128,2018,0.0925,0.2158,0.083,0.379,,72.18,,False
LAD,1023128,2019,0.0824,0.2304,0.0814,0.6688,2.083,140.43,3.1742,False
LAD,1023128,2020,0.1086,0.2326,0.0882,1.1824,1.6609,281.88,3.1174,False
LAD,1023128,2021,0.1014,0.2565,0.1496,0.9733,2.0483,287.07,3.6069,False
LAD,1023128,2022,0.0968,0.2709,0.1293,0.4488,1.8784,199.15,3.0699,False
LAD,1023128,2023,0.103,0.2554,0.0862,0.5314,1.5812,322.69,2.6656,False
LAD,1023128,2024,0.0528,0.249,0.0681,0.4714,1.5647,352.75,2.4843,False
LAD,1023128,2025,0.0463,0.2596,0.0635,0.393,1.499,330.38,2.3633,False
LAMR,1090425,2015,0.0118,-0.1875,0.1129,,,36.58,,False
LAMR,1090425,2016,0.0099,-0.1618,0.1126,,,43.04,,False
LAMR,1090425,2017,0.0224,-0.1517,0.1081,,,49.78,,False
LAMR,1090425,2018,-0.0201,-0.153,0.1013,,,48.82,,False
LAMR,1090425,2019,-0.061,-0.1192,0.0871,,,66.06,,False
LAMR,1090425,2020,-0.0289,-0.1239,0.0708,,,63.96,,False
LAMR,1090425,2021,-0.0454,-0.1214,0.0862,,,96.76,,False
LAMR,1090425,2022,-0.0558,-0.1242,0.0893,,,79.3,,False
LAMR,1090425,2023,-0.0519,-0.1248,0.1029,,,94.02,,False
LAMR,1090425,2024,-0.0536,-0.1574,0.0808,,,112.8,,False
LAMR,1090425,2025,-0.0482,-0.1595,0.1117,,,123.77,,False
LAUR,912766,2017,-0.0116,-0.128,0.0246,0.1612,,6.31,,False
LAUR,912766,2018,0.004,-0.0784,0.0207,0.2076,0.4949,7.09,0.5826,True
LAUR,912766,2019,-0.0196,0.067,0.0238,0.305,0.4989,8.19,0.8307,True
LAUR,912766,2020,0.1286,-0.0356,0.0074,0.3447,0.2062,6.77,0.542,True
LAUR,912766,2021,0.078,0.007,-0.0021,1.3041,0.4914,10.13,1.3703,True
LAUR,912766,2022,-0.0787,0.0199,0.1369,1.0511,0.6299,9.13,1.6458,True
LAUR,912766,2023,-0.1076,0.0197,0.1594,1.6053,0.6983,13.71,2.0859,False
LAUR,912766,2024,-0.0755,0.1566,0.2008,2.7885,0.8413,18.29,3.3059,False
LAUR,912766,2025,-0.0701,0.1889,0.1954,4.5578,0.7714,33.67,4.3313,False
LBRT,1694028,2018,0.2163,0.1068,0.0372,,0.4237,11.82,,False
LBRT,1694028,2019,0.1733,0.1115,-0.0143,,0.3101,10.33,,False
LBRT,1694028,2020,0.1116,0.0123,-0.0288,,0.1363,9.65,,False
LBRT,1694028,2021,0.03,-0.0764,-0.0888,,1.2108,9.08,,False
LBRT,1694028,2022,0.1192,0.091,0.1925,,1.6108,15.04,,False
LBRT,1694028,2023,0.1038,0.248,0.2507,,1.5651,17.27,,False
LBRT,1694028,2024,0.0552,0.3093,0.1181,,1.3091,19.21,,False
LBRT,1694028,2025,0.0443,0.3127,0.0204,,1.1258,18.27,,False
LCII,763744,2015,0.2722,0.4835,0.1866,5.7874,,43.89,,False
LCII,763744,2016,0.2771,0.5023,0.2552,8.1122,,78.96,,False
LCII,763744,2017,0.2485,0.5027,0.2265,8.0587,,97.16,,False
LCII,763744,2018,0.2806,0.453,0.1598,2.3184,0.4314,51.27,3.3208,False
LCII,763744,2019,0.2145,0.3463,0.1075,1.9384,0.3028,84.67,2.5628,False
LCII,763744,2020,0.1973,0.3184,0.097,1.8386,1.2168,105.1,3.3226,False
LCII,763744,2021,0.2858,0.2831,0.1212,1.4324,1.3603,129.34,3.3588,False
LCII,763744,2022,0.2986,0.3761,0.1703,1.0366,1.6037,79.56,3.6727,False
LCII,763744,2023,0.2439,0.3977,0.0417,1.7011,1.2789,112.25,3.2868,False
LCII,763744,2024,0.2585,0.4173,0.0754,1.5448,1.2924,95.81,3.3625,False
LCII,763744,2025,0.2759,0.4029,0.0881,1.5763,1.2979,117.69,3.4297,False
LEA,842162,2015,0.1538,0.3006,0.1262,0.7751,,100.39,,False
LEA,842162,2016,0.1482,0.3744,0.1442,0.8039,,109.32,,False
LEA,842162,2017,0.1472,0.3492,0.1346,0.9723,,147.84,,False
LEA,842162,2018,0.1534,0.3546,0.1426,0.728,1.823,104.53,3.4109,False
LEA,842162,2019,0.1373,0.3719,0.0844,0.7316,1.5622,119.56,2.965,False
LEA,842162,2020,0.1288,0.3642,0.0344,0.8031,1.2915,139.76,2.5513,False
LEA,842162,2021,0.1502,0.3799,0.0506,0.9375,1.4427,162.4,2.8842,False
LEA,842162,2022,0.1312,0.3788,0.0475,0.6215,1.5179,112.55,2.7356,False
LEA,842162,2023,0.134,0.3811,0.0635,0.6706,1.5969,131.0,2.9033,False
LEA,842162,2024,0.1238,0.4228,0.0633,0.4719,1.6615,90.18,2.8939,False
LEA,842162,2025,0.1345,0.417,0.0524,0.576,1.567,112.59,2.8305,False
LECO,59527,2016,0.3373,1.1506,0.1483,2.8872,,65.22,,False
LECO,59527,2017,0.3511,0.9924,0.157,2.927,,79.16,,False
LECO,59527,2018,0.2977,1.0913,0.1598,2.5895,,69.47,,False
LECO,59527,2019,0.2161,1.154,0.1564,3.0594,,87.12,,False
LECO,59527,2020,0.2432,1.219,0.1219,3.831,,107.13,,False
LECO,59527,2021,0.2059,1.1458,0.1781,4.1179,1.2476,130.58,6.1572,False
LECO,59527,2022,0.2216,1.0396,0.1925,3.4956,1.1826,137.66,5.6366,False
LECO,59527,2023,0.2779,1.092,0.2126,5.5358,1.2411,210.08,7.1263,False
LECO,59527,2024,0.2177,1.1343,0.1808,4.5669,1.1388,183.72,6.3249,False
LECO,59527,2025,0.2072,1.1494,0.1901,5.6247,1.1206,238.15,6.9805,False
LEU,1065059,2020,0.0823,-0.8384,0.0424,0.392,0.5083,23.13,-0.1917,True
LEU,1065059,2021,0.1268,-0.4972,0.1193,0.9554,0.5211,49.91,0.9443,True
LEU,1065059,2022,0.1955,-0.3315,0.0846,0.5697,0.4164,32.48,0.8079,True
LEU,1065059,2023,0.2692,-0.1878,0.0658,0.9739,0.4022,54.41,1.2638,True
LEU,1065059,2024,0.6113,-0.0698,0.0439,0.9773,0.4042,66.61,1.7713,True
LEU,1065059,2025,0.7935,0.0006,0.0205,1.9749,0.1834,242.76,2.3892,False
LFST,1845257,2021,0.0777,-0.1853,-0.1486,9.5194,0.0007,9.52,5.0559,False
LFST,1845257,2022,0.0263,-0.2634,-0.0967,2.8808,,4.94,,False
LFST,1845257,2023,0.0108,-0.3606,-0.0896,4.3925,,7.83,,False
LFST,1845257,2024,0.0395,-0.3863,-0.0149,4.19,,7.37,,False
LFST,1845257,2025,0.0745,-0.3669,0.011,3.9385,,7.04,,False
LFUS,889331,2023,0.2586,0.4462,0.0903,,,259.99,,False
LFUS,889331,2024,0.2873,0.4665,0.0408,,,231.44,,False
LFUS,889331,2025,0.2281,0.4225,0.0095,,,251.46,,False
LGHL,1806524,2020,0.2312,-0.1628,-0.1463,,,,,False
LGHL,1806524,2021,0.2477,-0.0197,-0.0052,,,,,False
LGHL,1806524,2022,0.1752,-0.3981,-0.3921,,,,,False
LGHL,1806524,2023,0.1219,-0.5333,-0.0782,,,,,False
LGHL,1806524,2024,-0.2527,-1.8478,,,,,,False
LGHL,1806524,2025,0.3633,-1.3205,,,,,,False
LGND,886163,2015,-0.0161,-0.8538,0.0543,5.9626,,67.64,,False
LGND,886163,2016,-0.1065,-0.7167,0.0729,5.477,,63.39,,False
LGND,886163,2017,-0.0028,-0.5975,0.1015,6.7475,,85.42,,False
LGND,886163,2018,0.6252,-0.1818,0.1299,2.4112,0.04,84.65,2.411,False
LGND,886163,2019,0.7403,0.2676,0.5399,1.7824,0.0181,65.06,4.1321,False
LGND,886163,2020,0.294,0.2877,0.019,1.8947,0.0514,62.04,2.0064,False
LGND,886163,2021,0.3261,0.3461,0.0608,4.0321,0.2136,96.36,3.7093,False
LGND,886163,2022,0.2161,0.5912,0.004,8.062,0.0661,66.8,6.0033,False
LGND,886163,2023,0.2803,0.639,0.0152,16.4977,0.1668,71.42,11.3464,False
LGND,886163,2024,0.3127,0.5298,-0.024,19.1862,0.1775,107.15,12.727,False
LGND,886163,2025,0.5093,0.3896,0.0263,6.9361,0.1718,189.07,5.5768,False
LIF,1581760,2022,0.162,-0.7566,-0.278,,0.6722,,,False
LIF,1581760,2023,0.1884,-0.8863,-0.0932,,0.9465,,,False
LIF,1581760,2024,0.3706,-0.656,-0.0181,40.4973,0.8413,41.27,24.6063,False
LIF,1581760,2025,0.5307,-0.1447,0.0196,12.7001,0.51,64.14,8.6291,False
LIVN,1639691,2016,0.1295,-0.0062,-0.0118,3.8972,,44.97,,False
LIVN,1639691,2017,0.1852,-0.0158,0.0073,6.3945,,79.92,,False
LIVN,1639691,2018,0.0143,-0.0987,-0.1084,4.818,0.1165,91.47,2.5285,False
LIVN,1639691,2019,0.0153,-0.1687,-0.0597,4.0422,0.1192,75.43,2.1298,False
LIVN,1639691,2020,0.1702,-0.312,-0.1119,2.8222,0.3874,66.21,1.4788,True
LIVN,1639691,2021,-0.0081,-0.4079,0.0112,5.3148,0.1227,87.43,2.7679,False
LIVN,1639691,2022,0.2566,-0.4288,-0.0334,2.8146,0.4453,55.54,1.7312,True
LIVN,1639691,2023,0.2688,-0.3978,-0.0282,2.4746,0.4748,51.74,1.6322,True
LIVN,1639691,2024,0.2933,-0.3604,0.0515,2.151,0.5001,46.31,1.808,True
LIVN,1639691,2025,0.1126,-0.4396,0.0765,2.4109,0.5326,61.53,1.7513,True
LKQ,1065696,2015,0.2813,0.3765,0.0269,2.5698,,25.73,,False
LKQ,1065696,2016,0.2838,0.312,0.0195,1.3857,,26.62,,False
LKQ,1065696,2017,0.2668,0.3335,0.0179,1.7289,,35.32,,False
LKQ,1065696,2018,0.2484,0.3159,0.0774,0.7887,,20.61,,False
LKQ,1065696,2019,0.1963,0.324,0.0702,1.0096,0.9786,31.01,2.505,False
LKQ,1065696,2020,0.1655,0.3864,0.0797,1.155,0.9408,30.61,2.6365,False
LKQ,1065696,2021,0.1657,0.4596,0.117,1.9383,1.0383,52.36,3.4295,False
LKQ,1065696,2022,0.1651,0.5529,0.1313,1.8261,1.0628,47.53,3.564,False
LKQ,1065696,2023,0.1028,0.4835,0.09,1.2338,0.9196,43.46,2.757,False
LKQ,1065696,2024,0.1367,0.5123,0.0802,0.9729,0.9599,34.37,2.6895,False
LKQ,1065696,2025,0.1395,0.5257,0.0656,0.8596,0.9018,29.22,2.5375,False
LMAT,1158895,2015,0.5272,0.09,0.1269,27.7214,,15.54,,False
LMAT,1158895,2016,0.4763,0.1505,0.1603,36.5775,,23.07,,False
LMAT,1158895,2017,0.5314,0.2243,0.05,40.3421,,29.2,,False
LMAT,1158895,2018,0.4851,0.2994,0.047,21.8756,0.6896,21.86,14.9712,False
LMAT,1158895,2019,0.3783,0.3028,0.0262,19.126,0.6224,33.62,13.0622,False
LMAT,1158895,2020,0.2734,0.2791,0.0378,10.9304,0.5117,38.35,7.9134,False
LMAT,1158895,2021,0.4032,0.301,0.0284,28.3891,0.5274,47.98,18.5597,False
LMAT,1158895,2022,0.4393,0.3149,0.0224,24.035,0.5207,44.43,15.9838,False
LMAT,1158895,2023,0.475,0.3329,0.0294,25.9021,0.5579,55.36,17.2323,False
LMAT,1158895,2024,0.6734,0.2629,0.0947,9.6572,0.3984,90.59,7.6814,False
LMAT,1158895,2025,0.7015,0.3,0.1103,8.2831,0.4054,80.47,7.0011,False
LNN,836157,2015,0.4232,0.8554,0.0945,2.6067,,63.55,,False
LNN,836157,2016,0.4089,0.9347,0.0688,2.7284,,66.54,,False
LNN,836157,2017,0.397,0.9438,0.0794,3.4375,,79.77,,False
LNN,836157,2018,0.5017,0.9693,0.0771,4.0154,,88.21,,False
LNN,836157,2019,0.4624,0.9489,0.0122,3.9106,0.8721,89.26,5.1421,False
LNN,836157,2020,0.4304,0.8759,0.095,4.5213,0.8119,120.94,5.5809,False
LNN,836157,2021,0.4361,0.8288,0.0849,4.9105,0.8652,144.26,5.7754,False
LNN,836157,2022,0.4449,0.8147,0.1332,4.9996,1.0698,156.0,6.1836,False
LNN,836157,2023,0.4712,0.8533,0.137,4.3844,0.8877,125.04,5.7307,False
LNN,836157,2024,0.4628,0.8865,0.1048,3.8257,0.7838,115.87,5.2216,False
LNTH,1521036,2015,0.2244,-1.4818,0.1755,0.5159,,3.38,,False
LNTH,1521036,2016,0.2617,-1.2989,0.2211,1.5489,,8.6,,False
LNTH,1521036,2017,0.2634,-0.5445,0.1351,3.702,,20.45,,False
LNTH,1521036,2018,0.3244,-0.3823,0.1466,2.7696,0.1961,15.65,2.1958,False
LNTH,1521036,2019,0.2631,-0.3362,0.1273,4.5954,0.2201,20.51,3.2424,False
LNTH,1521036,2020,0.1192,-0.1724,-0.0048,2.4761,0.3902,13.49,1.7617,True
LNTH,1521036,2021,0.1682,-0.2561,-0.0704,4.722,0.4923,28.89,2.9364,False
LNTH,1521036,2022,0.3254,-0.1462,0.0274,3.8053,0.7077,50.96,3.2671,False
LNTH,1521036,2023,0.5441,0.0809,0.2208,4.8451,0.7852,62.0,5.1872,False
LNTH,1521036,2024,0.5484,0.2252,0.2308,6.5438,0.7746,89.46,6.4358,False
LNTH,1521036,2025,0.2544,0.3051,0.1395,3.8184,0.6921,66.55,4.176,False
LOPE,1434588,2015,0.0365,0.5592,0.0703,3.6287,,40.12,,False
LOPE,1434588,2016,0.003,0.5958,0.0702,4.7788,,58.45,,False
LOPE,1434588,2017,0.1049,0.6553,0.0701,7.3471,,89.53,,False
LOPE,1434588,2018,0.1729,0.8173,0.0605,22.6942,0.1341,96.14,15.3022,False
LOPE,1434588,2019,0.0669,0.7936,0.0485,10.1143,0.1262,95.79,7.546,False
LOPE,1434588,2020,0.1166,0.8645,0.0527,8.9803,0.4576,93.11,7.3701,False
LOPE,1434588,2021,0.4769,1.5171,0.2308,12.5721,0.7332,85.71,11.7343,False
LOPE,1434588,2022,0.2084,2.4494,0.2852,14.1138,1.0943,105.66,14.1831,False
LOPE,1434588,2023,0.2585,2.4125,0.2679,16.1998,1.0327,132.04,15.3242,False
LOPE,1434588,2024,0.3034,2.4262,0.2704,18.201,1.0143,163.8,16.5882,False
LOPE,1434588,2025,0.2927,2.708,0.268,17.6665,1.1146,166.31,16.7412,False
LPG,1596993,2015,0.1865,0.0256,0.0095,0.9489,,5.01,,False
LPG,1596993,2016,0.0093,0.0846,0.0226,0.1701,,3.5,,False
LPG,1596993,2017,-0.0125,0.0895,0.0053,0.1944,,3.5,,False
LPG,1596993,2018,0.0306,0.0783,0.0004,0.1366,,2.48,,False
LPG,1596993,2019,0.002,0.0523,-0.0023,0.3956,0.0972,6.59,0.4025,True
LPG,1596993,2020,0.0327,0.1177,0.0298,0.3195,0.1994,5.19,0.6934,True
LPG,1596993,2021,0.0451,0.183,0.0293,0.3943,0.1998,5.85,0.8431,True
LPG,1596993,2022,0.1326,0.1747,0.0233,0.7633,0.1706,12.26,1.1091,True
LPG,1596993,2023,0.0829,0.1357,0.049,1.705,0.2281,33.28,1.7023,True
LPG,1596993,2024,0.1453,0.2052,0.0448,1.0878,,20.7,,False
LPG,1596993,2025,0.1543,0.1749,0.0083,1.3269,,22.72,,False
LPG,1596993,2026,0.1504,0.2137,0.0448,2.9219,,50.04,,False
LPX,60519,2019,0.2044,0.5264,-0.0109,2.2536,,26.88,,False
LPX,60519,2020,0.3389,0.5781,0.3049,2.8567,,34.4,,False
LPX,60519,2021,0.2457,0.5647,0.8314,5.372,,73.37,,False
LPX,60519,2022,0.2204,0.5834,0.5319,4.2916,,56.22,,False
LPX,60519,2023,0.213,0.6069,0.1178,5.4294,,68.33,,False
LPX,60519,2024,0.2164,0.6286,0.2063,7.8619,,101.08,,False
LPX,60519,2025,0.1972,0.6171,0.0796,6.2276,,79.8,,False
LQDA,1819576,2020,0.5459,-2.763,-0.5937,9.2826,0.0074,2.95,0.4048,True
LQDA,1819576,2021,0.5756,-3.3029,-0.3606,15.3145,0.1371,4.87,4.2025,False
LQDA,1819576,2022,0.7044,-2.7136,-0.3001,14.7042,0.1233,6.37,5.0018,False
LQDA,1819576,2023,0.603,-3.6262,-0.6202,15.1578,0.1478,12.03,2.8428,False
LQDA,1819576,2024,0.6223,-2.4293,-0.5266,6.8782,0.0608,11.76,-0.2045,True
LQDA,1819576,2025,0.4197,-1.9099,-0.1567,10.9015,0.4828,34.49,4.3365,False
LQDT,1235468,2015,0.4133,0.0377,-0.4999,2.8096,,6.5,,False
LQDT,1235468,2016,0.3167,-0.4099,-0.1858,3.6987,,9.75,,False
LQDT,1235468,2018,0.171,-0.4957,-0.106,2.6783,,6.17,,False
LQDT,1235468,2019,0.1127,-0.6331,-0.1042,2.6261,0.3139,5.96,0.7947,True
LQDT,1235468,2020,0.103,-0.6222,-0.0198,5.8771,0.2842,15.91,2.9976,False
LQDT,1235468,2021,0.0887,-0.2794,0.1063,5.7382,0.2752,22.08,3.7842,False
LQDT,1235468,2022,0.0211,-0.1074,0.1645,3.2981,0.972,14.06,3.3689,False
LQDT,1235468,2023,0.0884,-0.0345,0.0903,4.2313,1.0882,17.21,3.983,False
LQDT,1235468,2024,0.1271,0.0289,0.0675,6.1566,1.0474,32.29,5.1569,False
LQDT,1235468,2025,0.1684,0.1016,0.0935,5.5258,1.2708,30.31,5.2391,False
LRN,1157408,2015,0.4915,-0.0712,-0.023,2.2567,,8.8,,False
LRN,1157408,2016,0.4398,-0.0564,0.0007,4.2493,,17.16,,False
LRN,1157408,2017,0.4839,-0.0557,0.0064,4.1239,,15.9,,False
LRN,1157408,2018,0.4623,-0.0181,0.0133,6.6566,,24.79,,False
LRN,1157408,2019,0.4564,0.0274,0.0033,4.5411,,20.35,,False
LRN,1157408,2020,0.2123,0.0437,0.0066,2.2172,,21.23,,False
LRN,1157408,2021,0.3495,0.0711,0.07,1.7928,,33.33,,False
LRN,1157408,2022,0.3946,0.1384,0.0953,1.5644,1.0262,31.28,2.9466,False
LRN,1157408,2023,0.4294,0.2012,0.094,3.0336,1.0436,59.37,3.9709,False
LRN,1157408,2024,0.5213,0.2908,0.13,5.8021,1.0623,103.93,6.0052,False
LRN,1157408,2025,0.5797,0.369,0.157,3.3137,1.0485,64.93,4.767,False
LRN,1157408,2026,0.586,0.4864,0.1851,4.4855,1.0339,86.69,5.7201,False
LSCC,855658,2016,0.2049,-0.5306,-0.0348,2.1056,,7.36,,False
LSCC,855658,2017,0.2826,-0.7514,-0.0749,1.9627,,5.78,,False
LSCC,855658,2018,0.3447,-0.7645,-0.005,2.691,0.1539,6.92,1.0954,True
LSCC,855658,2019,0.2657,-0.708,0.0965,9.56,0.1638,19.14,5.5458,False
LSCC,855658,2020,0.3737,-0.5674,0.077,22.0127,0.1576,45.82,13.2733,False
LSCC,855658,2021,0.2686,-0.3991,0.1388,34.7609,0.7093,77.06,21.7874,False
LSCC,855658,2022,0.3152,-0.1391,0.2346,29.5777,0.8268,64.88,19.5311,False
LSCC,855658,2023,0.3217,0.176,0.2524,65.8185,0.8766,68.99,41.8332,False
LSCC,855658,2024,0.3143,0.2478,0.0408,60.5095,0.6036,56.65,37.7681,False
LSCC,855658,2025,0.2788,0.2403,0.0127,61.8137,0.5925,73.58,38.3936,False
LSTR,853816,2015,0.2937,1.3927,0.2422,,,49.04,,False
LSTR,853816,2016,0.3256,1.3797,0.0581,,,71.68,,False
LSTR,853816,2017,0.305,1.1913,0.0518,,,87.87,,False
LSTR,853816,2018,0.3155,1.3337,0.0624,,,82.38,,False
LSTR,853816,2019,0.3117,1.3743,0.0466,,0.6968,98.67,,False
LSTR,853816,2020,0.2431,1.2373,0.153,,2.4991,119.57,,False
LSTR,853816,2021,0.2508,1.1328,0.2472,,3.1961,162.12,,False
LSTR,853816,2022,0.2905,1.3645,0.2956,,3.8494,150.25,,False
LSTR,853816,2023,0.376,1.5449,0.191,,2.9433,182.06,,False
LSTR,853816,2024,0.3566,1.5772,0.1373,,2.6577,164.48,,False
LSTR,853816,2025,0.3182,1.7438,0.0927,,2.8997,140.76,,False
LTH,1869198,2021,-0.0439,-0.1041,-0.0791,0.9233,0.2107,17.21,0.3051,True
LTH,1869198,2022,-0.0493,-0.0985,0.0167,0.5938,0.2751,11.96,0.4894,True
LTH,1869198,2023,-0.0544,-0.082,0.032,0.7053,0.3152,15.08,0.6639,True
LTH,1869198,2024,-0.0488,-0.0588,0.05,1.0882,0.3664,22.12,1.0434,True
LTH,1869198,2025,-0.0279,-0.0059,0.0601,1.2167,0.374,26.58,1.2607,True
LTUM,1415332,2019,0.954,-12.5946,-1.7755,,,,,False
LTUM,1415332,2020,0.9281,-23.234,-0.7732,,0.0,,,False
LTUM,1415332,2021,0.3976,-2.4567,-0.3218,,0.0,,,False
LTUM,1415332,2022,0.4874,-1.9808,-0.3074,,0.0,,,False
LTUM,1415332,2023,0.4444,-2.1201,-0.1511,,0.0,,,False
LTUM,1415332,2024,0.2698,-2.8778,-0.2273,,0.0,,,False
LTUM,1415332,2025,0.1446,-3.5532,-0.2296,,0.0,,,False
LUCN,1726079,2020,0.9047,-3.1952,,,0.0,,,False
LUCN,1726079,2021,-0.3366,-10.9821,,,0.0,,,False
LUMN,18926,2015,-0.041,0.0057,0.0158,0.4154,,13.51,,False
LUMN,18926,2016,-0.004,-0.0,0.0083,0.4237,,13.81,,False
LUMN,18926,2017,-0.0088,0.0146,0.0069,0.2139,,10.81,,False
LUMN,18926,2018,-0.0244,-0.0234,-0.0262,0.2256,,11.03,,False
LUMN,18926,2019,-0.0385,-0.1052,0.0131,0.2102,0.3158,10.45,0.2916,True
LUMN,18926,2020,-0.0582,-0.1352,0.0162,0.1807,0.3165,8.45,0.2192,True
LUMN,18926,2021,0.0753,-0.1034,0.0739,0.2619,0.3068,11.72,0.6534,True
LUMN,18926,2022,0.0135,-0.1656,0.0021,0.1532,0.3534,5.22,0.2367,True
LUMN,18926,2023,0.0365,-0.5264,-0.2817,0.0562,0.3975,1.83,-1.1917,True
LUMN,18926,2024,0.0225,-0.5362,0.0137,0.1658,0.3621,5.31,-0.2168,True
LUMN,18926,2025,0.1025,-0.5737,-0.0236,0.226,0.3299,7.77,-0.2926,True
LW,1679273,2017,0.1218,0.0487,0.2085,2.1821,,48.92,,False
LW,1679273,2018,0.1496,0.1549,0.2107,2.9244,,64.49,,False
LW,1679273,2019,0.1341,0.2636,0.2193,3.4349,,76.27,,False
LW,1679273,2020,0.274,0.2283,0.1194,2.1995,,70.75,,False
LW,1679273,2021,0.2764,0.2957,0.1128,2.1285,,57.73,,False
LW,1679273,2022,0.232,0.3154,0.1073,3.0011,,82.5,,False
LW,1679273,2023,0.1176,0.3314,0.1353,2.7157,,100.91,,False
LW,1679273,2024,0.0632,0.3665,0.1446,1.5662,,63.56,,False
LW,1679273,2025,0.0753,0.3854,0.09,0.9939,0.8727,40.88,2.3958,False
LW,1679273,2026,0.0812,0.397,0.0801,1.3495,0.896,54.53,2.6231,False
LYFT,1759509,2019,0.1399,-0.9747,-0.4748,5.7395,0.6353,43.02,1.3153,True
LYFT,1759509,2020,0.1111,-1.5603,-0.3865,6.1934,0.472,49.13,0.8616,True
LYFT,1759509,2021,0.0544,-1.7517,-0.0573,4.7121,0.6196,42.73,0.8706,True
LYFT,1759509,2022,-0.1206,-2.1817,-0.3202,1.0009,0.8366,11.02,-2.8186,True
LYFT,1759509,2023,-0.0842,-2.2524,-0.1042,1.4105,0.9018,14.99,-1.8501,True
LYFT,1759509,2024,-0.1711,-1.8874,-0.0219,1.0461,0.9872,12.9,-1.3051,True
LYFT,1759509,2025,-0.1779,-0.821,-0.0209,1.2737,0.6529,19.37,-0.0147,True
LZ,1286139,2021,0.0871,-1.7355,-0.1974,11.7887,1.3342,16.07,5.431,False
LZ,1286139,2022,-0.0186,-2.2,0.0122,5.0399,0.3617,7.74,0.3235,True
LZ,1286139,2023,0.0254,-2.0836,0.047,6.9369,1.4754,11.3,2.9063,False
LZ,1286139,2024,-0.1989,-2.86,0.0952,4.5833,1.8238,7.51,0.6451,True
LZ,1286139,2025,-0.1497,-2.2177,0.0488,5.0072,1.478,9.93,1.359,True
LZB,57131,2015,0.4151,0.304,0.1332,3.1808,,19.89,,False
LZB,57131,2016,0.4057,0.3156,0.153,4.0673,,25.68,,False
LZB,57131,2017,0.3586,0.3203,0.1469,3.5144,,26.23,,False
LZB,57131,2018,0.3772,0.3266,0.1449,3.3764,,23.67,,False
LZB,57131,2019,0.2854,0.3075,0.1224,2.9025,1.6469,27.34,4.5651,False
LZB,57131,2020,0.1925,0.2395,0.0828,1.9084,1.1875,34.98,3.172,False
LZB,57131,2021,0.1761,0.2234,0.0765,1.2817,0.9708,32.41,2.5164,False
LZB,57131,2022,0.1429,0.2232,0.107,0.7465,1.2198,20.9,2.5048,False
LZB,57131,2023,0.2029,0.2921,0.1133,1.5004,1.2589,34.63,3.1855,False
LZB,57131,2024,0.2088,0.3125,0.0788,1.8351,1.0698,41.71,3.119,False
LZB,57131,2025,0.2002,0.3108,0.0707,1.6216,1.0973,36.5,2.9789,False
LZB,57131,2026,0.1684,0.2989,0.0633,1.2674,1.0413,31.4,2.631,False
M,794367,2015,0.0935,0.3078,0.0991,0.3511,,21.95,,False
M,794367,2016,0.0997,0.3067,0.0662,0.3932,,23.38,,False
M,794367,2017,0.1222,0.3702,0.0932,0.3329,,17.47,,False
M,794367,2018,0.1153,0.4194,0.0905,0.4422,0.4405,21.6,1.7301,True
M,794367,2019,0.0501,0.3773,0.0458,0.2357,0.3938,13.35,1.2747,True
M,794367,2021,0.0763,0.2995,0.1336,0.4057,1.3906,21.7,2.5857,False
M,794367,2022,0.0588,0.3716,0.1026,0.3606,1.4492,17.65,2.5949,False
M,794367,2023,0.1021,0.381,0.0235,0.3869,1.4214,17.94,2.3871,False
M,794367,2024,0.1192,0.3962,0.0554,0.3463,1.3592,15.71,2.4476,False
M,794367,2025,0.1343,0.4275,0.0634,0.4924,1.3403,21.45,2.6046,False
MAN,871763,2015,0.2184,0.2615,0.0241,0.5907,,61.29,,False
MAN,871763,2016,0.1946,0.3025,0.028,0.5984,,65.98,,False
MAN,871763,2017,0.1532,0.3054,0.0269,0.7346,,95.18,,False
MAN,871763,2018,0.2138,0.3706,0.0256,0.4,0.633,50.07,1.7328,True
MAN,871763,2019,0.2215,0.3788,0.0208,0.553,0.5634,76.85,1.7599,True
MAN,871763,2020,0.2124,0.3633,0.0148,0.4963,0.5419,73.37,1.6521,True
MAN,871763,2021,0.0653,0.3698,0.0596,0.5169,2.1085,81.1,3.2113,False
MAN,871763,2022,0.112,0.4237,0.0637,0.4986,2.1716,71.54,3.4086,False
MAN,871763,2023,0.0875,0.4318,0.029,0.5016,2.142,71.14,3.2481,False
MAN,871763,2024,0.065,0.4649,0.0373,0.4138,2.177,54.05,3.2773,False
MAN,871763,2025,0.0608,0.4075,0.0164,0.1903,1.9604,29.05,2.772,False
MANH,1056696,2015,0.355,0.6128,0.117,27.0892,,66.17,,False
MANH,1056696,2016,0.3008,0.6211,0.1526,24.1983,,53.03,,False
MANH,1056696,2017,0.3296,0.5909,0.1383,20.6259,,49.54,,False
MANH,1056696,2018,0.2283,0.5319,0.1116,15.4396,0.47,42.37,11.1206,False
MANH,1056696,2019,0.1355,0.4284,0.0673,20.2165,0.4108,79.75,13.5253,False
MANH,1056696,2020,0.2945,0.5082,0.0606,24.8769,0.316,105.18,16.5069,False
MANH,1056696,2021,0.2953,0.5,0.2489,31.3627,1.2296,155.49,21.923,False
MANH,1056696,2022,0.175,0.445,0.2678,20.6135,1.3453,121.4,15.4302,False
MANH,1056696,2023,0.1682,0.4525,0.3117,31.7768,1.3793,215.32,22.3093,False
MANH,1056696,2024,0.1359,0.4349,0.3453,34.3706,1.3759,270.24,23.9098,False
MANH,1056696,2025,0.1518,0.4111,0.3333,19.2611,1.2883,173.31,14.7028,False
MARA,1507605,2015,-0.2577,-0.6199,-0.5438,286.2151,,25.6,,False
MARA,1507605,2016,-0.8169,-3.1683,-0.8521,385.5207,,27.52,,False
MARA,1507605,2017,0.49,-5.9287,-0.9419,825.9747,,16.4,,False
MARA,1507605,2018,0.1428,-19.6535,-2.3248,244.6617,0.3008,1.44,112.0822,False
MARA,1507605,2019,-0.0542,-15.9529,-0.6404,114.3709,0.179,0.88,44.2894,False
MARA,1507605,2020,0.9097,-0.3705,-0.0314,2677.4425,0.0139,10.44,1606.9488,False
MARA,1507605,2021,0.4656,-0.1051,-0.0588,16.5884,0.1039,32.86,10.2747,False
MAT,63276,2015,0.2367,0.5716,0.0449,1.8114,,24.85,,False
MAT,63276,2016,0.2209,0.546,0.0404,1.8494,,26.45,,False
MAT,63276,2017,0.2385,0.3493,-0.0405,0.8822,,15.38,,False
MAT,63276,2018,0.2075,0.3086,0.0202,0.623,0.291,9.99,1.4124,True
MAT,63276,2019,0.1824,0.2654,0.0127,0.8009,0.2767,13.55,1.3895,True
MAT,63276,2020,0.2042,0.2789,0.069,1.0123,0.8302,17.45,2.3008,False
MAT,63276,2021,0.1996,0.3842,0.1141,1.2766,0.8536,21.56,2.7735,False
MAT,63276,2022,0.2495,0.461,0.1093,1.2367,0.8797,17.84,2.9273,False
MAT,63276,2023,0.2766,0.4758,0.0873,1.2583,0.8455,18.88,2.8864,False
MAT,63276,2024,0.2768,0.5507,0.1061,1.1835,0.822,17.73,2.9854,False
MAT,63276,2025,0.2519,0.6026,0.0823,1.2861,0.8053,19.84,2.9944,False
MATW,63296,2015,0.1736,0.3902,0.0151,0.8875,,40.63,,False
MATW,63296,2016,0.1506,0.4286,0.019,1.3342,,59.06,,False
MATW,63296,2017,0.1381,0.4227,0.0133,0.8806,,41.03,,False
MATW,63296,2018,0.1315,0.438,0.0199,0.6639,,32.05,,False
MATW,63296,2019,0.1387,0.444,-0.0273,0.6532,0.1791,30.79,1.2689,True
MATW,63296,2020,0.1248,0.4144,0.0099,0.5229,0.1926,24.48,1.2691,True
MATW,63296,2021,0.1328,0.4105,0.0207,0.6991,0.8223,31.26,2.0442,False
MATW,63296,2022,0.1154,0.3754,-0.0233,0.5978,0.9361,26.73,1.8817,False
MATW,63296,2023,0.1344,0.3787,0.0467,0.7555,0.9966,32.97,2.2954,False
MATW,63296,2024,0.1078,0.3396,-0.0067,0.5751,0.9787,25.75,1.9063,False
MATW,63296,2025,0.1001,0.3336,0.0445,0.6523,,25.36,,False
MATX,3453,2015,-0.0118,0.106,0.0275,0.8653,,35.28,,False
MATX,3453,2016,-0.0025,0.0971,0.018,0.5785,,29.87,,False
MATX,3453,2017,-0.009,0.1697,0.0113,0.4924,,25.84,,False
MATX,3453,2018,-0.0216,0.1893,0.0125,0.5065,0.2324,28.37,0.8168,True
MATX,3453,2019,-0.0517,0.1772,0.0089,0.542,0.19,36.97,0.7307,True
MATX,3453,2020,-0.0709,0.2269,0.0406,0.8154,0.2414,52.88,1.0971,True
MATX,3453,2021,0.0249,0.3665,0.3215,1.2517,1.0629,84.79,3.418,False
MATX,3453,2022,0.0411,0.4587,0.3126,0.879,1.003,59.76,3.2535,False
MATX,3453,2023,0.0093,0.4866,0.0798,1.6813,0.7206,106.48,2.6851,False
MATX,3453,2024,0.0107,0.5086,0.12,2.0366,0.7446,132.36,3.0873,False
MATX,3453,2025,-0.012,0.5262,0.1078,1.957,0.7215,122.81,2.9738,False
MBC,1941365,2023,0.1376,0.5057,0.1286,2.5438,1.1446,14.85,3.9685,False
MBC,1941365,2024,0.0871,0.4541,0.0804,1.8182,0.9217,14.61,3.0184,False
MBC,1941365,2025,0.0904,0.4377,0.0384,1.2795,0.882,11.04,2.4977,False
MCRI,907242,2015,-0.1424,0.7546,0.0291,,,20.21,,False
MCRI,907242,2016,0.0145,0.7859,0.0345,,,22.93,,False
MCRI,907242,2017,0.0199,0.7754,0.0245,,,39.87,,False
MCRI,907242,2018,-0.028,0.6301,,,0.528,33.93,,False
MCRI,907242,2019,-0.0005,0.5215,,,0.4079,43.19,,False
MCRI,907242,2020,-0.054,0.5094,,,,54.46,,False
MCRI,907242,2021,-0.0827,0.5949,,,,65.79,,False
MCRI,907242,2022,-0.0409,0.719,,,0.6896,68.4,,False
MCRI,907242,2023,-0.0711,0.6871,,,0.7365,66.61,,False
MCRI,907242,2024,-0.081,0.7495,,,0.7551,77.26,,False
MCRI,907242,2025,-0.0294,0.8387,,,0.7647,94.93,,False
MD,893949,2015,0.0218,0.3321,0.0332,2.7604,,71.66,,False
MD,893949,2016,0.0259,0.3344,0.0267,2.1005,,66.66,,False
MD,893949,2017,0.0163,0.3491,0.0214,1.5503,,53.44,,False
MD,893949,2018,0.0265,0.3529,0.0175,0.9418,0.1572,33.0,1.3057,True
MD,893949,2019,0.0458,0.1231,0.0156,0.8531,0.2184,27.79,1.009,True
MD,893949,2020,0.3301,-0.0855,0.0096,0.7668,0.1244,24.54,0.8927,True
MD,893949,2021,0.1518,-0.0571,0.0745,1.2109,0.702,27.21,1.7767,True
MD,893949,2022,0.0004,-0.0379,0.0736,0.8291,0.8399,14.86,1.5275,True
MD,893949,2023,0.0426,0.0673,0.0033,0.5513,0.8986,9.3,1.3856,True
MD,893949,2024,0.0955,-0.1155,-0.0319,0.7682,0.9351,13.12,1.2436,True
MD,893949,2025,0.1356,-0.037,0.0929,1.2587,0.8519,21.39,2.0246,False
MDLN,2046386,2025,0.2128,-0.0002,0.0575,,0.7388,,,False
MDU,67716,2015,0.0111,0.1503,0.0084,0.4292,,5.06,,False
MDU,67716,2016,0.049,0.1452,0.0177,0.7783,,8.22,,False
MDU,67716,2017,0.0406,0.1643,0.0198,0.7104,,7.9,,False
MDU,67716,2018,0.0283,0.1665,0.0169,0.5922,,7.22,,False
MDU,67716,2019,0.0561,0.174,0.0169,0.7473,,9.27,,False
MDU,67716,2020,0.0464,0.1935,0.0181,0.3594,,8.5,,False
MDU,67716,2021,0.0515,0.1978,0.06,0.3893,,10.23,,False
MDU,67716,2022,0.0551,0.202,0.0594,0.3595,,10.38,,False
MDU,67716,2023,0.0368,0.16,0.0544,0.4345,0.5891,10.18,1.2975,True
MDU,67716,2024,-0.0018,0.1463,0.0377,0.8277,0.249,17.11,1.0729,True
MDU,67716,2025,-0.0148,0.1455,0.0381,0.8294,0.2444,19.12,1.0537,True
MEDP,1668397,2016,-0.0361,-0.0098,0.0132,2.7329,,36.07,,False
MEDP,1668397,2017,-0.066,-0.1266,0.0162,2.2632,,36.26,,False
MEDP,1668397,2018,-0.0815,-0.0429,0.0317,3.906,0.1985,52.93,2.4888,False
MEDP,1668397,2019,-0.0227,0.0596,0.0316,5.6294,0.2011,84.06,3.7392,False
MEDP,1668397,2020,0.0241,0.0829,0.1201,6.6427,0.6658,139.2,5.1928,False
MEDP,1668397,2021,0.0805,0.1416,0.1197,8.5921,0.6882,217.64,6.5332,False
MEDP,1668397,2022,-0.3471,-0.266,0.2061,6.1367,1.0795,212.41,4.6525,False
MEDP,1668397,2023,-0.2,-0.1338,0.2033,7.793,1.1382,306.53,6.0577,False
MEDP,1668397,2024,-0.0359,0.0039,0.2127,7.2712,1.0039,332.23,6.031,False
MEDP,1668397,2025,-0.1793,-0.2328,0.2708,10.338,1.2808,561.65,7.8361,False
MGA,749098,2015,0.1963,0.3241,0.1345,,,,,False
MGA,749098,2016,0.0651,0.3243,0.1232,,,,,False
MGA,749098,2017,0.0808,0.3186,0.1181,,,,,False
MGA,749098,2018,0.059,0.3228,0.1137,,1.5736,,,False
MGA,749098,2019,0.0859,0.3333,0.0862,,1.5289,,,False
MGA,749098,2020,0.1267,0.3043,0.0352,,1.1413,,,False
MGA,749098,2021,0.1066,0.3174,0.067,,1.246,,,False
MGA,749098,2022,0.0549,0.3109,0.0316,,1.3617,,,False
MGA,749098,2023,0.0249,0.2884,0.0498,,1.3268,,,False
MGA,749098,2024,0.0329,0.3092,0.0497,,1.3801,,,False
MGA,749098,2025,0.0875,0.3108,0.0416,,1.3372,,,False
MGEE,1161728,2015,0.0986,0.196,0.0128,2.0875,,36.87,,False
MGEE,1161728,2016,0.0955,0.2071,0.0133,2.809,,53.05,,False
MGEE,1161728,2017,0.0885,0.2301,0.0142,2.8302,,52.27,,False
MGEE,1161728,2018,0.0603,0.2342,0.0121,2.7488,,50.75,,False
MGEE,1161728,2019,0.0254,0.2425,0.0105,3.5608,,68.03,,False
MGEE,1161728,2020,0.0083,0.242,0.0083,2.991,,61.71,,False
MGEE,1161728,2021,0.0344,0.2514,0.0495,3.7243,,73.99,,False
MGEE,1161728,2022,0.0073,0.2581,0.0547,2.7947,,64.68,,False
MGEE,1161728,2023,0.0303,0.2643,0.0547,3.0605,,67.99,,False
MGEE,1161728,2024,0.036,0.2702,0.0517,3.9787,,90.29,,False
MGEE,1161728,2025,-0.0216,0.2638,0.0541,2.6708,,76.97,,False
MGY,1698990,2017,-0.0012,0.0023,-0.0016,84.0566,0.0,8.71,50.4305,False
MHK,851968,2015,-0.0009,0.4126,0.0842,2.5356,,189.39,,False
MHK,851968,2016,0.0736,0.4919,0.1251,3.0578,,199.68,,False
MHK,851968,2017,0.1172,0.4965,0.112,3.739,,275.9,,False
MHK,851968,2018,0.0949,0.5029,0.0836,1.4,0.1869,116.96,2.1209,False
MHK,851968,2019,0.1283,0.5403,0.0618,1.7562,0.1811,136.38,2.349,False
MHK,851968,2020,0.2089,0.5276,0.0444,1.65,0.1844,140.95,2.3101,False
MHK,851968,2021,0.1611,0.5408,0.0939,2.129,0.7874,182.18,3.325,False
MHK,851968,2022,0.2001,0.5248,0.0173,1.1346,0.8312,102.22,2.5438,False
MHK,851968,2023,0.1813,0.514,-0.0212,1.1821,0.8212,103.5,2.3976,False
MHK,851968,2024,0.221,0.5732,0.0544,1.5454,0.8481,119.13,3.0225,False
MHK,851968,2025,0.2371,0.5482,0.0358,1.3947,0.788,109.3,2.7948,False
MIDD,769520,2015,0.1033,0.4039,0.0263,2.4615,,86.78,,False
MIDD,769520,2016,0.1108,0.4797,0.0434,2.8371,,103.63,,False
MIDD,769520,2017,0.1372,0.5083,0.0206,2.4815,,108.57,,False
MIDD,769520,2018,0.1105,0.4416,0.0308,1.2957,,82.65,,False
MIDD,769520,2019,0.1232,0.4721,0.0304,1.3041,0.1575,88.11,1.8489,False
MIDD,769520,2020,0.1096,0.4938,0.0179,1.454,0.1402,103.72,1.8945,False
MIDD,769520,2021,0.1241,0.4797,0.0987,1.8405,0.5092,158.29,2.7597,False
MIDD,769520,2022,0.148,0.5089,0.093,1.1948,0.5866,107.72,2.5007,False
MIDD,769520,2023,0.1614,0.5646,0.0919,1.4642,0.5844,118.4,2.7505,False
MIDD,769520,2024,0.2061,0.5943,0.0901,1.3521,0.5321,108.97,2.7199,False
MIDD,769520,2025,0.2651,0.6414,0.091,1.5284,0.1372,119.61,2.5708,False
MIR,1809987,2020,-0.0959,-0.1304,,,,10.9,,False
MIR,1809987,2021,0.0745,-0.0422,-0.0073,,0.0494,10.47,,False
MIR,1809987,2022,0.0863,-0.1492,-0.1087,,0.2621,6.61,,False
MIR,1809987,2023,0.1004,-0.1859,-0.0081,,0.2946,10.25,,False
MIR,1809987,2024,0.1257,-0.2054,0.0094,,0.3266,17.45,,False
MIR,1809987,2025,0.161,-0.1429,0.0144,,0.2579,23.42,,False
MKSI,1049502,2016,0.3442,0.2236,0.0283,3.8413,,55.13,,False
MKSI,1049502,2017,0.3921,0.3296,0.0497,7.2493,,88.46,,False
MKSI,1049502,2018,0.4593,0.415,0.036,5.565,0.1762,60.99,4.7661,False
MKSI,1049502,2019,0.3266,0.3458,0.0193,5.0891,0.1463,104.84,4.1396,False
MKSI,1049502,2020,0.3664,0.381,0.0376,6.3266,0.1691,144.36,5.0622,False
MKSI,1049502,2021,0.3715,0.4385,0.1539,6.8697,0.6496,168.01,6.3391,False
MKSI,1049502,2022,0.1602,0.1977,0.0537,0.7944,0.3086,82.38,1.4313,True
MKSI,1049502,2023,0.2027,0.0409,-0.1704,1.0277,0.3972,101.01,0.7519,True
MKSI,1049502,2024,0.1978,0.0586,0.058,1.1137,0.4175,103.24,1.5963,True
MKSI,1049502,2025,0.18,0.0808,0.06,1.7734,0.4469,159.38,2.0382,False
MLI,89439,2015,0.4414,0.7944,0.1025,2.5022,,5.42,,False
MLI,89439,2016,0.4666,0.7888,0.1055,3.4971,,8.08,,False
MLI,89439,2017,0.3764,0.5632,0.1151,2.217,,7.86,,False
MLI,89439,2018,0.343,0.6022,0.1263,1.4429,0.4082,5.26,2.9455,False
MLI,89439,2019,0.3352,0.6587,0.1396,2.2592,0.3967,7.24,3.5374,False
MLI,89439,2020,0.3178,0.6671,0.1608,2.4717,0.4421,8.13,3.7712,False
MLI,89439,2021,0.3682,0.8436,0.3793,6.514,0.5531,13.9,7.3362,False
MLI,89439,2022,0.5291,0.9186,0.3912,7.2534,0.3914,14.05,7.9551,False
MLI,89439,2023,0.6244,0.9402,0.274,12.5944,0.2654,22.81,10.7918,False
MLI,89439,2024,0.4905,0.9444,0.2341,17.6855,0.2806,38.9,13.5752,False
MLI,89439,2025,0.5445,1.0076,0.2568,25.3206,1.1193,56.91,19.2231,False
MLKN,66382,2015,0.0948,0.2845,0.1375,2.0371,,21.82,,False
MLKN,66382,2016,0.0733,0.3524,0.1712,2.6442,,26.53,,False
MLKN,66382,2017,0.0813,0.3977,0.1461,3.1156,,31.74,,False
MLKN,66382,2018,0.1565,0.4044,0.12,2.1274,,24.49,,False
MLKN,66382,2019,0.1371,0.4542,0.1297,2.8259,1.6359,34.41,4.5598,False
MLKN,66382,2020,0.1966,0.333,-0.0187,1.413,1.2107,28.22,2.6989,False
MLKN,66382,2021,0.1895,0.3921,0.1118,1.9982,1.1955,33.3,3.5398,False
MLKN,66382,2022,0.0976,0.1536,0.0088,0.4195,0.8742,18.35,1.4871,True
MLKN,66382,2023,0.1107,0.1582,0.0286,0.6036,0.9561,24.23,1.767,True
MLKN,66382,2024,0.092,0.1826,0.0413,0.5556,0.8973,21.08,1.7332,True
MLKN,66382,2025,0.1025,0.1684,0.0128,0.4629,0.929,17.77,1.6077,True
MLKN,66382,2026,0.104,0.176,0.0496,0.5931,0.9603,22.59,1.8509,False
MMI,1578732,2015,0.377,0.336,0.1056,7.5894,,26.5,,False
MMI,1578732,2016,0.3955,0.4381,0.0708,6.8086,,24.3,,False
MMI,1578732,2017,0.516,0.4875,0.0596,7.7586,,29.66,,False
MMI,1578732,2018,0.4917,0.5497,0.0574,7.5401,1.4386,31.22,7.5116,False
MMI,1578732,2019,0.4349,0.5476,0.0382,5.9921,1.1374,33.88,6.1473,False
MMI,1578732,2020,0.3963,0.5533,0.0386,5.5204,0.3211,33.86,5.0108,False
MMI,1578732,2021,0.366,0.5487,0.1812,5.0799,1.2404,46.8,6.0936,False
MMI,1578732,2022,0.3737,0.5834,0.1369,4.2256,1.2969,32.38,5.5493,False
MMI,1578732,2023,0.3283,0.5604,-0.0676,6.7754,0.7353,41.71,5.7562,False
MMI,1578732,2024,0.3188,0.5276,-0.0378,5.8681,0.8003,37.03,5.3175,False
MMI,1578732,2025,0.227,0.4954,-0.0166,4.5311,0.9129,26.81,4.5428,False
MMS,1032220,2015,0.1754,0.1473,0.0481,3.8815,,49.26,,False
MMS,1032220,2016,0.2078,0.2399,0.0603,4.3104,,49.04,,False
MMS,1032220,2017,0.2525,0.3643,0.0574,8.1596,,63.1,,False
MMS,1032220,2018,0.3633,0.4332,0.0423,8.0464,,57.72,,False
MMS,1032220,2019,0.2436,0.4552,0.0444,7.0402,0.4325,66.9,5.7329,False
MMS,1032220,2020,0.1834,0.3805,0.0417,4.4708,0.4563,66.85,4.0294,False
MMS,1032220,2021,0.0704,0.2398,0.0992,1.4632,1.0329,73.74,2.6584,False
MMS,1032220,2022,0.0646,0.2568,0.0816,1.4792,1.1599,69.03,2.7538,False
MMS,1032220,2023,0.0834,0.2804,0.074,1.8091,1.2306,80.09,3.0527,False
MMS,1032220,2024,0.0951,0.3091,0.1182,1.6544,1.2843,72.32,3.214,False
MMS,1032220,2025,0.1199,0.2614,0.1298,1.8569,1.3346,84.96,3.3869,False
MMSI,856982,2015,0.1491,0.3516,0.0482,3.5506,,18.59,,False
MMSI,856982,2016,0.1645,0.3117,0.037,3.5589,,26.5,,False
MMSI,856982,2017,0.1803,0.2891,0.0119,5.9234,,43.2,,False
MMSI,856982,2018,0.1571,0.2243,0.0084,4.849,0.144,55.81,3.5838,False
MMSI,856982,2019,0.1553,0.2095,-0.0019,2.3089,0.1468,31.22,2.0054,False
MMSI,856982,2020,0.147,0.215,0.0096,4.696,0.155,55.51,3.4817,False
MMSI,856982,2021,0.1492,0.2465,0.037,6.1134,0.652,62.3,4.9661,False
MMSI,856982,2022,0.1854,0.2889,0.0526,8.1159,0.6917,70.62,6.3618,False
MMSI,856982,2023,0.3892,0.2474,0.0533,4.038,0.5407,75.96,3.9527,False
MMSI,856982,2024,0.2925,0.2876,0.0644,5.5571,0.5609,96.72,4.8611,False
MMSI,856982,2025,0.298,0.3068,0.0688,4.7774,0.5644,88.14,4.4449,False
MOG-A,67887,2015,0.3311,0.5118,0.0795,,,55.89,,False
MOG-A,67887,2016,0.3389,0.561,0.0783,,,60.57,,False
MOG-A,67887,2017,0.3226,0.5979,0.0809,,,80.09,,False
MOG-A,67887,2018,0.2685,0.6658,0.087,,0.2365,72.13,,False
MOG-A,67887,2019,0.2894,0.685,0.1031,,0.2457,80.36,,False
MOG-A,67887,2020,0.2799,0.6549,0.0671,,0.2191,75.42,,False
MOG-A,67887,2021,0.2474,0.6518,0.0789,,0.8307,77.98,,False
MOG-A,67887,2022,0.268,0.6877,0.0824,,0.8846,85.61,,False
MOG-A,67887,2023,0.2678,0.6557,0.0901,,0.8716,142.66,,False
MOG-A,67887,2024,0.2789,0.6519,0.0966,,0.8817,195.19,,False
MOG-A,67887,2025,0.2826,0.6404,0.1016,,0.8722,242.92,,False
MOH,1179929,2015,0.2257,0.1153,0.0116,0.6254,2.156,60.13,3.0016,False
MOH,1179929,2016,0.1904,0.1087,-0.0008,0.4883,2.3872,54.26,3.0582,False
MOH,1179929,2017,0.2307,0.0352,-0.0655,0.5611,0.5842,76.68,1.0307,True
MOH,1179929,2018,0.3098,0.1415,0.1581,1.1016,0.6519,116.22,2.4044,False
MOH,1179929,2019,0.3975,0.2624,0.1538,1.4674,0.6297,135.69,2.8622,False
MOH,1179929,2020,0.3054,0.1951,0.1131,1.493,2.0377,212.68,3.9463,False
MOH,1179929,2021,0.2471,0.1965,0.0835,1.7334,2.2746,318.08,4.162,False
MOH,1179929,2022,0.2622,0.2271,0.0953,1.8436,2.5966,330.22,4.6496,False
MOH,1179929,2023,0.2937,0.261,0.1056,1.7664,2.2879,361.31,4.4143,False
MOH,1179929,2024,0.312,0.2617,0.1092,1.3645,2.6008,291.05,4.5208,False
MOH,1179929,2025,0.3259,0.2314,0.0502,0.7881,2.9187,173.54,4.2722,False
MORN,1289419,2015,0.1025,0.7184,0.0487,7.1202,,73.72,,False
MORN,1289419,2016,0.1311,0.638,0.0369,3.9102,,68.18,,False
MORN,1289419,2017,0.147,0.682,0.0303,5.6782,,90.94,,False
MORN,1289419,2018,0.1643,0.7668,0.0339,7.5143,0.7015,103.98,6.5927,False
MORN,1289419,2019,0.0453,0.5137,0.0167,4.2097,0.4973,144.46,3.8519,False
MORN,1289419,2020,0.0384,0.5154,0.0241,5.8785,0.5154,223.24,4.8898,False
MORN,1289419,2021,0.0364,0.5332,0.0898,8.5803,0.5936,330.92,6.8282,False
MORN,1289419,2022,-0.0206,0.4418,0.0483,3.4865,0.5383,210.76,3.3833,False
MORN,1289419,2023,-0.0191,0.4733,0.0678,5.07,0.599,280.52,4.5042,False
MORN,1289419,2024,0.0132,0.538,0.1366,6.4488,0.6411,331.83,5.7301,False
MORN,1289419,2025,-0.0043,0.6145,0.1467,3.4138,0.6812,215.52,4.0687,False
MP,1801368,2020,0.4822,-0.0583,-0.0323,25.9947,0.125,32.17,16.1123,False
MP,1801368,2021,0.6442,0.0383,0.0875,9.1827,0.1739,45.42,6.7989,False
MP,1801368,2022,0.5346,0.1615,0.1463,4.6742,0.2357,24.28,4.3907,False
MP,1801368,2023,0.4377,0.1651,-0.0076,3.6421,0.1085,19.85,3.0251,False
MP,1801368,2024,0.3717,0.1373,-0.0726,2.1729,0.0874,15.6,1.7896,True
MP,1801368,2025,0.4831,0.0607,-0.0387,6.1134,0.0581,50.52,4.2632,False
MRCY,1049521,2015,0.3971,0.2422,0.0203,27.7064,0.1644,18.36,17.671,False
MRCY,1049521,2016,0.2413,0.1551,0.0104,6.8981,0.116,30.22,4.7959,False
MRCY,1049521,2017,0.2125,0.1705,0.0159,34.1864,0.1417,51.35,21.1999,False
MRCY,1049521,2018,0.2443,0.1691,0.0177,9.7196,0.1436,47.29,6.5638,False
MRCY,1049521,2019,0.3417,0.16,0.054,31.4282,0.4621,69.11,20.1314,False
MRCY,1049521,2020,0.3159,0.194,0.0164,23.4384,0.135,88.06,14.9028,False
MRCY,1049521,2021,0.2518,0.1915,0.0115,7.0301,0.1283,55.06,4.9545,False
MRCY,1049521,2022,0.2696,0.1674,0.0137,3.5068,0.4288,44.74,3.1361,False
MRCY,1049521,2023,0.2943,0.1495,-0.0091,2.6667,0.4072,36.57,2.5397,False
MRCY,1049521,2024,0.3024,0.0924,-0.0621,2.7874,0.3511,42.0,2.3108,False
MRCY,1049521,2025,0.3112,0.0747,-0.0081,4.5673,0.3746,73.01,3.5664,False
MRCY,1049521,2026,0.2776,0.0655,0.0001,6.3632,0.4235,87.33,4.6667,False
MRTN,799167,2015,0.0794,0.5267,0.0241,2.1251,0.2672,5.78,2.4547,False
MRTN,799167,2016,0.0501,0.555,0.0222,2.8867,0.2641,7.65,2.9066,False
MRTN,799167,2017,0.0758,0.6497,0.0208,5.5265,0.2647,11.16,4.6497,False
MRTN,799167,2018,0.1214,0.6614,0.0259,4.1026,0.2705,8.94,3.8892,False
MRTN,799167,2019,0.0977,0.6497,0.0236,5.068,0.2726,12.35,4.4182,False
MRTN,799167,2020,0.1032,0.6426,0.0307,5.9516,0.2734,15.4,4.9693,False
MRTN,799167,2021,0.1073,0.6491,0.1283,5.9658,1.1182,16.0,6.1584,False
MRTN,799167,2022,0.1155,0.6792,0.1484,5.8276,1.3088,18.68,6.3847,False
MRTN,799167,2023,0.0872,0.7137,0.091,7.0285,1.1425,20.05,6.7636,False
MRTN,799167,2024,0.0464,0.7372,0.0343,6.148,,15.12,,False
MRTN,799167,2025,0.0837,0.7497,0.0241,5.0393,,11.24,,False
MSA,66570,2015,0.1777,0.6026,,1.5743,,37.04,,False
MSA,66570,2016,0.1857,0.6658,0.1213,2.9526,,60.67,,False
MSA,66570,2017,0.1977,0.5156,0.0257,2.465,,69.15,,False
MSA,66570,2018,0.2329,0.5818,0.1079,3.405,,85.48,,False
MSA,66570,2019,0.239,0.5819,0.107,4.4565,,116.34,,False
MSA,66570,2020,0.237,0.5692,0.0891,5.0596,,139.36,,False
MSA,66570,2021,0.1929,0.4382,0.0095,3.5157,0.1712,142.35,3.157,False
MSA,66570,2022,0.2248,0.4873,0.1006,3.6597,0.1865,137.86,3.6663,False
MSA,66570,2023,0.2089,0.5269,0.1066,5.2385,0.2283,163.4,4.7115,False
MSA,66570,2024,0.2334,0.6119,0.1764,5.8913,0.2265,162.25,5.4803,False
MSA,66570,2025,0.2271,0.6053,0.1456,5.1589,0.2,158.78,4.8957,False
MSGS,1636519,2016,0.2791,-0.0214,-0.013,,,116.85,,False
MSGS,1636519,2017,0.1852,-0.04,-0.0249,,,143.66,,False
MSGS,1636519,2018,0.174,-0.003,-0.0121,,,182.39,,False
MSGS,1636519,2019,0.1736,0.0077,-0.0212,,,200.44,,False
MSGS,1636519,2020,-0.1313,-0.0353,-0.0364,,-0.0056,175.86,,False
MSGS,1636519,2021,-0.1397,-0.0602,-0.0599,,0.3174,165.95,,False
MSGS,1636519,2022,-0.179,-0.0274,0.0661,,0.6309,183.33,,False
MSGS,1636519,2023,-0.2823,-0.1322,0.0648,,0.6749,181.83,,False
MSGS,1636519,2024,-0.2266,-0.0855,0.1085,,0.7629,225.68,,False
MSGS,1636519,2025,-0.2121,-0.0934,0.0101,,0.7055,258.65,,False
MSGS,1636519,2026,-0.2076,-0.0845,0.0188,,0.7504,384.73,,False
MSM,1003078,2015,0.2902,0.5865,0.0454,2.5374,,34.91,,False
MSM,1003078,2016,0.2435,0.5037,0.0481,3.3939,,58.74,,False
MSM,1003078,2017,0.2134,0.5569,0.0476,4.0157,,62.83,,False
MSM,1003078,2018,0.2871,0.5793,0.0471,3.1811,,51.35,,False
MSM,1003078,2019,0.3257,0.4096,0.0392,3.6659,,54.31,,False
MSM,1003078,2020,0.348,0.3146,0.0306,3.58,0.3139,68.07,3.4209,False
MSM,1003078,2021,0.3056,0.2162,0.1226,3.0138,1.3173,70.17,4.1994,False
MSM,1003078,2022,0.2996,0.2496,0.1717,2.8921,1.3526,70.8,4.3636,False
MSM,1003078,2023,0.2626,0.2968,0.1901,4.8329,1.5759,91.0,5.8336,False
MSM,1003078,2024,0.2366,0.1855,0.1585,3.6686,1.5518,69.7,4.8198,False
MSM,1003078,2025,0.2019,0.1757,0.1225,4.2892,1.531,81.84,4.9971,False
MSTR,1050446,2015,0.5977,0.6138,0.204,,,,,False
MSTR,1050446,2016,0.6501,0.6431,0.1401,,,,,False
MSTR,1050446,2017,0.6925,0.6123,0.089,,,,,False
MSTR,1050446,2018,0.6078,0.6417,0.0047,,0.1542,,,False
MSTR,1050446,2019,0.5276,0.6366,-0.0011,,0.1457,,,False
MSTR,1050446,2020,-0.0089,0.393,-0.0093,,0.0896,,,False
MSTR,1050446,2021,-0.0124,0.0117,-0.2206,,0.1436,,,False
MSTR,1050446,2022,-0.0219,-0.5926,-0.5293,,0.2071,,,False
MSTR,1050446,2023,-0.0116,-0.2098,-0.0242,,0.1042,,,False
MSTR,1050446,2024,-0.004,-0.0838,-0.0717,,0.0179,,,False
MSTR,1050446,2025,0.0342,0.1026,-0.0883,,0.0077,,,False
MTCH,891103,2015,0.2258,0.0636,-0.001,0.8345,,12.38,,False
MTCH,891103,2016,0.2431,0.0624,0.0243,1.2922,,15.63,,False
MTCH,891103,2017,0.2259,0.1014,0.0161,1.9104,,28.61,,False
MTCH,891103,2018,0.2734,0.1831,0.0195,2.3385,0.1606,41.07,2.2124,False
MTCH,891103,2019,0.3239,0.2028,0.0194,3.3485,0.1461,78.84,2.8918,False
MTCH,891103,2020,0.1747,-2.8523,0.0714,8.0203,0.8033,145.16,2.0676,False
MTCH,891103,2021,0.0099,-1.6085,0.0458,5.5341,0.5892,126.98,1.8207,False
MTCH,891103,2022,0.0779,-1.8606,0.1231,2.0132,0.7624,39.84,-0.1347,True
MTCH,891103,2023,0.1641,-1.5819,0.2034,1.7771,0.7464,35.05,0.466,True
MTCH,891103,2024,0.19,-1.4734,0.1844,1.5919,0.7791,31.41,0.5078,True
MTCH,891103,2025,0.0943,-1.3375,0.1956,1.545,0.7817,31.73,0.5949,True
MTDR,1520006,2015,0.0749,-0.4345,-0.121,2.9001,,18.12,,False
MTDR,1520006,2017,-0.0119,-0.2379,0.075,3.9754,,28.53,,False
MTDR,1520006,2018,-0.007,-0.0684,0.1051,1.0508,0.2401,14.23,1.1133,True
MTDR,1520006,2019,-0.0298,-0.0365,0.0579,0.9705,0.2522,16.47,0.9385,True
MTDR,1520006,2020,-0.0079,-0.2012,-0.1414,0.6289,0.2308,11.05,-0.1497,True
MTDR,1520006,2021,-0.0219,-0.0402,0.1861,1.9693,0.4369,33.97,2.1499,False
MTDR,1520006,2022,0.0893,0.1814,0.3167,2.9282,0.5755,52.94,3.7387,False
MTDR,1520006,2023,0.004,0.2299,0.1565,1.8305,0.3646,53.24,2.3061,False
MTDR,1520006,2024,-0.0063,0.2357,0.1322,1.2261,0.3206,53.43,1.8151,False
MTDR,1520006,2025,-0.0184,0.2693,0.1047,0.8993,0.3122,41.52,1.5524,True
MTN,812011,2016,-0.074,0.1961,-0.0378,2.6672,,119.28,,False
MTN,812011,2017,-0.0417,0.134,-0.025,2.4716,,160.35,,False
MTN,812011,2018,-0.0135,0.1788,-0.0278,2.5799,0.0521,163.14,1.7423,True
MTN,812011,2019,-0.0432,0.1717,-0.0272,2.5271,0.0551,191.43,1.67,True
MTN,812011,2020,0.0118,0.1232,-0.0324,2.1638,0.0147,225.44,1.3925,True
MTN,812011,2021,0.1227,0.1238,-0.0273,2.1465,0.0327,266.37,1.5511,True
MTN,812011,2022,0.1077,0.1418,0.0952,1.5948,0.3998,200.08,1.9988,False
MTN,812011,2023,0.013,0.1469,0.0849,1.4367,0.4858,185.95,1.8493,False
MTN,812011,2024,-0.0354,0.137,0.0862,1.3087,0.5063,171.15,1.7254,True
MTN,812011,2025,-0.1069,0.1244,0.0969,0.9118,0.5131,128.56,1.4258,True
MTRN,1104657,2015,0.3361,0.6728,0.061,2.0819,,25.95,,False
MTRN,1104657,2016,0.3439,0.6986,0.0366,3.1367,,37.22,,False
MTRN,1104657,2017,0.3588,0.6777,0.0488,3.2464,,46.14,,False
MTRN,1104657,2018,0.3743,0.6852,0.0768,3.6378,0.3724,43.03,4.2171,False
MTRN,1104657,2019,0.4334,0.6918,0.0786,4.9305,0.3286,57.27,5.0348,False
MTRN,1104657,2020,0.3187,0.5965,0.0065,3.2056,0.3211,61.89,3.4834,False
MTRN,1104657,2021,0.263,0.4316,0.048,2.1105,0.9398,89.86,3.2842,False
MTRN,1104657,2022,0.2668,0.4547,0.0708,2.0096,1.0385,86.04,3.4347,False
MTRN,1104657,2023,0.2578,0.4847,0.0774,3.0515,0.9447,128.55,4.0188,False
MTRN,1104657,2024,0.293,0.5002,0.0278,2.4666,0.9924,98.12,3.6161,False
MTRN,1104657,2025,0.2973,0.5061,0.0609,3.0068,0.991,124.05,4.0613,False
MTSI,1493594,2015,0.361,-0.1142,0.0117,7.0697,,40.89,,False
MTSI,1493594,2016,0.4382,-0.082,0.0111,4.8699,,46.28,,False
MTSI,1493594,2017,0.2723,-0.1631,-0.0098,2.8905,,32.54,,False
MTSI,1493594,2018,0.2373,-0.2752,-0.0719,1.3617,,14.51,,False
MTSI,1493594,2019,0.2928,-0.7162,-0.3441,2.566,0.1015,26.6,-0.1455,True
MTSI,1493594,2020,0.3372,-0.7325,0.003,4.967,0.1284,55.04,2.4975,False
MTSI,1493594,2021,0.3778,-0.7069,0.0714,9.0274,0.5351,78.3,5.651,False
MTSI,1493594,2022,0.4554,-0.2254,0.0844,6.5972,0.4295,62.98,4.8974,False
MTSI,1493594,2023,0.4363,-0.1691,0.0691,11.7209,0.4175,92.95,7.9649,False
MTSI,1493594,2024,0.4528,-0.1059,0.042,15.7658,0.4156,129.91,10.4086,False
MTSI,1493594,2025,0.4184,-0.1141,0.0616,16.851,0.4599,171.28,11.1161,False
MTUS,1598428,2019,0.2667,-0.2778,,0.624,0.2091,7.86,,False
MTUS,1598428,2020,0.1777,-0.3656,,0.3979,0.2125,4.67,,False
MTUS,1598428,2021,0.286,-0.1624,,1.3836,1.107,16.5,,False
MTUS,1598428,2022,0.3419,-0.1138,,1.9043,1.2291,18.17,,False
MTUS,1598428,2023,0.3475,-0.0457,,2.1906,1.1592,23.45,,False
MTUS,1598428,2024,0.2738,-0.0469,,1.3742,0.9707,14.13,,False
MTUS,1598428,2025,0.209,-0.047,,1.566,1.0159,17.16,,False
MTW,61986,2015,0.0377,0.1564,0.0384,,,,,False
MTW,61986,2016,0.222,0.1629,-0.0157,,,,,False
MTW,61986,2017,0.2153,0.1597,0.0007,,,,,False
MTW,61986,2018,0.2246,0.123,-0.0402,,0.3342,,,False
MTW,61986,2019,0.2667,0.146,0.011,,0.2865,,,False
MTW,61986,2020,0.2683,0.1353,0.0142,,0.2684,,,False
MTW,61986,2021,0.237,0.1284,0.0262,,0.969,,,False
MTW,61986,2022,0.279,0.0646,-0.0576,,1.2581,,,False
MTW,61986,2023,0.2752,0.0841,0.0541,,1.3053,,,False
MTW,61986,2024,0.2919,0.1201,0.0312,,1.312,,,False
MTW,61986,2025,0.3327,0.1136,0.0296,,1.2325,,,False
MTX,891014,2015,0.1628,0.4338,0.0127,0.6685,,43.86,,False
MTX,891014,2016,0.1591,0.4956,0.0197,1.2592,,74.13,,False
MTX,891014,2017,0.1825,0.5411,0.0154,1.2193,,66.25,,False
MTX,891014,2018,0.1602,0.5731,0.0202,0.9064,0.145,49.55,1.7498,True
MTX,891014,2019,0.1673,0.6123,0.0153,1.0359,0.1414,55.84,1.8714,False
MTX,891014,2020,0.2299,0.6267,0.017,1.0994,0.1345,60.42,2.0035,False
MTX,891014,2021,0.1804,0.6428,0.0699,1.2372,0.5507,71.33,2.64,False
MTX,891014,2022,0.167,0.6716,0.0631,1.0339,0.6249,59.4,2.5942,False
MTX,891014,2023,0.1917,0.7054,0.0513,1.3141,0.6484,70.07,2.8238,False
MTX,891014,2024,0.2161,0.7409,0.0844,1.4549,0.6242,75.28,3.0722,False
MTX,891014,2025,0.173,0.7155,0.0137,1.0981,0.5975,60.65,2.5107,False
MTZ,15615,2015,0.1293,0.1288,,0.699,0.3494,17.38,,False
MTZ,15615,2016,0.1767,0.1602,,1.4771,0.4216,38.25,,False
MTZ,15615,2017,0.2185,0.2108,,1.4928,0.3942,48.95,,False
MTZ,15615,2018,0.1994,0.2519,,1.0686,0.4319,40.56,,False
MTZ,15615,2019,0.191,0.3023,,1.6074,0.3421,64.16,,False
MTZ,15615,2020,0.1805,0.3507,,1.6991,0.3131,68.18,,False
MTZ,15615,2021,0.153,0.3036,,1.6189,1.1166,92.28,,False
MTZ,15615,2022,0.1467,0.2363,,1.0458,1.0522,85.33,,False
MTZ,15615,2023,0.1213,0.2289,,0.9141,1.2798,75.72,,False
MTZ,15615,2024,0.0727,0.2572,,1.8258,1.3708,136.14,,False
MTZ,15615,2025,0.1066,0.2728,,2.6492,1.4409,217.37,,False
MUR,717423,2019,0.0027,0.5644,0.038,0.5142,0.0646,21.21,1.292,True
MUR,717423,2020,0.0267,0.5056,-0.1283,0.2307,0.0414,10.02,0.4965,True
MUR,717423,2021,-0.0275,0.5064,0.0273,0.5317,0.074,22.19,1.1591,True
MUR,717423,2022,-0.0277,0.5874,0.1539,1.0389,0.0957,37.39,2.0161,False
MUR,717423,2023,-0.0097,0.6702,0.1067,1.2964,0.0862,38.13,2.1429,False
MUR,717423,2024,-0.0163,0.7006,0.0623,0.9255,0.0693,27.92,1.7916,True
MUR,717423,2025,-0.025,0.6805,0.0306,0.9468,0.0624,30.35,1.6543,True
MUSA,1573516,2015,0.023,0.2798,0.1351,0.9881,,58.81,,False
MUSA,1573516,2016,0.0005,0.3587,0.1436,0.7861,,59.52,,False
MUSA,1573516,2017,0.0347,0.4266,0.1215,0.898,,77.81,,False
MUSA,1573516,2018,0.039,0.5117,0.1377,0.878,,74.21,,False
MUSA,1573516,2019,0.0766,0.5072,0.0999,1.105,,113.28,,False
MUSA,1573516,2020,0.035,0.649,0.2081,1.2271,,126.95,,False
MUSA,1573516,2021,0.0228,0.5218,0.1492,1.1039,,194.65,,False
MUSA,1573516,2022,-0.0309,0.6682,0.2349,1.4487,,274.49,,False
MUSA,1573516,2023,-0.0107,0.7553,0.1903,1.8421,,351.9,,False
MUSA,1573516,2024,-0.044,0.8242,0.1636,2.4686,,497.13,,False
MUSA,1573516,2025,-0.0384,0.8829,0.152,1.8009,,401.95,,False
MWA,1350593,2015,0.3102,-0.9293,0.0361,1.3186,,7.28,,False
MWA,1350593,2016,0.333,-0.8425,0.0365,2.0651,,11.39,,False
MWA,1350593,2017,0.4202,-0.7594,0.0265,2.2054,,10.86,,False
MWA,1350593,2018,0.4013,-0.6579,0.0313,1.7242,0.1968,8.03,0.8952,True
MWA,1350593,2019,0.2904,-0.5879,0.0292,2.2591,0.1996,10.78,1.1767,True
MWA,1350593,2020,0.3055,-0.512,0.0292,2.3534,0.1902,11.37,1.3483,True
MWA,1350593,2021,0.2856,-0.4242,0.0868,2.5474,0.7319,13.43,2.2956,False
MWA,1350593,2022,0.3243,-0.3201,0.0847,2.0128,0.8476,10.23,2.2756,False
MWA,1350593,2024,0.367,-0.2237,0.1111,4.1763,0.8037,22.09,3.8033,False
MWA,1350593,2025,0.4017,-0.0947,0.1417,4.3057,0.7775,23.64,4.1779,False
MXL,1288469,2016,0.3774,-0.1418,0.1492,28.1528,,21.8,,False
MXL,1288469,2017,0.1514,-0.0838,-0.0263,5.4776,,26.42,,False
MXL,1288469,2018,0.1489,-0.1267,-0.0258,4.71,,17.6,,False
MXL,1288469,2019,0.1632,-0.1612,-0.0313,6.6164,,21.22,,False
MXL,1288469,2020,0.1252,-0.2077,-0.0989,5.4862,0.4681,38.19,3.2929,False
MXL,1288469,2021,0.1873,-0.1622,0.0621,12.1838,0.8496,75.39,8.3624,False
MXL,1288469,2022,0.1882,-0.0385,0.1527,6.1136,0.9493,33.95,5.2935,False
MXL,1288469,2023,0.2461,-0.1097,-0.0354,5.4716,0.6418,23.77,3.9497,False
MXL,1288469,2024,0.1633,-0.4207,-0.2583,5.1496,0.417,19.78,2.2613,False
MXL,1288469,2025,0.0789,-0.6283,-0.1593,4.5886,0.5872,17.43,2.0296,False
MYRG,700923,2015,0.2355,0.3205,0.0854,1.6452,,20.61,,False
MYRG,700923,2016,0.2254,0.2151,0.0676,1.8905,,37.68,,False
MYRG,700923,2017,0.3166,0.2372,0.049,1.7562,,35.73,,False
MYRG,700923,2018,0.2562,0.2334,0.0672,1.0337,0.5961,28.17,2.0722,False
MYRG,700923,2019,0.2405,0.2106,0.0567,0.7886,0.5666,32.59,1.8104,False
MYRG,700923,2020,0.1941,0.2716,0.0869,1.6515,0.6105,60.1,2.5014,False
MYRG,700923,2021,0.2228,0.3167,0.1058,2.8592,2.2284,110.55,5.0036,False
MYRG,700923,2022,0.1597,0.2895,0.0821,1.7092,2.1507,92.07,4.0441,False
MYRG,700923,2023,0.1767,0.312,0.0818,2.4277,2.3081,144.63,4.6834,False
MYRG,700923,2024,0.1688,0.2882,0.0344,2.3788,2.1361,148.77,4.2829,False
MYRG,700923,2025,0.1615,0.3061,0.1015,3.4584,2.2249,218.5,5.2572,False
MZTI,57515,2015,0.3753,1.7052,0.2166,19.0633,,93.62,,False
MZTI,57515,2016,0.3069,1.8123,0.2908,26.2627,,116.57,,False
MZTI,57515,2017,0.3134,1.6843,0.2439,21.0705,,108.42,,False
MZTI,57515,2018,0.3544,1.5903,0.2139,27.0653,,150.95,,False
MZTI,57515,2019,0.2749,1.5019,0.2109,21.2564,0.3575,139.05,16.2396,False
MZTI,57515,2020,0.2611,1.4306,0.1771,21.0919,0.323,162.34,15.8789,False
MZTI,57515,2021,0.2266,1.3459,0.1688,15.7453,1.3321,148.93,13.4924,False
MZTI,57515,2022,0.1708,1.362,0.1026,20.1144,1.5374,181.08,16.0565,False
MZTI,57515,2023,0.1848,1.3513,0.1271,16.9476,1.6375,155.7,14.3392,False
MZTI,57515,2024,0.2154,1.2964,0.1652,16.0343,1.5508,165.19,13.79,False
MZTI,57515,2025,0.2019,1.2775,0.1728,15.8423,1.4977,160.35,13.6042,False
MZTI,57515,2026,0.0806,1.0662,0.1487,5.5178,1.2024,111.58,6.5934,False
NABL,1834488,2021,0.0569,0.0001,0.0316,4.7945,0.3282,11.1,3.3776,False
NABL,1834488,2022,0.0856,0.0156,0.0439,4.446,0.3446,10.28,3.2817,False
NABL,1834488,2023,0.123,0.0346,0.0605,5.5446,0.3628,13.25,4.0853,False
NABL,1834488,2024,0.0253,0.0532,0.0615,3.0444,0.3482,9.34,2.4826,False
NABL,1834488,2025,0.0226,0.0374,0.0085,2.3253,0.0916,7.48,1.5945,True
NATL,1974138,2023,0.0258,0.0315,0.0472,0.3291,0.73,24.29,1.1583,True
NATL,1974138,2024,0.0049,0.034,0.0269,0.4719,0.2002,33.92,0.6255,True
NATL,1974138,2025,-0.0132,0.0528,0.0275,0.5348,0.2032,38.11,0.6729,True
NBIX,914475,2015,0.7548,-1.9277,-0.1984,114.2496,,56.57,,False
NBIX,914475,2016,0.767,-2.8934,-0.4037,78.349,,38.7,,False
NBIX,914475,2017,0.6122,-1.4663,-0.1607,17.7055,,77.59,,False
NBIX,914475,2018,0.654,-1.1859,0.0371,14.1666,0.1324,71.41,7.8796,False
NBIX,914475,2019,0.2035,-0.8673,0.0553,16.3294,0.1868,107.49,9.1971,False
NBIX,914475,2020,0.4783,-0.4182,0.094,16.0116,0.1429,95.85,10.0485,False
NBIX,914475,2021,0.3508,-0.3068,0.0495,12.3944,0.5469,85.17,8.1382,False
NBIX,914475,2022,0.3866,-0.1717,0.1051,18.3704,0.6285,119.44,12.2211,False
NBIX,914475,2023,0.2929,-0.0483,0.0772,13.1384,0.5804,131.76,9.0019,False
NBIX,914475,2024,0.3273,0.0079,0.1534,12.2897,0.6334,136.5,8.9172,False
NBIX,914475,2025,0.3842,0.0967,0.1337,10.4592,0.6176,141.83,7.9306,False
NE,1895262,2022,0.0735,0.0489,0.0437,3.1256,0.2701,31.87,2.4463,False
NE,1895262,2023,0.0763,0.0983,0.1044,4.1556,0.4701,41.29,3.5369,False
NE,1895262,2024,0.0563,0.0516,0.0758,1.3611,0.3839,28.25,1.5907,True
NE,1895262,2025,0.0681,0.0381,0.0552,1.4642,0.4363,27.34,1.632,True
NEO,1077183,2015,0.1603,-0.0596,-0.0153,7.7871,,7.87,,False
NEO,1077183,2016,0.1208,-0.1556,0.0076,7.3148,,8.57,,False
NEO,1077183,2017,0.1453,-0.1674,0.0068,8.26,,8.86,,False
NEO,1077183,2018,0.0846,-0.1015,0.0199,8.7775,,12.61,,False
NEO,1077183,2019,0.3197,-0.016,0.0183,18.5945,,29.25,,False
NEO,1077183,2020,0.38,-0.0073,-0.0142,23.5247,,53.84,,False
NEO,1077183,2021,0.3178,-0.0079,-0.0635,5.7565,,34.12,,False
NEO,1077183,2022,0.2962,-0.0914,-0.0906,1.5999,,9.24,,False
NEO,1077183,2023,0.2977,-0.1469,-0.0641,2.8103,,16.18,,False
NEO,1077183,2024,0.18,-0.1989,-0.0562,2.8779,,16.48,,False
NEO,1077183,2025,0.2118,-0.319,-0.0852,2.8874,,11.76,,False
NEOG,711377,2015,0.5246,0.5497,0.1354,112.1546,,21.2,,False
NEOG,711377,2016,0.4901,0.5582,0.1248,113.5355,,24.76,,False
NEOG,711377,2017,0.4863,0.56,0.1229,118.7045,,30.84,,False
NEOG,711377,2018,0.5455,0.581,0.1136,107.4558,0.6509,28.5,66.9671,False
NEOG,711377,2019,0.5911,0.6026,0.0979,123.0125,0.5953,32.63,76.2788,False
NEOG,711377,2020,0.6133,0.6005,0.0847,120.0739,0.5246,39.65,74.4251,False
NEOG,711377,2021,0.5845,0.5864,0.0806,124.0609,0.5091,45.41,76.734,False
NEOG,711377,2022,0.5529,0.5921,0.059,31.4622,0.5309,15.23,21.0954,False
NEOG,711377,2023,0.0967,0.1241,0.0082,3.0876,0.1806,20.11,2.3501,False
NEOG,711377,2024,0.0956,0.1221,0.0129,1.8845,0.2032,12.14,1.6622,True
NEOG,711377,2025,0.117,-0.1558,-0.3081,1.1105,0.2598,6.99,-0.1683,True
NEOG,711377,2026,0.1334,-0.1627,-0.0065,2.0116,0.2601,11.56,1.3781,True
NEU,1282637,2015,0.3962,0.4125,0.2765,3.1625,,310.3,,False
NEU,1282637,2016,0.3829,0.4689,0.2561,3.4583,,350.92,,False
NEU,1282637,2017,0.3019,0.4367,0.1967,2.7699,,334.48,,False
NEU,1282637,2018,0.3194,0.3955,0.1724,2.6885,0.3172,352.96,3.4362,False
NEU,1282637,2019,0.3026,0.4477,0.1789,3.2408,0.2835,423.6,3.8084,False
NEU,1282637,2020,0.3028,0.4821,0.1612,2.7714,0.2729,353.81,3.5061,False
NEU,1282637,2021,0.2592,0.33,0.1008,1.5953,0.9209,311.61,2.9837,False
NEU,1282637,2022,0.3192,0.3467,0.1476,1.626,1.1487,290.74,3.4796,False
NEU,1282637,2023,0.2925,0.4747,0.2092,3.8885,1.1687,520.85,5.2078,False
NEU,1282637,2024,0.2093,0.4565,0.1885,2.83,0.8904,513.28,4.1009,False
NEU,1282637,2025,0.1834,0.4779,0.1557,3.6424,0.7803,678.95,4.3686,False
NFG,70145,2015,0.01,0.1646,-0.0488,1.113,,30.36,,False
NFG,70145,2016,0.0194,0.12,0.0144,1.9463,,41.43,,False
NFG,70145,2017,0.0282,0.1395,0.0143,1.697,,41.35,,False
NFG,70145,2018,0.0173,0.182,0.0134,1.9224,,39.8,,False
NFG,70145,2019,-0.0092,0.1969,0.013,1.6249,,37.43,,False
NFG,70145,2020,-0.0209,0.1424,-0.025,1.3915,,34.6,,False
NFG,70145,2021,-0.0956,0.1596,0.0857,1.732,,55.58,,False
NFG,70145,2022,-0.1496,0.201,0.1032,1.4416,,56.62,,False
NFG,70145,2023,-0.0473,0.2278,0.0912,1.5101,0.2723,46.59,1.7414,True
NFG,70145,2024,-0.0889,0.2076,0.0252,1.6912,0.2052,58.42,1.4871,True
NFG,70145,2025,-0.0591,0.2308,0.0933,2.3178,0.2545,79.05,2.2053,False
NGS,1084991,2015,0.2404,0.4397,0.0163,,,,,False
NGS,1084991,2016,0.3177,0.4498,0.0033,,,,,False
NGS,1084991,2017,0.3378,0.5091,0.0007,,,,,False
NGS,1084991,2018,0.2798,0.4987,0.0003,,0.1205,,,False
NGS,1084991,2019,0.1288,0.4797,-0.0045,,0.0759,,,False
NGS,1084991,2020,0.2016,0.454,-0.0117,,0.0236,,,False
NGS,1084991,2021,0.1502,0.4358,-0.0416,,0.0295,,,False
NGS,1084991,2022,0.0723,0.3946,0.0013,,0.0316,,,False
NGS,1084991,2023,0.091,0.2805,0.0218,,0.0313,,,False
NGS,1084991,2024,0.0626,0.3076,0.0677,,,,,False
NGS,1084991,2025,0.0556,0.2876,0.0636,,,,,False
NGVT,1653477,2016,0.1901,0.156,0.1964,2.7012,,54.86,,False
NGVT,1653477,2017,0.2318,0.1536,0.2176,3.7174,,70.47,,False
NGVT,1653477,2018,0.182,0.2384,0.2003,2.9463,0.2118,83.69,3.1929,False
NGVT,1653477,2019,0.1157,0.2322,0.1853,1.8648,0.1417,87.38,2.3359,False
NGVT,1653477,2020,0.1736,0.2904,0.1704,1.5383,0.1395,75.73,2.2399,False
NGVT,1653477,2021,0.1847,0.3224,0.171,1.373,0.5636,71.7,2.6248,False
NGVT,1653477,2022,0.1372,0.3682,0.1654,1.1881,0.6096,70.44,2.5485,False
NGVT,1653477,2023,0.1127,0.3821,0.1513,0.815,0.645,47.22,2.3033,False
NGVT,1653477,2024,0.1133,0.2828,0.1824,0.7666,0.6953,40.75,2.2892,False
NGVT,1653477,2025,0.0684,0.2452,0.2536,1.2548,0.7072,59.18,2.7222,False
NHC,1047335,2017,0.1589,0.3825,0.0149,1.9164,,48.1,,False
NHC,1047335,2018,0.1518,0.4778,0.0159,2.8792,0.2303,63.7,2.8613,False
NHC,1047335,2019,0.1137,0.4299,0.0128,2.2216,0.1973,72.0,2.3108,False
NHC,1047335,2020,0.1289,0.4133,0.0354,1.5868,0.7549,57.13,2.5569,False
NHC,1047335,2021,0.1165,0.4768,0.0363,1.9052,0.7655,60.21,2.8356,False
NHC,1047335,2022,0.1223,0.5148,0.025,2.1461,0.8513,54.53,3.0891,False
NHC,1047335,2023,0.1463,0.5246,0.0436,3.4318,0.8709,87.72,3.9838,False
NHC,1047335,2024,0.1244,0.4934,0.0563,3.0214,0.8576,104.42,3.6961,False
NHC,1047335,2025,0.1364,0.5457,0.0841,4.7171,0.9943,136.11,5.0297,False
NJR,356309,2015,0.0325,0.2329,0.0019,1.7042,,23.32,,False
NJR,356309,2016,0.0096,0.2215,0.0114,1.7515,,25.84,,False
NJR,356309,2017,-0.0569,0.2209,-0.0082,1.7973,,30.02,,False
NJR,356309,2018,0.0046,0.243,-0.0047,2.2994,,34.99,,False
NJR,356309,2019,0.0149,0.246,-0.0018,2.7688,0.1789,35.04,2.1967,False
NJR,356309,2020,0.0159,0.2062,0.0072,2.0167,0.1497,29.13,1.691,True
NJR,356309,2021,-0.0729,0.1633,0.0504,1.8324,0.1489,34.84,1.5558,True
NJR,356309,2022,-0.0556,0.1705,0.0649,2.2549,0.1915,43.53,1.9306,False
NJR,356309,2023,-0.042,0.1802,0.0623,2.3109,0.17,40.51,1.9638,False
NJR,356309,2024,-0.0477,0.186,0.0656,2.3498,0.1762,44.04,2.0057,False
NJR,356309,2025,-0.0278,0.1915,0.0671,2.3744,0.1783,45.32,2.0592,False
NOA,1368519,2015,0.0464,-0.3534,0.0079,,,,,False
NOA,1368519,2016,0.0026,-0.3722,0.0112,,,,,False
NOA,1368519,2017,0.0267,-0.3315,0.0349,,,,,False
NOA,1368519,2018,-0.0268,-0.1651,0.0435,,0.5945,,,False
NOA,1368519,2019,-0.0504,-0.1007,0.0742,,0.9072,,,False
NOA,1368519,2020,0.0128,-0.0419,0.0822,,0.5964,,,False
NOA,1368519,2021,-0.0159,0.0136,0.0634,,0.7525,,,False
NOA,1368519,2022,0.0389,0.072,0.0726,,0.7856,,,False
NOA,1368519,2023,-0.0186,0.0796,0.0619,,0.619,,,False
NOA,1368519,2024,0.0087,0.0921,0.0905,,0.6881,,,False
NOA,1368519,2025,-0.0267,0.097,0.06,,0.7058,,,False
NOG,1104485,2015,0.0691,-0.8691,-1.5252,3.5,,30.6,,False
NOG,1104485,2016,-0.0708,-2.1583,0.0058,2.5276,,21.8,,False
NOG,1104485,2017,0.0462,-1.4877,-0.0058,1.5417,,16.25,,False
NOG,1104485,2018,-0.0021,-0.53,0.236,1.7782,,17.92,,False
NOG,1104485,2019,-0.037,-0.4583,-0.0328,1.4675,,18.55,,False
NOG,1104485,2020,-0.0652,-2.0415,-0.9646,0.6751,,6.94,,False
NOG,1104485,2021,-0.0737,-1.1649,0.0512,1.3395,,16.44,,False
NOG,1104485,2022,-0.0085,-0.3481,0.2967,1.2706,0.6907,25.4,1.9348,False
NOG,1104485,2023,0.0276,-0.0173,0.2502,1.3945,,31.89,,False
NOG,1104485,2024,-0.0078,0.079,0.1495,1.0848,,33.43,,False
NOG,1104485,2025,0.0086,0.089,0.0454,0.6705,,20.66,,False
NOV,1021860,2015,0.2826,0.3714,-0.0146,,,29.05,,False
NOV,1021860,2016,0.2284,0.3446,-0.114,,,33.11,,False
NOV,1021860,2017,0.2407,0.3447,-0.0137,,,32.03,,False
NOV,1021860,2018,0.2494,0.3466,0.0107,,0.1211,22.98,,False
NOV,1021860,2019,0.294,0.0525,-0.4775,,0.1735,22.59,,False
NOV,1021860,2020,0.3366,-0.1889,-0.2442,,0.6134,12.44,,False
NOV,1021860,2021,0.3133,-0.2247,-0.014,,0.5784,12.33,,False
NOV,1021860,2022,0.3015,-0.2041,0.026,,0.7141,19.2,,False
NOV,1021860,2023,0.3015,-0.1023,0.0576,,0.76,18.85,,False
NOV,1021860,2024,0.3013,-0.0553,0.0771,,0.7807,13.79,,False
NOV,1021860,2025,0.3024,-0.0596,0.0438,,0.7744,15.35,,False
NOVT,1076930,2015,0.3083,-0.4556,0.0101,3.0061,,13.62,,False
NOVT,1076930,2016,0.3025,-0.3936,0.0765,4.7622,,21.0,,False
NOVT,1076930,2017,0.2611,-0.1758,0.0787,5.135,,50.0,,False
NOVT,1076930,2018,0.2468,-0.1099,0.0987,6.7816,0.8537,63.0,5.3906,False
NOVT,1076930,2019,0.1951,-0.0441,0.0636,7.3903,0.7199,88.44,5.5362,False
NOVT,1076930,2020,0.2195,0.0072,0.0646,11.5117,0.6827,118.22,8.0764,False
NOVT,1076930,2021,0.1546,0.046,0.0522,9.4374,0.5756,176.33,6.6603,False
NOVT,1076930,2022,0.2062,0.1052,0.083,7.7428,0.6936,135.87,6.0081,False
NOVT,1076930,2023,0.2252,0.1659,0.0901,11.5254,0.7191,168.41,8.4343,False
NOVT,1076930,2024,0.1915,0.1927,0.0796,8.9877,0.6836,152.77,6.8386,False
NOVT,1076930,2025,0.3156,0.1778,0.052,9.131,0.5426,118.99,6.8206,False
NPK,80172,2019,0.7277,0.8844,0.1131,10.8907,0.2313,64.55,9.2503,False
NPK,80172,2020,0.6975,0.8487,0.1297,8.4206,0.2445,69.41,7.7502,False
NPK,80172,2021,0.7015,0.8306,0.0714,7.7471,0.2388,68.15,7.1275,False
NPK,80172,2022,0.6628,0.8209,0.0537,6.725,0.2769,60.12,6.4338,False
NPK,80172,2023,0.654,0.7814,0.0795,6.3021,0.2234,74.43,6.1458,False
NPK,80172,2024,0.6445,0.78,0.0997,8.0471,0.2971,96.72,7.3199,False
NPK,80172,2025,0.6153,0.7581,0.0804,7.1622,0.3275,105.98,6.6897,False
NPO,1164863,2015,0.1591,0.0948,0.025,0.7849,,38.7,,False
NPO,1164863,2016,0.1435,0.0543,-0.003,1.0758,,60.37,,False
NPO,1164863,2017,0.2924,0.3204,0.0537,1.8266,,84.85,,False
NPO,1164863,2018,0.2565,0.3516,0.0684,1.3632,,55.26,,False
NPO,1164863,2019,0.2142,0.3106,0.0278,1.1805,,62.47,,False
NPO,1164863,2020,0.1809,0.3815,0.0124,1.5902,,71.87,,False
NPO,1164863,2021,0.1124,0.3197,0.0318,1.3572,,105.99,,False
NPO,1164863,2022,0.1785,0.4268,0.0273,1.8137,,105.8,,False
NPO,1164863,2023,0.1816,0.4513,0.0307,3.0425,,154.07,,False
NPO,1164863,2024,0.1261,0.4718,0.0571,3.4013,0.4209,170.79,3.4621,False
NPO,1164863,2025,0.0935,0.4468,0.0607,4.0366,,213.41,,False
NSIT,932696,2015,0.2699,0.2029,0.0152,0.555,,25.12,,False
NSIT,932696,2016,0.2455,0.2071,0.0183,0.7882,,40.44,,False
NSIT,932696,2017,0.2995,0.2049,0.017,0.61,,38.29,,False
NSIT,932696,2018,0.2889,0.2538,0.0211,0.6685,0.6301,40.75,1.803,True
NSIT,932696,2019,0.2787,0.2013,0.016,0.6836,0.5498,70.29,1.6292,True
NSIT,932696,2020,0.2201,0.2304,0.0193,0.7523,0.5315,76.09,1.6333,True
NSIT,932696,2021,0.2246,0.249,0.0708,0.9839,2.0124,106.6,3.4545,False
NSIT,932696,2022,0.2023,0.2677,0.0809,0.847,2.0403,100.27,3.4331,False
NSIT,932696,2023,0.1524,0.2304,0.0668,1.1428,1.4596,177.19,2.8711,False
NSIT,932696,2024,0.097,0.2025,0.0522,0.7862,1.1682,152.1,2.212,False
NSIT,932696,2025,0.1384,0.1673,0.0369,0.3214,0.9075,81.47,1.6224,True
NSP,1000753,2015,0.0692,0.2966,0.0128,1.1219,,17.99,,False
NSP,1000753,2016,0.0434,0.3066,0.0159,1.214,,26.91,,False
NSP,1000753,2017,0.0493,0.279,0.0223,1.7168,,44.83,,False
NSP,1000753,2018,0.079,0.3339,0.0274,2.5239,0.8112,73.62,2.9781,False
NSP,1000753,2019,0.0758,0.358,0.0199,1.8852,0.7707,68.65,2.5595,False
NSP,1000753,2020,0.1088,0.363,0.1229,1.6504,2.706,66.55,4.7404,False
NSP,1000753,2021,0.0663,0.3158,0.0989,2.1748,2.8368,99.92,4.9896,False
NSP,1000753,2022,0.0777,0.3213,0.1227,1.9119,2.9122,98.01,5.0074,False
NSP,1000753,2023,0.075,0.3484,0.1031,1.9446,3.0599,103.15,5.1447,False
NSP,1000753,2024,0.0597,0.2842,0.0451,1.0695,2.5341,70.0,3.7939,False
NSP,1000753,2025,0.0463,0.2896,-0.0045,0.6472,3.0921,36.55,3.9265,False
NSSC,69633,2015,0.5472,0.6212,0.0812,5.4233,,2.81,,False
NSSC,69633,2016,0.5695,0.7129,0.0976,10.7337,,4.05,,False
NSSC,69633,2017,0.5757,0.7306,0.0489,10.6745,,4.17,,False
NSSC,69633,2018,0.6046,0.811,0.0584,27.3656,0.3721,7.51,18.845,False
NSSC,69633,2019,0.5946,0.8256,0.1567,34.0062,1.1982,14.01,23.9885,False
NSSC,69633,2020,0.5768,0.7506,0.1022,16.0041,0.9577,12.5,12.6403,False
NSSC,69633,2021,0.6152,0.7614,0.1463,28.2585,0.9305,23.83,20.1727,False
NSSC,69633,2022,0.6269,0.76,0.1227,26.9407,0.9665,26.2,19.3519,False
NSSC,69633,2023,0.6701,0.8265,0.182,44.4455,1.0201,32.91,30.2491,False
NSSC,69633,2024,0.7053,0.839,0.259,42.816,0.9089,34.55,29.4743,False
NSSC,69633,2025,0.6984,1.0048,0.2335,49.8711,0.9166,41.18,33.8545,False
NSSC,69633,2026,0.6936,0.9277,0.1912,27.0668,0.8477,36.07,19.8498,False
NTCT,1078075,2015,0.2237,0.466,0.1446,9.5676,,30.7,,False
NTCT,1078075,2016,0.0789,0.0789,-0.0071,1.9925,,31.5,,False
NTCT,1078075,2017,0.1095,0.0879,0.0172,1.8999,,30.45,,False
NTCT,1078075,2018,0.1007,0.1177,-0.0012,1.3218,,23.63,,False
NTCT,1078075,2019,0.1288,0.1095,-0.0219,1.4529,,24.07,,False
NTCT,1078075,2020,0.0836,0.1139,0.0057,1.6858,,27.42,,False
NTCT,1078075,2021,0.1009,0.1215,0.012,2.2285,0.2695,33.08,1.9374,False
NTCT,1078075,2022,0.1395,0.1285,0.0152,2.0838,0.2678,32.51,1.9157,False
NTCT,1078075,2023,0.0581,0.1667,0.0275,2.0178,0.3242,21.95,1.9289,False
NTCT,1078075,2024,0.1069,0.1243,-0.0577,2.2394,0.3196,21.66,1.775,True
NTCT,1078075,2025,0.1396,-0.0203,-0.1681,3.142,0.3762,27.06,1.8457,False
NTCT,1078075,2026,0.1689,0.0217,0.0466,4.0031,0.365,38.83,3.1539,False
NTNX,1618732,2017,0.289,-1.2393,-0.122,14.0819,,35.28,,False
NTNX,1618732,2018,0.5031,-0.6426,-0.0495,8.8391,0.1899,41.59,5.0339,False
NTNX,1618732,2019,0.3784,-0.9234,-0.1022,5.2891,0.1679,31.26,2.1654,False
NTNX,1618732,2020,0.1888,-1.4261,-0.0969,4.2197,0.1854,31.87,0.6274,True
NTNX,1618732,2021,0.2785,-1.5927,-0.2901,2.6205,0.6122,31.86,-0.6684,True
NTNX,1618732,2022,0.2146,-1.8464,-0.1934,2.2334,0.6682,26.05,-0.9572,True
NTNX,1618732,2023,0.2872,-1.8334,-0.082,3.9895,0.7372,47.69,0.6382,True
NTNX,1618732,2024,0.1105,-2.2609,0.0035,5.7636,1.0023,61.18,1.4395,True
NTNX,1618732,2025,0.3581,-1.4911,0.0526,3.516,0.773,51.69,1.3981,True
NTNX,1618732,2026,0.265,-0.7309,0.054,4.2444,0.5624,68.57,2.5819,False
NVMI,1109345,2015,0.5443,0.2323,0.0559,,0.7165,,,False
NVMI,1109345,2016,0.5885,0.2638,0.0465,,0.7498,,,False
NVMI,1109345,2017,0.6346,0.3676,0.2041,,0.7836,,,False
NVMI,1109345,2018,0.7003,0.4755,0.1813,,0.7532,,,False
NVMI,1109345,2019,0.6392,0.4837,0.0909,,0.5617,,,False
NVMI,1109345,2020,0.759,0.3684,0.0847,,0.4108,,,False
NVMI,1109345,2021,0.346,0.4157,0.1396,,0.5168,,,False
NVMI,1109345,2022,0.4866,0.4858,0.1524,,0.5799,,,False
NVMI,1109345,2023,0.3417,0.5419,0.1167,,0.4568,,,False
NVMI,1109345,2024,0.3695,0.574,0.1349,,0.4836,,,False
NVMI,1109345,2025,0.5025,0.4479,0.1074,,0.373,,,False
NVST,1757073,2019,0.0475,0.0151,0.0451,1.8184,0.117,29.64,1.4349,True
NVST,1757073,2020,-0.0137,0.0184,0.0048,1.7169,0.1065,33.73,1.1619,True
NVST,1757073,2021,0.0955,0.071,0.0466,2.8759,0.0991,45.06,2.1924,False
NVST,1757073,2022,0.0285,0.111,0.0485,2.2722,0.39,33.67,2.1029,False
NVST,1757073,2024,0.17,-0.0911,-0.194,1.2826,0.4692,19.29,0.6749,True
NVST,1757073,2025,0.2067,-0.0775,0.0381,1.3554,0.4789,21.71,1.5572,True
NVT,1720635,2018,0.0845,0.0183,0.0189,1.6753,0.1248,19.31,1.3195,True
NVT,1720635,2019,0.0725,0.0402,0.0178,1.7895,0.1221,22.64,1.3978,True
NVT,1720635,2020,0.072,0.0047,0.017,1.7673,0.1194,21.36,1.329,True
NVT,1720635,2021,0.0589,0.0373,0.076,2.6529,0.5267,35.7,2.4923,False
NVT,1720635,2022,0.1183,0.0933,0.0898,2.7502,0.5934,36.88,2.8125,False
NVT,1720635,2023,0.0978,0.1469,0.0953,3.0837,0.5297,57.53,3.0175,False
NVT,1720635,2024,0.0873,0.1646,0.0783,3.1054,0.4463,67.1,2.903,False
NVT,1720635,2025,0.0928,0.2463,0.09,5.2622,0.5682,101.49,4.4787,False
NWE,1993004,2023,-0.0168,0.1068,0.0136,0.5735,0.0468,44.89,0.565,True
NWE,1993004,2024,-0.048,0.1097,0.0115,0.5938,0.0467,49.61,0.5367,True
NWE,1993004,2025,-0.0229,0.106,0.0071,0.692,0.049,62.7,0.6085,True
NWL,814453,2017,0.0532,0.1392,0.037,0.4584,,20.4,,False
NWL,814453,2018,0.2494,-0.1404,-0.4419,0.4362,0.4872,12.74,-0.6065,True
NWL,814453,2019,0.0724,-0.1537,-0.0308,0.5581,0.6211,13.95,0.726,True
NWL,814453,2020,0.0685,-0.2159,-0.0431,0.642,0.6384,16.28,0.6612,True
NWL,814453,2021,0.0666,-0.1835,0.0667,0.7338,0.7468,17.38,1.2303,True
NWL,814453,2022,0.0734,-0.1763,-0.0206,0.4787,0.1723,10.95,0.2329,True
NWL,814453,2023,0.0376,-0.2241,-0.007,0.3557,0.6687,7.56,0.5904,True
NWL,814453,2024,0.0307,-0.2674,0.0061,0.4639,0.689,8.99,0.65,True
NWL,814453,2025,0.0171,-0.3012,0.0036,0.1816,0.6723,3.55,0.3922,True
NWN,1733998,2018,-0.0657,0.0963,0.0408,0.7524,0.0699,44.33,0.7118,True
NWN,1733998,2019,-0.055,0.0929,0.0418,0.9135,0.0721,55.61,0.8224,True
NWN,1733998,2020,-0.0809,0.0896,0.0395,0.5264,0.206,35.86,0.6805,True
NWN,1733998,2021,-0.0707,0.0875,0.0401,0.5318,0.2117,39.54,0.7009,True
NWN,1733998,2022,-0.0325,0.0793,0.0353,0.4728,0.2185,40.13,0.6905,True
NWN,1733998,2023,-0.0196,0.0822,0.038,0.4034,0.246,34.34,0.705,True
NWN,1733998,2024,-0.0174,0.077,0.0365,0.4009,0.2203,36.66,0.6682,True
NWN,1733998,2025,-0.0379,0.0707,0.0455,0.407,0.2091,45.37,0.6571,True
NX,1423221,2015,0.1468,0.3883,0.0293,4.6439,,17.91,,False
NX,1423221,2016,0.1151,0.2743,0.0103,1.954,,17.59,,False
NX,1423221,2017,0.1103,0.2917,0.021,2.5508,,20.43,,False
NX,1423221,2018,0.1177,0.3273,0.0157,1.5869,,12.04,,False
NX,1423221,2019,0.1249,0.2879,-0.0368,2.2424,,15.41,,False
NX,1423221,2020,0.1114,0.3087,0.0402,2.7865,,20.42,,False
NX,1423221,2021,0.1269,0.3621,0.0378,3.5609,,23.12,,False
NX,1423221,2022,0.1943,0.4657,0.0394,3.9549,,22.42,,False
NX,1423221,2023,0.1672,0.4925,0.1332,4.7015,,29.3,,False
NX,1423221,2024,0.1459,0.1855,0.0236,0.8223,,23.49,,False
NX,1423221,2025,0.1485,0.0837,-0.0985,0.5601,0.6492,15.18,0.9554,True
NXST,1142417,2015,0.0621,-0.1461,0.0367,0.776,,44.05,,False
NXST,1142417,2016,0.0585,-0.0595,0.0312,0.5572,,48.5,,False
NXST,1142417,2017,0.0515,0.04,0.0188,0.3188,,61.06,,False
NXST,1142417,2018,0.0514,0.0878,0.0386,0.3719,,62.68,,False
NXST,1142417,2019,0.0289,0.0557,0.0183,0.2458,0.0786,95.22,0.3992,True
NXST,1142417,2020,0.0357,0.111,0.0396,0.258,0.1027,91.02,0.5864,True
NXST,1142417,2021,0.0472,0.1662,0.0886,0.3798,0.3504,128.29,1.1599,True
NXST,1142417,2022,0.0569,0.2392,0.1035,0.4721,0.411,151.86,1.439,True
NXST,1142417,2023,0.0418,0.264,0.0586,0.4431,0.4084,140.43,1.2874,True
NXST,1142417,2024,0.0448,0.3201,0.1106,0.4939,0.4715,147.5,1.6347,True
NXST,1142417,2025,0.0703,0.3261,0.0783,0.693,0.4563,197.58,1.6713,True
NXT,1852131,2023,0.257,-2.1665,0.1187,6.843,1.3398,46.85,3.1125,False
NXT,1852131,2024,0.3481,-1.2175,0.2331,3.267,0.9925,36.53,2.4351,False
NXT,1852131,2025,0.3522,-0.8011,0.2002,7.6031,0.9269,87.11,5.4506,False
NXT,1852131,2026,0.4131,-0.484,0.1712,6.4415,0.8739,82.03,5.1218,False
NYT,71691,2015,0.1236,0.5496,0.0363,,,12.14,,False
NYT,71691,2016,0.1819,0.6095,0.0254,,,12.19,,False
NYT,71691,2017,0.1591,0.6239,0.0108,,,17.13,,False
NYT,71691,2018,0.1004,0.6854,0.034,,0.2288,20.79,,False
NYT,71691,2019,0.1336,0.7719,0.0373,,0.2433,30.19,,False
NYT,71691,2020,0.1513,0.7248,0.0349,,,48.89,,False
NYT,71691,2021,0.1535,0.7197,0.1045,,0.8092,45.87,,False
NYT,71691,2022,0.0333,0.7731,0.0797,,0.911,31.12,,False
NYT,71691,2023,0.0627,0.7802,0.1018,,0.8937,47.49,,False
NYT,71691,2024,0.1136,0.8183,0.1236,,0.9101,50.97,,False
NYT,71691,2025,0.1206,0.851,0.144,,0.9426,68.84,,False
OC,1370946,2022,0.135,0.3529,0.1594,1.0224,0.9078,79.3,2.7034,False
OC,1370946,2023,0.1418,0.4266,0.1613,1.8426,0.8612,140.49,3.2663,False
OC,1370946,2024,0.0768,0.3712,0.0801,1.4462,0.7798,163.83,2.5235,False
OC,1370946,2025,0.0528,0.3438,0.0277,0.9546,0.7784,109.73,1.9873,False
OGE,1021635,2015,-0.019,0.2355,0.0049,0.5535,,16.82,,False
OGE,1021635,2016,-0.0481,0.2382,0.0083,0.7066,,22.24,,False
OGE,1021635,2017,-0.0436,0.265,0.0077,0.7133,,22.68,,False
OGE,1021635,2018,-0.029,0.2704,0.0054,0.86,0.2058,28.1,1.0832,True
OGE,1021635,2019,-0.0207,0.2754,0.0064,0.9901,0.1973,33.03,1.1732,True
OGE,1021635,2020,-0.0251,0.2374,0.0487,0.7222,0.1931,24.8,1.0894,True
OGE,1021635,2021,-0.0378,0.2344,0.0432,0.7577,0.2847,31.39,1.1646,True
OGE,1021635,2022,-0.0368,0.2623,0.0518,0.8571,0.2634,33.77,1.2716,True
OGE,1021635,2023,-0.0319,0.2638,0.0508,0.7782,0.2038,31.22,1.1695,True
OGE,1021635,2024,-0.0244,0.2534,0.0543,0.878,0.2126,38.61,1.2443,True
OGE,1021635,2025,-0.0164,0.2506,0.0556,0.9129,0.222,41.55,1.2845,True
OGN,1821825,2023,0.1319,0.0367,0.0558,0.285,0.5194,13.16,1.0842,True
OGN,1821825,2024,0.1244,0.0771,0.0616,0.3009,0.4887,14.47,1.1298,True
OGN,1821825,2025,0.1525,0.0862,0.033,0.1546,0.4831,7.13,0.9885,True
OGS,1587732,2015,0.0385,0.0205,0.0159,0.8172,,36.44,,False
OGS,1587732,2016,0.0253,0.0326,0.0159,0.9783,,47.54,,False
OGS,1587732,2017,-0.0162,0.0473,0.0172,1.0795,,55.76,,False
OGS,1587732,2018,-0.0285,0.0587,0.0148,1.1397,0.2987,62.12,1.0794,True
OGS,1587732,2019,-0.0642,0.0705,0.0144,1.3121,0.2895,74.71,1.1459,True
OGS,1587732,2020,-0.0427,0.0802,0.0503,1.0425,0.2538,62.95,1.1066,True
OGS,1587732,2021,0.1481,0.0673,0.0369,0.6822,0.2153,65.69,1.0183,True
OGS,1587732,2022,0.0036,0.0838,0.045,0.8004,0.3315,66.11,1.0819,True
OGS,1587732,2023,-0.0627,0.0961,0.0474,0.6812,,57.67,,False
OGS,1587732,2025,-0.0696,0.1027,0.0517,0.8752,,75.37,,False
OI,812074,2015,0.0225,-0.0324,,0.2836,,17.07,,False
OI,812074,2016,0.0212,-0.0105,,0.2952,,17.06,,False
OI,812074,2017,0.0144,0.0086,,0.3732,,21.73,,False
OI,812074,2018,0.0155,0.0343,,0.2914,,16.9,,False
OI,812074,2019,0.0513,-0.0093,,0.1997,,11.88,,False
OI,812074,2020,0.0449,0.0171,,0.213,,11.9,,False
OI,812074,2021,0.0762,0.0341,,0.2279,,12.03,,False
OI,812074,2022,0.0271,0.0977,0.0888,0.3331,,16.57,,False
OI,812074,2023,0.0556,0.0809,0.0069,0.3123,,16.38,,False
OI,812074,2024,0.0367,0.0781,0.0044,0.2199,0.7547,10.84,1.0546,True
OI,812074,2025,0.0554,0.0593,,0.2853,0.6952,14.76,,False
OII,73756,2015,0.2629,0.6895,0.109,1.9166,,35.64,,False
OII,73756,2016,0.2409,0.7332,0.0226,1.7097,,27.72,,False
OII,73756,2017,0.2486,0.7994,0.0035,1.5417,,21.14,,False
OII,73756,2018,0.2655,0.7804,-0.0515,0.8506,,12.1,,False
OII,73756,2019,0.2348,0.6751,-0.1061,0.8879,0.7298,14.91,2.1394,False
OII,73756,2020,0.3584,0.6605,-0.218,0.5297,,7.95,,False
OII,73756,2021,0.3499,0.6633,0.0203,0.7721,0.93,11.31,2.8087,False
OII,73756,2022,0.3586,0.6536,0.0546,1.1513,0.9767,17.49,3.193,False
OII,73756,2023,0.256,0.6366,0.081,1.3147,1.0399,21.28,3.2944,False
OII,73756,2024,0.2529,0.6732,0.1054,1.6002,1.0872,26.08,3.6411,False
OII,73756,2025,0.2814,0.7223,0.1142,1.4979,0.9909,24.03,3.6154,False
OKTA,1660134,2018,0.3393,-1.0955,-0.3167,,,63.8,,False
OKTA,1660134,2019,0.1679,-0.5695,-0.1384,,0.4619,115.37,,False
OKTA,1660134,2020,0.5384,-0.3586,-0.095,,0.2997,254.26,,False
OKTA,1660134,2021,0.4041,-0.2933,-0.0619,,0.2533,224.17,,False
OKTA,1660134,2022,0.1953,-0.1973,-0.0833,,0.1412,68.33,,False
OKTA,1660134,2023,0.1895,-0.2659,-0.0872,,0.1996,90.53,,False
OKTA,1660134,2024,0.1333,-0.3148,-0.0574,,0.2518,78.8,,False
OKTA,1660134,2025,0.0946,-0.2969,-0.0078,,0.2766,86.47,,False
OKTA,1660134,2026,0.1123,-0.2644,0.0153,,0.3006,173.04,,False
OLED,1005284,2015,0.7386,-0.1316,0.0577,25.1499,,50.69,,False
OLED,1005284,2016,0.55,-0.0407,0.109,24.3169,,52.42,,False
OLED,1005284,2017,0.5838,0.1271,0.1875,61.1816,,160.92,,False
OLED,1005284,2018,0.5374,0.1388,0.0608,16.5385,,87.4,,False
OLED,1005284,2019,0.5633,0.2223,0.1414,28.7274,0.3617,192.93,19.0518,False
OLED,1005284,2020,0.5985,0.2789,0.1241,27.8382,0.3379,215.91,18.559,False
OLED,1005284,2021,0.5031,0.341,0.1552,19.5012,0.3773,155.7,13.6713,False
OLED,1005284,2022,0.4983,0.4262,0.1743,18.3849,0.4023,102.97,13.2029,False
OLED,1005284,2023,0.4783,0.4731,0.1301,38.1317,0.3454,183.94,24.8902,False
OLED,1005284,2024,0.4226,0.5101,0.1303,30.2139,0.3535,141.85,20.1332,False
OLED,1005284,2025,0.4986,0.5553,0.1266,26.028,0.3313,114.8,17.7415,False
OLLI,1639300,2015,0.1344,0.0271,0.0842,2.6356,,17.01,,False
OLLI,1639300,2016,0.2001,0.0822,0.0983,4.3544,,28.45,,False
OLLI,1639300,2017,0.1608,0.2052,0.1308,13.0852,,53.25,,False
OLLI,1639300,2018,0.179,0.2955,0.1398,18.2613,0.3399,66.51,12.3866,False
OLLI,1639300,2019,0.1603,0.3029,0.1077,7.2197,0.2646,65.31,5.5682,False
OLLI,1639300,2020,0.2617,0.3621,0.1383,7.2392,0.2571,81.77,5.8782,False
OLLI,1639300,2021,0.2351,0.4481,0.1037,4.4426,0.2541,51.19,4.1714,False
OLLI,1639300,2022,0.2422,0.4826,0.064,4.0796,0.8938,46.84,4.5192,False
OLLI,1639300,2024,0.2423,0.509,0.0993,8.2891,0.9164,109.73,7.2207,False
OLLI,1639300,2025,0.1907,0.5443,0.1007,6.103,0.8965,109.61,5.8816,False
OLN,74303,2015,0.0843,0.0547,0.0108,0.2071,,12.54,,False
OLN,74303,2016,0.0712,0.0427,0.0174,0.3411,,19.42,,False
OLN,74303,2017,0.0808,0.0857,0.0359,0.4879,,27.67,,False
OLN,74303,2018,0.0655,0.119,0.0752,0.2973,0.772,16.08,1.4438,True
OLN,74303,2019,0.0688,0.1024,0.0194,0.2416,0.151,14.35,0.5857,True
OLN,74303,2020,0.0627,-0.0188,-0.0903,0.3617,0.2,21.64,0.168,True
OLN,74303,2021,0.0665,0.119,0.2173,1.0033,1.0461,51.63,2.6116,False
OLN,74303,2022,0.074,0.2765,0.2212,0.999,1.1656,48.21,2.9707,False
OLN,74303,2023,0.0577,0.335,0.0923,1.044,0.8859,49.87,2.3551,False
OLN,74303,2024,0.0591,0.3111,0.0391,0.6556,0.8629,31.77,1.8917,False
OLN,74303,2025,0.0466,0.2921,0.0007,0.4239,0.9256,20.29,1.6472,True
OMCL,926326,2015,0.241,0.1724,0.084,8.0388,,31.08,,False
OMCL,926326,2016,0.1438,0.1074,0.0069,3.0712,,33.9,,False
OMCL,926326,2017,0.1577,0.125,0.0059,4.7771,,48.5,,False
OMCL,926326,2018,0.1781,0.1826,0.0411,6.9554,0.7282,61.24,5.5062,False
OMCL,926326,2019,0.1985,0.2086,0.0631,9.4238,0.7229,81.72,7.1157,False
OMCL,926326,2020,0.3031,0.1593,0.0195,6.3882,0.489,120.02,4.973,False
OMCL,926326,2021,-0.0446,0.172,0.0418,8.2654,0.5284,180.44,5.8128,False
OMCL,926326,2022,0.2051,0.1767,-0.0011,2.1283,0.5862,50.42,2.3532,False
OMCL,926326,2023,0.2514,0.1663,-0.0157,1.6538,0.5151,37.63,1.9902,False
OMCL,926326,2024,0.1036,0.1805,0.0002,2.3139,0.5244,44.52,2.2904,False
OMCL,926326,2025,0.103,0.1949,0.0026,2.7814,0.6,45.3,2.674,False
ONTO,704532,2015,0.5642,-0.2811,0.0211,,,,,False
ONTO,704532,2016,0.6057,-0.077,0.1011,,,,,False
ONTO,704532,2017,0.6329,0.0294,0.1382,,,,,False
ONTO,704532,2018,0.562,0.1794,0.177,,0.8639,,,False
ONTO,704532,2019,0.3838,-0.0034,-0.0035,9.7163,0.0832,36.54,6.3573,False
ONTO,704532,2020,0.4166,0.0178,0.0182,11.4709,0.379,47.55,7.8464,False
ONTO,704532,2021,0.481,0.1021,0.0948,22.2016,0.4782,101.23,14.8322,False
ONTO,704532,2022,0.5946,0.2526,0.0608,19.2951,0.4272,68.09,13.272,False
ONTO,704532,2024,0.4431,0.3141,0.0561,30.6229,0.4246,166.67,19.9551,False
OPCH,1014739,2015,0.0566,-1.1014,-0.5263,,,7.0,,False
OPCH,1014739,2016,0.0752,-1.0587,,,,4.16,,False
OPCH,1014739,2017,0.1369,-1.1765,,,,11.64,,False
OPCH,1014739,2018,0.1154,-1.3036,0.0187,,0.3144,14.28,,False
OPCH,1014739,2019,0.0883,-0.0355,0.0054,,0.2783,14.92,,False
OPCH,1014739,2020,0.0842,-0.0378,0.0167,,0.304,15.64,,False
OPCH,1014739,2021,0.0898,0.0143,0.0684,,1.2321,28.44,,False
OPCH,1014739,2022,0.1378,0.0612,0.0772,,1.2672,30.09,,False
OPCH,1014739,2023,0.1479,0.1422,0.0978,,1.3374,33.69,,False
OPCH,1014739,2024,0.1585,0.1956,0.0941,,1.4354,23.2,,False
OPCH,1014739,2025,0.1261,0.2538,0.0978,,1.6348,31.86,,False
OPLN,1395942,2015,0.038,0.003,0.0167,0.3442,,12.35,,False
OPLN,1395942,2016,0.0772,0.0113,0.0171,0.3484,,14.64,,False
OPLN,1395942,2017,0.1071,0.0368,0.0177,0.3988,,17.86,,False
OPLN,1395942,2018,0.0957,0.0544,0.0197,0.37,0.1289,17.3,0.607,True
OPLN,1395942,2019,0.1104,0.0989,0.0094,0.5354,0.102,21.5,0.7251,True
OPLN,1395942,2020,0.136,0.0884,0.002,0.4933,0.0779,18.61,0.6675,True
OPLN,1395942,2021,0.0516,0.0844,0.0061,0.361,0.0741,15.62,0.4909,True
OPLN,1395942,2022,0.0741,0.1607,0.0171,0.5361,0.0728,13.05,0.7649,True
OPLN,1395942,2023,0.0768,0.1321,0.0121,0.6526,0.0828,14.81,0.7916,True
OPLN,1395942,2024,0.0619,0.1492,0.0171,0.9135,0.0984,19.84,0.9861,True
OPLN,1395942,2025,0.0863,0.1242,0.009,1.145,0.1046,29.78,1.0987,True
ORA,1296445,2015,0.0814,0.0647,0.0214,1.7185,0.2593,33.79,1.5494,True
ORA,1296445,2016,0.1152,0.088,0.0208,2.4039,0.2692,50.3,2.0416,False
ORA,1296445,2017,0.0146,0.1247,0.0184,2.8112,0.0634,60.42,2.0031,False
ORA,1296445,2018,0.0356,0.1353,0.0218,1.8401,0.061,49.9,1.4691,True
ORA,1296445,2019,0.0121,0.1501,0.0168,2.5506,0.0592,71.58,1.8695,False
ORA,1296445,2020,0.1364,0.1415,0.0137,2.7697,0.0461,87.27,2.1148,False
ORA,1296445,2021,0.0131,0.1322,0.0383,1.9625,,77.16,,False
ORA,1296445,2022,0.0245,0.1353,0.0331,2.0165,,84.63,,False
ORA,1296445,2023,0.0209,0.1382,0.032,1.6649,,74.63,,False
ORA,1296445,2024,-0.009,0.1437,0.0304,1.3292,,67.13,,False
ORA,1296445,2025,-0.0225,0.1456,0.0271,1.905,,110.13,,False
ORN,1402829,2015,0.1607,0.1405,0.0036,,,,,False
ORN,1402829,2016,0.1733,0.138,-0.0118,,,,,False
ORN,1402829,2017,0.1611,0.145,0.025,,,,,False
ORN,1402829,2018,0.1622,-0.1018,-0.3349,,,,,False
ORN,1402829,2019,0.1576,-0.0943,0.0068,,,,,False
ORN,1402829,2020,0.1323,-0.041,0.0122,,0.4109,,,False
ORN,1402829,2021,0.1029,-0.0897,-0.0265,,1.7096,,,False
ORN,1402829,2022,0.0847,-0.1203,-0.0219,,2.0382,,,False
ORN,1402829,2023,0.1341,-0.1488,-0.0159,,1.7073,,,False
ORN,1402829,2024,0.1873,-0.1526,0.0276,,1.9084,,,False
ORN,1402829,2025,0.1791,-0.1476,0.0352,,2.0554,,,False
OSIS,1039065,2015,0.2983,0.3193,0.094,3.5522,0.9781,88.66,4.2247,False
OSIS,1039065,2016,0.189,0.3418,0.0387,2.6914,0.8366,76.12,3.2845,False
OSIS,1039065,2017,0.2495,0.2958,0.0271,1.553,0.7812,64.38,2.5158,False
OSIS,1039065,2018,0.1651,0.2666,0.0445,1.525,0.8675,73.3,2.5008,False
OSIS,1039065,2019,0.2047,0.3159,0.0852,2.252,,100.74,,False
OSIS,1039065,2020,0.2267,0.3743,0.0827,2.134,,93.22,,False
OSIS,1039065,2021,0.2634,0.3965,0.0245,1.9956,,93.2,,False
OSIS,1039065,2022,0.0916,0.46,0.0274,1.5753,,79.52,,False
OSIS,1039065,2023,0.1724,0.4731,0.0367,2.4801,,129.05,,False
OSIS,1039065,2024,0.2071,0.4448,0.0324,2.4887,,167.43,,False
OSIS,1039065,2025,0.3239,0.4204,0.0326,3.1516,,255.06,,False
OSIS,1039065,2026,0.4398,0.3405,0.0295,1.9853,,207.91,,False
OSK,775158,2015,0.2105,0.4371,0.0188,0.7634,,33.08,,False
OSK,775158,2016,0.2326,0.4823,0.0212,1.3685,,55.69,,False
OSK,775158,2017,0.2661,0.4707,0.0264,1.7706,,79.27,,False
OSK,775158,2018,0.2984,0.3793,0.038,1.2153,,54.2,,False
OSK,775158,2019,0.2994,0.45,0.0365,1.784,0.3945,84.88,2.5746,False
OSK,775158,2020,0.3354,0.4724,0.0219,1.6505,0.3068,78.49,2.4333,False
OSK,775158,2021,0.3288,0.4541,0.079,1.7798,1.1227,104.01,3.4817,False
OSK,775158,2022,0.2722,0.4289,0.019,1.135,0.2851,82.7,1.9559,False
OSK,775158,2023,0.1524,0.4169,0.0917,1.1905,1.0579,103.56,2.8415,False
OSK,775158,2024,0.1634,0.4635,0.1073,1.0924,1.1387,92.35,2.9931,False
OSK,775158,2025,0.2486,0.4849,0.0933,1.3974,1.0347,124.2,3.1581,False
OSW,1758488,2019,0.0425,-0.0169,0.0065,6.0284,0.4805,16.47,4.1462,False
OSW,1758488,2020,0.0642,-0.4603,-0.0357,2.6449,0.1722,9.94,1.074,True
OSW,1758488,2021,0.0538,-0.5687,-0.0756,2.5236,0.2091,9.82,0.7422,True
OSW,1758488,2022,0.0674,-0.472,0.0211,2.6412,0.7614,9.15,1.8358,False
OSW,1758488,2023,0.0649,-0.4878,0.0767,5.1557,1.1245,13.82,3.8661,False
OSW,1758488,2024,0.11,-0.375,0.1046,10.3653,1.1991,19.6,7.3704,False
OSW,1758488,2025,0.0929,-0.3578,0.1155,12.7153,1.3591,20.61,8.9799,False
OTTR,1466593,2020,-0.0783,0.1,0.0574,1.4263,,36.79,,False
OTTR,1466593,2021,-0.0067,0.1342,0.0906,2.592,0.4347,63.59,2.469,False
OTTR,1466593,2022,0.0741,0.2017,0.1346,2.6181,,53.66,,False
OTTR,1466593,2023,0.0803,0.2487,0.1165,3.4204,,79.47,,False
OTTR,1466593,2024,0.0877,0.282,0.1041,2.8494,0.3643,70.57,2.9175,False
OTTR,1466593,2025,0.1132,0.3071,0.0872,2.9218,0.329,79.26,2.9356,False
OUT,1579877,2015,0.0393,-0.1566,-0.0124,0.8049,0.1036,12.03,0.3737,True
OUT,1579877,2016,0.0339,-0.1871,0.0156,1.0236,0.1063,14.56,0.5505,True
OUT,1579877,2017,0.0201,-0.2037,0.0185,0.9859,0.1054,14.45,0.4969,True
OUT,1579877,2018,0.007,-0.2276,0.0238,0.7969,0.1182,12.14,0.3647,True
OUT,1579877,2019,-0.0398,-0.1792,0.0182,0.7876,0.0907,19.03,0.3247,True
OUT,1579877,2020,0.0746,-0.1866,0.0067,0.5495,0.0569,14.08,0.237,True
OUT,1579877,2021,0.0455,-0.1894,0.0284,0.7559,0.2471,19.46,0.5839,True
OUT,1579877,2022,-0.0269,-0.1976,0.048,0.4847,0.2958,12.77,0.4363,True
OUT,1579877,2023,-0.035,-0.3262,-0.0463,0.4261,0.3261,11.74,-0.0696,True
OUT,1579877,2024,-0.0259,-0.354,0.0816,0.6563,0.3511,16.51,0.4874,True
OUT,1579877,2025,-0.0078,-0.3597,0.0553,0.8988,0.3448,23.36,0.5535,True
OVV,1792580,2019,-0.0262,0.0196,-0.0013,0.4596,0.3264,19.28,0.5938,True
OVV,1792580,2020,-0.0813,-0.399,-0.0408,0.3252,0.3807,12.55,-0.215,True
OVV,1792580,2021,-0.0826,-0.3187,0.1081,0.9178,0.7448,29.92,1.1069,True
OVV,1792580,2022,-0.0721,-0.0718,0.2559,1.715,0.9473,45.86,2.6339,False
OVV,1792580,2023,-0.0568,0.0349,0.1433,1.1703,0.5334,40.85,1.689,True
OVV,1792580,2024,-0.0681,0.0782,0.082,1.1952,0.4645,38.71,1.48,True
OVV,1792580,2025,-0.0624,0.1197,0.0555,1.1562,0.4249,38.59,1.3943,True
OXM,75288,2015,0.1508,0.3418,0.0488,,,,,False
OXM,75288,2016,0.1463,0.3408,0.0285,,,,,False
OXM,75288,2017,0.1445,0.4006,0.0265,,1.5519,,,False
OXM,75288,2018,0.1754,0.4448,0.0303,,0.4105,,,False
OXM,75288,2019,0.1075,0.3549,0.0204,,0.288,,,False
OXM,75288,2020,0.0717,0.2726,-0.1431,,0.8651,,,False
OXM,75288,2021,0.1819,0.3458,0.1728,,1.1926,,,False
OXM,75288,2022,0.0512,0.3114,0.1841,,1.1875,,,False
OXM,75288,2023,0.0478,0.3365,0.0738,,1.4314,,,False
OXM,75288,2024,0.0345,0.3254,0.0923,,1.1758,,,False
OXM,75288,2025,0.0207,0.2261,-0.0239,,1.129,,,False
P,1474432,2016,0.5634,-0.8919,-0.2721,8.9453,,11.31,,False
P,1474432,2018,0.5225,-0.908,-0.1715,9.2146,,16.08,,False
P,1474432,2019,0.6042,-0.5484,-0.0858,4.6157,0.6892,17.11,3.1328,False
P,1474432,2020,0.5396,-0.5427,-0.0809,4.9112,0.6951,22.61,3.2627,False
P,1474432,2021,0.407,-0.5551,-0.0926,5.2413,0.5973,32.55,3.1479,False
P,1474432,2022,0.3954,-0.5448,-0.0314,3.7452,0.6956,26.76,2.5509,False
P,1474432,2023,0.2046,-0.4338,0.0236,4.5664,0.777,35.66,3.2329,False
P,1474432,2024,0.3097,-0.4037,0.0146,8.5805,0.7743,61.43,5.7775,False
P,1474432,2025,0.2449,-0.3454,0.0215,8.4026,0.7992,67.01,5.7221,False
P,1474432,2026,0.2468,-0.2526,0.0246,9.5935,0.7836,92.95,6.5632,False
PAG,1019849,2015,0.0151,0.1566,0.0706,0.3408,,32.12,,False
PAG,1019849,2016,0.0217,0.1698,0.0649,0.3756,,40.51,,False
PAG,1019849,2017,0.0025,0.1906,0.058,0.3111,,38.44,,False
PAG,1019849,2018,0.0043,0.217,0.061,0.2649,0.4988,33.36,1.1679,True
PAG,1019849,2019,-0.0084,0.1919,0.0468,0.2537,1.6625,43.01,2.2278,False
PAG,1019849,2020,-0.0201,0.2379,0.0532,0.3419,1.5433,51.66,2.2328,False
PAG,1019849,2021,-0.0148,0.3117,0.1007,0.6674,1.8979,95.24,3.0494,False
PAG,1019849,2022,-0.0035,0.3176,0.1054,0.6872,1.9706,104.03,3.1714,False
PAG,1019849,2023,0.0014,0.3184,0.0862,0.8905,1.8841,148.03,3.1505,False
PAG,1019849,2024,-0.0334,0.3328,0.0788,0.8242,1.8214,144.26,3.0017,False
PAG,1019849,2025,-0.0049,0.3268,0.0728,0.8444,0.4415,154.54,1.6399,True
PAHC,1069899,2015,0.4103,-0.0749,0.0425,,,24.21,,False
PAHC,1069899,2016,0.3836,0.0556,0.1405,,,23.93,,False
PAHC,1069899,2017,0.3976,0.1327,0.1571,,,27.7,,False
PAHC,1069899,2018,0.4053,0.1959,0.1473,,,26.87,,False
PAHC,1069899,2019,0.4293,0.2325,0.1145,,,21.14,,False
PAHC,1069899,2020,0.3757,0.2335,0.0882,,,16.9,,False
PAHC,1069899,2021,0.3979,0.2591,0.089,,,18.13,,False
PAHC,1069899,2022,0.4029,0.2659,0.0848,,1.0113,12.27,,False
PAHC,1069899,2023,0.4218,0.2686,0.074,,1.0067,10.99,,False
PAHC,1069899,2024,0.404,0.2483,0.0543,,1.0361,20.47,,False
PAHC,1069899,2025,0.38,0.2004,0.0812,,0.9525,37.0,,False
PAHC,1069899,2026,0.4124,0.2351,0.1295,,1.0112,37.62,,False
PARR,821483,2015,0.1868,-0.1961,-0.0113,2.1379,,23.54,,False
PARR,821483,2016,0.0178,-0.1928,0.0247,0.9381,,14.54,,False
PARR,821483,2017,0.0984,-0.11,0.016,1.0736,,19.28,,False
PARR,821483,2018,0.0544,-0.0744,0.014,0.7491,,14.18,,False
PARR,821483,2019,-0.0008,-0.0252,0.022,0.5673,0.5181,23.24,0.895,True
PARR,821483,2020,-0.1135,-0.2236,-0.0535,0.3711,0.3353,13.98,-0.0677,True
PARR,821483,2021,-0.0878,-0.2175,-0.003,0.3585,1.8325,16.49,1.628,True
PARR,821483,2022,0.0267,-0.0612,0.1335,0.4419,2.2318,23.25,2.8839,False
PARR,821483,2023,0.1203,0.1206,0.176,0.7206,2.1305,36.37,3.4568,False
PARR,821483,2024,0.1765,0.0773,0.0124,0.3113,2.0824,16.39,2.6302,False
PARR,821483,2025,0.1748,0.1412,0.1405,0.7718,1.9471,35.14,3.2813,False
PATH,1734722,2022,0.6802,-0.5815,-0.1947,,0.3468,12.71,,False
PATH,1734722,2023,0.6281,-0.667,-0.1273,,0.387,24.84,,False
PATH,1734722,2024,0.6324,-0.6478,-0.0557,,0.4427,12.71,,False
PATH,1734722,2025,0.5373,-0.6938,-0.0567,,0.499,16.39,,False
PATH,1734722,2026,0.421,-0.5365,0.0179,,0.5066,18.67,,False
PATK,76605,2015,0.2119,0.1621,0.1811,2.1083,,16.9,,False
PATK,76605,2016,0.162,0.2121,0.1698,2.7248,,29.65,,False
PATK,76605,2017,0.1587,0.2298,0.1407,2.6215,,40.48,,False
PATK,76605,2018,0.1847,0.1826,0.1449,0.674,0.4314,17.26,1.7914,True
PATK,76605,2019,0.2243,0.2077,0.105,1.0129,0.3735,30.7,1.8876,False
PATK,76605,2020,0.1715,0.2054,0.0989,1.0967,0.4406,40.77,1.9183,False
PATK,76605,2021,0.2042,0.1938,0.1327,0.8325,0.4329,48.81,1.8866,False
PATK,76605,2022,0.195,0.2727,0.1783,0.6598,0.3421,37.54,1.9423,False
PATK,76605,2023,0.1663,0.329,0.1015,1.3481,1.3534,63.68,3.1576,False
PATK,76605,2024,0.1552,0.3068,0.0854,1.367,1.23,80.55,2.9479,False
PATK,76605,2025,0.1705,0.3176,0.0897,1.8147,1.2843,106.89,3.3185,False
PAYC,1590955,2018,0.0236,0.2599,0.0285,4.5243,0.3721,119.17,3.5731,False
PAYC,1590955,2019,0.0473,0.2317,0.0242,5.9244,0.0778,257.67,4.0935,False
PAYC,1590955,2020,0.0562,0.2759,0.0139,10.1614,0.0847,440.14,6.6812,False
PAYC,1590955,2021,0.0814,0.2848,0.0789,7.8452,0.3283,404.07,5.792,False
PAYC,1590955,2022,0.0992,0.3067,0.097,5.0044,0.3524,302.0,4.2237,False
PAYC,1590955,2023,0.0664,0.3502,0.1075,3.1478,0.4035,202.15,3.217,False
PAYC,1590955,2024,0.0679,0.3221,0.1082,2.1261,0.3214,202.08,2.4867,False
PAYC,1590955,2025,0.0619,0.2968,0.0746,1.2156,0.27,158.24,1.7356,True
PAYD,1017655,2015,-1.8405,-110.4024,-1.6719,,,,,False
PAYD,1017655,2016,-0.0822,-3.3287,-0.0273,,,,,False
PAYD,1017655,2017,-0.0768,-3.2637,-0.0404,,,,,False
PAYD,1017655,2018,-0.2618,-12.8801,-2.2364,,,,,False
PAYD,1017655,2019,-0.0797,-13.4247,-0.1427,,,,,False
PAYD,1017655,2020,0.0378,-12.0312,-0.3683,,,,,False
PAYD,1017655,2021,0.0763,-10.8249,-0.0755,,2.292,,,False
PAYD,1017655,2022,0.2547,-10.8492,0.0092,,2.5828,,,False
PAYD,1017655,2023,0.3994,-9.5046,-0.0806,,2.2713,,,False
PAYD,1017655,2024,-0.0746,-8.1604,-0.0585,,2.2021,,,False
PAYD,1017655,2025,-0.0368,-8.3649,-0.0791,,2.5017,,,False
PAYO,1845815,2021,0.0915,-0.0185,-0.0059,0.5424,0.0927,7.35,0.4824,True
PAYO,1845815,2022,0.0748,-0.0165,-0.0034,0.3064,0.0868,5.47,0.3263,True
PAYO,1845815,2023,0.0778,-0.0021,0.0142,0.2667,0.0811,5.21,0.3786,True
PAYO,1845815,2024,-0.004,0.0134,0.0188,0.4721,0.0896,10.04,0.4488,True
PAYO,1845815,2025,0.003,0.02,0.0139,0.2308,0.0908,5.62,0.3069,True
PBF,1534504,2015,0.25,-0.0137,-0.0292,,,27.4,,False
PBF,1534504,2016,0.1772,-0.0059,0.0183,,,21.77,,False
PBF,1534504,2017,0.1705,0.0292,0.0312,,,29.1,,False
PBF,1534504,2018,0.1377,0.0282,-0.0557,,,27.66,,False
PBF,1534504,2019,0.1439,0.0439,0.0135,,0.69,27.71,,False
PBF,1534504,2020,0.1349,-0.0978,-0.1349,,1.4396,6.34,,False
PBF,1534504,2021,0.1237,-0.0684,0.0513,,2.3411,11.58,,False
PBF,1534504,2022,0.0993,0.1517,0.3065,,3.4563,36.58,,False
PBF,1534504,2023,0.1654,0.2843,0.2051,,2.6637,40.22,,False
PBF,1534504,2024,0.0722,0.2705,-0.055,,2.6068,24.94,,False
PBF,1534504,2025,0.0601,0.2419,-0.0042,,2.2529,26.63,,False
PBH,1295947,2015,0.0385,0.0852,0.0229,1.1945,,51.48,,False
PBH,1295947,2016,0.0483,0.111,0.0221,1.1196,,52.1,,False
PBH,1295947,2017,0.0441,0.1014,0.0136,0.6811,,44.41,,False
PBH,1295947,2018,0.0479,0.1958,-0.0061,0.5666,,30.88,,False
PBH,1295947,2019,0.0506,0.204,-0.0446,0.8181,0.07,40.5,0.76,True
PBH,1295947,2020,0.0614,0.2402,0.021,0.7051,0.0715,34.87,0.974,True
PBH,1295947,2021,0.0431,0.2942,0.0867,1.3874,0.2751,60.65,1.8572,False
PBH,1295947,2022,0.0408,0.3308,0.0899,1.4169,0.2961,62.6,1.9549,False
PBH,1295947,2023,0.0689,0.3375,-0.0067,1.5211,0.3363,61.22,1.782,True
PBH,1295947,2024,0.0777,0.4042,0.1032,2.2241,0.3391,78.09,2.6733,False
PBH,1295947,2025,0.1004,0.4573,0.099,1.8647,0.3344,61.69,2.5406,False
PBH,1295947,2026,0.0889,0.4997,0.0885,1.5267,0.3116,51.78,2.326,False
PBI,78814,2015,0.0066,0.8395,,0.3041,,12.57,,False
PBI,78814,2016,-0.0004,0.875,,0.2229,,9.66,,False
PBI,78814,2017,0.0871,0.783,,0.1597,,7.56,,False
PBI,78814,2018,0.0782,0.9069,0.0356,0.1038,0.4402,4.34,1.9833,False
PBI,78814,2019,0.1219,0.9949,,0.0818,,3.09,,False
PBI,78814,2020,0.0453,0.9964,,0.1319,,4.96,,False
PBI,78814,2021,0.0331,1.0424,0.0003,0.155,,5.48,,False
PBI,78814,2022,0.0148,1.0811,0.0084,0.0967,,3.3,,False
PBI,78814,2023,-0.009,0.7205,-0.0952,0.119,,4.03,,False
PBI,78814,2024,-0.1044,0.7864,-0.0142,0.2372,,6.88,,False
PBI,78814,2025,-0.1412,0.838,0.0608,0.3576,,10.36,,False
PCRX,1396814,2015,0.259,-0.7912,0.0243,17.8764,,76.79,,False
PCRX,1396814,2016,0.5064,-0.8845,-0.0818,7.4644,,32.3,,False
PCRX,1396814,2017,0.533,-0.6193,-0.0397,5.2157,,45.65,,False
PCRX,1396814,2018,0.6054,-0.5632,0.0231,4.6583,0.4822,43.02,3.2914,False
PCRX,1396814,2019,0.362,-0.4806,0.0126,3.7926,0.5041,45.3,2.5829,False
PCRX,1396814,2020,0.3125,-0.1992,0.0364,3.6427,0.3347,59.84,2.7365,False
PCRX,1396814,2021,0.1662,-0.1021,0.0433,1.7833,0.2597,60.17,1.5292,True
PCRX,1396814,2022,0.2085,-0.0885,0.0357,1.6984,0.3966,38.61,1.6598,True
PCRX,1396814,2023,0.2621,-0.0678,0.0557,1.9097,0.4287,33.74,1.9779,False
PCRX,1396814,2024,0.2801,-0.1328,-0.0472,0.9688,,18.84,,False
PCRX,1396814,2025,0.3379,-0.1576,0.0152,1.8042,0.5743,25.88,1.8917,False
PCTY,1591698,2015,0.0962,-0.0668,-0.0059,3.5099,,40.55,,False
PCTY,1591698,2016,0.0496,-0.0374,-0.0036,1.2526,,30.01,,False
PCTY,1591698,2017,0.0774,-0.0398,-0.003,2.5279,,47.16,,False
PCTY,1591698,2018,0.0712,-0.0044,-0.0034,2.4673,,60.21,,False
PCTY,1591698,2019,0.0777,0.0553,0.0051,4.2851,0.2482,120.82,3.0068,False
PCTY,1591698,2020,0.128,0.0827,0.0032,6.8592,0.2751,205.91,4.6706,False
PCTY,1591698,2021,0.0687,0.0974,0.024,6.4655,0.2616,236.16,4.439,False
PCTY,1591698,2022,0.0231,0.0678,0.0176,2.4566,0.1763,194.26,1.8309,False
PCTY,1591698,2023,0.074,0.1263,0.0419,3.0659,0.2971,164.85,2.5407,False
PCTY,1591698,2024,0.0959,0.1586,0.0613,3.2945,0.3019,199.47,2.8179,False
PCTY,1591698,2025,0.0927,0.2052,0.0693,2.564,0.3353,152.5,2.5007,False
PCTY,1591698,2026,0.062,0.2396,0.079,2.3208,0.3381,160.22,2.4012,False
PDFS,1120914,2015,0.7759,-0.2074,0.1003,26.2137,0.1255,10.84,16.8255,False
PDFS,1120914,2016,0.6826,-0.1158,0.0583,40.4754,0.1279,22.55,25.2625,False
PDFS,1120914,2017,0.6435,-0.1208,0.0008,25.6884,0.1194,15.7,16.1384,False
PDFS,1120914,2018,0.6095,-0.1348,-0.0441,13.6337,0.0873,8.43,8.6648,False
PDFS,1120914,2019,0.4992,-0.1497,,16.4385,0.0942,16.89,,False
PDFS,1120914,2020,0.5257,-0.2651,,17.1856,0.0778,21.6,,False
PDFS,1120914,2021,0.5285,-0.3569,,24.7754,,31.79,,False
PDFS,1120914,2022,0.4852,-0.363,,17.5406,,28.52,,False
PDFS,1120914,2023,0.5067,-0.3379,,22.1798,,32.14,,False
PDFS,1120914,2024,0.4613,-0.2981,,16.5123,,27.08,,False
PDFS,1120914,2025,0.2197,-0.226,0.014,8.1581,,28.53,,False
PEGA,1013857,2015,0.3053,0.287,0.0586,7.2254,,13.4,,False
PEGA,1013857,2016,0.2103,0.3029,0.018,9.0824,,17.61,,False
PEGA,1013857,2017,0.261,0.3075,0.0277,10.8438,,23.12,,False
PEGA,1013857,2018,0.2838,0.5199,0.0157,10.7062,,23.51,,False
PEGA,1013857,2019,0.1296,0.4173,-0.0018,14.46,0.2808,39.21,9.6907,False
PEGA,1013857,2020,0.3221,0.2119,-0.0895,10.1669,0.6343,65.68,7.1223,False
PEGA,1013857,2021,0.2227,0.1735,-0.0594,7.7033,0.7604,55.17,5.6962,False
PEGA,1013857,2022,0.2265,-0.0564,-0.0806,2.2701,0.9707,16.94,2.2597,False
PEGA,1013857,2023,0.2992,-0.0058,0.0536,3.4447,0.9483,24.24,3.5429,False
PEGA,1013857,2024,0.14,0.0497,0.0701,6.4342,0.8467,46.29,5.176,False
PEGA,1013857,2025,0.1474,0.284,0.1612,11.5721,1.0698,59.44,9.1196,False
PEN,1321732,2015,0.8195,-0.0662,0.0158,67.6609,,53.81,,False
PEN,1321732,2016,0.7397,-0.0086,-0.0044,60.2548,,63.8,,False
PEN,1321732,2017,0.6937,0.0042,0.0024,48.6047,,94.1,,False
PEN,1321732,2018,0.6692,0.0176,-0.0017,51.9855,,122.2,,False
PEN,1321732,2019,0.5588,0.0864,0.0713,35.8898,,164.27,,False
PEN,1321732,2020,0.6218,0.0494,-0.0473,37.221,,175.0,,False
PEN,1321732,2021,0.4487,0.0369,-0.006,38.982,,287.32,,False
PEN,1321732,2022,0.4455,0.032,0.0044,23.5535,,222.46,,False
PEN,1321732,2023,0.4911,0.0867,0.0473,26.2561,,251.54,,False
PEN,1321732,2024,0.5171,0.0391,0.0061,24.4714,,237.48,,False
PEN,1321732,2025,0.5659,0.1301,0.1036,30.6996,,310.91,,False
PENG,1616533,2017,0.2231,-0.015,0.0428,2.1715,,16.85,,False
PENG,1616533,2018,0.3363,0.1669,0.0669,1.5669,0.5559,14.85,2.3539,False
PENG,1616533,2019,0.3328,0.2338,0.0162,2.2571,0.3954,18.97,2.5299,False
PENG,1616533,2020,0.3486,0.2078,0.0219,1.9116,0.3776,18.82,2.3061,False
PENG,1616533,2021,0.2729,0.1374,0.041,1.7727,1.1163,35.49,2.8352,False
PENG,1616533,2022,0.4048,0.1599,0.0728,0.6389,1.1573,14.88,2.4905,False
PENG,1616533,2023,0.3195,0.0548,-0.0011,0.7598,0.2103,18.93,1.1226,True
PENG,1616533,2024,0.3663,0.0203,0.006,0.9145,0.211,19.19,1.2474,True
PENG,1616533,2025,0.365,0.0289,0.0077,0.9934,0.209,19.56,1.3089,True
PENN,921738,2018,-0.0055,-0.0883,0.0113,0.2468,0.3273,18.83,0.3826,True
PENN,921738,2019,-0.0185,0.0114,0.0008,0.2776,0.3735,25.56,0.5364,True
PENN,921738,2020,0.0835,-0.0346,-0.028,0.964,0.244,86.37,0.7819,True
PENN,921738,2021,0.0646,-0.0051,0.0628,0.5441,0.35,51.85,0.9541,True
PENN,921738,2022,0.0488,0.0088,0.0557,0.2863,0.3658,29.7,0.7922,True
PENN,921738,2023,0.0105,-0.0209,-0.043,0.2712,0.3961,26.02,0.4004,True
PENN,921738,2024,-0.0171,-0.0424,0.0048,0.2142,,19.82,,False
PENN,921738,2025,-0.0217,-0.1044,-0.0472,0.1589,,14.75,,False
PFGC,1618673,2016,0.1801,-0.0085,0.0585,1.4253,,24.0,,False
PFGC,1618673,2017,0.1844,0.0175,0.0555,1.8114,,33.1,,False
PFGC,1618673,2018,0.1833,0.0662,0.0634,1.774,4.404,32.27,5.9901,False
PFGC,1618673,2019,0.2087,0.0926,0.0609,2.417,,51.48,,False
PFGC,1618673,2020,0.1082,0.041,-0.0128,1.3137,,47.61,,False
PFGC,1618673,2021,0.1342,0.0455,0.0256,1.2595,,45.89,,False
PFGC,1618673,2022,0.193,0.038,0.0265,1.0132,,58.39,,False
PFGC,1618673,2023,0.2015,0.0694,0.0613,1.2445,,69.15,,False
PFGC,1618673,2024,0.1788,0.0973,0.0617,1.4375,,84.55,,False
PFGC,1618673,2025,0.1464,0.0919,0.0457,1.0564,,89.92,,False
PFGC,1618673,2026,0.1406,0.1062,0.0471,1.1199,,99.17,,False
PGNY,1551306,2019,0.64,-0.7544,0.0076,58.2405,,27.45,,False
PGNY,1551306,2020,0.4428,-0.2686,0.0046,37.3931,,42.39,,False
PGNY,1551306,2021,0.4461,-0.0068,-0.0005,36.3619,,50.35,,False
PGNY,1551306,2022,0.5052,0.0514,0.0061,14.3963,0.3947,31.15,9.7308,False
PGNY,1551306,2023,0.6006,0.1189,0.0182,14.0395,0.3568,37.18,9.7279,False
PGNY,1551306,2024,0.5009,0.2377,0.026,7.1527,0.4916,17.25,5.8029,False
PGNY,1551306,2025,0.4706,0.2732,0.0205,8.7033,0.4289,25.68,6.6657,False
PHIN,1968915,2023,0.1928,0.0022,0.02,0.4868,0.8661,28.62,1.4588,True
PHIN,1968915,2024,0.2314,0.0117,0.0687,0.7775,0.9031,46.56,1.8905,False
PHIN,1968915,2025,0.2135,0.0346,0.0665,1.0172,0.9125,61.91,2.047,False
PI,1114995,2016,0.7362,-1.1174,-0.0029,24.8154,,35.34,,False
PI,1114995,2017,0.7227,-1.3453,-0.1119,20.8023,,22.53,,False
PI,1114995,2018,0.6768,-1.6527,-0.2404,9.4216,0.8453,14.55,4.2035,False
PI,1114995,2019,0.7313,-1.2218,-0.1007,8.7982,0.7107,25.86,4.8243,False
PI,1114995,2020,0.6925,-1.5156,-0.2267,12.9883,0.6691,41.87,6.4231,False
PI,1114995,2021,0.6982,-1.1488,-0.118,8.2978,0.603,88.7,4.4217,False
PI,1114995,2022,0.6656,-1.1059,-0.0557,9.9835,0.7371,109.18,5.7939,False
PI,1114995,2023,0.6645,-1.1968,-0.121,8.4568,0.8557,90.03,4.6523,False
PI,1114995,2024,-0.0098,-0.796,-0.0145,13.0841,0.7485,145.26,7.4251,False
PI,1114995,2025,0.3901,-0.734,-0.0014,15.8258,0.6623,174.01,9.5939,False
PII,931015,2015,0.1374,0.1873,0.3,,,62.88,,False
PII,931015,2016,0.0746,0.0968,0.113,,,61.8,,False
PII,931015,2017,0.0399,0.0786,0.1164,,,95.29,,False
PII,931015,2018,0.0699,0.0294,0.1182,,0.3945,60.26,,False
PII,931015,2019,0.0223,0.0648,0.1092,,0.3918,82.17,,False
PII,931015,2020,0.0687,0.0471,0.0458,,1.517,79.07,,False
PII,931015,2021,0.0652,0.0312,0.1405,,1.6241,93.1,,False
PII,931015,2022,0.0841,0.0065,0.1542,,1.6461,87.51,,False
PII,931015,2023,0.1374,0.0441,0.1271,,1.6196,84.19,,False
PII,931015,2024,0.0614,0.0269,0.0526,,1.2987,52.88,,False
PII,931015,2025,-0.0075,-0.0958,-0.0713,,1.4615,61.29,,False
PINS,1506293,2019,0.7901,-0.922,-0.5803,,0.4775,18.64,,False
PINS,1506293,2020,0.825,-0.8948,-0.0546,,0.6487,65.9,,False
PINS,1506293,2021,0.826,-0.5707,0.0922,,0.7288,36.35,,False
PINS,1506293,2022,0.7958,-0.5475,-0.0263,,0.7255,24.28,,False
PINS,1506293,2023,0.8406,-0.5982,-0.035,,0.85,37.04,,False
PINS,1506293,2024,0.5777,-0.0539,0.0337,,0.6825,29.0,,False
PINS,1506293,2025,0.5627,0.0234,0.0582,,0.7687,25.89,,False
PLAB,810136,2015,0.164,0.1244,0.0691,2.591,,12.45,,False
PLAB,810136,2016,0.3645,0.1784,0.0531,4.0952,,11.3,,False
PLAB,810136,2017,0.3599,0.1855,0.0312,3.2363,,8.53,,False
PLAB,810136,2018,0.2808,0.2085,0.0591,2.7799,,9.68,,False
PLAB,810136,2019,0.2463,0.227,0.0466,4.4794,0.1397,15.76,3.5944,False
PLAB,810136,2020,0.3006,0.2348,0.0538,2.9144,0.1256,11.16,2.7414,False
PLAB,810136,2021,0.2893,0.2456,0.0731,3.7873,0.5129,18.85,3.7174,False
PLAB,810136,2022,0.3426,0.3311,0.161,3.9131,0.6266,16.83,4.3805,False
PLAB,810136,2023,0.3933,0.3677,0.1658,7.3849,0.5845,31.37,6.5492,False
PLAB,810136,2024,0.4365,0.4041,0.1294,6.0094,0.5064,23.56,5.6285,False
PLAB,810136,2025,0.4013,0.4279,0.1154,9.1103,0.4706,32.0,7.3982,False
PLNT,1637207,2015,0.0096,-0.0201,0.0412,,,13.74,,False
PLNT,1637207,2016,0.0079,-0.1638,0.036,,,20.1,,False
PLNT,1637207,2017,0.0595,-0.1199,0.0387,,,34.63,,False
PLNT,1637207,2018,0.19,-0.2914,0.039,,0.1288,53.62,,False
PLNT,1637207,2019,0.2298,-0.4289,0.0359,,0.1115,74.68,,False
PLNT,1637207,2020,0.2459,-0.4063,0.0174,,0.0723,77.63,,False
PLNT,1637207,2021,0.241,-0.3516,0.0711,,0.2912,90.58,,False
PLNT,1637207,2022,0.1089,-0.2465,0.0806,,0.3282,78.8,,False
PLNT,1637207,2023,0.0742,-0.2328,0.0919,,0.3608,73.0,,False
PLNT,1637207,2024,0.0995,-0.2678,0.1056,,0.3849,98.87,,False
PLNT,1637207,2025,0.1115,-0.3568,0.1272,,0.4267,108.47,,False
PLUS,1022408,2015,0.3258,0.5012,0.0264,2.0486,,22.95,,False
PLUS,1022408,2016,0.3317,0.5371,0.0266,2.4837,,28.35,,False
PLUS,1022408,2017,0.2977,0.3004,0.0253,2.4396,,37.01,,False
PLUS,1022408,2018,0.2831,0.3663,0.0244,2.3671,0.4355,35.03,2.789,False
PLUS,1022408,2019,0.2941,0.4339,0.0184,2.99,,41.48,,False
PLUS,1022408,2020,0.2895,0.4512,0.0197,2.6703,,43.29,,False
PLUS,1022408,2021,0.2955,0.4501,0.0988,2.6899,,53.03,,False
PLUS,1022408,2022,0.3751,0.4355,0.1263,2.25,,43.59,,False
PLUS,1022408,2023,0.3773,0.4433,0.1174,3.2415,,78.59,,False
PLUS,1022408,2024,0.3729,0.4493,0.0957,2.524,,72.72,,False
PLUS,1022408,2025,0.3002,0.4515,0.075,2.4981,,86.86,,False
PLUS,1022408,2026,0.4384,0.5308,0.0923,3.1356,,87.97,,False
PLXS,785786,2015,0.4496,0.5056,0.0678,1.0821,,34.92,,False
PLXS,785786,2016,0.4434,0.5307,0.0563,1.6964,,54.04,,False
PLXS,785786,2017,0.3592,0.5309,0.0657,1.7031,,60.72,,False
PLXS,785786,2018,0.4033,0.5496,0.0612,1.3459,,51.08,,False
PLXS,785786,2019,0.3362,0.5891,0.071,1.8062,1.6475,76.94,4.1937,False
PLXS,785786,2020,0.3387,0.5656,0.067,1.5883,1.5293,78.21,3.9016,False
PLXS,785786,2021,0.3258,0.5825,0.0716,1.7826,1.4138,95.89,3.9261,False
PLXS,785786,2022,0.2387,0.4633,0.0525,1.194,1.1575,102.93,2.9823,False
PLXS,785786,2023,0.2588,0.5153,0.059,1.3679,1.3006,108.13,3.3479,False
PLXS,785786,2024,0.2644,0.5781,0.0532,2.2802,1.2931,156.48,3.9633,False
PLXS,785786,2025,0.2805,0.6363,0.0645,2.3286,1.2856,147.0,4.123,False
POOL,945841,2015,0.3813,-0.1119,0.231,,,70.57,,False
POOL,945841,2016,0.4017,-0.185,0.2574,,,92.35,,False
POOL,945841,2017,0.4184,-0.1783,0.2583,,,116.16,,False
POOL,945841,2018,0.4913,-0.1762,0.253,,0.4377,134.7,,False
POOL,945841,2019,0.3929,-0.0436,0.2301,,0.3925,194.65,,False
POOL,945841,2020,0.3671,0.077,0.2667,,0.4824,344.45,,False
POOL,945841,2021,0.3172,0.1631,0.2578,,0.3206,526.92,,False
POOL,945841,2022,0.3767,0.1833,0.2877,,0.3074,284.36,,False
POOL,945841,2023,0.3047,0.2042,0.2178,,0.2926,379.66,,False
POOL,945841,2024,0.2627,0.1925,0.1832,,1.5768,328.82,,False
POOL,945841,2025,0.3005,0.1436,0.16,,1.4587,224.24,,False
POR,784977,2015,-0.0096,0.1482,0.0428,0.5853,,24.7,,False
POR,784977,2016,-0.0151,0.1528,0.0442,0.688,,30.32,,False
POR,784977,2017,0.012,0.1553,0.048,0.7123,,32.84,,False
POR,784977,2018,-0.0182,0.1604,0.0427,0.7165,0.2455,34.14,1.0189,True
POR,784977,2019,-0.0023,0.1645,0.0421,0.8656,0.2529,42.71,1.1387,True
POR,784977,2020,-0.0104,0.1536,0.0297,0.621,0.2365,34.09,0.9096,True
POR,784977,2021,-0.0084,0.1555,0.0398,0.7567,0.2524,43.67,1.0453,True
POR,784977,2022,-0.0273,0.1467,0.038,0.6421,0.2531,41.93,0.9361,True
POR,784977,2023,-0.0158,0.1404,0.0353,0.5766,0.2608,38.68,0.901,True
POR,784977,2024,-0.0075,0.1339,0.0408,0.5474,0.2742,40.73,0.9159,True
POR,784977,2025,0.006,0.1327,0.042,0.6075,0.2703,46.99,0.9661,True
POST,1530950,2015,0.127,-0.0457,0.0231,0.2843,,40.38,,False
POST,1530950,2016,0.1541,-0.0453,0.0583,0.3641,,52.61,,False
POST,1530950,2017,0.1609,-0.0317,0.0438,0.2508,,51.85,,False
POST,1530950,2018,0.1078,0.0067,0.045,0.2565,0.1248,58.33,0.566,True
POST,1530950,2019,0.1107,0.0174,0.0653,0.3482,0.1207,71.4,0.7025,True
POST,1530950,2020,0.1081,0.0172,0.0577,0.3119,0.1162,66.11,0.6474,True
POST,1530950,2021,0.0835,0.028,0.0528,0.3467,0.5016,73.78,1.0232,True
POST,1530950,2022,0.1238,0.0981,0.0368,0.5129,0.5174,90.26,1.2323,True
POST,1530950,2023,0.0578,0.1216,0.0514,0.4966,0.6003,88.06,1.3075,True
POST,1530950,2024,0.06,0.1566,0.0591,0.5153,0.603,114.46,1.3984,True
POWI,833640,2015,0.3865,0.5847,0.08,20.6924,,21.82,,False
POWI,833640,2016,0.4658,0.5725,0.0862,25.5462,,30.74,,False
POWI,833640,2017,0.5047,0.5658,0.0928,25.5644,,33.58,,False
POWI,833640,2018,0.4825,0.6838,0.0945,25.4773,,28.1,,False
POWI,833640,2019,0.6106,0.7159,0.27,32.3762,,45.98,,False
POWI,833640,2020,0.5963,0.6881,0.078,46.1101,,76.69,,False
POWI,833640,2021,0.6057,0.7427,0.1726,47.7231,,87.51,,False
POWI,833640,2022,0.5555,0.9077,0.2148,44.8803,,68.18,,False
POWI,833640,2023,0.5644,0.9193,0.0428,65.0961,,78.79,,False
POWI,833640,2024,0.5535,0.8856,0.0216,42.3428,,59.91,,False
POWI,833640,2025,0.5024,0.8727,0.0132,19.7656,,35.15,,False
POWL,80420,2015,0.3672,0.7002,0.044,1.7872,,6.65,,False
POWL,80420,2016,0.4019,0.7177,0.0341,2.9416,,10.27,,False
POWL,80420,2017,0.3964,0.7485,-0.0466,3.037,,7.81,,False
POWL,80420,2018,0.3694,0.6781,-0.0212,1.9962,,7.03,,False
POWL,80420,2019,0.3651,0.6192,0.0245,3.0682,1.1065,14.17,4.3334,False
POWL,80420,2020,0.3869,0.6225,0.0404,1.9442,1.0979,8.84,3.7335,False
POWL,80420,2021,0.4157,0.6477,0.0023,2.4726,1.0788,9.16,3.9756,False
POWL,80420,2022,0.3721,0.5749,0.0146,2.1153,1.0795,11.39,3.6484,False
POWL,80420,2023,0.3008,0.4324,0.0831,2.6053,0.9296,29.12,3.7335,False
POWL,80420,2024,0.3754,0.498,0.1926,6.012,1.0907,73.45,6.4811,False
POWL,80420,2025,0.4376,0.568,0.1965,8.2582,0.9958,106.13,7.9193,False
POWW,1015383,2019,0.0951,-0.4462,-0.206,,,,,False
POWW,1015383,2020,-0.0746,-0.8273,-0.3366,,,,,False
POWW,1015383,2021,0.7444,-0.2331,-0.03,,,,,False
POWW,1015383,2022,0.2266,-0.0271,0.0897,,0.5801,,,False
POWW,1015383,2023,0.2498,-0.0459,-0.0079,,0.4643,,,False
POWW,1015383,2024,0.2495,-0.1735,-0.015,,0.1003,,,False
POWW,1015383,2025,0.0338,-0.6856,-0.2008,,0.1662,,,False
POWW,1015383,2026,0.2291,-0.7868,-0.0235,,0.1911,,,False
PPC,802481,2015,0.271,-0.0787,0.3149,1.9404,,16.76,,False
PPC,802481,2016,0.1509,-0.1731,0.2372,1.8145,,16.09,,False
PPC,802481,2017,0.1702,0.0278,0.1716,1.4261,,26.31,,False
PPC,802481,2018,0.1582,0.0711,0.0836,0.7999,0.4479,13.14,1.4931,True
PPC,802481,2019,0.1338,0.1236,0.0972,1.4455,0.4313,27.72,1.953,False
PPC,802481,2020,0.1291,0.1301,0.0328,0.8073,0.4171,16.61,1.347,True
PPC,802481,2021,0.1027,0.1126,0.0237,0.8995,1.6579,23.89,2.5566,False
PPC,802481,2022,0.1428,0.189,0.1271,0.7475,1.8873,20.1,3.1913,False
PPC,802481,2023,0.1742,0.2111,0.0532,0.8628,1.7698,23.43,2.9677,False
PPC,802481,2024,0.2411,0.2965,0.1414,1.4311,1.6786,38.45,3.7083,False
PPC,802481,2025,0.1302,0.2171,0.156,1.3961,1.7883,38.99,3.601,False
PPLI,1800227,2020,0.3687,0.076,-0.0027,,0.0929,103.35,,False
PPLI,1800227,2021,0.1378,0.0736,-0.0111,,0.3008,107.23,,False
PPLI,1800227,2022,0.1425,-0.0255,-0.0457,,0.5037,36.42,,False
PPLI,1800227,2023,0.1244,0.0001,-0.0251,,0.4209,42.97,,False
PPLI,1800227,2024,0.1675,-0.0565,-0.0004,,0.3988,35.39,,False
PPLI,1800227,2025,0.138,-0.0902,-0.0137,,0.3356,39.1,,False
PR,1658566,2017,0.0008,0.0184,0.0291,23.3112,,17.05,,False
PR,1658566,2018,-0.0276,0.0626,0.0664,7.8221,0.2092,9.49,5.1759,False
PR,1658566,2019,-0.0287,0.0602,0.0169,2.3515,0.2014,3.98,1.7182,True
PR,1658566,2020,-0.0173,-0.1046,-0.2038,0.8831,0.1517,1.29,-0.1584,True
PR,1658566,2021,-0.0214,-0.0689,0.0974,4.0929,0.2707,5.15,2.9257,False
PR,1658566,2022,-0.0167,0.0279,0.1186,2.4008,0.251,8.13,2.102,False
PR,1658566,2023,-0.0395,0.038,0.0733,1.7742,0.2085,12.15,1.5207,True
PR,1658566,2024,-0.0122,0.064,0.1032,1.7659,0.2959,13.45,1.7712,True
PR,1658566,2025,-0.0204,0.0875,0.0817,1.8003,0.2828,13.71,1.7305,True
PRDO,1046568,2015,0.1574,-0.0942,-0.0064,0.7762,,3.39,,False
PRDO,1046568,2016,0.1411,-0.1362,-0.0999,2.4784,,9.43,,False
PRDO,1046568,2017,0.2193,-0.2418,0.024,4.6822,,11.29,,False
PRDO,1046568,2018,0.3573,-0.1097,0.0418,5.2455,1.2048,10.67,4.7652,False
PRDO,1046568,2019,0.4282,0.0302,0.0534,6.4049,0.2645,17.18,4.8398,False
PRDO,1046568,2020,0.5034,0.1973,0.0502,4.4587,0.2372,11.8,3.9583,False
PRDO,1046568,2021,0.4888,0.2973,0.1758,3.4853,0.8178,10.99,4.4921,False
PRDO,1046568,2022,0.4301,0.3633,0.1354,3.511,0.7262,12.99,4.3044,False
PRDO,1046568,2023,0.54,0.4771,0.1494,6.2692,0.7048,16.62,6.2752,False
PRDO,1046568,2024,0.4107,0.4815,0.1409,5.7729,0.5507,25.6,5.6463,False
PRDO,1046568,2025,0.4481,0.5757,0.1571,6.5713,0.6781,28.91,6.483,False
PRGO,1585364,2015,0.0755,0.0983,0.0379,1.6682,,108.89,,False
PRGO,1585364,2016,0.0699,-0.1511,-0.1442,1.1049,,63.0,,False
PRGO,1585364,2017,0.119,-0.1699,0.0514,1.6912,,66.52,,False
PRGO,1585364,2018,0.1243,-0.1674,0.0215,0.7801,0.1088,29.88,0.5627,True
PRGO,1585364,2019,0.1257,-0.15,0.0181,1.0234,0.117,40.54,0.7317,True
PRGO,1585364,2020,0.1525,-0.1617,0.01,0.8488,0.1122,35.68,0.6112,True
PRGO,1585364,2021,0.2179,-0.1848,0.0394,0.8362,0.397,31.78,1.0313,True
PRGO,1585364,2022,0.1458,-0.1877,0.0072,0.6443,0.4041,28.67,0.7265,True
PRGO,1585364,2023,0.1153,-0.1925,0.0141,0.6423,0.4307,27.96,0.7314,True
PRGO,1585364,2024,0.149,-0.2334,0.0117,0.605,0.4533,23.23,0.7069,True
PRGO,1585364,2025,0.2091,-0.4309,-0.1315,0.3222,0.4983,13.0,-0.0946,True
PRGS,876167,2015,0.1408,0.3639,0.0229,2.4631,,21.3,,False
PRGS,876167,2016,0.1753,0.2593,-0.0826,3.3522,,28.46,,False
PRGS,876167,2017,0.0771,0.2021,0.0401,4.6144,,38.55,,False
PRGS,876167,2018,0.0512,0.1112,0.0379,4.0464,0.1738,32.61,2.9437,False
PRGS,876167,2019,0.0497,0.073,-0.0068,2.8873,0.1328,38.79,2.0044,False
PRGS,876167,2020,-0.0227,0.0696,0.0178,2.53,0.1175,42.92,1.7644,True
PRGS,876167,2021,0.0109,0.0662,0.0851,2.007,0.3897,46.54,1.9806,False
PRGS,876167,2022,0.0766,0.072,0.0936,1.9985,0.4265,49.36,2.1272,False
PRGS,876167,2023,-0.0133,0.0754,0.069,1.9293,0.4333,53.77,1.908,False
PRGS,876167,2024,-0.0342,0.0476,0.0491,1.2796,0.2981,65.15,1.2535,True
PRGS,876167,2025,-0.1667,0.0518,0.0624,0.8902,0.3979,42.96,1.0103,True
PRIM,1361538,2015,0.239,0.2825,0.0599,1.6669,,20.09,,False
PRIM,1361538,2016,0.2404,0.2863,0.0493,1.6809,,20.99,,False
PRIM,1361538,2017,0.209,0.3153,0.0846,1.9614,,25.27,,False
PRIM,1361538,2018,0.1898,0.2892,0.0818,0.9794,0.5506,17.96,2.041,False
PRIM,1361538,2019,0.1323,0.2902,0.077,0.9472,0.4315,21.13,1.8189,False
PRIM,1361538,2020,0.1781,0.3172,0.0832,1.1403,0.4556,26.58,2.0723,False
PRIM,1361538,2021,0.1663,0.286,0.0669,0.8072,0.3478,23.29,1.6528,True
PRIM,1361538,2022,0.1598,0.2392,0.0551,0.4764,0.375,21.55,1.3694,True
PRIM,1361538,2023,0.1438,0.2511,0.0661,0.6833,0.396,32.89,1.5482,True
PRIM,1361538,2024,0.1165,0.2688,0.0757,1.4685,0.415,76.01,2.0619,False
PRIM,1361538,2025,0.1101,0.3144,0.0934,2.4472,0.4215,123.96,2.77,False
PRKS,1564902,2015,-0.0503,0.0194,-0.0029,0.4527,,18.84,,False
PRKS,1564902,2016,-0.0462,0.0032,-0.0049,0.4476,,18.93,,False
PRKS,1564902,2017,-0.0646,-0.0934,-0.0052,0.3421,,13.57,,False
PRKS,1564902,2018,-0.0776,-0.0704,0.0051,0.5413,0.1324,22.09,0.2824,True
PRKS,1564902,2019,-0.1015,-0.0259,-0.0023,0.6881,0.1295,31.71,0.3768,True
PRKS,1564902,2020,0.0742,-0.1449,-0.0942,0.536,0.1682,31.59,0.0653,True
PRKS,1564902,2021,0.0749,-0.0442,0.1655,1.1122,0.5761,64.86,1.8175,False
PRKS,1564902,2022,-0.0755,0.0756,0.2182,0.878,0.7444,53.51,2.0066,False
PRKS,1564902,2023,-0.0079,0.1562,0.1751,0.8454,0.6577,52.83,1.9522,False
PRKS,1564902,2024,-0.0553,0.2477,0.18,0.8394,0.6704,56.19,2.0485,False
PRKS,1564902,2025,-0.039,0.3081,0.1397,0.5393,0.6355,36.3,1.8045,True
PRLB,1443669,2015,0.3095,0.3711,0.186,45.6286,,63.69,,False
PRLB,1443669,2016,0.3243,0.4266,0.1491,35.7007,,51.35,,False
PRLB,1443669,2017,0.2337,0.4332,0.1392,42.8343,,103.0,,False
PRLB,1443669,2018,0.2627,0.4709,0.1436,34.8202,,112.79,,False
PRLB,1443669,2019,0.2803,0.482,0.1185,27.644,,101.55,,False
PRLB,1443669,2020,0.2577,0.4876,0.0804,36.7521,,153.4,,False
PRLB,1443669,2021,0.1385,0.4057,0.0434,12.273,,51.35,,False
PRLB,1443669,2022,0.1433,0.3219,-0.1221,5.8431,,25.53,,False
PRLB,1443669,2023,0.1955,0.332,0.0365,12.0947,,38.96,,False
PRLB,1443669,2024,0.1904,0.3287,0.0268,12.7466,,39.09,,False
PRLB,1443669,2025,0.2182,0.3154,0.0329,13.5245,,50.59,,False
PRSU,884219,2015,0.0139,-0.0258,-0.0003,2.0783,,27.21,,False
PRSU,884219,2016,-0.1956,0.0187,-0.0069,2.3491,,43.01,,False
PRSU,884219,2017,-0.1335,0.0716,-0.0084,3.1571,,54.46,,False
PRSU,884219,2018,-0.1905,0.1182,0.001,2.902,0.3218,49.61,2.0033,False
PRSU,884219,2019,-0.2183,0.0933,0.0602,2.3969,0.2437,67.28,1.7492,True
PRSU,884219,2020,-0.0076,-0.2967,-0.1463,1.809,0.4869,36.17,0.6649,True
PRSU,884219,2021,0.0217,-0.337,,1.4443,0.4889,42.79,,False
PRSU,884219,2022,0.0261,-0.3066,0.0632,0.7769,1.0339,24.39,1.3107,True
PRSU,884219,2023,0.0053,-0.2867,0.0953,1.1379,1.0891,36.2,1.6914,True
PRSU,884219,2024,0.0485,0.0399,,5.0762,0.4337,42.51,,False
PRSU,884219,2025,-0.0157,0.0593,,3.0103,0.4686,33.68,,False
PRVA,1759655,2021,0.3733,-0.3032,-0.3168,13.9907,1.4077,25.87,8.7802,False
PRVA,1759655,2022,0.3629,-0.2733,-0.0241,10.5961,1.7112,22.71,8.0421,False
PRVA,1759655,2023,0.3139,-0.1936,0.0207,7.4946,1.6579,23.03,6.3284,False
PRVA,1759655,2024,0.3396,-0.1578,0.015,5.5207,1.5288,19.55,5.0771,False
PRVA,1759655,2025,0.2501,-0.1141,0.025,5.2358,1.5502,23.71,4.9145,False
PSIX,1137091,2015,0.4262,0.0982,-0.0021,,,,,False
PSIX,1137091,2017,0.1786,-0.3326,-0.0141,,1.6866,,,False
PSIX,1137091,2018,-0.0159,-0.4663,-0.0558,,0.4769,,,False
PSIX,1137091,2019,0.1305,-0.4046,0.0548,,1.7409,,,False
PSIX,1137091,2020,-0.1295,-0.5278,-0.0765,,1.4707,,,False
PSIX,1137091,2021,-0.1766,-0.66,-0.1383,,1.5181,,,False
PSIX,1137091,2022,-0.2,-0.5848,0.0769,,1.5046,,,False
PSIX,1137091,2023,-0.151,-0.5656,0.1557,,1.6144,,,False
PSIX,1137091,2024,0.0816,-0.2788,0.2488,,1.4503,,,False
PSIX,1137091,2025,0.4677,0.0529,0.2583,,1.7008,,,False
PSMT,1041803,2015,0.1283,0.286,0.1476,5.2943,,72.93,,False
PSMT,1041803,2016,0.1319,0.3201,0.1247,4.9817,,74.04,,False
PSMT,1041803,2017,0.1248,0.3571,0.1157,5.0674,,76.97,,False
PSMT,1041803,2018,0.1139,0.3896,0.1036,3.5933,,53.3,,False
PSMT,1041803,2019,0.0651,0.4056,0.0888,4.0145,2.3848,64.8,5.7326,False
PSMT,1041803,2020,0.0789,0.3516,0.0739,3.1464,1.9264,84.02,4.6451,False
PSMT,1041803,2021,0.0959,0.3863,0.0926,2.6582,2.0316,68.01,4.5881,False
PSMT,1041803,2022,0.1073,0.4075,0.0924,2.1605,2.1814,57.22,4.4818,False
PSMT,1041803,2023,0.121,0.4076,0.092,2.4807,2.1998,72.23,4.7076,False
PSMT,1041803,2024,0.0752,0.4401,0.1092,3.0959,2.4294,90.26,5.3539,False
PSMT,1041803,2025,0.1094,0.4404,0.1025,3.6738,2.3225,121.64,5.6128,False
PSN,275880,2019,0.1107,-0.0632,0.007,,0.3007,41.28,,False
PSN,275880,2020,0.1665,-0.0306,0.0106,,0.2449,36.41,,False
PSN,275880,2021,0.157,-0.014,0.0346,,0.9556,33.65,,False
PSN,275880,2022,0.1457,0.0103,0.0442,,0.9993,46.25,,False
PSN,275880,2023,0.1513,0.0424,0.06,,1.1329,62.71,,False
PSN,275880,2024,0.0996,0.0778,0.0182,,0.316,92.25,,False
PSN,275880,2025,0.1996,0.1146,0.0725,,1.1031,61.8,,False
PTCT,1070081,2015,0.8438,-1.6112,-0.131,19.0378,,32.4,,False
PTCT,1070081,2016,0.7858,-2.7292,-0.0928,6.08,,10.91,,False
PTCT,1070081,2017,0.4264,-2.0786,0.0139,5.9185,,16.68,,False
PTCT,1070081,2018,0.1377,-0.8389,-0.0403,3.7273,,34.32,,False
PTCT,1070081,2019,0.3347,-0.7332,-0.0448,3.8939,,48.03,,False
PTCT,1070081,2020,0.4322,-0.7376,-0.0436,2.9506,0.1724,61.03,1.2847,True
PTCT,1070081,2021,0.2296,-1.0825,-0.1932,1.7165,0.2779,39.83,-0.5697,True
PTCT,1070081,2022,0.1686,-1.5578,-0.2623,1.552,0.4097,38.17,-1.5033,True
PTCT,1070081,2023,0.3247,-1.7321,-0.2318,0.8474,0.4947,27.56,-1.7972,True
PTCT,1070081,2024,0.4601,-2.1389,-0.1775,1.344,0.4732,45.14,-1.7483,True
PTCT,1070081,2025,0.4504,-1.0226,0.2991,2.0424,0.597,75.96,1.9182,False
PTEN,889900,2015,0.0394,0.5423,-0.0169,2.3419,,12.11,,False
PTEN,889900,2016,0.0049,0.5563,-0.0298,5.3413,,21.79,,False
PTEN,889900,2017,0.0348,0.3657,-0.0038,4.0127,,18.69,,False
PTEN,889900,2018,0.0775,0.3206,-0.0385,1.6463,0.1455,8.48,1.548,True
PTEN,889900,2019,0.0521,0.2917,-0.0186,2.0755,0.1109,8.74,1.7655,True
PTEN,889900,2020,0.0619,0.1431,-0.0376,1.3287,0.0669,4.47,1.0145,True
PTEN,889900,2021,0.05,-0.067,-0.2291,2.0535,0.4588,7.26,0.9009,True
PTEN,889900,2022,0.0886,-0.0278,0.0671,3.7795,0.8422,14.65,3.3988,False
PTEN,889900,2023,0.0587,0.0077,0.0474,1.4144,0.5588,9.64,1.6451,True
PTEN,889900,2024,0.0777,-0.1782,-0.1525,1.2327,0.9107,7.62,0.9907,True
PTEN,889900,2025,0.0995,-0.2258,-0.0073,0.9658,0.8605,5.94,1.2192,True
PTGX,1377121,2016,0.8172,-0.6872,-0.1213,221.1243,,21.99,,False
PTGX,1377121,2017,0.662,-0.6202,-0.0215,31.2267,,20.8,,False
PTGX,1377121,2018,0.7983,-1.0072,-0.1105,16.1549,,6.73,,False
PTGX,1377121,2019,0.7094,-1.405,-0.1117,6.0864,,7.05,,False
PTGX,1377121,2020,0.8487,-0.8747,-0.1988,29.0785,,20.16,,False
PTGX,1377121,2021,0.8534,-1.1774,-0.3619,46.4199,,34.2,,False
PTGX,1377121,2022,0.8547,-2.165,-0.5299,21.8431,,10.91,,False
PTGX,1377121,2023,0.9339,-1.7201,-0.2616,69.7453,,22.93,,False
PTGX,1377121,2024,0.7308,-0.4572,0.3395,35.9749,,38.6,,False
PTGX,1377121,2025,0.7964,-0.7044,-0.2367,105.6753,,87.34,,False
PTON,1639825,2020,0.465,-0.2327,0.0302,,0.2036,151.72,,False
PTON,1639825,2021,0.3511,-0.1969,-0.0673,,0.2089,35.76,,False
PTON,1639825,2022,0.3796,-0.9211,-0.3011,,0.1685,7.94,,False
PTON,1639825,2023,0.317,-1.781,-0.4323,,1.0112,6.09,,False
PTON,1639825,2024,0.2658,-2.5095,-0.2421,,1.2358,8.7,,False
PTON,1639825,2025,0.2982,-2.6361,-0.017,,1.172,6.16,,False
PTON,1639825,2026,0.4691,-2.6944,0.0782,,1.1897,5.36,,False
PVH,78239,2015,0.1202,0.2394,0.0711,0.5442,,72.47,,False
PVH,78239,2016,0.1188,0.2799,0.0713,0.6552,,88.94,,False
PVH,78239,2017,0.0975,0.305,0.0532,0.9841,,135.43,,False
PVH,78239,2018,0.1133,0.3667,0.0752,0.702,0.814,91.84,2.1326,False
PVH,78239,2019,0.0758,0.3487,0.041,0.614,0.7269,104.06,1.8097,True
PVH,78239,2020,0.1024,0.2718,-0.0806,0.5012,0.5365,93.03,1.0747,True
PVH,78239,2021,0.0699,0.3681,0.0869,0.6861,0.7385,105.7,2.0359,False
PVH,78239,2022,0.0691,0.4039,0.04,0.479,0.7668,70.13,1.8345,False
PVH,78239,2023,0.0437,0.484,0.0831,0.9263,0.825,121.54,2.3851,False
PVH,78239,2024,0.0676,0.5436,0.07,0.8252,0.7843,105.39,2.3525,False
PVH,78239,2025,0.1052,0.5149,0.0197,0.4482,0.7662,66.92,1.9475,False
PZZA,901491,2015,0.0397,0.2905,0.0813,3.3022,,44.57,,False
PZZA,901491,2016,0.0342,0.4278,0.1003,4.6015,,69.09,,False
PZZA,901491,2017,0.0668,0.5261,0.0659,2.3038,,45.82,,False
PZZA,901491,2018,0.0124,0.4275,-0.0146,1.2552,,33.08,,False
PZZA,901491,2019,-0.0361,0.2815,-0.0002,2.2253,,53.43,,False
PZZA,901491,2021,-0.0366,0.2068,0.19,3.6072,,115.34,,False
PZZA,901491,2022,-0.0163,0.2266,0.1262,2.1016,2.4324,72.37,4.4073,False
PZZA,901491,2023,-0.0841,0.2503,0.1682,1.7126,2.4408,68.55,4.2728,False
PZZA,901491,2024,-0.0533,0.2719,0.1763,0.9667,2.3166,38.24,3.7951,False
PZZA,901491,2025,-0.064,0.2517,0.1064,0.9714,2.4523,37.48,3.662,False
QDEL,1906324,2022,0.0642,0.2482,0.0953,1.4982,0.3688,85.67,2.0066,False
QDEL,1906324,2023,0.0557,0.2555,0.0162,1.4208,0.3501,73.7,1.6806,True
QDEL,1906324,2024,0.0343,0.0211,-0.3053,0.8883,0.4332,44.55,0.0296,True
QDEL,1906324,2025,0.0834,-0.1726,-0.1593,0.5089,0.4732,28.56,0.1112,True
QLYS,1107843,2015,0.3618,-0.085,0.0238,8.947,,33.09,,False
QLYS,1107843,2016,0.4186,-0.0203,0.0216,7.3688,,31.65,,False
QLYS,1107843,2017,0.3787,0.0743,0.0181,10.5846,,59.35,,False
QLYS,1107843,2018,0.3108,0.0477,0.0221,11.3559,0.1267,74.74,7.453,False
QLYS,1107843,2019,0.2548,0.0343,0.0289,9.9866,0.3417,83.37,6.7829,False
QLYS,1107843,2020,0.2981,0.0048,0.0331,12.6862,0.4926,121.87,8.5781,False
QLYS,1107843,2021,0.2972,-0.0511,0.1076,12.5637,0.5048,137.22,8.6833,False
QLYS,1107843,2022,0.1728,-0.3159,0.1862,9.4281,0.6987,112.23,6.7352,False
QLYS,1107843,2023,0.2594,-0.2807,0.2007,15.2782,0.6823,196.28,10.4298,False
QLYS,1107843,2024,0.1616,-0.1944,0.1923,9.7718,0.6241,140.22,7.0435,False
QLYS,1107843,2025,0.1738,-0.1522,0.2027,8.611,0.611,132.9,6.4419,False
QNST,1117297,2015,0.339,-0.5528,-0.0935,3.5203,,4.29,,False
QNST,1117297,2016,0.2292,-0.6878,-0.0977,3.1404,,3.76,,False
QNST,1117297,2017,0.2714,-0.8321,-0.0612,8.5082,,8.38,,False
QNST,1117297,2018,0.3159,-0.586,0.071,12.8736,1.8355,16.23,9.3525,False
QNST,1117297,2019,0.1838,-0.2052,0.033,8.5869,1.4022,15.31,6.5966,False
QNST,1117297,2020,0.2783,-0.1354,0.0173,11.9451,1.3681,21.44,8.7367,False
QNST,1117297,2021,0.2015,-0.0555,0.031,6.7268,1.2869,18.19,5.5893,False
QNST,1117297,2022,0.1744,-0.072,-0.0112,6.1175,1.3863,14.35,5.1282,False
QNST,1117297,2023,0.1821,-0.2939,-0.0617,6.8171,1.7221,12.82,5.4157,False
QNST,1117297,2024,0.1158,-0.3539,-0.0762,8.6803,1.6647,23.07,6.2652,False
QNST,1117297,2026,0.0785,-0.0617,0.0491,2.7869,1.7936,19.44,3.6357,False
QRVO,1604778,2015,0.1704,-0.0596,0.0178,,,50.9,,False
QRVO,1604778,2016,0.1721,-0.0667,0.0018,,,52.73,,False
QRVO,1604778,2017,0.1599,-0.07,0.0135,,,66.6,,False
QRVO,1604778,2018,0.2198,-0.0719,0.011,,,60.73,,False
QRVO,1604778,2019,0.2151,-0.0553,0.0373,,0.1172,116.23,,False
QRVO,1604778,2020,0.1755,0.0,0.0645,,0.1201,166.27,,False
QRVO,1604778,2021,0.2496,0.0492,0.1255,,0.556,156.39,,False
QRVO,1604778,2022,0.2363,0.0682,0.1633,,0.6187,90.64,,False
QRVO,1604778,2023,0.2203,0.0126,0.0274,,0.5334,112.61,,False
QRVO,1604778,2024,0.1855,-0.0137,0.014,,0.5751,69.93,,False
QRVO,1604778,2025,0.2333,-0.0057,0.0161,,0.6268,84.51,,False
QRVO,1604778,2026,0.2735,0.0067,0.0706,,0.6314,96.08,,False
QTWO,1410384,2015,0.4281,-0.4374,-0.0407,19.0105,,26.37,,False
QTWO,1410384,2016,0.3307,-0.6258,-0.0365,17.8563,,28.85,,False
QTWO,1410384,2017,0.2961,-0.7148,-0.0297,21.6377,,36.85,,False
QTWO,1410384,2018,0.3119,-0.3718,-0.0274,10.1361,0.1449,49.55,5.9899,False
QTWO,1410384,2019,0.0529,-0.241,-0.0217,8.0247,0.086,81.08,4.5554,False
QTWO,1410384,2020,0.332,-0.2691,-0.0145,10.2022,0.0769,126.53,6.1723,False
QTWO,1410384,2021,0.2557,-0.3566,-0.0563,6.0797,0.3601,79.44,3.6296,False
QTWO,1410384,2022,0.2512,-0.4151,-0.0776,1.8002,0.4191,26.87,0.9633,True
QTWO,1410384,2023,0.1968,-0.5208,-0.0716,3.595,0.5199,43.41,1.9475,False
QTWO,1410384,2024,0.1234,-0.513,-0.0326,8.0772,0.5379,100.65,4.7064,False
QTWO,1410384,2025,0.0094,-0.4797,0.0313,7.3226,0.6228,72.16,4.4592,False
R,85961,2015,-0.0531,0.152,,0.1763,,41.29,,False
R,85961,2016,-0.0589,0.1676,,0.2405,,55.5,,False
R,85961,2017,-0.0603,0.2152,,0.2862,,64.31,,False
R,85961,2018,-0.0555,0.2077,,0.1434,,37.93,,False
R,85961,2019,-0.0735,0.1504,,0.1423,,44.53,,False
R,85961,2020,-0.0354,0.1479,,0.1922,,53.5,,False
R,85961,2021,-0.0535,0.1638,0.0501,0.2558,,73.62,,False
R,85961,2022,-0.0775,0.1749,0.0845,0.2572,,76.84,,False
R,85961,2023,-0.0877,0.1619,0.0392,0.3283,,108.82,,False
R,85961,2024,-0.0485,0.1586,0.0396,0.4295,,151.81,,False
R,85961,2025,-0.0186,0.1568,0.0418,0.5437,,189.06,,False
RAL,2041385,2025,-0.048,-0.352,-0.3096,2.5681,0.5413,50.77,0.5102,True
RAMP,733269,2019,0.7448,1.1335,-0.0337,20.5689,0.0532,48.07,14.7639,False
RBA,1046102,2015,0.1251,0.5366,0.045,9.3896,,19.67,,False
RBA,1046102,2016,0.0783,0.3758,0.0254,5.8301,,28.45,,False
RBA,1046102,2017,0.0595,0.2987,0.0198,3.7581,,25.64,,False
RBA,1046102,2018,0.0796,0.3159,0.0274,4.3582,0.1734,28.61,3.4167,False
RBA,1046102,2019,0.08,0.3203,0.0321,5.3665,0.149,38.32,4.0191,False
RBA,1046102,2020,0.0179,0.3368,0.031,8.7253,0.163,63.09,5.9935,False
RBA,1046102,2021,0.0484,0.2337,0.0668,4.139,0.3944,56.36,3.4835,False
RBA,1046102,2022,0.0586,0.3643,0.1587,6.374,0.6054,54.16,5.5339,False
RBA,1046102,2023,0.0392,0.0763,0.0392,1.848,0.3057,65.14,1.6975,True
RBA,1046102,2024,0.0325,0.0923,0.0645,2.7084,0.3629,89.07,2.3689,False
RBA,1046102,2025,0.0137,0.1033,0.0587,3.1143,0.3781,102.16,2.6016,False
RBC,1324948,2015,0.6065,0.4971,0.1399,23.2771,,60.76,,False
RBC,1324948,2016,0.3101,0.3442,0.0945,5.7874,,87.3,,False
RBC,1324948,2017,0.32,0.4046,0.1025,9.6076,,118.9,,False
RBC,1324948,2018,0.3312,0.4699,0.1121,12.6678,,123.32,,False
RBC,1324948,2019,0.3601,0.5594,0.1151,26.5773,,150.1,,False
RBC,1324948,2020,0.3845,0.5819,0.1186,26.5896,,171.26,,False
RBC,1324948,2021,0.4462,0.5988,0.0777,31.1341,,200.92,,False
RBC,1324948,2022,0.1339,0.1829,0.025,2.6803,,209.35,,False
RBC,1324948,2023,0.1288,0.2196,0.0625,4.1863,,284.89,,False
RBC,1324948,2024,0.1435,0.2601,0.0731,4.9154,,299.14,,False
RBC,1324948,2025,0.152,0.3096,0.079,8.5844,,448.43,,False
RBC,1324948,2026,0.1256,0.3393,0.0822,8.8823,,494.26,,False
RCUS,1724521,2018,0.8803,-0.4468,-0.1995,34.2991,,10.77,,False
RCUS,1724521,2019,0.837,-1.0109,-0.4368,32.751,0.0739,10.1,17.8723,False
RCUS,1724521,2020,0.7952,-0.4249,-0.1609,12.2434,0.1004,25.96,7.2749,False
RCUS,1724521,2021,0.6883,-0.173,0.0341,6.8668,0.2405,40.47,5.0568,False
RDNT,790526,2015,0.286,-4.6366,0.3722,179.8628,,6.18,,False
RDNT,790526,2016,0.4278,-3.3557,0.3024,177.6058,,6.45,,False
RDNT,790526,2017,0.0503,-0.1728,0.0576,0.9947,,10.1,,False
RDNT,790526,2018,-0.0278,-0.1063,0.0278,0.8804,,10.17,,False
RDNT,790526,2019,-0.0511,-0.0626,0.0424,1.1299,0.6243,20.3,1.2932,True
RDNT,790526,2020,-0.0715,-0.066,0.02,1.0077,0.5999,19.57,1.0922,True
RDNT,790526,2021,-0.0245,-0.0453,0.0401,1.3838,0.6389,30.11,1.5086,True
RDNT,790526,2022,-0.0409,-0.0339,0.019,0.7629,0.5876,18.83,1.0115,True
RDNT,790526,2023,0.0527,-0.0296,0.0367,1.4577,0.6009,34.77,1.6184,True
RDNT,790526,2024,0.1642,-0.0234,0.0318,2.5525,0.5567,69.84,2.3575,False
RDNT,790526,2025,0.1185,-0.0254,0.0165,2.337,0.5428,71.35,2.1061,False
RELL,355948,2015,0.7312,0.4819,-0.0437,,,,,False
RELL,355948,2016,0.6655,0.4716,-0.039,,,,,False
RELL,355948,2017,0.6612,0.4403,-0.0366,,,,,False
RELL,355948,2018,0.6486,0.4215,0.0218,,,,,False
RELL,355948,2019,0.6692,0.3902,-0.0443,,0.2755,,,False
RELL,355948,2020,0.6468,0.3633,-0.011,,0.2479,,,False
RELL,355948,2021,0.6512,0.34,0.0184,,0.322,,,False
RELL,355948,2022,0.6229,0.3783,0.0887,,0.3427,,,False
RELL,355948,2023,0.664,0.4395,0.1261,,0.2971,,,False
RELL,355948,2024,0.6736,0.4351,0.0018,,0.2462,,,False
RELL,355948,2025,0.6592,0.4051,-0.0126,,0.265,,,False
RELL,355948,2026,0.675,0.4073,0.032,,1.1314,,,False
RELY,1782170,2021,0.7447,-0.4147,-0.0635,30.0333,0.733,20.62,18.8566,False
RELY,1782170,2022,0.6614,-0.5366,-0.1739,11.2282,0.9391,11.45,7.1444,False
RELY,1782170,2023,0.5455,-0.4741,-0.1102,8.1088,0.9112,19.42,5.4037,False
RELY,1782170,2024,0.5613,-0.5216,-0.0386,13.7528,1.2479,22.57,9.3156,False
RELY,1782170,2025,0.6286,-0.3156,0.0531,4.9519,1.121,13.8,4.5798,False
RES,742278,2015,0.311,0.7668,-0.1263,7.9615,,10.23,,False
RES,742278,2016,0.3647,0.7757,-0.2308,16.4896,,17.01,,False
RES,742278,2017,0.4313,0.7904,0.1972,20.808,,22.11,,False
RES,742278,2018,0.3966,0.79,0.1751,7.8286,1.4347,8.8,8.2915,False
RES,742278,2019,0.3185,0.7901,-0.1085,4.7139,,4.74,,False
RES,742278,2020,0.4412,0.7941,-0.3917,3.9746,,2.85,,False
RES,742278,2021,0.4178,0.7415,0.0188,4.0931,,4.11,,False
RES,742278,2022,0.4648,0.7582,0.255,6.602,,8.08,,False
RES,742278,2023,0.447,0.7797,0.1903,5.6602,,6.75,,False
RES,742278,2024,0.3974,0.7643,0.0703,4.0563,,5.64,,False
RES,742278,2025,0.3319,0.7353,0.0305,3.1999,,5.33,,False
REX,744187,2017,0.4535,1.1442,0.053,3783.668,,13.8,,False
REX,744187,2018,0.4956,1.2295,0.0309,3111.9299,,11.35,,False
REYN,1786431,2020,0.1315,0.0493,0.1093,,0.6665,24.71,,False
REYN,1786431,2021,0.1288,0.0759,0.0894,,0.7159,26.63,,False
REYN,1786431,2022,0.1369,0.0874,0.0686,,0.7539,26.24,,False
REYN,1786431,2023,0.1178,0.1123,0.0822,,,24.28,,False
REYN,1786431,2024,0.1153,0.1424,0.0926,,0.7583,25.21,,False
REYN,1786431,2025,0.1092,0.1625,0.0796,,0.7538,22.26,,False
REZI,1740332,2022,0.1497,0.0939,0.0957,0.4507,0.9973,11.45,1.8946,False
REZI,1740332,2023,0.1833,0.1219,0.0823,0.5106,0.9394,13.1,1.908,False
REZI,1740332,2024,0.1686,0.1106,0.0634,0.4981,0.8246,16.04,1.6899,True
REZI,1740332,2025,0.1901,0.0409,0.072,0.6728,0.886,24.44,1.8126,False
RGEN,730272,2018,0.1883,-0.0201,0.0335,18.7134,,52.74,,False
RGEN,730272,2019,0.4239,0.0042,0.0258,15.3382,,92.5,,False
RGEN,730272,2020,0.3066,0.0346,0.0367,28.9368,,191.63,,False
RGEN,730272,2021,0.2359,0.0823,0.0709,24.5713,,264.84,,False
RGEN,730272,2022,0.2352,0.1574,0.089,15.5631,,169.31,,False
RGEN,730272,2023,0.3343,0.1529,0.0168,11.7126,,179.8,,False
RGEN,730272,2024,0.3319,0.144,-0.0124,9.4794,,143.94,,False
RGEN,730272,2025,0.3395,0.1547,0.0187,10.9624,,163.86,,False
RGLD,85535,2015,0.2618,0.0633,0.0094,5.3314,,32.06,,False
RGLD,85535,2016,0.0463,0.0158,0.0093,6.1473,,56.64,,False
RGLD,85535,2017,0.0354,0.0285,0.0112,8.1805,,74.38,,False
RGLD,85535,2018,0.0277,-0.0335,0.0135,12.2999,,78.5,,False
RGLD,85535,2019,0.0476,-0.0258,0.016,25.6747,0.0455,113.24,15.524,False
RGLD,85535,2020,0.1152,0.0221,0.0161,18.1643,0.0434,99.51,11.1642,False
RGLD,85535,2021,0.0924,0.108,0.1273,56.9179,0.2323,99.55,35.0652,False
RGLD,85535,2022,0.0346,0.1492,0.0803,11.7179,0.1707,108.02,7.7167,False
RGLD,85535,2023,0.0283,0.1983,0.0902,21.6063,0.1802,117.41,13.7533,False
RGLD,85535,2024,0.0561,0.2624,0.1267,42.0873,0.2121,129.61,26.3172,False
RGLD,85535,2025,0.0269,0.1287,0.0669,8.0249,0.108,220.89,5.3562,False
RH,1528849,2015,0.4123,0.0693,0.0889,1.2511,,79.45,,False
RH,1528849,2016,0.3293,0.0685,0.0242,0.4567,,30.7,,False
RH,1528849,2017,0.0725,0.0879,0.0758,0.938,,86.21,,False
RH,1528849,2018,-0.1304,-0.2086,0.1601,1.2403,0.3715,119.82,1.1956,True
RH,1528849,2019,-0.1578,-0.1673,0.1484,1.6655,0.2719,213.5,1.3371,True
RH,1528849,2020,-0.0415,-0.0474,0.1611,3.4565,0.2803,447.52,2.7697,False
RH,1528849,2021,0.366,0.0995,0.1673,2.3219,,535.94,,False
RH,1528849,2023,0.3064,0.1017,0.136,1.2197,,291.48,,False
RH,1528849,2024,0.0848,-0.1122,0.0708,1.5794,,393.59,,False
RH,1528849,2025,0.0366,-0.0798,0.0801,0.7103,,179.15,,False
RHI,315213,2015,0.4041,0.0202,,5.0289,,34.35,,False
RHI,315213,2016,0.3399,0.0476,,5.3789,,36.33,,False
RHI,315213,2017,0.3663,0.0198,,5.6675,,42.2,,False
RHI,315213,2018,0.3437,0.0,0.3095,5.3917,0.7786,44.24,5.4472,False
RHI,315213,2019,0.2977,0.0156,0.269,4.3724,0.6651,49.88,4.5554,False
RHI,315213,2020,0.3113,0.0117,0.1649,3.8276,0.5099,50.56,3.7406,False
RHI,315213,2021,0.3082,0.0568,0.2729,5.9731,2.1886,91.69,7.1225,False
RHI,315213,2022,0.3606,0.1074,0.3004,4.5398,2.4416,61.91,6.74,False
RHI,315213,2023,0.3527,0.0884,0.1845,5.4411,2.1232,75.61,6.5438,False
RHI,315213,2024,0.2956,0.0087,0.118,4.3298,2.0305,62.45,5.3846,False
RHI,315213,2025,0.2572,0.0,0.0268,1.6561,1.883,25.57,3.2737,False
RLBY,34285,2015,-0.3333,-744.0127,,,,,,False
RLBY,34285,2016,0.1969,-292.0579,,,,,,False
RLBY,34285,2017,0.0464,-1110.3797,,,,,,False
RLBY,34285,2018,-9.9688,-1106.8879,,,,,,False
RLBY,34285,2019,0.0549,0.1289,0.0759,,2.6929,,,False
RLBY,34285,2020,0.486,0.0624,-0.0804,,2.3772,,,False
RLBY,34285,2021,0.6552,0.6061,-0.0211,,1.8369,,,False
RLBY,34285,2023,0.8086,0.7338,-0.0765,,2.192,,,False
RLBY,34285,2024,0.6314,0.57,-0.0612,,2.0753,,,False
RLBY,34285,2025,0.7515,0.6696,-0.0938,,2.3422,,,False
RMBS,917273,2015,0.3992,-0.8399,0.0283,,,11.59,,False
RMBS,917273,2016,0.2112,-0.785,0.0007,,,13.77,,False
RMBS,917273,2017,0.2681,-0.714,0.0176,,,14.22,,False
RMBS,917273,2018,0.3368,-0.1501,-0.0031,,0.0504,7.67,,False
RMBS,917273,2019,0.432,-0.2168,-0.0099,,0.0448,13.78,,False
RMBS,917273,2020,0.4905,-0.2859,-0.0088,,0.0495,17.46,,False
RMBS,917273,2021,0.3384,-0.3531,0.0197,,0.2663,29.39,,False
RMBS,917273,2022,0.3955,-0.5069,0.076,,0.4491,35.82,,False
RMBS,917273,2023,0.4304,-0.2269,0.1221,,0.3665,68.25,,False
RMBS,917273,2024,0.453,-0.1144,0.1363,,0.4144,52.86,,False
RMBS,917273,2025,0.5676,0.0502,0.1701,,0.4626,91.89,,False
RMCF,1616262,2024,0.0744,0.0357,-0.2382,,1.3583,,,False
RMCF,1616262,2025,0.1112,-0.2545,-0.2806,,1.3969,,,False
RMCF,1616262,2026,0.0981,-0.4922,-0.1775,,1.3604,,,False
RNG,1384905,2015,0.4212,-0.9785,-0.0279,,,23.45,,False
RNG,1384905,2016,0.3559,-0.948,-0.0261,,,20.49,,False
RNG,1384905,2017,0.3976,-0.8705,-0.0203,,,48.14,,False
RNG,1384905,2018,0.5682,-0.2636,-0.0038,,0.2109,82.0,,False
RNG,1384905,2019,0.1757,-0.1994,-0.014,,0.1743,167.77,,False
RNG,1384905,2020,0.2234,-0.1704,-0.0132,,0.1531,376.95,,False
RNG,1384905,2021,0.0483,-0.2902,-0.117,,0.6184,186.35,,False
RNG,1384905,2022,0.0692,-0.7397,-0.3132,,0.9588,35.21,,False
RNG,1384905,2023,0.1111,-0.8736,-0.1022,,1.1324,33.77,,False
RNG,1384905,2024,0.0687,-0.9874,0.0015,,1.3486,34.82,,False
RNG,1384905,2025,-0.3061,-1.157,0.0814,,1.6978,28.73,,False
ROAD,1718227,2018,0.2678,0.1461,0.1238,,,8.83,,False
ROAD,1718227,2019,0.2854,0.2175,0.1074,,1.4729,16.87,,False
ROAD,1718227,2020,0.3116,0.2479,0.0879,,,29.11,,False
ROAD,1718227,2021,0.1761,0.2181,0.0373,,1.1291,29.41,,False
ROAD,1718227,2022,0.1744,0.1801,0.0323,,1.1882,26.69,,False
ROAD,1718227,2023,0.1593,0.2019,0.0671,,1.2819,43.52,,False
ROAD,1718227,2024,0.1326,0.2044,0.0721,,1.1827,88.46,,False
ROAD,1718227,2025,0.1089,0.1287,0.0694,,0.8683,108.55,,False
ROCK,912562,2015,0.1866,0.2001,0.0051,1.5743,,25.44,,False
ROCK,912562,2016,0.2604,0.2306,0.0006,2.7032,,41.65,,False
ROCK,912562,2017,0.2943,0.2769,0.0227,2.131,,33.0,,False
ROCK,912562,2018,0.1429,0.3193,0.0174,2.2722,0.2269,35.59,2.266,False
ROCK,912562,2019,0.2112,0.4121,0.0196,4.8223,0.2622,50.44,4.0504,False
ROCK,912562,2020,0.1016,0.3876,0.0187,4.5562,0.2187,71.94,3.6789,False
ROCK,912562,2021,0.1317,0.4491,0.0798,5.0798,1.1028,66.68,5.2008,False
ROCK,912562,2022,0.1723,0.5187,0.1075,3.5054,1.1482,45.88,4.539,False
ROCK,912562,2023,0.1884,0.5878,0.12,6.8661,1.0965,78.98,6.661,False
ROCK,912562,2024,0.2793,0.6171,0.1008,4.7078,0.922,58.9,5.2783,False
ROCK,912562,2025,0.1886,0.5966,0.0881,3.3113,0.8148,49.44,4.1539,False
ROG,84748,2015,0.3754,0.5824,0.0818,,,51.57,,False
ROG,84748,2016,0.3381,0.5597,0.0794,,,76.81,,False
ROG,84748,2017,0.3028,0.6084,0.1162,,,161.92,,False
ROG,84748,2018,0.2959,0.6069,0.0881,,,99.06,,False
ROG,84748,2019,0.2858,0.647,0.0868,,0.1522,124.73,,False
ROG,84748,2020,0.2869,0.6912,0.0533,,0.1667,155.29,,False
ROG,84748,2021,0.2628,0.6142,0.0733,,0.5836,273.0,,False
ROG,84748,2022,0.3143,0.6673,0.0877,,0.5899,119.34,,False
ROG,84748,2023,0.2706,0.7613,0.0562,,0.5987,132.07,,False
ROG,84748,2024,0.2501,0.7974,0.0168,,0.5605,101.61,,False
ROG,84748,2025,0.2615,0.7828,-0.0315,,0.567,91.57,,False
ROIV,1635088,2022,0.759,-1.0691,-0.5229,11.0205,0.0214,7.99,4.3223,False
ROIV,1635088,2023,0.8951,0.0798,0.5873,10.4809,0.0173,11.23,9.4298,False
ROIV,1635088,2024,0.8922,0.0213,-0.1845,34.2156,0.0053,11.83,21.0263,False
ROIV,1635088,2025,0.8559,-0.0879,-0.0902,37.654,0.0014,21.7,23.2001,False
ROKU,1428439,2017,0.4885,-0.7619,-0.0527,,,51.78,,False
ROKU,1428439,2018,0.5138,-0.546,-0.0286,,0.593,30.64,,False
ROKU,1428439,2019,0.3859,-0.2135,-0.0443,,0.2797,133.9,,False
ROKU,1428439,2020,0.5185,-0.1464,-0.0089,,0.2862,332.02,,False
ROKU,1428439,2021,0.5695,-0.0221,0.0576,,0.6772,228.2,,False
ROKU,1428439,2022,0.4264,-0.1333,-0.1203,,0.7085,40.7,,False
ROKU,1428439,2023,0.4218,-0.3045,-0.1859,,0.8176,91.66,,False
ROKU,1428439,2024,0.4651,-0.3316,-0.0507,,0.9556,74.34,,False
ROKU,1428439,2025,0.4881,-0.3358,-0.0013,,1.0685,108.49,,False
RPM,110621,2015,0.2549,0.1996,,1.3301,,35.41,,False
RPM,110621,2016,0.2379,0.2402,,1.6634,,44.29,,False
RPM,110621,2017,0.2283,0.2303,,1.5441,,44.14,,False
RPM,110621,2018,0.2777,0.2547,,1.7797,,50.69,,False
RPM,110621,2019,0.1799,0.2619,,2.146,0.2943,67.75,,False
RPM,110621,2020,0.2362,0.2743,,2.3899,0.2591,81.69,,False
RPM,110621,2021,0.232,0.2962,,2.62,0.9765,92.5,,False
RPM,110621,2022,0.1693,0.3189,0.0905,2.4586,1.0,90.92,3.4233,False
RPM,110621,2023,0.2497,0.3545,0.0958,2.9241,1.07,106.19,3.9363,False
RPM,110621,2024,0.217,0.4191,0.1196,3.731,1.1137,119.0,4.5942,False
RPM,110621,2025,0.219,0.4107,0.102,2.6762,0.9481,102.43,3.7281,False
RPM,110621,2026,0.1675,0.4294,0.1043,2.6429,0.9423,104.1,3.6745,False
RRC,315852,2015,0.0127,0.046,,1.2964,,22.97,,False
RRC,315852,2016,-0.0373,-0.0104,,1.2786,,32.14,,False
RRC,315852,2017,-0.0278,0.0167,,0.6287,,16.02,,False
RRC,315852,2018,-0.0157,-0.1618,,0.3736,0.3434,9.03,,False
RRC,315852,2019,-0.021,-0.5001,,0.2542,0.3933,4.64,,False
RRC,315852,2020,-0.0679,-0.6548,,0.3329,0.2902,6.41,,False
RRC,315852,2021,-0.0624,-0.5416,,0.8719,0.5376,17.07,,False
RRC,315852,2022,-0.0726,-0.3717,,1.5013,0.8053,24.09,,False
RRC,315852,2023,0.0398,-0.2316,,2.0144,0.3544,29.64,,False
RRC,315852,2024,-0.0752,-0.2015,,2.4231,0.3194,35.37,,False
RRC,315852,2025,-0.0292,-0.1225,,2.6355,0.4026,35.0,,False
RRR,1653653,2016,0.0009,0.005,0.0205,,,17.31,,False
RRR,1653653,2017,0.0283,0.0071,0.0588,,,25.62,,False
RRR,1653653,2018,-0.0179,0.0389,0.0179,,,15.63,,False
RRR,1653653,2019,0.0014,0.0302,0.0146,,0.112,18.75,,False
RRR,1653653,2020,0.013,-0.0088,0.0237,,0.3162,19.78,,False
RRR,1653653,2021,0.0714,0.0012,0.1279,,0.5152,46.19,,False
RRR,1653653,2022,-0.0216,0.0129,0.1678,,0.4973,35.23,,False
RRR,1653653,2023,-0.0169,0.0407,0.1413,,0.436,48.01,,False
RRR,1653653,2024,-0.0074,0.0484,0.1406,,0.4793,43.16,,False
RRR,1653653,2025,-0.0183,0.0499,0.1434,,0.4827,60.2,,False
RRX,82811,2015,0.2227,0.2812,-0.0031,1.2366,,49.29,,False
RRX,82811,2016,0.1905,0.3331,0.0161,1.7012,,59.26,,False
RRX,82811,2017,0.1965,0.3673,0.0178,2.1443,,66.42,,False
RRX,82811,2018,0.2453,0.3845,0.075,1.7741,0.7884,61.63,2.9332,False
RRX,82811,2019,0.2364,0.4258,0.0139,2.448,0.1666,76.45,2.5612,False
RRX,82811,2020,0.2243,0.4382,0.0162,3.6234,0.1701,111.25,3.28,False
RRX,82811,2021,0.1583,0.1804,0.0018,2.7352,0.1183,163.05,2.208,False
RRX,82811,2022,0.1946,0.2074,0.0672,1.9934,0.5081,116.17,2.45,False
RRX,82811,2023,0.1333,0.1283,0.0244,1.0604,0.4051,144.7,1.4616,True
RRX,82811,2024,0.1094,0.1456,0.0449,1.3106,,153.0,,False
RRX,82811,2025,0.104,0.1602,0.0489,1.3157,,139.82,,False
RS,861884,2023,0.3748,0.7441,0.166,,1.4127,268.23,,False
RS,861884,2024,0.2677,0.7319,0.1157,,1.3805,261.99,,False
RS,861884,2025,0.3174,0.6996,0.0976,,1.378,285.88,,False
RSI,1793659,2020,-0.3452,-0.1409,-0.4324,,0.9026,21.65,,False
RSI,1793659,2021,0.6308,-0.1991,-0.2307,,1.1942,16.5,,False
RSI,1793659,2022,0.344,-0.3426,-0.3562,,1.6904,3.59,,False
RSI,1793659,2023,0.2854,-0.4342,-0.162,,2.1695,4.49,,False
RSI,1793659,2024,0.3213,-0.3582,0.0641,,2.4352,13.72,,False
RSI,1793659,2025,0.2984,-0.1558,0.1328,,1.7227,19.43,,False
RUN,1469367,2015,0.0392,-0.0319,-0.0801,1.4677,,11.77,,False
RUN,1469367,2016,0.0349,0.0012,-0.0601,0.5094,,5.31,,False
RUN,1469367,2017,0.0249,0.0336,-0.0464,0.5387,,5.9,,False
RUN,1469367,2018,0.0188,0.0483,-0.0257,0.7851,,10.89,,False
RUN,1469367,2019,0.0351,0.0433,-0.0372,0.7979,,13.81,,False
RUN,1469367,2020,0.0164,0.0053,-0.0323,2.3556,0.0641,69.38,1.398,True
RUN,1469367,2021,0.0325,-0.0002,-0.0404,0.9271,0.0977,34.3,0.5593,True
RUN,1469367,2022,0.0489,0.0089,-0.0344,0.5217,0.1205,24.02,0.3912,True
RUN,1469367,2023,0.0193,-0.0701,-0.0968,0.3493,0.1105,19.63,-0.0742,True
RUN,1469367,2024,0.0195,-0.2151,-0.1857,0.1416,0.1024,9.25,-0.7032,True
RUN,1469367,2025,0.0377,-0.1694,-0.0056,0.2514,0.1308,18.4,0.0714,True
RUSHA,1012019,2015,0.0279,0.2103,0.0425,,,5.78,,False
RUSHA,1012019,2016,0.0455,0.246,0.031,,,8.42,,False
RUSHA,1012019,2017,0.0702,0.2811,0.0132,,,13.42,,False
RUSHA,1012019,2018,0.0608,0.2943,0.0214,,1.6455,9.16,,False
RUSHA,1012019,2019,0.0602,0.3127,0.0116,,1.6325,12.5,,False
RUSHA,1012019,2020,0.1109,0.2786,0.0179,,1.5072,16.92,,False
RUSHA,1012019,2021,0.1029,0.3306,0.0991,,1.5638,23.09,,False
RUSHA,1012019,2022,0.1149,0.3607,0.1325,,1.7742,22.05,,False
RUSHA,1012019,2023,0.1345,0.3323,0.1174,,1.7348,32.35,,False
RUSHA,1012019,2024,0.1602,0.3679,0.1014,,1.6134,35.73,,False
RUSHA,1012019,2025,0.1352,0.4298,0.0889,,1.5945,35.67,,False
RXO,1929561,2022,0.1014,0.001,0.0606,1.9645,2.3614,17.2,3.863,False
RXO,1929561,2023,0.0625,0.0033,0.0214,3.1163,2.1518,23.26,4.1717,False
RXO,1929561,2024,0.0803,-0.0832,-0.0164,2.1819,1.3327,23.84,2.5676,False
RXO,1929561,2025,0.0851,-0.1172,-0.0241,1.2008,1.7522,12.64,2.3313,False
RYAN,1849253,2021,0.017,-0.0013,0.0342,0.8851,,39.17,,False
RYAN,1849253,2022,0.119,0.0085,0.0454,0.7956,,40.29,,False
RYAN,1849253,2023,0.0816,0.0158,0.0495,0.7323,,41.76,,False
RYAN,1849253,2024,0.0248,0.0127,0.0443,0.8098,0.2545,63.01,0.9343,True
RYAN,1849253,2025,-0.0122,0.0114,0.0467,0.6031,0.2835,51.09,0.8009,True
SABR,1597033,2015,-0.0412,-0.2464,0.0203,2.0337,,24.74,,False
SABR,1597033,2016,-0.0547,-0.1993,0.0098,1.7817,,22.51,,False
SABR,1597033,2017,-0.002,-0.1865,0.0238,1.5488,,19.0,,False
SABR,1597033,2018,0.0291,-0.1324,0.0208,1.7155,0.666,20.54,1.6137,True
SABR,1597033,2019,0.0169,-0.1342,0.0101,1.8578,0.1655,21.83,1.146,True
SABR,1597033,2020,0.2083,-0.3439,-0.1626,0.8488,0.2195,12.02,-0.0391,True
SABR,1597033,2021,0.1296,-0.5764,-0.1258,0.5986,0.3192,8.59,-0.3881,True
SABR,1597033,2022,0.11,-0.7066,-0.0526,0.4274,0.5112,6.18,-0.2631,True
SABR,1597033,2023,0.0522,-0.8665,0.0101,0.2936,0.6223,4.4,-0.3186,True
SABR,1597033,2024,0.0046,-0.9336,0.0617,0.2361,0.6536,3.65,-0.3025,True
SABR,1597033,2025,0.0183,-0.8446,0.0656,0.0991,0.6155,1.36,-0.2689,True
SAH,1043509,2015,0.0473,0.1283,0.061,,,19.04,,False
SAH,1043509,2016,0.0259,0.1487,0.064,,,19.36,,False
SAH,1043509,2017,0.017,0.1638,0.0554,,,15.76,,False
SAH,1043509,2018,0.0125,0.1766,0.0468,,2.6211,11.91,,False
SAH,1043509,2019,-0.0119,0.1941,0.0756,,2.568,27.29,,False
SAH,1043509,2020,0.0137,0.1927,0.0091,,2.6073,34.41,,False
SAH,1043509,2021,0.0387,0.2114,0.1082,,2.4917,44.53,,False
SAH,1043509,2022,0.0725,0.221,0.0631,,2.8124,45.39,,False
SAH,1043509,2023,0.0424,0.2309,0.079,,2.6791,52.97,,False
SAH,1043509,2024,0.042,0.2395,0.0783,,2.4127,61.01,,False
SAH,1043509,2025,0.0393,0.2481,0.0616,,2.538,60.85,,False
SAIC,1571123,2015,0.2618,0.083,0.0422,1.5295,,38.44,,False
SAIC,1571123,2016,0.1244,0.082,0.0254,1.7521,,72.85,,False
SAIC,1571123,2017,0.1401,0.1298,0.0299,1.6603,,66.89,,False
SAIC,1571123,2018,0.123,0.1558,0.0299,1.3565,,56.53,,False
SAIC,1571123,2019,0.1175,0.0804,0.0015,1.0709,0.2612,78.67,1.1624,True
SAIC,1571123,2020,0.0641,0.1074,0.0187,1.1087,0.3269,87.17,1.2811,True
SAIC,1571123,2021,0.0024,0.1096,0.0681,0.7844,1.2329,78.28,2.0848,False
SAIC,1571123,2022,-0.0155,0.1424,0.0804,1.0724,1.2868,105.63,2.3763,False
SAIC,1571123,2023,0.0128,0.1867,0.0904,1.306,1.3899,119.98,2.7485,False
SAIC,1571123,2024,-0.0051,0.2695,0.1394,1.2958,1.4008,109.14,3.0096,False
SAIC,1571123,2025,-0.0461,0.2983,0.1073,1.1375,1.4257,99.61,2.8246,False
SAIC,1571123,2026,0.0368,0.2787,0.0973,1.3939,1.3564,128.22,2.9481,False
SAM,949870,2015,0.1742,0.2664,0.0408,,1.4873,201.91,,False
SAM,949870,2016,0.16,0.1567,0.0551,,1.4543,169.85,,False
SAM,949870,2017,0.1169,0.0915,0.0261,,1.515,191.1,,False
SAM,949870,2018,0.1736,0.087,0.0451,,1.5561,240.84,,False
SAM,949870,2019,0.0361,0.1569,0.0168,,0.2858,377.85,,False
SAM,949870,2020,0.1115,0.2592,0.0306,,0.3343,994.29,,False
SAM,949870,2021,0.0651,0.2681,0.0058,,1.4837,505.1,,False
SAM,949870,2022,0.1541,0.3091,0.0639,,1.4713,329.52,,False
SAM,949870,2023,0.196,0.2948,0.0699,,1.4046,345.59,,False
SAM,949870,2024,0.1485,0.1922,0.0608,,1.6103,299.98,,False
SAM,949870,2025,0.1383,0.1238,0.1214,,1.6463,195.13,,False
SANM,897723,2015,0.2912,-1.233,0.0581,0.5591,,20.58,,False
SANM,897723,2016,0.2688,-1.1363,0.062,0.9747,,36.65,,False
SANM,897723,2017,0.26,-1.0346,0.0589,0.8041,,33.0,,False
SANM,897723,2018,0.1499,-0.9872,0.0292,0.4936,,24.06,,False
SANM,897723,2019,0.317,-0.9891,0.0733,0.811,,34.24,,False
SANM,897723,2020,0.3438,-0.9869,0.0604,0.7977,,31.89,,False
SANM,897723,2021,0.361,-0.8212,0.0669,0.9545,,41.46,,False
SANM,897723,2022,0.2935,-0.67,0.0214,1.0181,,57.29,,False
SANM,897723,2023,0.3788,-0.6012,0.0935,1.0775,1.8332,51.37,2.4011,False
SANM,897723,2024,0.4001,-0.5614,0.0696,1.6478,1.5693,75.67,2.4817,False
SANM,897723,2025,0.3488,-0.4202,0.0605,2.4234,1.3875,150.07,2.8716,False
SARO,2025410,2024,0.195,-0.2516,0.0649,2.1336,0.8429,24.76,2.2189,False
SARO,2025410,2025,0.241,-0.1961,0.084,2.4397,0.9245,28.68,2.6803,False
SBGI,1971213,2023,0.0611,-0.0385,-0.0544,,0.515,,,False
SBGI,1971213,2024,0.1495,0.0017,0.0936,,0.6029,,,False
SBGI,1971213,2025,0.1676,-0.0287,0.0291,,0.5327,,,False
SBH,1368458,2015,0.332,-0.1044,0.2365,1.0915,,27.89,,False
SBH,1368458,2016,0.3209,-0.0833,0.2337,1.0271,,26.42,,False
SBH,1368458,2017,0.2807,-0.1333,0.2254,0.7063,,18.76,,False
SBH,1368458,2018,0.3165,-0.0857,0.2034,0.6747,0.4606,17.05,1.7964,True
SBH,1368458,2019,0.3371,0.0266,0.2185,0.7915,0.4603,18.25,2.098,False
SBH,1368458,2020,0.3004,0.0405,0.0894,0.4239,0.3308,13.04,1.2973,True
SBH,1368458,2021,0.2524,0.1254,0.147,0.6734,1.361,18.46,2.7285,False
SBH,1368458,2022,0.1803,0.1708,0.131,0.5134,1.4807,12.52,2.6766,False
SBH,1368458,2023,0.238,0.2293,0.1193,0.5609,1.368,13.28,2.7047,False
SBH,1368458,2024,0.2552,0.2652,0.1012,0.452,1.3309,10.45,2.6137,False
SBH,1368458,2025,0.2527,0.3128,0.1142,0.6428,1.2892,14.26,2.7928,False
SCHL,866729,2015,0.3089,0.5707,0.0181,1.5543,,30.98,,False
SCHL,866729,2016,0.3338,0.6186,0.0395,2.6365,,38.77,,False
SCHL,866729,2017,0.3314,0.6199,0.0505,2.2747,,33.23,,False
SCHL,866729,2018,0.2808,0.5835,0.0305,2.0773,,33.84,,False
SCHL,866729,2019,0.2231,0.542,0.0133,1.6789,,32.83,,False
SCHL,866729,2020,0.2625,0.4662,-0.0435,0.7934,,21.85,,False
SCHL,866729,2021,0.1657,0.4563,-0.0113,1.3358,0.6475,35.62,2.2493,False
SCHL,866729,2022,0.1939,0.5031,0.0502,1.5346,0.8465,35.79,2.87,False
SCHL,866729,2023,0.1557,0.5548,0.0569,1.5391,0.9128,34.89,2.9877,False
SCHL,866729,2024,0.0851,0.6126,0.0087,0.9595,0.9512,20.23,2.5152,False
SCHL,866729,2025,0.0507,0.5126,0.0081,0.8991,0.8335,29.13,2.1783,False
SCHL,866729,2026,0.0786,0.6004,0.0088,1.2171,0.9154,38.4,2.6096,False
SCI,89089,2015,-0.018,-0.0093,0.0134,0.2813,0.2548,21.69,0.4332,True
SCI,89089,2016,-0.027,0.0164,0.0138,0.288,0.2406,24.15,0.4493,True
SCI,89089,2018,-0.0177,0.0374,0.0136,0.438,0.0647,35.43,0.4035,True
SCI,89089,2019,-0.0303,0.0386,0.0197,0.4407,0.0668,41.17,0.4139,True
SCI,89089,2021,-0.0183,0.0463,0.0759,0.6506,0.264,65.63,0.9477,True
SCI,89089,2022,-0.0292,0.0361,0.0616,0.6624,0.2727,64.94,0.8889,True
SCI,89089,2023,-0.0153,0.0264,0.0577,0.6033,0.2507,65.42,0.8218,True
SCI,89089,2024,-0.0199,0.0319,0.0534,0.6741,0.2409,77.47,0.8422,True
SCI,89089,2025,-0.0179,0.0267,0.0524,0.6177,0.231,76.93,0.7906,True
SCL,94049,2015,0.3036,0.468,0.0163,1.4029,,42.13,,False
SCL,94049,2016,0.2868,0.4794,0.0073,2.2104,,69.94,,False
SCL,94049,2017,0.3185,0.4907,0.021,2.1309,,68.5,,False
SCL,94049,2018,0.3125,0.5479,0.0265,2.1059,0.3143,64.93,2.8075,False
SCL,94049,2019,0.3037,0.5841,0.018,3.0043,0.2818,90.87,3.326,False
SCL,94049,2020,0.2791,0.5843,0.0979,3.1769,1.067,107.0,4.4491,False
SCL,94049,2021,0.1999,0.5488,0.0827,2.5818,1.1357,112.6,3.9658,False
SCL,94049,2022,0.1538,0.5138,0.0852,1.7526,1.1398,97.69,3.3764,False
SCL,94049,2023,0.1032,0.5321,0.0248,1.7479,0.9841,88.18,2.9834,False
SCL,94049,2024,0.0614,0.5527,0.0306,1.2315,0.946,61.47,2.6333,False
SCL,94049,2025,0.0816,0.5453,0.0333,0.9461,0.9891,46.35,2.5282,False
SCND,87802,2015,0.4777,0.4543,-0.0024,,,,,False
SCND,87802,2016,0.5341,0.4516,0.0325,,,,,False
SCND,87802,2017,0.6009,0.4822,-0.0235,,,,,False
SCND,87802,2018,0.5622,0.4275,-0.0008,,1.1578,,,False
SCND,87802,2019,0.6049,0.4501,0.0938,,1.2325,,,False
SCND,87802,2020,0.5566,-0.0224,-0.1623,,0.337,,,False
SCND,87802,2022,0.4836,-0.2168,-0.2502,,0.3927,,,False
SCND,87802,2023,0.6278,-1.6428,-0.5535,,0.6641,,,False
SCND,87802,2024,0.5658,-2.935,-0.5742,,0.9266,,,False
SCND,87802,2025,0.717,-2.7881,-0.6258,,0.4009,,,False
SCSC,918965,2015,0.4509,0.485,0.0687,0.9716,,32.22,,False
SCSC,918965,2016,0.4317,0.523,0.065,1.1341,,40.35,,False
SCSC,918965,2017,0.3636,0.4942,0.0514,0.8184,,35.8,,False
SCSC,918965,2018,0.3351,0.4536,0.0348,0.6419,,34.38,,False
SCSC,918965,2019,0.3756,0.4547,0.0435,0.6454,1.8735,36.95,3.4917,False
SCSC,918965,2020,0.2863,0.4416,-0.0384,0.5241,1.8012,26.38,2.9508,False
SCSC,918965,2021,0.2911,0.4535,0.0368,0.7513,1.8848,35.08,3.4412,False
SCSC,918965,2022,0.3662,0.4371,0.0631,0.5204,1.822,29.22,3.3938,False
SCSC,918965,2023,0.4208,0.4529,0.0657,0.6861,1.8314,39.61,3.5989,False
SCSC,918965,2024,0.4133,0.5698,0.0508,1.1182,1.8323,47.45,3.9646,False
SCSC,918965,2025,0.385,0.5717,0.0477,0.8949,1.703,39.06,3.6597,False
SCSC,918965,2026,0.3358,0.5269,0.051,1.1256,1.6694,57.09,3.6538,False
SDGR,1490978,2020,0.8171,-0.1736,-0.0816,,0.1448,79.18,,False
SDGR,1490978,2021,0.7057,-0.304,-0.1473,,0.1823,34.83,,False
SDGR,1490978,2022,0.6175,-0.5506,-0.2132,,,18.69,,False
SDGR,1490978,2023,0.5407,-0.4215,-0.221,,0.2698,35.8,,False
SDGR,1490978,2024,0.5384,-0.6384,-0.2542,,0.2521,19.29,,False
SDGR,1490978,2025,0.4546,-0.8659,-0.2298,,0.3524,17.88,,False
SEDG,1419612,2015,0.6047,-0.3926,0.0924,12.4946,,28.17,,False
SEDG,1419612,2016,0.5598,-0.1092,0.1806,5.3981,,12.4,,False
SEDG,1419612,2017,0.541,0.1032,0.142,9.4747,,37.55,,False
SEDG,1419612,2018,0.4691,0.1982,0.1446,5.4846,0.9718,35.1,5.5799,False
SEDG,1419612,2019,0.3319,0.2259,0.1271,8.5664,0.9539,95.09,7.2277,False
SEDG,1419612,2020,0.5265,0.1961,0.0585,14.5292,0.5988,319.12,10.4158,False
SEDG,1419612,2021,0.4101,0.2248,0.0716,10.9115,0.6791,280.57,8.2692,False
SEDG,1419612,2022,0.4712,0.1744,0.0389,8.3406,0.7291,283.27,6.6715,False
SEDG,1419612,2023,0.5255,0.1696,0.0088,2.6467,0.6488,93.6,3.1339,False
SEDG,1419612,2024,0.3776,-0.3909,-0.6495,0.4243,0.3427,13.6,-1.6401,True
SEDG,1419612,2025,0.4291,-0.657,-0.1382,1.0116,0.5428,28.85,0.2886,True
SEI,1697500,2017,0.2336,0.0127,0.0379,,,15.85,,False
SEI,1697500,2018,0.0991,0.0774,0.0614,,0.125,9.02,,False
SEI,1697500,2019,0.1924,0.147,0.0596,,0.1245,10.75,,False
SEI,1697500,2020,0.1494,0.0499,-0.0083,,0.0614,6.65,,False
SEI,1697500,2021,0.1274,0.0146,-0.001,,0.3919,5.62,,False
SEI,1697500,2022,0.071,0.0278,0.0904,,0.6485,8.85,,False
SEI,1697500,2023,0.0639,0.037,0.1066,,,7.45,,False
SEI,1697500,2024,0.1651,0.0157,0.047,,,28.15,,False
SEI,1697500,2025,0.1492,0.0122,0.0632,,,45.69,,False
SEIC,350894,2015,0.4905,0.2536,0.2255,18.4943,,46.06,,False
SEIC,350894,2016,0.4817,0.2346,0.2295,15.7743,,43.86,,False
SEIC,350894,2017,0.4666,0.2522,0.2142,20.5499,,64.47,,False
SEIC,350894,2018,0.454,0.2627,0.2242,13.3044,,41.96,,False
SEIC,350894,2019,0.4701,0.2798,0.214,17.4971,0.1967,60.15,12.357,False
SEIC,350894,2020,0.4539,0.2608,0.2057,15.0168,0.2047,53.47,10.8036,False
SEIC,350894,2021,0.4453,0.2687,0.235,13.9521,,57.42,,False
SEIC,350894,2022,0.4428,0.2913,0.1996,15.5649,,55.73,,False
SEIC,350894,2023,0.4465,0.3026,0.1685,19.0553,,61.63,,False
SEIC,350894,2024,0.4363,0.2824,0.2055,22.4862,,81.03,,False
SEZL,1662991,2021,0.5091,-0.5703,-0.3074,,,,,False
SEZL,1662991,2022,0.411,-0.959,-0.1648,,,,,False
SEZL,1662991,2023,0.1024,-0.7408,0.1044,0.6044,0.2851,3.42,0.0781,True
SEZL,1662991,2024,0.5092,-0.3009,0.2756,6.8186,0.4672,42.63,5.6578,False
SEZL,1662991,2025,0.6549,-0.0008,0.4417,9.276,0.5894,63.47,8.3973,False
SFM,1575515,2015,0.0805,0.1721,0.1604,4.1093,,26.59,,False
SFM,1575515,2016,0.0034,0.0524,0.1479,2.3002,,18.92,,False
SFM,1575515,2017,-0.0001,0.0193,0.1429,2.4391,,24.35,,False
SFM,1575515,2018,0.0142,-0.0413,0.133,2.0179,3.1077,23.51,4.7167,False
SFM,1575515,2019,-0.0106,-0.031,0.0172,0.8427,0.5013,19.35,1.0076,True
SFM,1575515,2020,-0.0108,0.0723,0.0331,0.9736,0.5708,20.1,1.3526,True
SFM,1575515,2021,0.0186,0.0885,0.1143,1.4097,2.0868,29.68,3.456,False
SFM,1575515,2022,0.0493,0.1042,0.1167,1.4914,2.0858,32.37,3.5709,False
SFM,1575515,2023,0.0171,0.1123,0.1053,2.0589,2.0549,48.11,3.8153,False
SFM,1575515,2024,-0.0012,0.1411,0.1386,5.1099,2.1203,127.07,5.8396,False
SFM,1575515,2025,-0.0146,0.1349,0.165,2.696,2.1176,79.67,4.451,False
SGI,1206264,2015,0.0362,0.4181,0.0346,1.4859,,16.62,,False
SGI,1206264,2016,0.0466,0.4856,0.0398,1.2518,,16.11,,False
SGI,1206264,2017,0.0113,0.5257,0.0288,1.2063,,14.79,,False
SGI,1206264,2018,0.0502,0.5575,0.0213,0.8228,0.249,9.77,1.6538,True
SGI,1206264,2019,0.0414,0.5563,0.0276,1.5995,0.2846,20.54,2.164,False
SGI,1206264,2020,-0.0019,0.6183,0.1608,1.9177,1.1113,25.48,3.6559,False
SGI,1206264,2021,0.0514,0.6025,0.211,2.3358,1.1405,44.73,4.1435,False
SGI,1206264,2022,0.0491,0.6855,0.1561,1.5931,1.1288,33.11,3.6183,False
SGI,1206264,2023,0.0428,0.7201,0.1333,2.4762,1.0816,49.68,4.0668,False
SGI,1206264,2024,0.0176,0.5973,0.106,2.1697,0.8245,55.82,3.3335,False
SGI,1206264,2025,-0.0234,0.3301,0.0651,2.1979,0.6445,88.64,2.6121,False
SHAK,1620533,2015,0.1447,0.0113,0.0096,,,39.6,,False
SHAK,1620533,2016,0.097,0.0311,0.0093,,,35.79,,False
SHAK,1620533,2017,0.1257,0.0348,0.0124,,,43.2,,False
SHAK,1620533,2018,0.0674,0.0498,0.0046,,0.2035,45.42,,False
SHAK,1620533,2019,-0.0121,0.0561,0.0005,,0.1564,59.57,,False
SHAK,1620533,2020,0.0816,0.0107,-0.0107,,0.1375,84.78,,False
SHAK,1620533,2021,0.1977,0.0024,-0.0109,,0.5076,72.16,,False
SHAK,1620533,2022,0.1313,-0.0137,-0.018,,0.6024,41.53,,False
SHAK,1620533,2023,0.1061,0.0104,0.0037,,0.6772,74.12,,False
SHAK,1620533,2024,0.1066,0.0159,0.0018,,0.7381,129.8,,False
SHAK,1620533,2025,0.0978,0.0383,0.033,,0.7622,81.17,,False
SHC,1822479,2021,0.0662,-0.1693,0.092,3.0501,0.3339,23.55,2.3102,False
SHC,1822479,2022,-0.047,-0.2264,0.0797,0.859,0.3219,8.33,0.7268,True
SHC,1822479,2023,0.1043,-0.2091,0.0884,1.7898,0.3352,16.85,1.5332,True
SHC,1822479,2024,0.1091,-0.1986,0.0969,1.4639,0.3583,13.68,1.4092,True
SHC,1822479,2025,0.1115,-0.1631,,1.8945,0.3566,17.64,,False
SHEN,354963,2015,0.1061,0.4084,0.0345,,,12.68,,False
SHO,1295810,2015,0.0436,0.169,0.0106,1.1055,,8.99,,False
SHO,1295810,2016,0.0425,0.2104,0.0099,1.7726,,11.51,,False
SHO,1295810,2017,0.1259,0.2417,0.0091,1.8993,,13.03,,False
SHO,1295810,2018,0.1701,0.2977,0.0115,1.5902,,10.79,,False
SHO,1295810,2019,0.1501,0.3364,0.0029,1.7435,,12.17,,False
SHO,1295810,2020,0.1153,0.306,-0.0234,2.0662,0.0125,9.96,1.7419,True
SHO,1295810,2021,0.035,0.3118,,2.3949,0.1674,10.32,,False
SHO,1295810,2022,-0.0541,0.3358,,1.5988,0.2959,8.58,,False
SHOO,913241,2016,0.3695,1.0459,0.1739,6.3879,,20.25,,False
SHOO,913241,2017,0.4152,1.0743,0.1606,7.7974,,26.45,,False
SHOO,913241,2018,0.4461,1.1351,0.1617,7.4145,,26.13,,False
SHOO,913241,2019,0.3422,1.0248,0.1383,6.3136,0.3245,37.74,6.4144,False
SHOO,913241,2020,0.4063,1.1246,-0.0278,6.5638,0.3068,31.16,6.2155,False
SHOO,913241,2021,0.3758,1.0483,0.1797,5.6886,1.3676,41.59,7.2925,False
SHOO,913241,2022,0.4155,1.2489,0.2239,5.1792,1.6783,29.31,7.7717,False
SHOO,913241,2023,0.354,1.246,0.1582,5.7762,1.4626,39.46,7.6195,False
SHOO,913241,2024,0.3407,1.2664,0.1593,5.5616,1.6095,40.72,7.654,False
SHOO,913241,2025,0.2481,0.9254,0.0422,2.9682,1.3172,40.98,4.8308,False
SIG,832988,2015,0.485,0.4956,0.0911,1.0952,,100.53,,False
SIG,832988,2016,0.5309,0.5459,0.1087,0.8688,,77.4,,False
SIG,832988,2017,0.5212,0.6056,0.1157,0.518,,47.26,,False
SIG,832988,2018,0.4125,0.7528,0.0993,0.384,,27.32,,False
SIG,832988,2019,0.4124,0.5163,-0.173,0.2964,1.4133,20.14,2.2381,False
SIG,832988,2020,0.2385,0.3561,0.0251,0.2202,0.3418,25.63,1.3416,True
SIG,832988,2021,0.2562,0.3543,-0.0093,0.7245,0.8459,82.18,2.0533,False
SIG,832988,2022,0.2524,0.4376,0.1374,0.571,1.1902,64.96,2.9018,False
SIG,832988,2023,0.1902,0.475,0.0914,0.9055,1.1845,103.7,2.9226,False
SIG,832988,2024,0.2291,0.5629,0.0912,0.7581,1.0525,78.97,2.8713,False
SIG,832988,2025,0.1538,0.6541,0.0193,0.8133,1.1706,82.24,2.8226,False
SIG,832988,2026,0.1906,0.6698,0.066,0.791,1.1447,82.28,3.0038,False
SIRI,908937,2015,-0.2404,-0.6128,0.0365,1.326,,32.31,,False
SIRI,908937,2016,-0.2531,-0.4862,0.0412,1.357,,35.41,,False
SIRI,908937,2017,-0.2822,-0.3894,0.0476,1.4706,,42.99,,False
SIRI,908937,2018,-0.2844,-0.2517,0.0562,1.5562,0.183,46.12,0.6084,True
SIRI,908937,2019,-0.2054,-0.1025,0.0358,1.6512,0.1849,58.22,0.9037,True
SIRI,908937,2020,-0.2129,-0.2211,-0.0487,1.3979,0.2118,52.33,0.3249,True
SIRI,908937,2021,-0.1752,-0.2566,0.1961,1.3776,0.8464,52.72,1.7508,True
SIRI,908937,2022,-0.1939,-0.3344,0.2032,1.2862,0.8983,51.03,1.6397,True
SIRI,908937,2023,-0.1885,-0.2479,0.1876,1.2726,0.863,48.85,1.6723,True
SIRI,908937,2024,-0.0575,0.4041,-0.0551,0.4314,0.3161,21.05,0.8898,True
SIRI,908937,2025,-0.0938,0.4264,0.054,0.4165,0.3142,19.37,1.2268,True
SITM,1451809,2019,0.3756,-0.4378,0.0083,12.5192,0.2276,25.5,7.6045,False
SITM,1451809,2020,0.6914,-0.4661,-0.0633,128.8068,0.854,111.93,78.1062,False
SITM,1451809,2021,0.8678,-0.0459,0.0484,192.4436,0.3226,292.54,116.9257,False
SITM,1451809,2022,0.8463,-0.0105,0.0215,72.5228,0.3778,101.62,44.9634,False
SITM,1451809,2023,0.5273,-0.0929,-0.1126,15.0682,0.1513,122.08,9.3232,False
SITM,1451809,2024,0.4922,-0.2057,-0.1302,34.8258,0.229,214.53,20.9976,False
SITM,1451809,2025,0.6683,-0.1737,-0.0517,76.675,0.2523,353.19,46.6454,False
SKYW,793733,2015,0.0554,0.2655,0.0109,0.216,0.1567,18.34,0.7604,True
SKYW,793733,2016,0.0584,0.2149,-0.0787,0.3631,,35.41,,False
SKYW,793733,2017,0.0319,0.2779,0.017,0.545,,51.99,,False
SKYW,793733,2018,0.0152,0.2814,0.0192,0.3918,,43.88,,False
SKYW,793733,2019,-0.0247,0.3123,0.0188,0.557,0.4464,64.3,1.2504,True
SKYW,793733,2020,0.006,0.2979,-0.004,0.3296,,40.31,,False
SKYW,793733,2021,-0.0177,0.3037,0.0387,0.3141,,39.3,,False
SKYW,793733,2022,0.0268,0.3017,0.0244,0.1265,,16.51,,False
SKYW,793733,2023,-0.0174,0.3232,0.0148,0.4126,,52.2,,False
SKYW,793733,2024,-0.0438,0.3633,0.0693,0.8218,,100.13,,False
SKYW,793733,2025,-0.078,0.4092,0.0836,0.8403,,100.41,,False
SLAB,1038074,2015,0.2776,0.7393,0.0319,6.4695,,48.54,,False
SLAB,1038074,2016,0.3246,0.7413,0.0613,8.5091,,65.0,,False
SLAB,1038074,2017,0.5116,0.5546,0.0554,5.0618,,88.3,,False
SLAB,1038074,2018,0.4197,0.5918,0.0525,4.7205,0.5345,78.81,4.8722,False
SLAB,1038074,2019,0.4813,0.5855,0.0339,6.9129,0.5001,115.98,6.1568,False
SLAB,1038074,2020,0.3468,0.4985,0.0192,5.3537,0.4448,127.34,4.8344,False
SLAB,1038074,2021,0.5306,0.7487,-0.0111,9.2343,0.2437,206.42,7.4325,False
SLAB,1038074,2022,0.588,0.6526,0.055,5.922,0.4721,135.67,5.8258,False
SLAB,1038074,2023,0.398,0.8265,-0.0167,18.8307,0.5421,132.27,13.42,False
SLAB,1038074,2024,0.4123,0.8193,-0.1354,29.0553,0.478,124.22,19.1063,False
SLAB,1038074,2025,0.4177,0.738,-0.0556,24.9346,0.6183,130.7,16.9302,False
SLGN,849869,2020,0.0933,0.3679,,0.6807,0.7559,33.87,,False
SLGN,849869,2021,0.1013,0.3464,,0.675,0.7306,39.65,,False
SLGN,849869,2022,0.0946,0.4031,,0.9134,0.8728,48.64,,False
SLGN,849869,2023,0.0049,0.4215,,0.7966,0.7868,43.13,,False
SLGN,849869,2024,0.0321,0.3964,,0.8073,0.682,50.38,,False
SLGN,849869,2025,0.0575,0.3836,,0.5896,0.6899,39.74,,False
SLND,1883814,2021,0.0051,-0.0291,-0.0006,,,,,False
SLND,1883814,2022,0.0007,-0.0329,-0.0045,,,,,False
SLND,1883814,2023,0.2985,-0.016,-0.0261,,0.9662,,,False
SLND,1883814,2024,0.2164,-0.1035,-0.1049,,0.8143,,,False
SLND,1883814,2025,0.0798,-0.4358,-0.2192,,0.7805,,,False
SLVM,1856485,2021,0.1348,0.7451,,0.4057,1.3485,24.64,,False
SLVM,1856485,2022,0.19,0.7487,,0.8449,1.3387,43.18,,False
SLVM,1856485,2023,0.1734,0.7737,,0.9078,1.2956,45.0,,False
SLVM,1856485,2024,0.1463,0.9428,0.174,1.6771,1.4489,74.11,4.5247,False
SLVM,1856485,2025,0.1303,0.9099,0.0908,1.032,1.2128,46.64,3.562,False
SM,893538,2015,0.0385,0.2774,-0.103,1.0829,0.277,17.16,1.0215,True
SM,893538,2016,-0.0298,0.1242,-0.1657,1.8429,0.1904,30.19,0.8875,True
SM,893538,2017,-0.0016,0.1078,-0.0273,1.2219,0.1828,19.43,0.9749,True
SM,893538,2018,-0.0058,0.1835,0.1316,0.9479,0.3254,13.68,1.5785,True
SM,893538,2019,-0.0349,0.1538,-0.0111,0.6726,0.2527,10.02,0.793,True
SM,893538,2020,-0.0764,0.0403,-0.2148,0.4443,0.2264,5.53,-0.251,True
SM,893538,2021,-0.0528,0.0448,0.04,1.9991,0.5011,26.65,1.8319,False
SM,893538,2022,0.0243,0.2289,0.2763,2.8572,0.5876,31.6,3.5634,False
SM,893538,2023,0.0443,0.3217,0.1547,3.0763,0.3721,35.75,3.2318,False
SM,893538,2024,-0.0414,0.3189,0.1254,1.9957,0.3137,36.41,2.3218,False
SM,893538,2025,-0.0387,0.3557,0.1081,0.9802,0.3409,18.31,1.7371,True
SMG,825542,2015,0.1328,0.2707,0.1166,1.3983,,45.49,,False
SMG,825542,2016,0.1419,0.3139,0.1635,1.9398,,69.12,,False
SMG,825542,2017,0.1228,0.3561,0.1578,2.209,,79.12,,False
SMG,825542,2018,0.0894,0.3012,0.0651,1.0085,0.1421,46.68,1.4909,True
SMG,825542,2019,0.1391,0.4209,0.1352,2.0869,0.1643,82.64,2.6189,False
SMG,825542,2020,0.0787,0.3655,0.1731,3.525,0.2634,162.12,3.5559,False
SMG,825542,2021,0.1841,0.3344,0.1506,2.0432,1.026,132.89,3.4381,False
SMG,825542,2022,0.2369,0.2374,-0.101,0.5816,0.9133,41.45,1.5456,True
SMG,825542,2023,0.1828,0.1438,-0.0511,0.8977,1.0403,56.76,1.8311,False
SMG,825542,2024,0.0801,0.1058,0.0727,1.0968,1.2371,61.46,2.3793,False
SMG,825542,2025,0.0732,0.1075,0.1308,1.062,1.2447,56.54,2.5518,False
SMP,93389,2015,0.3463,0.428,0.1114,2.279,,29.49,,False
SMP,93389,2016,0.3005,0.4377,0.1276,2.8608,,41.96,,False
SMP,93389,2017,0.2669,0.4535,0.1247,2.4079,,35.99,,False
SMP,93389,2018,0.2771,0.4508,0.0964,2.3473,1.2952,39.5,3.9854,False
SMP,93389,2019,0.2629,0.4573,0.1035,2.4189,1.2467,44.23,3.9955,False
SMP,93389,2020,0.3094,0.4847,0.1138,1.8678,1.1799,33.97,3.726,False
SMP,93389,2021,0.196,0.4444,0.1077,1.7152,1.0842,44.94,3.326,False
SMP,93389,2022,0.3501,0.4496,0.083,1.0802,1.0931,30.65,3.0646,False
SMP,93389,2023,0.3403,0.4433,0.0717,1.2586,1.0504,36.18,3.0711,False
SMP,93389,2024,0.2676,0.3172,0.0444,0.5498,0.8069,29.14,2.0486,False
SMP,93389,2025,0.2792,0.2954,0.0684,0.6194,0.8977,35.96,2.2438,False
SMPL,1702744,2017,0.1091,-0.0132,0.002,3.8959,,14.26,,False
SMPL,1702744,2018,0.1592,0.0598,0.0152,5.536,,18.9,,False
SMPL,1702744,2019,0.2712,0.0927,0.0106,8.2992,,28.54,,False
SMPL,1702744,2020,0.094,0.0323,0.0124,3.1919,0.4066,31.36,2.5206,False
SMPL,1702744,2021,0.0901,0.0516,0.0846,4.259,0.49,41.57,3.5051,False
SMPL,1702744,2022,0.1191,0.1024,0.0968,5.1315,0.558,38.03,4.2426,False
SMPL,1702744,2023,0.1344,0.1659,0.0977,6.66,0.5926,39.6,5.3046,False
SMPL,1702744,2024,0.1361,0.2,0.0848,4.8658,0.5465,38.98,4.1891,False
SMPL,1702744,2025,0.1374,0.2466,0.0655,3.0147,0.6055,20.08,3.1405,False
SMTC,88941,2019,0.3441,0.5811,0.0097,13.1238,0.1311,52.9,9.2638,False
SMTC,88941,2021,0.3374,0.6203,0.0693,21.6088,0.55,88.93,15.0172,False
SMTC,88941,2022,0.3306,0.7046,0.1282,6.7946,0.6551,28.69,6.5382,False
SMTC,88941,2023,0.1268,0.334,0.0361,1.1252,0.2944,21.91,1.7085,True
SMTC,88941,2024,0.2308,-0.1702,-0.6874,3.427,0.6324,61.85,0.4588,True
SMTC,88941,2025,0.2131,-0.2788,0.0352,7.8285,0.6407,73.69,5.3193,False
SMTC,88941,2026,0.2689,-0.3092,0.0231,14.3912,0.7445,132.96,9.3452,False
SN,1957132,2023,0.2214,0.1349,0.1071,3.5895,1.2199,51.17,4.1816,False
SN,1957132,2024,0.2537,0.2069,0.1466,5.5794,1.2582,97.36,5.6837,False
SN,1957132,2025,0.3435,0.301,0.172,5.8968,1.1962,111.9,6.1357,False
SNAP,1564408,2017,0.5905,-1.361,-1.0187,,,,,False
SNAP,1564408,2018,0.5096,-2.1785,-0.4674,,0.4349,,,False
SNAP,1564408,2019,0.5345,-1.7313,-0.275,,0.4276,,,False
SNAP,1564408,2020,0.5316,-1.5707,-0.1716,,0.4989,,,False
SNAP,1564408,2021,0.5311,-1.0993,-0.0932,,0.5463,,,False
SNAP,1564408,2022,0.5033,-1.2721,-0.1738,,0.5731,,,False
SNAP,1564408,2023,0.4822,-1.4717,-0.1755,,0.5781,,,False
SNAP,1564408,2024,0.4616,-1.6047,-0.0992,,0.6755,,,False
SNAP,1564408,2025,0.4296,-1.8165,-0.0693,,0.7725,,,False
SNDR,1692063,2019,0.257,0.1895,0.0213,,,18.25,,False
SNDR,1692063,2020,0.1951,0.1429,0.0815,,,19.14,,False
SNDR,1692063,2021,0.1418,0.2179,0.1355,,,25.17,,False
SNDR,1692063,2022,0.1652,0.2913,0.139,,,22.18,,False
SNDR,1692063,2023,0.1107,0.3142,0.065,,,24.45,,False
SNDR,1692063,2024,0.0833,0.3003,0.0335,,,28.55,,False
SNDR,1692063,2025,0.1292,0.3137,0.0349,,,26.27,,False
SNX,1177394,2015,0.3896,0.3362,0.0798,1.2065,,39.9,,False
SNX,1177394,2016,0.3001,0.3246,0.0727,1.3343,,54.19,,False
SNX,1177394,2017,0.2206,0.2539,0.0661,0.907,,61.42,,False
SNX,1177394,2018,0.1921,0.1913,0.048,0.3679,,37.03,,False
SNX,1177394,2019,0.2433,0.2244,0.0696,0.6055,2.0309,59.9,3.2298,False
SNX,1177394,2020,0.2331,0.2326,0.0616,0.6652,1.8321,75.95,3.0399,False
SNX,1177394,2021,0.1265,0.0424,0.0225,0.4348,1.1427,107.46,1.6891,True
SNX,1177394,2022,0.137,0.0575,0.0353,0.332,2.0967,90.15,2.6574,False
SNX,1177394,2023,0.1137,0.075,0.0367,0.3913,1.9568,103.9,2.554,False
SNX,1177394,2024,0.1355,0.091,0.0394,0.413,1.9307,114.86,2.5988,False
SNX,1177394,2025,0.1264,0.1003,0.0413,0.4621,1.825,149.1,2.5307,False
SOGP,1783407,2019,-0.6231,-14.2385,-1.0082,,,,,False
SOGP,1783407,2020,0.283,-4.828,-0.1912,,,,,False
SOGP,1783407,2021,0.3282,-3.6812,-0.2155,,,,,False
SOGP,1783407,2022,0.4534,-2.9376,0.0858,,,,,False
SOGP,1783407,2023,0.4597,-4.2507,-0.2606,,,,,False
SOGP,1783407,2024,0.3579,-4.7768,-0.172,,,,,False
SOGP,1783407,2025,0.4605,-3.0881,0.2895,,4.1391,,,False
SOLS,2064953,2025,0.119,0.0072,0.114,1.7907,0.685,48.43,2.2887,False
SON,91767,2024,-0.0687,0.2066,0.0261,,0.3998,45.24,,False
SON,91767,2025,0.0105,0.3026,0.0912,,0.6736,42.39,,False
SONO,1314727,2018,0.3425,-0.3466,-0.0151,3.0639,0.4646,9.82,2.1789,False
SONO,1314727,2019,0.3632,-0.2736,0.0075,3.8441,0.3862,15.62,2.7702,False
SONO,1314727,2020,0.3276,-0.28,-0.0334,5.3393,0.4164,23.39,3.5111,False
SONO,1314727,2021,0.4227,-0.0614,0.1361,6.1871,0.3157,29.8,4.8983,False
SONO,1314727,2022,0.2792,-0.0021,0.0753,3.184,0.2662,16.9,2.7572,False
SONO,1314727,2023,0.3047,-0.0128,-0.0205,4.1928,0.3045,17.14,3.1003,False
SONO,1314727,2024,0.2018,-0.0556,-0.0524,3.6481,1.6567,15.04,3.8369,False
SONO,1314727,2025,0.1842,-0.1361,-0.0613,4.438,1.7531,17.56,4.244,False
SONY,313838,2015,-0.038,0.0562,0.0176,,,,,False
SONY,313838,2016,-0.049,0.0557,0.0163,,,,,False
SONY,313838,2017,-0.0233,0.0755,0.0385,,,,,False
SONY,313838,2018,-0.0397,0.1106,0.0426,,0.413,,,False
SONY,313838,2019,-0.0219,0.1202,0.0367,,0.3585,,,False
SONY,313838,2021,-0.0226,0.1464,0.0369,,0.3415,,,False
SPHR,1795250,2020,0.2464,0.0382,0.0254,,0.0024,48.52,,False
SPHR,1795250,2021,0.1759,-0.0544,-0.1043,,0.0362,32.49,,False
SPHR,1795250,2022,0.0475,-0.0526,-0.0103,,0.299,20.77,,False
SPHR,1795250,2023,-0.0137,0.0426,-0.0141,,0.1149,33.96,,False
SPHR,1795250,2024,-0.1061,0.0024,-0.0149,,0.2138,40.32,,False
SPHR,1795250,2025,0.0159,-0.0443,-0.0545,,0.2894,95.08,,False
SPSC,1092699,2015,0.5447,-0.1507,0.0108,31.9528,,35.1,,False
SPSC,1092699,2016,0.5154,-0.1131,0.0089,25.6191,,34.94,,False
SPSC,1092699,2017,0.5255,-0.0593,-0.0016,14.903,,24.3,,False
SPSC,1092699,2018,0.5001,0.0395,0.0213,22.0829,0.1688,41.19,14.1442,False
SPSC,1092699,2019,0.4997,0.1095,0.0241,21.5541,0.1626,55.42,13.9273,False
SPSC,1092699,2020,0.3632,0.1776,0.0953,36.9715,0.5938,108.59,23.7757,False
SPSC,1092699,2021,0.4052,0.2242,0.0894,38.9448,0.6256,142.35,25.0878,False
SPSC,1092699,2022,0.3153,0.2871,0.1058,34.0361,0.67,128.43,22.2212,False
SPSC,1092699,2023,0.3287,0.3144,0.0938,44.627,0.6517,193.84,28.5719,False
SPSC,1092699,2024,0.2281,0.3259,0.0862,37.5194,0.6185,183.99,24.1445,False
SPSC,1092699,2025,0.1547,0.3671,0.1011,16.3737,0.6424,89.13,11.4999,False
SPXC,88205,2015,0.0585,0.4116,-0.0779,0.2495,,9.33,,False
SPXC,88205,2016,0.0268,-0.4348,0.0288,0.6904,,23.72,,False
SPXC,88205,2017,0.0841,-0.3638,0.0269,0.911,,31.39,,False
SPXC,88205,2018,0.0623,-0.316,0.0523,0.8541,0.2163,28.01,0.5337,True
SPXC,88205,2019,0.011,-0.274,0.0506,1.5614,0.2083,50.88,0.9416,True
SPXC,88205,2020,0.0425,-0.2124,0.0574,1.6372,0.6787,54.54,1.6043,True
SPXC,88205,2021,0.1765,-0.0197,0.028,1.9592,0.1332,59.68,1.5854,True
SPXC,88205,2022,0.2006,-0.0267,0.0264,3.8607,0.2223,65.65,2.8292,False
SPXC,88205,2023,0.1264,0.0157,0.091,4.0633,0.7137,101.01,3.6255,False
SPXC,88205,2024,0.1348,0.088,0.1136,5.4797,0.7309,145.52,4.6784,False
SPXC,88205,2025,0.1894,0.1339,0.0972,7.3295,0.6284,200.06,5.7616,False
SR,1126956,2015,-0.0612,0.0934,-0.0016,1.2096,,39.8,,False
SRPT,873303,2015,0.5926,-3.2838,-0.2354,48.8415,,38.58,,False
SRPT,873303,2016,0.7028,-2.7501,-0.2084,33.1455,,27.43,,False
SRPT,873303,2017,0.8718,-0.9305,-0.0177,11.3294,,55.64,,False
SRPT,873303,2018,0.7628,-0.9615,-0.0849,18.9031,0.0514,109.13,10.6823,False
SRPT,873303,2019,0.6606,-1.2585,-0.1263,13.5672,0.0549,129.04,6.8093,False
SRPT,873303,2020,0.6933,-0.9542,-0.0572,8.1011,0.0411,170.49,4.209,False
SRPT,873303,2021,0.6834,-1.0187,-0.146,4.2846,0.1945,90.05,1.6774,True
SRPT,873303,2022,0.6196,-1.2499,-0.1714,4.9891,0.2697,129.58,1.6911,True
SRPT,873303,2023,0.5899,-1.362,-0.082,4.2348,0.3507,96.43,1.4219,True
SRPT,873303,2024,0.5909,-1.0625,0.055,5.2735,0.4511,121.59,3.0183,False
SRPT,873303,2025,0.4307,-1.4559,-0.2089,1.029,0.5566,21.52,-1.037,True
SSD,920371,2015,0.5142,0.6655,0.0234,11.117,,30.24,,False
SSD,920371,2016,0.4862,0.6556,0.0267,14.1629,,39.44,,False
SSD,920371,2017,0.4313,0.6522,0.0238,14.1298,,52.66,,False
SSD,920371,2018,0.4385,0.6149,0.0185,12.42,0.2367,50.35,9.1367,False
SSD,920371,2019,0.44,0.5893,0.0334,15.3031,0.2397,75.95,10.8849,False
SSD,920371,2020,0.4536,0.5845,0.2047,14.5354,1.0287,89.24,11.7882,False
SSD,920371,2021,0.5082,0.611,0.2478,18.3042,1.06,134.04,14.3256,False
SSD,920371,2022,0.3317,0.4465,0.1833,3.2432,0.8451,86.3,4.4192,False
SSD,920371,2023,0.3517,0.5274,0.1757,7.7765,0.8185,194.48,7.2245,False
SSD,920371,2024,0.296,0.6018,0.1571,7.2757,0.8158,163.86,6.8975,False
SSD,920371,2025,0.3158,0.5997,0.149,6.343,0.759,160.67,6.2752,False
ST,1477294,2015,0.0651,0.0617,0.0621,1.3551,,43.47,,False
ST,1477294,2016,0.1215,0.102,0.0789,1.2445,,36.76,,False
ST,1477294,2017,0.1835,0.1553,0.0832,1.6339,,48.23,,False
ST,1477294,2018,0.1879,0.1972,0.1045,1.4702,0.1247,42.32,1.8533,False
ST,1477294,2019,0.1947,0.2365,0.0815,1.7366,0.1239,50.84,1.9995,False
ST,1477294,2020,0.1893,0.2266,0.0431,1.4096,0.1156,49.77,1.6478,True
ST,1477294,2021,0.2601,0.2475,0.0735,1.5353,0.4436,58.22,2.266,False
ST,1477294,2022,0.1823,0.2722,0.0765,0.9899,0.4602,38.4,1.9065,False
ST,1477294,2023,0.1665,0.2989,0.0237,1.1227,0.5278,36.14,1.8977,False
ST,1477294,2024,0.1842,0.3276,0.0209,0.9144,0.5506,26.72,1.8479,False
ST,1477294,2025,0.1806,0.34,0.0352,1.2109,0.5487,33.0,2.084,False
STAA,718937,2015,0.4954,-2.3347,-0.0848,14.851,,7.14,,False
STAA,718937,2016,0.4407,-2.4313,-0.1934,19.7568,,10.85,,False
STAA,718937,2017,0.5123,-2.3737,-0.0535,31.0942,,15.5,,False
STAA,718937,2018,0.7401,-0.9339,0.0394,45.8309,0.1367,31.91,27.3459,False
STAA,718937,2019,0.6777,-0.6855,0.0573,37.5378,0.1009,35.17,22.6661,False
STAA,718937,2020,0.6805,-0.5279,0.0263,65.9934,0.0857,79.22,39.8461,False
STAA,718937,2021,0.6438,-0.3221,0.0964,52.4896,,91.3,,False
STAA,718937,2022,0.6267,-0.1751,0.1056,29.4294,,48.54,,False
STAA,718937,2023,0.6144,-0.0969,0.0575,15.2329,,31.21,,False
STAA,718937,2024,0.5841,-0.1326,-0.0248,10.8567,,24.29,,False
STAA,718937,2025,0.5381,-0.3277,-0.203,10.7711,,23.09,,False
STQN,847942,2020,0.9898,-25.8901,,,,,,False
STQN,847942,2021,0.9497,-13.6079,,,,,,False
STQN,847942,2025,0.5696,-89.3955,-7.4653,,8.1052,,,False
STRA,1013934,2015,0.3269,0.475,0.0872,10.0354,,47.71,,False
STRA,1013934,2016,0.3371,0.5116,0.0658,12.881,,63.99,,False
STRA,1013934,2017,0.3775,0.5043,0.0364,14.2521,,71.93,,False
STRA,1013934,2018,0.1777,0.0712,0.0114,8.6813,0.3818,92.18,5.9411,False
STRA,1013934,2019,0.2053,0.0854,0.0208,8.9008,0.5572,130.94,6.3322,False
STRA,1013934,2020,0.0375,0.0782,0.0016,3.2507,0.1165,80.14,2.2267,False
STRA,1013934,2021,0.0746,0.0757,0.0321,1.8865,0.4908,50.28,1.924,False
STRA,1013934,2022,0.0551,0.0739,0.0327,2.9805,0.4929,70.59,2.5588,False
STRA,1013934,2023,0.0562,0.0795,0.0449,4.0272,0.5331,85.72,3.2761,False
STRA,1013934,2024,0.0432,0.1066,0.0759,5.0891,0.5952,88.74,4.1002,False
STRA,1013934,2025,0.0294,0.1253,0.0855,4.4417,0.6221,78.43,3.7799,False
STRL,874238,2019,0.0665,-0.026,0.0101,0.5814,0.3603,14.08,0.7859,True
STRL,874238,2020,0.0416,0.0181,0.0996,0.8323,1.4983,18.61,2.4017,False
STRL,874238,2021,0.0674,0.0649,0.0872,0.9239,1.2849,26.3,2.2986,False
STRL,874238,2022,0.1045,0.1293,0.0257,1.041,1.2274,32.8,2.2432,False
STRL,874238,2023,0.0956,0.1829,0.1158,2.3321,1.1097,87.93,3.2618,False
STRL,874238,2024,0.1388,0.2888,0.1312,4.3289,1.0491,168.45,4.6503,False
STRL,874238,2025,0.0046,0.3313,0.1541,6.1327,0.9454,306.23,5.603,False
SUPN,1356576,2015,0.2598,-0.9305,0.1105,7.7642,,13.44,,False
SUPN,1356576,2016,0.2283,-0.2723,0.1751,12.4579,,25.25,,False
SUPN,1356576,2017,0.2484,-0.0632,0.0809,14.7554,,39.85,,False
SUPN,1356576,2018,0.3397,0.0885,0.0408,3.6795,,33.22,,False
SUPN,1356576,2019,0.2689,0.172,0.0352,2.4409,,23.72,,False
SUPN,1356576,2020,0.2562,0.2171,0.1155,1.9262,0.346,25.16,2.4941,False
SUPN,1356576,2021,0.1694,0.2249,0.0509,1.9409,0.3432,29.16,2.1941,False
SUPN,1356576,2022,0.0271,0.2827,0.0271,2.54,0.3919,35.67,2.4336,False
SUPN,1356576,2024,0.2878,0.4067,0.0597,6.3245,0.4838,36.16,5.3901,False
SUPN,1356576,2025,0.2107,0.3565,-0.0429,7.3898,0.4949,49.7,5.5392,False
SVAQ,2085659,2025,0.0068,-0.0325,-0.0024,,,,,False
SWX,1692115,2017,-0.0255,0.1375,0.021,0.9937,,60.66,,False
SWX,1692115,2018,-0.0134,0.1283,0.0183,0.8407,0.1775,59.25,0.906,True
SWX,1692115,2019,-0.0269,0.1272,0.0169,0.7728,0.1696,60.42,0.8348,True
SWX,1692115,2020,-0.0047,0.1223,0.0175,0.5959,0.1533,49.85,0.7341,True
SWX,1692115,2021,-0.1173,0.0873,0.0289,0.4393,0.1173,59.49,0.4579,True
SWX,1692115,2022,0.0216,0.0566,-0.0018,0.3882,,54.33,,False
SWX,1692115,2023,0.0165,0.0622,0.0352,0.4902,,57.92,,False
SWX,1692115,2024,-0.0306,0.0631,0.0402,0.5697,,67.0,,False
SWX,1692115,2025,0.0251,0.0981,0.0454,0.8773,,78.33,,False
SXI,310354,2015,0.2977,0.9584,0.1191,2.9369,,75.55,,False
SXI,310354,2016,0.3212,0.982,0.1019,3.041,,80.42,,False
SXI,310354,2017,0.2316,0.8259,0.0749,2.4787,,93.88,,False
SXI,310354,2018,0.2428,0.8304,0.0917,1.6229,0.2481,62.42,2.9782,False
SXI,310354,2019,0.2085,0.8876,0.0847,1.9753,0.2269,74.58,3.1847,False
SXI,310354,2020,0.2246,0.8891,0.065,1.9112,0.1529,74.0,3.0285,False
SXI,310354,2021,0.2397,0.886,0.0615,2.8368,,106.69,,False
SXI,310354,2022,0.2442,0.9647,0.0945,2.7799,,99.8,,False
SXI,310354,2023,0.334,1.0023,0.1669,4.5182,,155.64,,False
SXI,310354,2024,0.301,1.0808,0.1012,5.8469,,185.04,,False
SXI,310354,2025,0.2003,0.7192,0.0597,3.1716,,216.5,,False
SXI,310354,2026,0.2032,0.7664,0.1221,4.227,,289.66,,False
SXT,310142,2015,0.3158,0.7609,0.0972,2.4782,,50.44,,False
SXT,310142,2016,0.3018,0.8268,0.1113,3.2808,,64.14,,False
SXT,310142,2017,0.2999,0.8203,0.0973,2.9617,,60.68,,False
SXT,310142,2018,0.3333,0.8308,0.1114,2.0845,0.7599,47.26,3.9415,False
SXT,310142,2019,0.3372,0.8827,0.0696,2.8347,0.7602,57.18,4.3312,False
SXT,310142,2020,0.3019,0.9068,0.0877,3.4661,0.7651,65.68,4.7661,False
SXT,310142,2021,0.2915,0.9342,0.0974,4.7886,0.7908,90.8,5.6431,False
SXT,310142,2022,0.3344,0.8592,0.0993,2.9278,0.7252,67.55,4.4137,False
SXT,310142,2023,0.3476,0.8572,0.077,2.7742,0.723,62.65,4.2587,False
SXT,310142,2024,0.3416,0.8806,0.0947,3.06,0.7695,69.22,4.5606,False
SXT,310142,2025,0.3644,0.823,0.0923,3.764,0.7184,92.91,4.8709,False
SYNA,817720,2015,0.3089,0.3904,0.1068,4.3258,,80.34,,False
SYNA,817720,2016,0.3302,0.5117,0.0578,3.5204,,53.58,,False
SYNA,817720,2017,0.3802,0.5637,0.0511,2.9666,,39.94,,False
SYNA,817720,2018,0.3038,0.4043,-0.0413,1.8886,1.087,37.21,3.0146,False
SYNA,817720,2019,0.3385,0.4139,-0.0045,3.418,1.0443,65.77,4.066,False
SYNA,817720,2020,0.4921,0.4141,0.0407,4.31,0.7875,96.4,4.678,False
SYNA,817720,2021,0.1765,0.3507,0.066,8.9885,0.6016,289.51,6.9153,False
SYNA,817720,2022,0.3289,0.3634,0.1226,2.338,0.6087,95.16,3.3194,False
SYNA,817720,2023,0.3875,0.4259,0.0591,3.2612,0.5189,114.08,3.7318,False
SYNA,817720,2024,0.3133,0.4381,-0.036,2.1975,0.3396,76.32,2.5288,False
SYNA,817720,2025,0.1861,0.4604,-0.0364,2.4335,0.4157,74.02,2.6236,False
SYNA,817720,2026,0.0408,0.3326,-0.0319,3.226,0.5696,96.72,2.9143,False
TAAG,1386044,2021,-118.6018,-4557.2852,-114.9986,,,,,False
TAAG,1386044,2022,-1809.4181,-55241.9774,-429.8192,,,,,False
TAAG,1386044,2023,-485.6105,-17309.0952,-672.5442,,0.0,,,False
TAAG,1386044,2024,-0.1396,-0.3592,-0.0096,,0.0018,,,False
TAAG,1386044,2025,-0.3291,-0.1338,-0.0188,,0.0166,,,False
TALO,1724965,2018,0.0147,-0.1319,0.0298,1.8505,0.1043,16.32,1.146,True
TALO,1724965,2019,-0.0295,-0.1037,0.0181,3.3311,0.0901,30.15,1.9681,False
TALO,1724965,2020,-0.0706,-0.259,-0.1007,0.7211,0.062,8.24,-0.2849,True
TALO,1724965,2021,-0.0942,-0.3314,0.1354,0.8156,0.4498,9.8,0.809,True
TALO,1724965,2022,-0.0782,-0.1749,0.2407,1.6652,0.5401,18.88,1.9947,False
TALO,1724965,2023,-0.0325,-0.0722,0.0436,0.8928,0.3027,14.23,0.8421,True
TALO,1724965,2024,-0.0103,-0.0685,0.0279,0.4724,0.3187,9.71,0.5861,True
TALO,1724965,2025,0.0354,-0.1654,-0.1009,0.5437,0.3206,11.02,0.1247,True
TDC,816761,2015,0.3087,-0.0806,-0.0158,1.4617,,26.42,,False
TDC,816761,2016,0.3697,-0.0667,0.0406,1.7523,,27.17,,False
TDC,816761,2017,0.2688,-0.2265,0.0231,1.8945,,38.46,,False
TDC,816761,2018,0.1775,-0.3487,0.0097,1.9129,0.2492,38.36,1.1539,True
TDC,816761,2019,0.0622,-0.5557,-0.0024,1.387,0.2402,26.77,0.3611,True
TDC,816761,2020,0.042,-0.508,0.0073,1.1655,0.8372,22.47,0.8997,True
TDC,816761,2021,0.0337,-0.5583,0.1065,2.3111,0.8838,42.47,1.8807,False
TDC,816761,2022,0.0104,-0.774,0.0584,1.7746,0.8877,33.66,1.074,True
TDC,816761,2023,-0.0678,-0.9669,0.0993,2.3282,0.9786,43.51,1.2683,True
TDC,816761,2024,-0.1062,-1.1227,0.1227,1.844,1.027,31.15,0.839,True
TDC,816761,2025,-0.0433,-1.0809,0.1152,1.8276,0.9348,30.44,0.8464,True
TDS,1051512,2015,0.1288,0.264,0.0421,0.1815,,19.29,,False
TDS,1051512,2016,0.1241,0.2598,0.0064,0.2067,,21.98,,False
TDS,1051512,2017,0.1127,0.2717,-0.0113,0.2148,,21.66,,False
TDS,1051512,2018,0.1483,0.2715,0.021,0.2472,0.513,25.9,1.2886,True
TDS,1051512,2019,0.089,0.2478,0.0166,0.1686,0.4708,20.72,1.0805,True
TDS,1051512,2020,0.1495,0.2237,0.0207,0.1012,0.4088,15.68,1.0304,True
TDS,1051512,2021,0.064,0.2084,0.0193,0.1158,0.3869,17.57,0.8888,True
TDS,1051512,2022,0.0353,0.1855,0.0084,0.0551,0.3638,9.62,0.7266,True
TDS,1051512,2023,0.0342,0.1453,-0.0297,0.1024,0.3615,17.91,0.5693,True
TDS,1051512,2024,0.0442,0.1351,0.0046,0.1965,0.354,33.86,0.7293,True
TDS,1051512,2025,0.0575,0.2017,-0.0116,0.5666,0.1275,40.88,0.7807,True
TDW,98222,2015,-0.2276,0.4278,-0.0113,4.1448,,224.17,,False
TDW,98222,2016,-0.2833,0.352,-0.0165,2.1382,,109.83,,False
TDW,98222,2018,0.2872,-0.1153,-0.0383,1.3903,0.2224,19.11,1.1133,True
TDW,98222,2019,0.2226,-0.2232,-0.0317,1.6969,0.308,19.26,1.1763,True
TDW,98222,2020,0.1642,-0.4387,-0.1493,1.0019,0.3173,8.64,0.0086,True
TDW,98222,2021,0.1686,-0.6186,-0.0867,1.3509,0.3386,10.71,0.1992,True
TDW,98222,2022,0.1411,-0.5392,0.0206,4.2473,0.4991,36.85,2.5299,False
TDW,98222,2023,0.1272,-0.3092,0.0883,3.5054,0.4896,72.11,2.6041,False
TDW,98222,2024,0.1769,-0.2645,0.1501,2.8332,0.6486,54.71,2.6857,False
TDW,98222,2025,0.2509,-0.1278,0.1184,2.4602,0.5668,50.51,2.5557,False
TEX,97216,2015,0.299,0.3733,0.063,0.5014,,16.34,,False
TEX,97216,2016,0.2583,0.3791,-0.0295,0.9254,,28.22,,False
TEX,97216,2017,0.3892,0.5764,0.0501,2.2217,,43.54,,False
TEX,97216,2018,0.3466,0.2149,0.0841,1.0956,,25.16,,False
TEX,97216,2019,0.359,0.2414,0.1048,1.3933,1.3622,27.59,3.3129,False
TEX,97216,2020,0.3811,0.2475,0.0226,1.7608,1.0147,32.51,2.9494,False
TEX,97216,2021,0.2996,0.3272,0.1145,2.6954,1.3574,41.36,4.1702,False
TEX,97216,2022,0.309,0.385,0.1347,2.4053,1.4168,40.76,4.2143,False
TEX,97216,2023,0.3114,0.4632,0.176,3.2628,1.4248,55.47,4.9857,False
TEX,97216,2024,0.2176,0.3428,0.0918,1.3242,0.8948,45.16,2.7332,False
TEX,97216,2025,0.2505,0.3484,0.0774,1.4969,0.883,52.96,2.8249,False
TFX,96943,2015,0.0876,0.5198,0.0249,2.7839,,122.69,,False
TFX,96943,2016,0.1942,0.564,0.0172,3.6696,,151.72,,False
TFX,96943,2017,0.1043,0.3698,0.0147,2.6636,,235.79,,False
TFX,96943,2018,0.1041,0.3867,0.019,2.7917,0.1022,246.28,2.5062,False
TFX,96943,2019,0.1178,0.4477,0.0201,4.5828,0.1079,360.21,3.6921,False
TFX,96943,2020,0.1234,0.4329,0.0133,4.3897,0.0994,395.34,3.5312,False
TFX,96943,2021,0.109,0.5119,0.0914,4.3051,0.4089,316.69,4.1411,False
TFX,96943,2022,0.1197,0.551,0.0721,3.5272,0.4029,241.91,3.6723,False
TFX,96943,2023,0.1063,0.5456,0.0672,3.3316,0.3949,243.08,3.5071,False
TFX,96943,2024,0.1158,0.5799,0.0213,2.6241,0.4293,174.63,3.0248,False
TFX,96943,2025,0.1693,0.4534,0.002,1.3421,0.0819,121.07,1.7317,True
TGTX,1001316,2015,0.6728,-1.3936,-0.5568,153.4562,,11.93,,False
TGTX,1001316,2016,0.6204,-4.3151,-1.4415,37.6325,,4.65,,False
TGTX,1001316,2017,0.6712,-3.644,-1.219,41.304,,8.2,,False
TGTX,1001316,2018,0.4805,-6.3187,-2.0857,10.5335,,4.1,,False
TGTX,1001316,2019,0.3969,-4.3016,-1.0371,13.6582,,11.1,,False
TGTX,1001316,2020,0.8378,-1.5673,-0.4373,74.913,,52.02,,False
TGTX,1001316,2021,0.6996,-3.5,-0.9082,20.4126,,19.0,,False
TGTX,1001316,2022,0.5945,-7.8887,-0.9962,13.4149,,11.83,,False
TGTX,1001316,2023,0.8017,-4.5947,0.0626,15.4622,0.709,17.08,4.7222,False
TGTX,1001316,2024,0.8234,-2.6471,0.0726,12.9666,0.5695,30.1,5.8712,False
TGTX,1001316,2025,0.4486,-1.0176,0.116,10.989,0.5796,29.81,6.6694,False
THC,70318,2015,0.0364,-0.0655,0.0446,0.1193,,30.3,,False
THC,70318,2016,0.0495,-0.0705,0.0494,0.0563,,14.84,,False
THC,70318,2017,0.0531,-0.1022,0.0476,0.0582,,15.16,,False
THC,70318,2018,0.0348,-0.0998,0.0735,0.068,0.9199,17.14,1.1052,True
THC,70318,2019,0.0375,-0.1056,0.0648,0.1433,0.8827,38.03,1.0797,True
THC,70318,2020,0.0849,-0.0785,0.0734,0.1328,0.1813,39.93,0.495,True
THC,70318,2021,0.0713,-0.044,0.1041,0.282,0.7065,81.69,1.2432,True
THC,70318,2022,0.0554,-0.0296,0.0859,0.1742,0.7061,48.79,1.1192,True
THC,70318,2023,0.085,-0.0068,0.0887,0.2668,0.7258,75.57,1.271,True
THC,70318,2024,0.1165,0.104,0.2058,0.4985,0.7142,126.23,1.9779,False
THC,70318,2025,0.1141,0.1488,0.1182,0.7728,0.7181,198.72,1.917,False
THO,730263,2015,0.2644,0.7799,0.1948,5.4154,,45.57,,False
THO,730263,2016,0.157,0.5874,0.1648,4.0532,,82.55,,False
THO,730263,2017,0.156,0.6532,0.2175,6.6746,,125.83,,False
THO,730263,2018,0.1952,0.728,0.2278,2.743,2.9974,44.31,6.6485,False
THO,730263,2019,0.1041,0.3651,0.0326,0.9476,1.3894,64.9,2.7017,False
THO,730263,2020,0.1017,0.3814,0.0473,1.262,1.4152,83.05,2.9845,False
THO,730263,2021,0.1516,0.4163,0.1269,1.3212,1.8511,94.06,3.8275,False
THO,730263,2022,0.1764,0.5147,0.1971,0.9572,2.202,70.01,4.3589,False
THO,730263,2023,0.1483,0.5635,0.0688,1.7766,1.5317,111.85,3.7916,False
THO,730263,2024,0.1543,0.606,0.0497,1.6223,1.4305,91.83,3.6014,False
THO,730263,2025,0.1689,0.6238,0.0419,1.8899,1.3559,100.77,3.7041,False
THRM,903129,2015,0.428,0.2788,0.1876,5.5443,,47.4,,False
THRM,903129,2016,0.3501,0.3048,0.1259,2.7164,,33.85,,False
THRM,903129,2017,0.328,0.3324,0.1102,2.9584,,31.75,,False
THRM,903129,2018,0.3333,0.4532,0.0906,3.7965,1.2929,39.98,4.9044,False
THRM,903129,2019,0.2985,0.5523,0.1158,5.3507,0.3167,44.39,5.0409,False
THRM,903129,2020,0.4279,0.4622,0.0872,4.5878,0.8927,65.22,5.0937,False
THRM,903129,2021,0.3771,0.6054,0.123,9.4776,1.1185,86.9,8.5108,False
THRM,903129,2022,0.3213,0.4766,0.039,3.5355,0.972,65.29,4.2749,False
THRM,903129,2023,0.2938,0.5058,0.0627,2.7266,1.1901,52.36,4.0938,False
THRM,903129,2024,0.2755,0.5577,0.0858,1.9438,1.1672,39.92,3.728,False
THRM,903129,2025,0.2669,0.5114,0.0592,1.6517,1.0732,36.37,3.2958,False
TILE,715787,2015,0.3244,0.1325,0.1501,2.4492,,17.55,,False
TILE,715787,2016,0.3833,0.167,0.1012,1.9976,,17.24,,False
TILE,715787,2017,0.3175,0.2341,0.1372,2.9078,,23.67,,False
TILE,715787,2018,0.261,0.173,0.0595,0.8434,,13.57,,False
TILE,715787,2019,0.2002,0.201,0.092,0.8811,0.2386,16.08,1.5924,True
TILE,715787,2020,0.2313,0.1597,-0.0301,0.6084,0.2121,10.31,0.979,True
TILE,715787,2021,0.2335,0.1966,0.0788,0.9388,0.9025,15.7,2.2811,False
TILE,715787,2022,0.3131,0.22,0.0595,0.6227,1.0248,9.75,2.2787,False
TILE,715787,2023,0.3001,0.2608,0.085,0.8999,1.0255,12.52,2.5711,False
TILE,715787,2024,0.2969,0.3463,0.1148,2.0537,1.1237,24.22,3.5758,False
TILE,715787,2025,0.2634,0.4293,0.1359,2.8438,1.1495,27.84,4.2214,False
TISI,318833,2015,0.377,0.4622,0.0478,,,,,False
TISI,318833,2016,0.221,0.1908,-0.005,,,,,False
TISI,318833,2017,0.2361,0.1097,-0.0021,,,,,False
TISI,318833,2018,0.2199,0.0833,-0.0071,,0.3168,,,False
TISI,318833,2019,0.1695,0.0494,0.0033,,0.2921,,,False
TISI,318833,2020,0.2062,-0.2593,-0.0032,,0.2836,,,False
TISI,318833,2021,0.2398,-0.5331,-0.1788,,1.2414,,,False
TISI,318833,2022,-0.1643,-0.4892,-0.0645,,1.3625,,,False
TISI,318833,2023,0.2601,-0.6671,-0.0235,,1.5247,,,False
TISI,318833,2024,0.2533,-0.7867,0.0192,,1.613,,,False
TISI,318833,2025,0.3015,-0.9576,0.029,,1.8467,,,False
TKR,98362,2019,0.2342,0.3925,0.1063,1.1973,0.1844,50.14,2.0839,False
TLN,1622536,2024,0.0958,-0.0534,0.037,2.0456,0.2578,201.47,1.6475,True
TLN,1622536,2025,0.0274,-0.0561,-0.0083,1.8304,0.2309,374.84,1.2563,True
TLSS,1463208,2015,-0.2045,-1.7991,-1.3206,,,,,False
TLSS,1463208,2016,-17.4652,-226.2227,-109.0692,,,,,False
TLSS,1463208,2017,-2.1449,-2.0609,-0.3681,,,,,False
TLSS,1463208,2018,-1.7967,-2.1164,-0.9689,,2.519,,,False
TLSS,1463208,2019,-3.1226,-14.0065,-4.6886,,7.2455,,,False
TLSS,1463208,2020,-4.7008,-34.7005,-2.3249,,7.3087,,,False
TLSS,1463208,2021,0.6021,-12.4825,-0.676,,0.5763,,,False
TLSS,1463208,2022,-0.2068,-5.9886,-0.3775,,0.3637,,,False
TLSS,1463208,2023,-3.7029,-65.9022,-1.1382,,,,,False
TLSS,1463208,2024,-66.4596,-818.5499,-10.4688,,,,,False
TLSS,1463208,2025,-457.6922,-8489.4785,-81.2158,,,,,False
TMDX,1756262,2019,0.7966,-3.5089,-0.0826,13.0143,0.2454,19.01,3.8251,False
TMDX,1756262,2020,0.8873,-2.6195,-0.0388,14.3354,0.1865,19.9,6.0572,False
TMDX,1756262,2021,0.7077,-3.28,-0.2923,9.9103,0.2327,19.16,1.4716,True
TMDX,1756262,2022,0.825,-1.7272,-0.1134,23.8398,,61.72,,False
TMDX,1756262,2023,0.6455,-0.7134,-0.0407,4.8113,,78.93,,False
TMDX,1756262,2024,0.5439,-0.5823,0.0466,3.7569,,62.35,,False
TMDX,1756262,2025,0.5134,-0.2602,0.1016,7.0862,,121.65,,False
TNC,97134,2015,0.3711,0.6794,0.123,4.6067,,48.66,,False
TNC,97134,2016,0.3512,0.6769,0.1457,5.5566,,62.41,,False
TNC,97134,2017,0.1877,0.2988,0.0272,1.5806,,64.48,,False
TNC,97134,2018,0.2214,0.3186,0.0584,1.1805,,46.82,,False
TNC,97134,2019,0.1939,0.3255,0.0676,1.7244,,70.96,,False
TNC,97134,2020,0.221,0.3356,0.0588,1.6311,0.9246,64.72,2.8325,False
TNC,97134,2021,0.2228,0.3867,0.0883,2.0584,1.0274,75.65,3.3624,False
TNC,97134,2022,0.2891,0.4221,0.0804,1.6234,1.0065,58.37,3.1836,False
TNC,97134,2023,0.2653,0.4916,0.1245,2.8386,1.1169,89.09,4.2376,False
TNC,97134,2024,0.239,0.5123,0.096,2.3791,1.0812,79.26,3.8296,False
TNC,97134,2025,0.2416,0.495,0.0538,1.8638,0.9485,72.75,3.2273,False
TNDM,1438133,2015,0.6431,-2.5666,-0.0897,133.2865,,118.1,,False
TNDM,1438133,2016,0.5393,-3.5997,-0.1187,12.6433,,21.5,,False
TNDM,1438133,2017,0.2944,-5.0093,-0.1005,1.319,,2.36,,False
TNDM,1438133,2018,0.5894,-2.9088,0.0027,35.2165,0.3694,37.97,18.1432,False
TNDM,1438133,2019,0.542,-1.916,0.0066,31.6293,0.3324,59.61,17.2997,False
TNDM,1438133,2020,0.7445,-0.9202,0.026,19.0149,0.2346,95.68,11.3347,False
TNDM,1438133,2021,0.7509,-0.7011,0.0141,22.1874,0.232,150.52,13.5104,False
TNDM,1438133,2022,0.6504,-0.6926,-0.0169,5.1034,0.2094,44.95,3.0265,False
TNDM,1438133,2023,0.5802,-0.9991,-0.0368,3.2207,0.2066,29.58,1.3151,True
TNDM,1438133,2024,0.4934,-1.0828,-0.0006,3.5571,0.2921,36.02,1.5005,True
TNDM,1438133,2025,0.4261,-1.4215,0.0094,2.1067,0.3296,21.98,0.1458,True
TNL,1361658,2015,-0.0091,0.1639,0.1045,0.1546,,22.13,,False
TNL,1361658,2016,-0.0224,0.2013,0.1076,0.1609,,23.93,,False
TNL,1361658,2017,0.0409,0.2508,0.0684,0.2391,,37.19,,False
TOST,1650164,2021,0.653,-0.6352,-0.1314,,0.9827,34.71,,False
TOST,1650164,2022,0.5173,-0.7819,-0.2181,,1.5508,18.03,,False
TOST,1650164,2023,0.4632,-0.8289,-0.1466,,1.974,18.26,,False
TOST,1650164,2024,0.4834,-0.6661,0.0066,,2.0598,36.45,,False
TOST,1650164,2025,0.5405,-0.4013,0.0928,,1.9564,35.51,,False
TPC,77543,2015,0.2873,0.0935,0.0038,0.3344,,16.68,,False
TPC,77543,2016,0.3266,0.1173,0.0129,0.5901,,27.9,,False
TPC,77543,2017,0.35,0.1459,0.0139,0.5188,,25.26,,False
TPC,77543,2018,0.3596,0.1599,0.0207,0.3217,0.2697,15.91,1.1863,True
TPC,77543,2019,0.3123,0.07,-0.021,0.2206,0.2625,12.82,0.7985,True
TPC,77543,2020,0.3599,0.0837,0.0147,0.1938,0.2675,12.91,0.9815,True
TPC,77543,2021,0.4414,0.1089,0.048,0.2124,0.9824,12.33,1.9503,False
TPC,77543,2022,0.3767,0.067,-0.0451,0.1275,0.8345,7.52,1.308,True
TPC,77543,2023,0.3152,0.0301,-0.0259,0.1516,0.8759,9.07,1.3018,True
TPC,77543,2024,0.2248,-0.0072,-0.0245,0.4111,1.0198,24.12,1.4456,True
TPC,77543,2025,0.17,0.009,0.045,0.9016,1.0741,66.85,1.9801,False
TR,98677,2015,0.2439,0.0576,0.1002,,,21.7,,False
TR,98677,2016,0.2562,0.0476,0.1004,,,28.4,,False
TR,98677,2017,0.2225,0.0615,0.0767,,,27.05,,False
TR,98677,2018,0.2561,0.0356,0.0744,,0.5478,25.86,,False
TR,98677,2019,0.28,0.0417,0.0708,,0.539,26.7,,False
TR,98677,2020,0.2548,0.0328,0.0592,,0.4785,23.49,,False
TR,98677,2021,0.1849,0.0388,0.0659,,0.5603,29.83,,False
TR,98677,2022,0.2149,0.0474,0.1087,,0.6743,36.48,,False
TR,98677,2023,0.2266,0.0581,0.0939,,0.7095,29.63,,False
TR,98677,2024,0.2147,0.0505,0.0876,,0.6304,30.04,,False
TR,98677,2025,0.1778,0.0522,0.0805,,0.5842,35.4,,False
TRCK,1045942,2015,0.1369,-5.1979,-0.1522,,0.3848,,,False
TRCK,1045942,2016,0.0066,-5.5303,-0.1082,,0.5198,,,False
TRCK,1045942,2017,-0.6282,-5.9834,-0.0991,,0.6049,,,False
TRCK,1045942,2018,-0.6269,-6.1935,-0.0342,,0.6322,,,False
TRCK,1045942,2019,-0.709,-6.1186,0.0236,,0.6889,,,False
TRCK,1045942,2020,-0.7285,-6.3323,0.0578,,0.7097,,,False
TRCK,1045942,2021,0.1717,-5.5832,0.0881,,,,,False
TRCK,1045942,2022,0.1633,-6.8535,-0.047,,,,,False
TRCK,1045942,2023,0.1196,-7.6932,-0.0384,,,,,False
TRCK,1045942,2024,0.0993,-8.3008,-0.05,,,,,False
TRCK,1045942,2025,0.0691,-7.8193,0.0309,,,,,False
TREX,1069878,2015,0.182,0.5632,0.3651,10.1401,,9.51,,False
TREX,1069878,2016,0.2451,0.8456,0.4695,18.7928,,16.1,,False
TREX,1069878,2017,0.2645,0.8656,0.4364,29.0654,,27.1,,False
TREX,1069878,2018,0.3815,0.8964,0.3798,24.7494,0.3009,29.68,18.1168,False
TREX,1069878,2019,0.3791,0.9484,0.3178,31.9984,0.2782,44.94,22.3086,False
TREX,1069878,2020,0.2799,0.9569,0.3032,46.868,0.2963,83.72,31.0933,False
TREX,1069878,2021,0.3394,1.028,0.2992,70.4341,0.3303,135.03,45.4245,False
TREX,1069878,2022,-0.004,1.211,0.2643,10.3813,1.1846,42.33,9.9759,False
TREX,1069878,2023,0.087,1.4322,0.2961,39.005,1.1736,82.79,27.6631,False
TREX,1069878,2024,-0.0178,1.1798,0.2308,14.83,0.8695,69.03,12.1596,False
TREX,1069878,2025,0.0411,1.2315,0.1775,8.5249,0.8079,35.08,8.2819,False
TRIP,1526520,2015,0.2599,0.3882,-0.0117,12.4091,,75.81,,False
TRIP,1526520,2016,0.2355,0.4223,0.0045,6.567,,41.24,,False
TRIP,1526520,2017,0.2733,0.4076,0.004,3.9505,,30.64,,False
TRIP,1526520,2018,0.2409,0.4813,0.0106,8.0777,0.7453,47.97,6.5898,False
TRIP,1526520,2019,0.0494,0.3432,0.0116,4.3263,0.1689,30.38,3.3427,False
TRIP,1526520,2020,0.1681,0.1976,-0.1671,3.1145,0.3068,28.78,2.1024,False
TRIP,1526520,2021,0.2547,0.1053,-0.0572,2.1299,0.3941,27.26,1.9362,False
TRIP,1526520,2022,0.2869,0.1016,0.0393,1.2337,0.5808,17.98,1.9373,False
TRIP,1526520,2023,0.2858,0.1068,0.0497,1.5146,0.7048,21.53,2.2699,False
TRIP,1526520,2024,0.2702,0.1078,0.0359,1.0699,0.7165,14.77,1.9521,False
TRIP,1526520,2025,0.1116,0.1204,0.0305,0.8618,0.7204,14.56,1.6405,True
TRU,1552033,2015,0.0296,-0.0954,0.011,,,26.47,,False
TRU,1552033,2016,0.037,-0.0635,0.0187,,,29.69,,False
TRU,1552033,2017,0.0255,0.0268,0.0237,,,52.76,,False
TRU,1552033,2018,0.0416,0.0516,0.0186,,0.0871,54.71,,False
TRU,1552033,2019,0.0445,0.0917,0.0217,,0.0964,82.79,,False
TRU,1552033,2020,0.0604,0.1282,0.0198,,0.0955,96.29,,False
TRU,1552033,2021,0.1009,0.1784,0.009,,0.0625,115.46,,False
TRU,1552033,2022,0.0467,0.2097,0.054,,0.318,55.54,,False
TRU,1552033,2023,0.0425,0.1942,0.0055,,0.0859,67.68,,False
TRU,1552033,2024,0.0676,0.2147,0.0607,,0.3809,91.76,,False
TRU,1552033,2025,0.0776,0.2451,0.0772,,0.4118,85.33,,False
TRUP,1371285,2015,0.4233,-1.0489,-0.2365,16.752,0.5669,9.76,8.8769,False
TRUP,1371285,2016,0.4218,-0.9871,-0.0813,18.0947,0.6235,15.52,10.3361,False
TRUP,1371285,2017,0.3844,-0.782,-0.025,22.3622,0.6286,29.27,13.33,False
TRUP,1371285,2018,0.264,-0.4034,-0.005,14.2589,0.3982,25.46,8.6889,False
TRUP,1371285,2019,0.2613,-0.3325,-0.0075,13.6455,0.4101,37.46,8.4208,False
TRUP,1371285,2020,0.3746,-0.1834,-0.0064,33.1751,0.2864,119.71,20.3632,False
TRUP,1371285,2021,0.2973,-0.2255,-0.0626,25.143,1.2425,132.03,16.1628,False
TRUP,1371285,2022,0.2672,-0.2554,-0.064,5.6923,1.3477,47.53,4.5149,False
TRUP,1371285,2023,0.2779,-0.2762,-0.0519,2.7932,1.4159,30.51,2.8673,False
TRUP,1371285,2024,0.307,-0.28,-0.0118,4.3729,1.5935,48.2,4.1547,False
TRUP,1371285,2025,0.3074,-0.2256,0.0151,3.087,1.5729,37.37,3.528,False
TTC,737758,2015,0.2048,0.3355,0.2294,3.5391,,31.46,,False
TTC,737758,2016,0.2271,0.346,0.241,5.5183,,48.82,,False
TTC,737758,2017,0.2263,0.3577,0.2377,6.2141,,57.55,,False
TTC,737758,2018,0.2304,0.3738,0.2375,5.247,,50.0,,False
TTC,737758,2019,0.157,0.3368,0.1395,4.6464,0.3151,72.2,4.2231,False
TTC,737758,2020,0.2004,0.365,0.1494,4.7435,0.2947,87.11,4.3855,False
TTC,737758,2021,0.1881,0.3651,0.1765,4.9193,1.3486,92.76,5.6194,False
TTC,737758,2022,0.172,0.3602,0.1619,4.5762,1.2696,106.56,5.2602,False
TTC,737758,2023,0.2333,0.3963,0.1182,4.068,1.2494,91.68,4.915,False
TTC,737758,2024,0.2202,0.4177,0.1489,3.6254,1.2794,77.78,4.7948,False
TTC,737758,2025,0.2305,0.4044,0.1192,3.7207,1.3116,78.04,4.7801,False
TTEK,831641,2015,0.2394,0.4312,-0.0129,1.7484,,4.8,,False
TTEK,831641,2016,0.2523,0.4089,0.0262,2.2127,,8.05,,False
TTEK,831641,2017,0.2651,0.4376,0.0287,2.381,,9.06,,False
TTEK,831641,2018,0.2206,0.4823,0.0221,2.5335,,9.82,,False
TTEK,831641,2019,0.1443,0.4988,0.0096,3.6435,1.447,16.48,4.5364,False
TTEK,831641,2020,0.0867,0.5039,0.0281,4.2571,0.3167,22.3,3.7731,False
TTEK,831641,2021,0.0844,0.5273,0.0318,6.2737,0.3462,32.89,5.0548,False
TTEK,831641,2022,0.0923,0.5302,0.0361,5.0331,0.3441,28.3,4.3364,False
TTEK,831641,2023,0.0387,0.4183,0.0281,3.4693,0.33,32.75,3.1364,False
TTEK,831641,2024,0.0734,0.4462,0.0342,4.2595,0.3278,39.3,3.7091,False
TTEK,831641,2025,0.0565,0.4374,0.0423,3.4103,0.3106,33.33,3.1766,False
TTMI,1116942,2015,0.1039,0.0172,0.023,0.3718,,6.51,,False
TTMI,1116942,2016,0.1295,0.0299,0.0694,0.8593,,13.63,,False
TTMI,1116942,2017,0.1801,0.0695,0.0765,0.9324,,15.67,,False
TTMI,1116942,2018,0.1544,0.1252,0.046,0.4596,0.8235,9.73,1.6116,True
TTMI,1116942,2019,0.1112,0.1332,0.0337,0.6948,0.7552,15.05,1.6034,True
TTMI,1116942,2020,0.2523,0.2251,0.0097,1.0013,0.727,13.8,1.9777,False
TTMI,1116942,2021,0.2807,0.2334,0.0416,0.9997,0.7433,14.9,2.1441,False
TTMI,1116942,2023,0.2202,0.241,0.0633,0.9315,0.7507,15.81,2.1201,False
TTMI,1116942,2024,0.2297,0.2414,0.0334,1.3661,0.7035,24.75,2.2471,False
TTMI,1116942,2025,0.2326,0.2645,0.0689,3.498,0.7568,69.0,3.7325,False
TVE,1376986,2015,-0.0088,,0.0158,,,,,False
TVE,1376986,2016,-0.0439,,0.0187,,,,,False
TVE,1376986,2017,-0.0591,,0.009,,,,,False
TVE,1376986,2018,-0.0293,,0.0038,,0.0654,,,False
TVE,1376986,2019,-0.0205,,0.0186,,0.0642,,,False
TVE,1376986,2020,-0.0277,,0.0196,,0.0549,,,False
TWI,899751,2015,0.345,0.0387,-0.019,,,,,False
TWI,899751,2016,0.2852,0.0113,-0.0169,,,,,False
TWI,899751,2017,0.318,-0.0341,-0.0102,,,,,False
TWI,899751,2018,0.3232,-0.0232,0.0338,,0.2904,,,False
TWI,899751,2019,0.2846,-0.0667,-0.0255,,0.2708,,,False
TWI,899751,2020,0.3187,-0.1309,-0.0343,,1.2204,,,False
TWI,899751,2021,0.3065,-0.0722,0.072,,1.5052,,,False
TWI,899751,2022,0.3608,0.0707,0.1602,,1.6887,,,False
TWI,899751,2023,0.3912,0.1316,0.1154,,1.4131,,,False
TWI,899751,2024,0.331,0.1035,0.0209,,1.1647,,,False
TWI,899751,2025,0.3334,0.0601,0.0124,,1.0931,,,False
TWLO,1447669,2016,0.6777,-0.4525,-0.1001,53.2229,,28.85,,False
TWLO,1447669,2017,0.6108,-0.5568,-0.1469,40.2995,,23.6,,False
TWLO,1447669,2018,0.7146,-0.3613,-0.112,23.2258,0.6319,89.3,14.5495,False
TWLO,1447669,2019,0.3522,-0.1318,-0.0718,17.3267,0.2203,98.28,10.6175,False
TWLO,1447669,2020,0.3082,-0.1233,-0.052,50.2385,0.1857,338.5,30.3546,False
TWLO,1447669,2021,0.4022,-0.1631,-0.0704,20.5591,0.2186,263.34,12.5761,False
TWLO,1447669,2022,0.3324,-0.2687,-0.0959,3.7497,0.3045,48.96,2.2604,False
TWLO,1447669,2023,0.3588,-0.4364,-0.0755,6.2071,0.3578,75.87,3.6526,False
TWLO,1447669,2024,0.2663,-0.7625,-0.0054,8.6789,0.4519,108.08,4.8934,False
TWLO,1447669,2025,0.2753,-0.8538,0.0162,11.2061,0.5186,142.24,6.4306,False
TXNM,1108426,2015,-0.0425,0.0932,-0.0198,0.58,,22.38,,False
TXNM,1108426,2016,-0.066,0.0935,0.0098,0.6061,,25.81,,False
TXNM,1108426,2017,-0.0814,0.0953,0.0035,0.7093,,31.22,,False
TXNM,1108426,2018,-0.0306,0.0938,-0.0025,0.7077,0.1981,32.61,0.7089,True
TXNM,1108426,2019,-0.0923,0.086,0.0083,0.8235,0.1887,41.25,0.7198,True
TXNM,1108426,2020,-0.0756,0.088,0.0023,0.771,0.1851,40.53,0.6879,True
TXNM,1108426,2021,-0.0392,0.0935,0.0356,0.6733,0.1811,39.12,0.7862,True
TXNM,1108426,2022,-0.0518,0.0895,0.0425,0.6817,0.2431,43.11,0.8557,True
TXNM,1108426,2023,-0.0737,0.0768,0.0226,0.5357,0.1868,37.95,0.6018,True
TXNM,1108426,2024,-0.1138,0.0792,0.0404,0.5996,0.1748,46.67,0.6423,True
TXNM,1108426,2025,-0.0376,0.0719,0.0366,0.7418,0.1772,57.62,0.7986,True
TXRH,1289460,2015,-0.1189,0.4538,0.0326,5.5316,,29.96,,False
TXRH,1289460,2016,-0.0672,0.4498,0.0261,6.3971,,41.1,,False
TXRH,1289460,2017,-0.0548,0.4528,0.0282,6.2568,,45.68,,False
TXRH,1289460,2018,-0.0273,0.4685,0.0226,6.7878,0.4124,52.59,5.1828,False
TXRH,1289460,2019,-0.0854,0.391,0.0269,3.1611,0.3656,50.68,2.7961,False
TXRH,1289460,2020,0.0019,0.3363,0.0088,3.3658,0.2744,70.87,2.7959,False
TXRH,1289460,2021,-0.0154,0.3756,0.1183,3.7419,1.379,82.0,4.522,False
TXRH,1289460,2022,-0.101,0.3957,0.1268,3.7426,1.5896,85.41,4.6863,False
TXRH,1289460,2023,-0.1392,0.4087,0.1267,4.7008,1.6581,117.15,5.3018,False
TXRH,1289460,2024,-0.0976,0.4257,0.1619,6.3385,1.684,175.46,6.5001,False
TXRH,1289460,2025,-0.1289,0.4115,0.1337,5.2042,1.656,163.94,5.6415,False
UA,1336917,2015,0.3555,0.3752,0.0619,,,,,False
UA,1336917,2016,0.351,0.3456,0.045,,,25.17,,False
UA,1336917,2017,0.3188,0.2956,-0.0093,,,13.32,,False
UA,1336917,2018,0.301,0.2683,-0.0025,,,16.17,,False
UA,1336917,2019,0.2643,0.2533,0.0153,,,19.18,,False
UA,1336917,2020,0.3597,0.134,0.0111,,,14.88,,False
UA,1336917,2021,0.3779,0.2059,0.0974,,,18.04,,False
UA,1336917,2023,0.33,0.1914,0.0584,,,8.35,,False
UA,1336917,2024,0.3567,0.2202,-0.0007,,,7.46,,False
UA,1336917,2025,0.2837,0.1735,-0.0431,,1.2008,4.8,,False
UA,1336917,2026,0.236,0.0492,-0.0369,,1.1247,4.93,,False
UAA,1336917,2015,0.3555,0.3752,0.0619,,,40.31,,False
UAA,1336917,2016,0.351,0.3456,0.045,,,29.05,,False
UAA,1336917,2017,0.3188,0.2956,-0.0093,,,14.43,,False
UAA,1336917,2018,0.301,0.2683,-0.0025,,,17.67,,False
UAA,1336917,2019,0.2643,0.2533,0.0153,,,21.6,,False
UAA,1336917,2020,0.3597,0.134,0.0111,,,17.17,,False
UAA,1336917,2021,0.3779,0.2059,0.0974,,,21.19,,False
UAA,1336917,2023,0.33,0.1914,0.0584,,,8.79,,False
UAA,1336917,2024,0.3567,0.2202,-0.0007,,,8.28,,False
UAA,1336917,2025,0.2837,0.1735,-0.0431,,1.2008,4.97,,False
UAA,1336917,2026,0.236,0.0492,-0.0369,,1.1247,5.04,,False
UCTT,1275014,2015,0.3731,0.0833,0.0174,1.7145,,5.12,,False
UCTT,1275014,2016,0.3583,0.0999,0.0588,2.6688,,9.7,,False
UCTT,1275014,2017,0.3552,0.2008,0.1587,3.9735,,23.09,,False
UCTT,1275014,2018,0.3352,0.1551,0.0629,0.7454,1.1357,8.47,2.4098,False
UCTT,1275014,2019,0.2515,0.1376,0.0293,1.8748,1.046,23.47,2.7623,False
UCTT,1275014,2020,0.3298,0.1666,0.0917,1.2451,1.0376,31.15,2.7163,False
UCTT,1275014,2022,0.3619,0.1927,0.0614,1.4659,1.2108,33.15,2.997,False
UCTT,1275014,2023,0.3123,0.1856,0.0188,1.5927,0.9287,34.14,2.5811,False
UCTT,1275014,2024,0.3305,0.1929,0.0475,1.654,1.0926,35.95,2.9084,False
UCTT,1275014,2025,0.3811,0.1094,-0.0621,1.2137,,25.33,,False
UFPI,912767,2015,0.4009,0.5106,0.1223,3.2699,2.6064,20.23,6.1679,False
UFPI,912767,2016,0.3751,0.5024,0.1273,3.902,2.508,30.53,6.4227,False
UFPI,912767,2017,0.3825,0.5026,0.1239,3.8258,2.6908,34.03,6.5579,False
UFPI,912767,2018,0.4158,0.5098,0.1258,2.3442,,23.75,,False
UFPI,912767,2019,0.3911,0.5266,0.1296,3.8498,,44.09,,False
UFPI,912767,2020,0.4468,0.4918,0.1438,3.1024,,51.84,,False
UFPI,912767,2021,0.3998,0.5171,0.2273,3.8883,,86.61,,False
UFPI,912767,2022,0.4494,0.6039,0.2588,3.8971,,75.48,,False
UFPI,912767,2023,0.4814,0.6427,0.1609,6.8965,,120.97,,False
UFPI,912767,2024,0.4795,0.6686,0.1186,6.7183,,109.73,,False
UFPI,912767,2025,0.4411,0.6362,0.0905,5.3107,,89.94,,False
UFPT,914156,2015,0.4387,0.6701,0.0977,11.2654,,23.82,,False
UFPT,914156,2016,0.4713,0.6906,0.0957,13.2471,,25.45,,False
UFPT,914156,2017,0.4713,0.7059,0.0846,14.8557,,27.8,,False
UFPT,914156,2018,0.1844,0.5897,0.1034,4.735,,30.04,,False
UFPT,914156,2019,0.1957,0.6969,0.1309,14.3561,,49.61,,False
UFPT,914156,2020,0.2792,0.7132,0.0823,13.7187,,46.6,,False
UFPT,914156,2021,0.1575,0.4813,0.0635,3.896,,70.26,,False
UFPT,914156,2022,0.1597,0.5357,0.1465,6.4925,,117.89,,False
UFPT,914156,2023,0.2138,0.6125,0.1427,11.2888,,172.04,,False
UFPT,914156,2024,0.1886,0.4873,0.1286,6.6167,,244.51,,False
UFPT,914156,2025,0.1926,0.5722,0.141,7.4386,0.2273,222.03,6.1877,False
UGI,884614,2015,-0.0208,0.1552,-0.0006,0.7052,,22.93,,False
UGI,884614,2016,-0.0017,0.1697,-0.0082,0.947,,31.99,,False
UGI,884614,2017,0.0006,0.1819,0.0024,0.9101,,33.27,,False
UGI,884614,2018,0.013,0.2179,0.0045,1.05,,38.58,,False
UGI,884614,2019,-0.0345,0.1988,-0.0074,0.7542,0.5403,33.47,1.2052,True
UGI,884614,2020,-0.0152,0.2079,0.0049,0.5879,0.4614,26.99,1.1033,True
UGI,884614,2021,0.0582,0.244,0.1405,0.7005,0.4394,36.55,1.7349,True
UGI,884614,2022,0.0773,0.2754,0.0948,0.5718,0.5679,30.66,1.7022,True
UGI,884614,2023,-0.0149,0.1965,-0.0938,0.4192,0.5689,21.51,0.7683,True
UGI,884614,2024,-0.0271,0.1972,0.051,0.5237,0.4666,26.23,1.1927,True
UGI,884614,2025,-0.0139,0.2156,0.0716,0.7291,0.4622,36.29,1.4212,True
ULCC,1670076,2021,-0.0682,0.0375,-0.0276,,0.4864,,,False
ULCC,1670076,2022,-0.1189,0.0271,-0.01,,0.7393,,,False
ULCC,1670076,2023,-0.1576,0.0222,-0.0006,,0.7188,,,False
ULCC,1670076,2024,-0.1401,0.0319,0.0094,,0.6135,,,False
ULCC,1670076,2025,-0.1586,0.0082,-0.0206,,0.5158,,,False
ULS,1901440,2024,0.0646,0.0893,0.165,,1.025,49.24,,False
ULS,1901440,2025,0.0822,0.1609,0.1787,,1.0452,78.46,,False
UNF,717954,2016,0.3672,0.7751,0.1182,8.0529,,136.68,,False
UNF,717954,2017,0.3498,0.7621,0.0606,8.5282,,157.07,,False
UNF,717954,2018,0.3181,0.7623,0.0989,7.171,,136.58,,False
UNF,717954,2019,0.3536,0.7757,0.1133,9.4654,0.2343,193.46,7.7977,False
UNF,717954,2020,0.3453,0.7661,0.0785,8.8453,0.1949,203.85,7.2481,False
UNF,717954,2021,0.3566,0.7588,0.0822,7.9602,0.767,203.57,7.3047,False
UNF,717954,2022,0.3378,0.76,0.0553,7.2941,0.8241,188.0,6.8524,False
UNF,717954,2023,0.2229,0.7496,0.052,6.2985,0.8689,179.43,6.1365,False
UNF,717954,2024,0.2352,0.7512,0.0681,5.7156,0.9002,169.12,5.8882,False
UNF,717954,2025,0.2283,0.7486,0.0664,6.2659,0.8755,192.12,6.1762,False
UNFI,1020859,2015,0.4011,0.3858,0.0949,2.0384,,39.36,,False
UNFI,1020859,2016,0.3476,0.3875,0.0786,2.1599,,47.72,,False
UNFI,1020859,2017,0.3321,0.428,0.0783,2.467,,49.27,,False
UNFI,1020859,2018,0.3676,0.4723,0.0766,0.5711,,10.59,,False
UNFI,1020859,2019,0.2032,0.1553,-0.0405,0.0932,0.8922,8.76,1.2757,True
UNFI,1020859,2020,0.1759,0.1104,-0.0258,0.1495,0.8903,15.97,1.2606,True
UNFI,1020859,2021,0.1413,0.13,0.0391,0.4925,3.5814,49.08,4.3573,False
UNFI,1020859,2022,0.1809,0.1607,0.0555,0.4001,3.7923,38.71,4.6575,False
UNFI,1020859,2023,0.1431,0.1691,0.0162,0.1733,4.0941,16.23,4.66,False
UNFI,1020859,2024,0.1378,0.1512,0.0011,0.2798,4.1153,27.31,4.6636,False
UNFI,1020859,2025,0.1081,0.1343,-0.0041,0.3362,4.1849,33.67,4.6908,False
UNFI,1020859,2026,0.0985,0.1553,0.0297,0.4821,4.3821,43.86,5.1049,False
UNIT,2020795,2025,-0.0243,,0.0218,0.146,0.1856,7.01,,False
UPWK,1627475,2018,0.3276,-0.3665,-0.0299,15.3016,0.647,18.11,9.6093,False
UPWK,1627475,2019,0.2947,-0.3852,-0.042,7.1285,0.6733,10.67,4.6263,False
UPWK,1627475,2020,0.3062,-0.3681,-0.0423,18.7531,0.706,34.52,11.6702,False
UPWK,1627475,2021,0.6438,-0.2322,-0.0502,5.1935,0.4651,34.16,3.8632,False
UPWK,1627475,2022,0.6325,-0.3156,-0.0857,1.5685,0.5724,10.44,1.5476,True
UPWK,1627475,2023,0.569,-0.2834,-0.0109,2.8293,0.6642,14.87,2.612,False
UPWK,1627475,2024,0.5304,-0.0648,0.0538,3.2098,0.635,16.35,3.2842,False
UPWK,1627475,2025,0.2314,0.0284,0.0995,3.699,0.6062,19.82,3.4713,False
URBN,912615,2015,0.2411,0.7113,0.1935,3.4752,,22.75,,False
URBN,912615,2016,0.2755,0.6331,0.1929,3.5048,,28.48,,False
URBN,912615,2017,0.2778,0.708,0.1779,5.0941,,35.06,,False
URBN,912615,2018,0.3167,0.6713,0.1331,4.3627,,33.2,,False
URBN,912615,2019,0.3777,0.7018,0.1765,3.5429,1.8286,27.77,5.9725,False
URBN,912615,2020,0.1251,0.4445,0.0699,1.1788,1.2015,25.6,2.912,False
URBN,912615,2021,0.0894,0.416,0.0011,1.2156,0.9728,29.36,2.3955,False
URBN,912615,2022,0.0803,0.467,0.1078,0.9987,1.1998,23.85,2.9047,False
URBN,912615,2023,0.0943,0.4958,0.0615,1.6174,1.302,35.69,3.2828,False
URBN,912615,2024,0.0701,0.5141,0.0899,2.3521,1.2535,54.88,3.7655,False
URBN,912615,2025,0.0923,0.5538,0.1048,3.1479,1.2282,75.26,4.349,False
URBN,912615,2026,0.1134,0.5626,0.1209,3.1528,1.2312,80.69,4.4458,False
USFD,1665918,2016,0.0917,-0.0153,0.0463,0.9279,,27.48,,False
USFD,1665918,2017,0.0903,0.0137,0.0635,1.0989,,31.93,,False
USFD,1665918,2018,0.0983,0.0578,0.0716,1.149,0.6576,31.64,1.7823,True
USFD,1665918,2019,0.0797,0.0811,0.0619,1.1957,0.6143,41.89,1.7453,True
USFD,1665918,2020,0.1194,0.0532,-0.0062,0.8605,1.8421,33.31,2.5557,False
USFD,1665918,2021,0.0834,0.0625,0.0339,0.9131,2.355,34.83,3.2021,False
USFD,1665918,2022,0.0802,0.0791,0.0465,0.8891,2.6663,34.02,3.5601,False
USFD,1665918,2023,0.0697,0.1144,0.0771,1.1642,2.6994,45.41,3.8963,False
USFD,1665918,2024,0.0505,0.1491,0.0818,1.6383,2.8191,67.46,4.3412,False
USFD,1665918,2025,0.0411,0.1921,0.086,1.691,2.8275,75.32,4.4442,False
USLM,82020,2015,0.4235,0.9913,0.0971,9.4405,,9.83,,False
USLM,82020,2016,0.4565,0.9981,0.1117,12.8496,,13.67,,False
USLM,82020,2017,0.4756,1.0239,0.1061,17.3288,,14.01,,False
USLM,82020,2018,0.3817,1.0241,0.0818,17.1702,0.5903,12.99,13.054,False
USLM,82020,2019,0.3371,0.9859,0.1184,16.8264,0.1537,17.54,12.4251,False
USLM,82020,2020,0.4028,0.9609,0.1214,17.8174,0.1469,22.3,13.0663,False
USLM,82020,2021,0.4404,0.9539,0.1468,19.1507,0.5985,25.36,14.4373,False
USLM,82020,2022,0.4744,0.9313,0.149,17.1144,0.6421,27.85,13.2754,False
USLM,82020,2023,0.539,0.9362,0.1939,27.6447,0.6385,45.77,19.8226,False
USLM,82020,2024,0.6219,0.9493,0.23,83.516,0.5849,132.23,53.5289,False
USLM,82020,2025,0.6339,0.9442,0.2318,68.2065,0.5473,119.55,44.3185,False
USPH,885978,2015,0.1471,0.5324,0.0451,8.784,,45.89,,False
USPH,885978,2016,0.1177,0.428,0.0312,5.5755,,60.73,,False
USPH,885978,2017,0.0896,0.3876,0.0333,8.5541,,63.25,,False
USPH,885978,2018,0.0841,0.3777,0.0334,14.6241,0.2648,90.5,9.7792,False
USPH,885978,2019,0.0443,0.3287,0.0273,8.3986,0.2177,102.09,5.8601,False
USPH,885978,2020,-0.0099,0.3567,0.0882,8.7186,0.7116,107.73,6.7213,False
USPH,885978,2021,0.0156,0.2994,0.0943,4.3585,0.6605,86.74,4.0246,False
USPH,885978,2022,0.03,0.2715,0.0662,2.9914,0.6446,74.89,3.0739,False
USPH,885978,2023,0.1316,0.2244,0.0522,3.7891,0.6065,87.6,3.5242,False
USPH,885978,2024,0.0182,0.1947,0.0541,3.1057,0.575,85.0,2.9116,False
USPH,885978,2025,0.0008,0.1887,0.072,2.6353,0.6487,76.61,2.7326,False
UTHR,1082554,2015,0.382,0.7873,0.32,11.4862,,156.61,,False
UTHR,1082554,2016,0.4697,1.0464,0.4565,13.2754,,143.43,,False
UTHR,1082554,2017,0.3484,0.9883,0.283,8.3672,,147.95,,False
UTHR,1082554,2018,0.4385,1.0099,0.2368,7.8739,0.4786,108.9,7.9246,False
UTHR,1082554,2019,0.3581,0.8497,-0.0479,3.3343,0.3702,88.08,3.832,False
UTHR,1082554,2020,0.3995,0.8319,0.1286,5.3373,0.3214,151.79,5.5923,False
UTHR,1082554,2021,0.3904,0.8348,0.1075,7.6581,0.3261,216.08,6.913,False
UTHR,1082554,2022,0.5025,0.8342,0.1621,9.5588,0.3203,278.09,8.3613,False
UTHR,1082554,2023,0.3832,0.841,0.1653,7.9777,0.3248,219.89,7.2942,False
UTHR,1082554,2024,0.4258,0.9807,0.187,16.4495,0.3907,352.84,12.7616,False
UTHR,1082554,2025,0.3987,1.0859,0.1894,26.663,0.4039,487.25,19.0255,False
UTI,1261654,2015,0.0422,0.119,-0.0482,1.5895,,4.64,,False
UTI,1261654,2016,0.2268,-0.0587,-0.0175,0.9986,,2.91,,False
UTI,1261654,2017,0.2205,-0.1125,-0.0041,0.8915,,2.4,,False
UTI,1261654,2018,0.0862,-0.1118,-0.0391,1.2921,0.2843,3.65,0.8773,True
UTI,1261654,2019,0.0786,-0.1651,0.0201,2.7188,0.3241,7.71,1.8848,False
UTI,1261654,2020,0.1324,-0.0746,0.0139,1.3408,0.1727,6.46,1.0776,True
UTI,1261654,2021,0.0989,-0.0429,0.0292,1.3296,0.6537,7.82,1.6063,True
UTI,1261654,2022,-0.0032,-0.0024,0.0405,1.097,0.7574,6.72,1.5419,True
UTI,1261654,2023,0.0274,0.008,0.0289,1.3401,0.8201,12.52,1.7636,True
UTI,1261654,2024,0.0228,0.0517,0.0791,2.9246,0.984,25.71,3.0996,False
UTI,1261654,2025,0.0205,0.1229,0.101,2.8907,1.0115,26.13,3.276,False
UTL,755001,2015,-0.0179,0.0431,0.0177,1.0201,,25.48,,False
UTL,755001,2016,-0.0402,0.0463,0.0189,1.1727,,33.33,,False
UTL,755001,2017,0.0002,0.049,0.019,1.1922,,34.57,,False
UTL,755001,2018,-0.031,0.0555,0.0171,1.2895,0.3421,39.57,1.2126,True
UTL,755001,2019,-0.0211,0.0686,0.016,1.6248,0.3197,49.58,1.4183,True
UTL,755001,2020,0.0022,0.0702,0.0171,1.184,0.2832,36.72,1.1509,True
UTL,755001,2021,-0.009,0.0754,0.0505,1.2096,0.3073,39.4,1.2946,True
UTL,755001,2022,-0.0411,0.0833,0.0506,1.3045,0.3541,45.33,1.3712,True
UTL,755001,2023,-0.06,0.0907,0.0521,1.2994,0.3335,47.88,1.3402,True
UTL,755001,2024,-0.0222,0.0953,0.0505,1.4426,0.2757,50.91,1.4147,True
UTL,755001,2025,-0.087,0.0896,0.0474,0.9636,0.2511,47.13,1.0068,True
UVV,102037,2015,0.6203,0.464,0.0764,0.9737,,31.34,,False
UVV,102037,2016,0.6236,0.4775,0.0814,1.1812,,36.99,,False
UVV,102037,2017,0.6091,0.4873,0.084,0.9849,,31.52,,False
UVV,102037,2018,0.6093,0.4984,0.0791,1.0801,,33.98,,False
UVV,102037,2019,0.6255,0.5186,0.0756,1.2474,1.0375,37.74,3.5119,False
UVV,102037,2020,0.5716,0.5077,0.0596,1.0287,0.892,34.36,3.1025,False
UVV,102037,2021,0.539,0.4644,0.0631,1.0298,0.8393,41.09,2.9624,False
UVV,102037,2022,0.4753,0.4231,0.062,0.867,0.8085,41.84,2.6959,False
UVV,102037,2023,0.5157,0.4308,0.0686,1.1766,0.9661,56.81,3.1204,False
UVV,102037,2024,0.4736,0.3994,0.0756,0.8402,0.9266,49.21,2.8077,False
UVV,102037,2025,0.4703,0.397,0.0779,0.8414,0.9777,50.32,2.8598,False
UVV,102037,2026,0.5087,0.4109,0.0609,0.8677,1.0428,45.5,2.9501,False
VAL,314808,2023,0.1221,0.2373,0.0124,2.0477,0.0019,68.57,1.7501,True
VAL,314808,2024,0.0903,0.3165,0.0797,1.412,0.0022,44.24,1.6639,True
VAL,314808,2025,0.1006,0.449,0.0899,1.6406,0.0022,50.4,2.0326,False
VC,1111335,2015,0.2736,0.255,,0.4807,,65.28,,False
VC,1111335,2016,0.3359,0.5348,,1.1814,,79.08,,False
VC,1111335,2017,0.3481,0.6272,,1.9726,,123.18,,False
VC,1111335,2018,0.2865,0.8017,,1.0271,,59.33,,False
VC,1111335,2019,0.2409,0.7393,,1.2704,,85.23,,False
VC,1111335,2020,0.2277,0.7147,,1.7506,,123.55,,False
VC,1111335,2021,0.256,0.7449,,1.6999,,109.4,,False
VC,1111335,2022,0.2755,0.7298,,1.9368,,128.78,,False
VC,1111335,2023,0.2512,0.8339,,1.9431,,122.94,,False
VC,1111335,2024,0.2376,0.8903,,1.4276,,87.33,,False
VC,1111335,2025,0.2342,0.8382,,1.3815,,94.08,,False
VCEL,887359,2015,0.4441,,-0.1445,10.8476,,2.58,,False
VCEL,887359,2016,0.6558,-7.0701,-0.1212,6.4303,,3.0,,False
VCEL,887359,2017,0.6856,-6.6123,0.0218,8.7111,,5.45,,False
VCEL,887359,2018,0.8256,-3.1091,0.0505,54.1375,0.7655,17.4,30.0527,False
VCEL,887359,2019,0.5995,-2.4712,0.0601,21.1402,0.2571,17.4,10.3992,False
VCEL,887359,2020,0.4916,-1.8278,0.0598,22.1626,0.5932,30.88,12.119,False
VCEL,887359,2021,0.5433,-1.5727,-0.0322,27.4759,0.6281,39.3,15.4575,False
VCEL,887359,2022,0.5473,-1.4652,-0.0625,16.7071,0.5996,26.34,9.0232,False
VCEL,887359,2023,0.4521,-1.14,-0.0183,14.2787,0.5585,35.61,8.0119,False
VCEL,887359,2024,0.3755,-0.9078,0.0104,19.9762,0.5482,54.91,11.7481,False
VCEL,887359,2025,0.4064,-0.7711,0.0226,13.8301,0.5661,36.01,8.3469,False
VCYT,1384101,2015,0.4411,-1.9755,-0.4445,24.0841,,7.2,,False
VCYT,1384101,2016,0.6146,-1.7824,-0.2851,15.0104,,7.74,,False
VCYT,1384101,2017,0.5326,-2.6832,-0.3373,12.6665,,6.53,,False
VCYT,1384101,2018,0.6954,-1.9404,-0.1843,24.7368,0.2134,12.58,12.5653,False
VCYT,1384101,2019,0.6185,-0.8963,-0.055,62.7712,0.108,27.92,37.0767,False
VCYT,1384101,2020,0.7851,-0.616,-0.0774,109.4966,0.0755,48.94,65.5978,False
VCYT,1384101,2021,0.1507,-0.3007,-0.069,36.2727,0.1848,41.2,21.4807,False
VCYT,1384101,2022,0.1609,-0.3405,-0.0355,23.4871,0.2564,23.73,13.9479,False
VCYT,1384101,2023,0.2013,-0.4199,-0.077,31.2348,0.3238,27.51,18.4645,False
VCYT,1384101,2024,0.2259,-0.3415,0.0124,25.6589,0.3429,39.6,15.5721,False
VCYT,1384101,2025,0.3047,-0.2686,0.0411,35.0927,0.3678,42.1,21.5487,False
VECO,103145,2015,0.4265,-0.0506,-0.0261,7.134,,20.56,,False
VECO,103145,2016,0.472,-0.2222,-0.1587,10.8696,,29.15,,False
VECO,103145,2017,0.2693,-0.1538,-0.046,1.6608,,14.85,,False
VECO,103145,2018,0.3997,-0.6882,-0.4613,0.9783,0.1099,7.41,-1.3093,True
VECO,103145,2019,0.4372,-0.8543,-0.0484,2.0244,0.1384,14.69,0.5219,True
VECO,103145,2020,0.4902,-0.7876,0.0251,2.1671,0.1547,17.36,1.0235,True
VECO,103145,2021,0.4007,-0.7578,0.0631,3.7723,0.6488,28.47,2.5402,False
VECO,103145,2022,0.3643,-0.4448,0.0534,2.0637,0.5727,18.58,1.8018,True
VECO,103145,2023,0.3973,-0.433,0.0569,3.4079,0.5422,31.03,2.6453,False
VECO,103145,2024,0.4572,-0.3663,0.0535,3.4073,0.5731,26.8,2.83,False
VECO,103145,2025,0.5033,-0.3191,0.0269,3.9681,0.5011,28.58,3.128,False
VFC,103379,2015,0.2304,0.3246,0.0412,,,42.92,,False
VFC,103379,2016,0.2575,0.2614,0.0329,,,37.72,,False
VFC,103379,2017,0.1654,0.1028,0.0483,,,53.86,,False
VFC,103379,2019,0.1943,0.1139,0.0188,,1.3372,80.63,,False
VFC,103379,2020,0.1799,0.0007,-0.0231,,0.9421,70.95,,False
VFC,103379,2021,0.1872,0.0138,0.0442,,0.6717,62.4,,False
VFC,103379,2022,0.0954,0.0332,0.1223,,0.8875,24.72,,False
VFC,103379,2023,0.1149,0.0041,0.0234,,0.83,17.68,,False
VFC,103379,2024,0.0663,-0.0839,-0.0029,,0.9003,20.62,,False
VFC,103379,2025,0.116,-0.1251,0.0324,,1.0136,17.77,,False
VFC,103379,2026,0.1968,-0.1,0.0621,,1.0339,13.35,,False
VIAV,912093,2025,0.1482,-34.9223,0.0288,3.6232,0.5438,17.82,-45.9005,True
VIAV,912093,2026,0.2129,-25.7571,0.0388,7.1232,0.5612,36.29,-30.8412,True
VICR,751978,2015,0.6024,0.6327,-0.0017,11.4654,,9.12,,False
VICR,751978,2016,0.5812,0.6065,-0.041,17.6738,,15.1,,False
VICR,751978,2017,0.5479,0.5648,-0.0082,19.2411,,20.9,,False
VICR,751978,2018,0.5838,0.5835,0.145,27.5714,0.3335,37.79,18.8724,False
VICR,751978,2019,0.6195,0.5944,0.0574,36.1608,0.2622,46.72,23.7238,False
VICR,751978,2020,0.6976,0.4063,0.0438,55.1858,0.2128,92.22,34.8749,False
VICR,751978,2021,0.6447,0.4561,0.1165,64.2737,0.7531,126.98,41.1139,False
VICR,751978,2022,0.5551,0.4527,0.0507,19.9837,0.7433,53.75,14.2007,False
VICR,751978,2023,0.6324,0.4987,0.0863,22.5439,0.6809,44.94,15.9492,False
VICR,751978,2024,0.6258,0.4723,-0.002,18.4057,0.56,48.32,13.0089,False
VICR,751978,2025,0.6643,0.5362,0.1041,39.9499,0.5188,109.6,26.3802,False
VIR,1706431,2019,0.6714,-0.7197,-0.3476,24.1356,,12.57,,False
VIR,1706431,2020,0.7328,-0.7262,-0.3232,22.4438,,26.78,,False
VIR,1706431,2021,0.6251,-0.0709,0.2153,13.562,,41.87,,False
VIR,1706431,2022,0.7166,0.1346,0.2973,5.9145,,25.31,,False
VIR,1706431,2023,0.7362,-0.1239,-0.3566,5.177,,10.06,,False
VIR,1706431,2024,0.6597,-0.5432,-0.4198,4.9996,0.053,7.34,1.6988,True
VIR,1706431,2025,0.4201,-1.1944,-0.478,4.2955,0.0684,6.03,-0.0998,True
VMI,102729,2023,0.3061,0.7602,0.0838,2.1446,1.2005,228.89,4.1956,False
VMI,102729,2024,0.2619,0.8831,0.1575,3.3721,1.2237,303.3,5.3175,False
VMI,102729,2025,0.2932,0.9368,0.1233,4.4825,1.2181,401.01,5.9779,False
VNOM,2074176,2025,0.0238,-0.0219,-0.011,,0.1062,37.05,,False
VNT,1786842,2022,0.1048,0.1775,0.1331,0.6868,0.7332,19.12,1.9585,False
VNT,1786842,2023,0.0878,0.2636,0.1265,1.3642,0.7208,34.29,2.4315,False
VNT,1786842,2024,0.1069,0.3571,0.1246,1.5094,0.6911,36.29,2.636,False
VNT,1786842,2025,0.0465,0.4419,0.1285,1.6089,0.704,37.1,2.768,False
VRRM,1682745,2017,0.0019,0.0034,-0.0019,100.6532,,9.94,,False
VRRM,1682745,2018,0.0866,-0.0843,-0.0135,1.4226,0.0707,9.76,0.8657,True
VRRM,1682745,2019,0.1191,-0.057,0.0172,1.9907,0.0799,13.99,1.3941,True
VRRM,1682745,2020,0.1931,-0.0694,0.0074,1.9392,0.0733,13.42,1.3957,True
VRRM,1682745,2021,0.0941,-0.0443,0.0609,1.487,0.2997,15.43,1.4437,True
VRRM,1682745,2022,0.1001,-0.0558,0.0938,1.3781,0.4223,13.83,1.6005,True
VRRM,1682745,2023,0.1256,-0.0703,0.1055,2.5576,0.4566,23.03,2.3915,False
VRRM,1682745,2024,0.1203,-0.1668,0.0843,2.7235,0.5446,24.18,2.3676,False
VRRM,1682745,2025,0.14,-0.1481,0.1449,2.5179,0.5949,22.41,2.5444,False
VSAT,797721,2015,0.13,0.1167,0.0385,7.5401,,61.01,,False
VSAT,797721,2016,0.0979,0.1007,0.0123,7.4973,,66.22,,False
VSAT,797721,2018,0.0428,0.0838,-0.027,5.1853,,58.95,,False
VSAT,797721,2019,0.1026,0.0627,-0.0155,5.0432,0.5283,73.19,3.714,False
VSAT,797721,2020,0.0903,0.0502,0.0079,1.5872,0.4728,32.65,1.6298,True
VSAT,797721,2021,0.0529,0.0466,0.0109,2.0713,0.4217,44.54,1.8291,False
VSAT,797721,2022,0.0609,0.0365,0.0013,1.1762,0.4363,31.65,1.2706,True
VSAT,797721,2023,0.1666,0.1705,-0.0202,0.995,0.3307,27.95,1.2997,True
VSAT,797721,2024,0.1337,0.0153,-0.0545,0.1041,0.2623,8.51,0.3268,True
VSAT,797721,2025,0.0784,-0.0211,-0.0063,0.4394,0.2926,34.46,0.5999,True
VSAT,797721,2026,0.12,-0.0236,0.0071,0.8828,0.3047,67.27,0.9688,True
VSEC,102752,2015,0.1678,0.3335,0.0243,2.0526,,28.73,,False
VSEC,102752,2016,0.1662,0.3501,0.0201,2.4949,,36.15,,False
VSEC,102752,2017,0.2139,0.4259,0.0205,3.7889,,45.35,,False
VSEC,102752,2018,0.276,0.4713,0.0205,2.5494,0.2833,28.2,2.8716,False
VSEC,102752,2019,0.226,0.3952,0.0175,2.1079,0.2309,36.26,2.3778,False
VSEC,102752,2020,0.2765,0.4167,0.0153,2.4624,0.1923,37.18,2.6354,False
VSEC,102752,2021,0.3092,0.3575,0.0234,3.3215,0.8174,59.32,3.7591,False
VSEC,102752,2022,0.3243,0.3514,0.0551,2.3492,0.95,46.06,3.4226,False
VSEC,102752,2023,0.3608,0.2849,0.0652,2.448,0.6372,63.99,3.1528,False
VSEC,102752,2024,0.3419,0.2263,0.0469,3.5591,0.6227,94.66,3.64,False
VSEC,102752,2025,0.3233,0.195,0.0442,8.2101,0.5483,172.53,6.2811,False
VSH,103730,2015,0.4535,-0.1013,0.0096,0.8471,0.1763,9.85,1.1185,True
VSH,103730,2016,0.4573,-0.0999,-0.0148,1.2475,0.1855,13.49,1.2942,True
VSH,103730,2017,0.4706,-0.1054,0.021,1.2938,0.195,17.53,1.4577,True
VSH,103730,2018,0.3669,-0.0197,0.0385,1.1783,0.2498,15.45,1.4966,True
VSH,103730,2019,0.3793,0.0231,0.0077,1.497,0.1953,18.64,1.6066,True
VSH,103730,2020,0.3598,0.0441,0.0665,1.5435,0.7931,18.54,2.432,False
VSH,103730,2021,0.3716,0.1134,0.132,1.4548,0.9146,19.93,2.8278,False
VSH,103730,2022,0.3609,0.2,0.1592,1.449,0.9047,20.06,3.0127,False
VSH,103730,2023,0.3786,0.2456,0.1147,1.4574,0.8024,22.66,2.8534,False
VSH,103730,2024,0.2937,0.2324,0.0014,1.0287,0.7146,16.33,2.0142,False
VSH,103730,2025,0.2756,0.2107,0.0134,0.8764,0.7248,14.34,1.9207,False
VSNT,2067876,2025,0.1524,,0.1031,,0.5423,44.08,,False
VSTS,1967649,2024,0.113,0.0009,0.0539,0.9899,0.9568,15.2,1.8653,False
VSTS,1967649,2025,0.1517,-0.0161,0.0222,0.4318,0.9408,6.67,1.4326,True
VSXY,1856437,2021,-0.0016,0.029,0.0767,1.0839,0.5009,55.54,1.4429,True
VSXY,1856437,2022,0.0335,0.0395,0.1015,0.6622,1.3466,35.78,2.1743,False
VSXY,1856437,2023,-0.0176,0.0387,0.0535,0.5086,1.3439,26.54,1.8586,False
VSXY,1856437,2024,0.0146,0.0757,0.0684,0.8541,1.3747,41.42,2.2363,False
VSXY,1856437,2025,0.075,0.1005,0.0541,1.0531,1.3072,54.17,2.3482,False
VTOL,1525221,2015,0.07,0.0402,0.0047,1.2343,,22.11,,False
VTOL,1525221,2016,0.0741,0.0341,-0.0015,2.0671,,33.65,,False
VTOL,1525221,2017,0.0633,0.0055,-0.0106,1.8444,,21.32,,False
VTOL,1525221,2018,0.1138,0.0239,-0.0074,1.7231,,17.33,,False
VTOL,1525221,2019,0.1898,0.0192,0.0009,1.9605,,20.17,,False
VTOL,1525221,2021,0.1409,0.1139,,0.8511,0.572,31.4,,False
VTOL,1525221,2022,0.1601,0.1158,,0.8063,0.631,26.9,,False
VTOL,1525221,2023,0.131,0.1125,,0.7458,0.6524,28.03,,False
VTOL,1525221,2024,0.1381,0.1472,0.0624,0.817,,34.01,,False
VTOL,1525221,2025,0.1424,0.1911,0.0687,0.8599,,36.31,,False
VVV,1674910,2017,0.1629,-0.0872,0.0997,1.436,,22.87,,False
VVV,1674910,2018,0.1694,-0.2152,0.0566,1.0348,,17.94,,False
VVV,1674910,2019,0.1812,-0.1376,0.0547,1.1138,0.3047,20.27,1.1785,True
VVV,1674910,2020,0.3258,-0.0361,0.0577,0.9144,0.2137,22.41,1.2932,True
VVV,1674910,2021,0.1467,0.0282,0.1655,1.5326,0.9342,36.71,2.6153,False
VVV,1674910,2022,0.2054,0.0825,0.0197,1.3394,0.0982,32.65,1.3287,True
VVV,1674910,2023,0.1988,0.0487,0.0855,1.7846,0.4995,37.58,2.1592,False
VVV,1674910,2024,-0.0404,0.0505,0.1506,2.0488,0.6639,36.18,2.4123,False
VVV,1674910,2025,-0.0388,0.1025,0.146,1.59,0.6405,29.06,2.1731,False
VVX,1601548,2015,0.1011,0.0708,0.0233,1.6574,,20.89,,False
VVX,1601548,2016,0.121,0.1246,0.0184,2.1488,,23.85,,False
VVX,1601548,2017,0.1811,0.2369,0.0207,3.0976,,30.85,,False
VVX,1601548,2018,0.1544,0.2667,0.0221,1.9275,2.2356,21.58,4.0236,False
VVX,1601548,2019,0.1233,0.2947,0.0246,4.2835,0.5739,51.26,3.7856,False
VVX,1601548,2020,0.1422,0.2631,0.0163,2.8921,1.6538,49.72,3.9818,False
VVX,1601548,2021,0.0732,0.301,0.0697,2.6599,2.0053,45.77,4.3406,False
VVX,1601548,2022,0.046,0.0784,0.0172,0.5788,0.8941,41.29,1.4633,True
VVX,1601548,2023,0.0112,0.0749,0.0404,0.6961,1.2859,46.44,1.9552,False
VVX,1601548,2024,0.0322,0.0822,0.0493,0.6806,1.3386,47.83,2.0635,False
VVX,1601548,2025,0.0669,0.1047,0.0592,0.7786,1.3655,54.55,2.2549,False
VYX,70866,2015,0.1006,0.1138,0.0181,0.34,,15.01,,False
VYX,70866,2016,0.1032,0.113,0.019,0.562,,24.88,,False
VYX,70866,2017,0.1229,0.112,0.0236,0.4714,,20.85,,False
VYX,70866,2018,0.0955,0.0781,0.0081,0.3013,,14.16,,False
VYX,70866,2019,0.0674,0.1179,0.0203,0.3979,,21.57,,False
VYX,70866,2020,0.0464,0.1129,-0.0075,0.4489,,23.05,,False
VYX,70866,2021,0.0058,0.0886,0.0407,0.3368,,24.66,,False
VYX,70866,2022,0.0321,0.0934,0.0425,0.2033,0.6817,14.36,1.1132,True
VYX,70866,2023,-0.0255,-0.0844,-0.0261,0.4979,0.193,16.91,0.2571,True
VYX,70866,2024,0.0564,0.1202,0.0004,0.5889,0.1532,13.84,0.7439,True
VYX,70866,2025,0.0097,0.1426,0.0066,0.5092,0.6853,10.2,1.2239,True
WAY,1990354,2024,0.0492,-0.0483,0.027,4.7002,0.2061,36.7,3.107,False
WAY,1990354,2025,0.0156,-0.0188,0.0431,3.2943,0.19,32.75,2.3012,False
WCC,929008,2015,0.2855,0.4042,0.0196,0.732,,42.26,,False
WCC,929008,2016,0.284,0.4357,0.0183,1.2648,,64.39,,False
WCC,929008,2017,0.2889,0.4392,0.0172,1.2266,,65.93,,False
WCC,929008,2018,0.2874,0.5011,0.0197,0.9143,1.7756,46.44,3.4354,False
WCC,929008,2019,0.2902,0.5043,0.0167,1.0149,1.6659,57.46,3.3843,False
WCC,929008,2020,0.2121,0.219,0.0078,0.4332,0.3475,75.95,1.1944,True
WCC,929008,2021,0.2616,0.2381,0.0636,0.7017,1.4438,127.31,2.7218,False
WCC,929008,2022,0.3047,0.2562,0.0971,0.5697,1.4462,121.13,2.8327,False
WCC,929008,2023,0.3322,0.2916,0.0934,0.8251,1.4863,169.81,3.0964,False
WCC,929008,2024,0.3019,0.3294,0.0812,0.8614,1.4487,178.45,3.0569,False
WCC,929008,2025,0.3128,0.3342,0.0748,1.0345,1.4253,243.46,3.136,False
WDFC,105132,2015,0.4636,0.7684,0.1927,6.172,,83.42,,False
WDFC,105132,2016,0.4439,0.8527,0.2101,6.7626,,100.41,,False
WDFC,105132,2017,0.4042,0.8541,0.2053,6.0151,,103.23,,False
WDFC,105132,2018,0.2589,1.1079,0.2479,13.5199,,162.76,,False
WDFC,105132,2019,0.2425,1.2359,0.2722,14.9275,,174.83,,False
WDFC,105132,2020,0.3448,1.0995,0.2129,16.1014,,242.73,,False
WDFC,105132,2021,0.361,1.0012,0.2065,13.1985,,226.01,,False
WDFC,105132,2022,0.3196,1.0502,0.2011,8.2716,1.1946,151.41,8.6749,False
WDFC,105132,2023,0.3646,1.0902,0.2049,13.4613,1.2267,228.47,11.9434,False
WDFC,105132,2024,0.3384,1.1133,0.2146,14.4436,1.3152,235.16,12.6541,False
WDFC,105132,2025,0.384,1.1363,0.2181,12.5494,1.303,194.17,11.6041,False
WEN,30697,2015,0.0846,-0.0868,0.0283,0.4312,0.113,7.59,0.4452,True
WEN,30697,2016,0.0565,-0.0738,0.0201,0.5449,0.0787,9.75,0.4364,True
WEN,30697,2017,0.0432,-0.0399,0.0163,0.6531,0.0755,12.07,0.5171,True
WEN,30697,2018,0.0889,0.0341,0.0107,0.6123,0.0927,11.7,0.6496,True
WEN,30697,2019,0.0409,0.0372,0.0074,0.7242,0.0855,17.01,0.6455,True
WEN,30697,2020,0.0544,0.0474,0.0156,0.7227,0.0941,17.02,0.7108,True
WEN,30697,2021,0.0325,0.0675,0.0719,0.7721,0.3719,18.89,1.206,True
WEN,30697,2022,0.1219,0.0754,0.0642,0.6955,0.381,18.36,1.2622,True
WEN,30697,2023,0.0879,0.0791,0.0737,0.6491,0.4209,16.59,1.2698,True
WEN,30697,2024,0.0672,0.0794,0.0738,0.5865,0.4462,14.69,1.2333,True
WEN,30697,2025,0.0539,0.0878,0.0693,0.3136,0.4392,7.96,1.0436,True
WERN,793074,2021,0.1392,0.6403,0.1187,2.1525,,44.51,,False
WERN,793074,2022,0.1463,0.6057,0.1043,1.4146,,38.09,,False
WERN,793074,2023,0.0963,0.6186,0.0559,1.5309,,40.61,,False
WERN,793074,2024,0.0609,0.6398,0.0217,1.3405,0.9682,34.83,2.8129,False
WERN,793074,2025,0.1032,0.6593,0.004,1.1874,1.0038,29.65,2.7764,False
WEX,1309108,2018,0.1605,0.2188,0.0562,0.9596,0.1472,140.06,1.4074,True
WEX,1309108,2019,0.0955,0.1855,0.0125,1.1505,0.1455,209.46,1.2514,True
WEX,1309108,2020,0.0931,0.1573,-0.0112,1.1282,0.138,203.53,1.1098,True
WEX,1309108,2021,0.0873,0.1251,0.0332,0.5825,0.1306,140.39,0.8694,True
WEX,1309108,2022,0.0454,0.1293,0.0408,0.5645,0.1466,163.65,0.8552,True
WEX,1309108,2023,0.03,0.1266,0.0466,0.5497,0.1324,194.55,0.8293,True
WEX,1309108,2024,0.0141,0.1551,0.0515,0.505,0.1402,175.32,0.8473,True
WEX,1309108,2025,0.0296,0.1646,0.0461,0.3857,0.1282,148.98,0.7778,True
WFRD,1603923,2015,0.1037,0.0299,-0.1046,,,,,False
WFRD,1603923,2016,0.196,-0.2329,-0.1777,,,,,False
WFRD,1603923,2017,0.1691,-0.5913,-0.2184,,,,,False
WFRD,1603923,2018,0.1742,-1.3136,-0.3157,,,,,False
WFRD,1603923,2019,0.2442,-0.0036,0.0001,,,,,False
WFRD,1603923,2020,0.334,-0.3583,-0.2735,,,,,False
WFRD,1603923,2021,0.3307,-0.5021,0.0243,0.4504,,26.88,,False
WFRD,1603923,2022,0.3333,-0.5023,0.0873,0.8489,,49.37,,False
WFRD,1603923,2023,0.2918,-0.3856,0.1618,1.64,,94.85,,False
WFRD,1603923,2024,0.3307,-0.288,0.1818,1.2913,,69.82,,False
WFRD,1603923,2025,0.3531,-0.2172,0.1455,1.5889,,77.6,,False
WGO,107687,2021,0.3159,0.5687,0.1975,1.8424,1.7599,65.54,4.6925,False
WGO,107687,2022,0.2366,0.6362,0.2414,1.1453,2.0515,46.74,4.71,False
WGO,107687,2023,0.247,0.7185,0.1236,1.7488,1.4351,65.84,4.1946,False
WGO,107687,2024,0.2449,0.7228,0.042,1.1212,1.2472,44.06,3.3644,False
WGO,107687,2025,0.2159,0.7937,0.0266,1.1807,1.2988,38.83,3.4651,False
WH,1722684,2018,0.0318,0.0139,0.0165,0.8245,0.1059,39.53,0.7125,True
WH,1722684,2019,0.0082,0.0249,0.0227,1.2491,0.1085,55.9,0.9777,True
WH,1722684,2020,0.1193,-0.0177,0.0045,1.0802,0.0637,53.58,0.8452,True
WH,1722684,2021,0.0757,0.0185,0.1045,1.9083,0.2916,81.77,1.8981,False
WH,1722684,2022,0.0337,0.0771,0.1353,1.5539,0.3284,66.19,1.8558,False
WH,1722684,2023,-0.0213,0.121,0.1247,1.7174,0.3432,76.07,1.929,False
WH,1722684,2024,0.0002,0.1549,0.1172,2.0176,0.3325,97.14,2.1469,False
WH,1722684,2025,-0.0172,0.1126,0.0961,1.4842,0.3417,74.28,1.6865,True
WHD,1699136,2018,0.3418,0.0884,0.075,,,25.37,,False
WHD,1699136,2019,0.3877,0.1593,0.0432,,0.168,31.86,,False
WHD,1699136,2020,0.4613,0.184,0.0859,,0.4274,24.58,,False
WHD,1699136,2021,0.4337,0.1817,0.0768,,0.4466,36.34,,False
WHD,1699136,2022,0.4808,0.2339,0.1562,,0.6152,48.32,,False
WHD,1699136,2023,0.2499,0.2632,0.1736,,0.7205,44.12,,False
WHD,1699136,2024,0.3426,0.3174,0.1665,,0.6496,57.24,,False
WHD,1699136,2025,0.4225,0.3635,0.1338,,0.5765,45.35,,False
WHR,106640,2015,-0.022,0.3536,0.02,0.4758,,97.33,,False
WHR,106640,2016,-0.0169,0.3819,0.0175,0.5989,,123.31,,False
WHR,106640,2017,-0.0287,0.3669,0.0133,0.5128,,117.28,,False
WHR,106640,2018,-0.097,0.3779,0.0168,0.3308,0.3085,76.82,0.9752,True
WHR,106640,2019,-0.0514,0.4168,0.0225,0.4846,0.285,109.73,1.1718,True
WHR,106640,2020,0.0337,0.4245,0.0352,0.5787,0.2849,138.83,1.383,True
WHR,106640,2021,0.0584,0.5014,0.1158,0.7898,1.0838,185.0,2.7117,False
WHR,106640,2022,0.027,0.4824,-0.0617,0.5185,1.1518,116.26,1.9673,False
WHR,106640,2023,-0.0428,0.4828,0.0586,0.4664,1.1238,105.69,2.2216,False
WHR,106640,2024,-0.1278,0.0804,0.0088,0.5186,1.0188,106.32,1.318,True
WHR,106640,2025,-0.0993,0.0831,0.0524,0.3494,0.9702,71.2,1.3499,True
WINA,908315,2015,0.3569,-0.6549,0.2044,3.513,,76.36,,False
WINA,908315,2016,0.3177,-0.2227,0.2162,6.618,,103.97,,False
WINA,908315,2017,0.2461,-0.6643,0.2203,4.8607,,107.01,,False
WINA,908315,2018,0.2522,-0.1979,0.2182,9.2136,,132.02,,False
WINA,908315,2019,0.4733,0.0084,0.177,12.0374,,165.52,,False
WINA,908315,2020,0.2199,-0.6592,1.2829,13.333,,158.57,,False
WINA,908315,2021,0.2771,-1.453,1.9085,11.9706,,219.88,,False
WINA,908315,2022,0.2465,-2.083,1.7604,8.3384,0.0427,213.76,8.2345,False
WINA,908315,2023,0.217,-2.3103,1.8393,15.9064,,390.22,,False
WINA,908315,2024,0.3829,-2.4525,1.9717,17.4101,,377.51,,False
WINA,908315,2025,0.3388,-2.9455,2.1939,18.3704,,401.79,,False
WING,1636222,2015,0.0582,-0.3866,0.0537,3.3612,,16.14,,False
WING,1636222,2016,-0.0502,-0.6808,0.0738,3.4136,,23.36,,False
WING,1636222,2017,-0.0248,-0.4073,0.0785,5.0064,,30.89,,False
WING,1636222,2018,0.0245,-1.6183,0.0621,4.2951,0.2899,57.48,0.8356,True
WING,1636222,2019,-0.0165,-1.2659,0.0535,5.6285,0.3202,77.59,2.082,False
WING,1636222,2020,0.1047,-1.6167,0.2713,6.1327,1.176,124.46,3.6131,False
WING,1636222,2021,0.1223,-1.2441,0.296,7.9447,1.1336,162.94,5.2821,False
WING,1636222,2022,0.3872,-0.9272,0.2167,4.5173,0.8428,135.15,3.435,False
WING,1636222,2023,0.1941,-1.2175,0.298,8.2551,1.2176,253.08,5.6826,False
WING,1636222,2024,0.4303,-0.9451,0.2312,5.5016,0.8737,281.08,4.1309,False
WING,1636222,2025,0.2676,-1.0743,0.2586,4.5126,1.005,236.9,3.3828,False
WKC,789460,2015,0.3279,0.3492,0.0543,0.6271,1.4797,32.22,2.9177,False
WKC,789460,2016,0.3056,0.3103,0.0349,0.5695,1.4396,38.66,2.6975,False
WKC,789460,2017,0.2187,0.2672,0.0082,0.3172,1.5877,23.87,2.4414,False
WKC,789460,2018,0.183,0.2829,0.0457,0.244,1.7595,18.34,2.6726,False
WKC,789460,2019,0.1682,0.2939,0.05,0.4689,1.5617,37.57,2.6213,False
WKC,789460,2020,0.2123,0.4081,0.0306,0.5415,1.0448,27.39,2.297,False
WKC,789460,2021,0.1553,0.3165,0.024,0.3003,5.2735,23.63,6.1623,False
WKC,789460,2022,0.0771,0.2404,0.0335,0.2061,7.2316,24.88,7.8947,False
WKC,789460,2023,0.0616,0.2687,0.0268,0.2003,6.469,21.25,7.1278,False
WKC,789460,2024,0.0775,0.2985,0.0313,0.2818,6.264,26.31,7.0471,False
WKC,789460,2025,0.0324,0.2244,-0.0963,0.259,6.2956,23.07,6.4863,False
WLDS,1887673,2022,0.8754,1.1939,-0.5754,,0.004,,,False
WLDS,1887673,2023,0.6538,2.7924,-1.0782,,0.0108,,,False
WLDS,1887673,2024,0.5725,4.8527,-1.3086,,0.0873,,,False
WLDS,1887673,2025,0.908,,-0.4168,,0.0324,,,False
WLK,1262823,2015,0.2964,0.5578,0.0325,2.9135,0.0194,45.9,3.0114,False
WLK,1262823,2016,0.1125,0.3133,0.014,0.8778,0.0175,48.07,1.1642,True
WLK,1262823,2017,0.1239,0.382,0.0302,1.7619,,92.47,,False
WLK,1262823,2018,0.143,0.4721,0.0178,1.3416,0.172,58.01,1.8683,False
WLK,1262823,2019,0.1132,0.4341,0.0077,1.1645,0.142,62.49,1.6097,True
WLK,1262823,2020,0.1532,0.4292,0.0129,1.3042,0.142,74.06,1.7518,True
WLK,1262823,2021,0.1581,0.423,0.1517,1.1488,0.6381,89.27,2.6098,False
WLK,1262823,2022,0.1788,0.481,0.1484,1.2083,0.7686,95.35,2.8713,False
WLK,1262823,2023,0.1816,0.4822,0.0347,1.6418,0.5965,131.95,2.5889,False
WLK,1262823,2024,0.1925,0.5051,0.0422,1.4436,0.5852,109.65,2.5287,False
WLK,1262823,2025,0.1726,0.4359,-0.0791,0.8701,0.5596,72.62,1.6382,True
WLKP,1604665,2015,0.1299,,0.0715,,,,,False
WLKP,1604665,2016,0.125,,0.0634,,,,,False
WLKP,1604665,2017,0.1261,,0.068,,,,,False
WLKP,1604665,2018,0.1357,,0.0591,,,,,False
WLKP,1604665,2019,0.1432,,0.0687,,,,,False
WLKP,1604665,2020,0.1648,,0.0572,,,,,False
WLKP,1604665,2021,0.1178,,0.2774,,0.1272,,,False
WLKP,1604665,2022,0.1304,,0.2534,,0.1824,,,False
WLKP,1604665,2023,0.129,,0.2716,,,,,False
WLKP,1604665,2024,0.1441,,0.3032,,,,,False
WLKP,1604665,2025,0.0734,,0.2543,,,,,False
WLY,107140,2018,-0.1389,0.6459,0.0263,1.3533,,36.65,,False
WLY,107140,2019,-0.1293,0.6575,0.0273,1.3525,0.1672,39.0,1.8341,False
WLY,107140,2020,-0.0986,0.5618,-0.0539,1.0365,0.1498,38.05,1.2621,True
WLY,107140,2021,-0.1342,0.5368,0.0149,1.2647,0.1556,48.92,1.5539,True
WLY,107140,2022,-0.1245,0.5715,0.0652,0.9686,0.6196,35.31,2.0667,False
WLY,107140,2023,-0.114,0.5986,0.018,0.8591,0.6497,29.12,1.9258,False
WLY,107140,2024,-0.1538,0.5809,0.0192,1.2696,0.6872,41.41,2.141,False
WLY,107140,2025,-0.1415,0.5912,0.0823,0.9463,0.6233,30.14,2.1203,False
WLY,107140,2026,-0.1386,0.6706,0.1068,1.8294,0.6469,52.39,2.8696,False
WMG,1319161,2015,-0.1725,-0.1305,0.0065,,,,,False
WMG,1319161,2016,-0.174,-0.1332,0.0102,,,,,False
WMG,1319161,2017,-0.1443,-0.1144,-0.0002,,,,,False
WMG,1319161,2018,-0.224,-0.238,0.003,,0.1944,,,False
WMG,1319161,2019,-0.1875,-0.1956,0.0048,,0.1868,,,False
WMG,1319161,2020,-0.1626,-0.2729,-0.0357,0.0,0.6963,33.63,0.0013,True
WMG,1319161,2021,-0.1739,-0.2371,0.0845,0.0,0.7351,38.78,0.4732,True
WMG,1319161,2022,-0.157,-0.1887,0.0912,0.0,0.7561,32.1,0.6046,True
WMG,1319161,2023,-0.1331,-0.1623,0.0925,0.0,0.7065,33.53,0.6247,True
WMG,1319161,2024,-0.137,-0.1434,0.0899,0.0,0.7019,29.68,0.6334,True
WMG,1319161,2025,-0.1456,-0.1354,0.0706,0.0,0.6824,30.08,0.5511,True
WMS,1604028,2015,0.2392,-0.0601,0.0559,2.2245,,21.45,,False
WMS,1604028,2016,0.1801,-0.0978,0.0907,1.9292,,18.58,,False
WMS,1604028,2017,0.1766,-0.08,0.073,2.3613,,21.79,,False
WMS,1604028,2018,0.2274,-0.0376,0.0846,2.7716,,22.4,,False
WMS,1604028,2019,0.2497,0.0169,0.1242,5.2315,0.2612,37.57,4.1331,False
WMS,1604028,2020,0.1806,-0.1129,-0.0402,3.8728,0.1564,81.42,2.406,False
WMS,1604028,2021,0.1759,-0.0312,0.1427,7.4316,0.8214,133.09,5.9189,False
WMS,1604028,2022,0.1814,0.06,0.1555,3.9282,1.0451,80.47,4.2166,False
WMS,1604028,2023,0.2202,0.2159,0.2479,5.4893,1.0586,138.77,5.7367,False
WMS,1604028,2024,0.2632,0.3341,0.224,4.3429,0.8793,114.51,5.0078,False
WMS,1604028,2025,0.251,0.4045,0.1781,5.2945,0.787,144.26,5.4191,False
WMS,1604028,2026,0.1601,0.4135,0.1374,4.0083,0.677,135.53,4.3065,False
WOR,108516,2015,0.2243,0.2449,0.029,0.5923,,15.07,,False
WOR,108516,2016,0.2352,0.2534,0.0591,1.034,,24.17,,False
WOR,108516,2017,0.2882,0.2907,0.0917,0.8935,,22.85,,False
WOR,108516,2018,0.2266,0.2433,0.054,0.5692,,18.44,,False
WOR,108516,2019,0.1864,0.2356,0.0577,0.7163,1.4974,22.87,2.6709,False
WOR,108516,2020,0.2552,0.2454,0.0096,1.0267,1.3121,28.64,2.6097,False
WOR,108516,2021,0.3498,0.3172,0.0496,0.8344,0.9402,31.06,2.4685,False
WOR,108516,2022,0.2343,0.3377,0.0904,0.6972,1.439,28.91,2.9094,False
WOR,108516,2023,0.3152,0.3912,0.0582,1.4822,1.3466,55.41,3.3539,False
WOR,108516,2024,0.3024,0.3597,-0.0448,2.5625,,39.15,,False
WOR,108516,2025,0.2882,0.3684,-0.0063,3.2978,,51.01,,False
WOR,108516,2026,0.164,0.381,0.0412,3.411,,57.23,,False
WRBY,1504776,2021,0.4763,-1.1194,-0.326,34.0761,1.2273,46.56,19.6015,False
WRBY,1504776,2022,0.2902,-1.0614,-0.1955,5.4131,1.0517,13.49,2.5165,False
WRBY,1504776,2023,0.2956,-1.1491,-0.1241,5.7298,1.1541,14.1,2.9286,False
WRBY,1504776,2024,0.2893,-1.0159,-0.0445,8.1451,1.1402,24.21,4.8053,False
WRBY,1504776,2025,0.2806,-0.951,-0.0074,6.9828,1.2094,21.79,4.3801,False
WS,1968487,2024,0.2054,0.0461,0.1042,2.0899,1.8381,30.72,3.747,False
WS,1968487,2025,0.2126,0.0837,0.0749,2.2776,1.5768,34.15,3.5629,False
WS,1968487,2026,0.1572,0.0622,-0.0006,1.765,1.5289,34.28,2.8616,False
WSC,1647088,2016,0.0004,0.0011,-0.0014,90.1527,0.0,9.74,54.0891,False
WSC,1647088,2017,-0.0198,-1.1603,-0.0567,2.4336,0.0853,12.44,-0.2896,True
WSC,1647088,2018,-0.0046,-0.6116,-0.0016,0.8148,0.0935,9.22,-0.2845,True
WSC,1647088,2019,-0.0096,-0.583,0.0138,1.4992,0.096,18.11,0.2133,True
WSC,1647088,2020,-0.0052,-0.3143,0.0164,1.1718,0.0785,22.69,0.3894,True
WSC,1647088,2021,-0.006,-0.2756,0.0624,1.9185,0.3282,39.99,1.2922,True
WSC,1647088,2022,-0.007,-0.2148,0.0878,1.8802,0.1013,44.23,1.21,True
WSC,1647088,2023,0.0012,-0.1263,0.1097,1.6192,0.3853,43.58,1.5435,True
WSC,1647088,2024,-0.0046,-0.1238,0.0437,1.1833,0.397,32.76,1.0725,True
WSC,1647088,2025,-0.0148,-0.1375,0.0312,0.6813,0.3923,18.65,0.6937,True
WSO,105016,2015,0.5094,0.2769,0.1883,,0.5054,83.98,,False
WSO,105016,2016,0.4936,0.2936,0.1844,,0.4874,109.14,,False
WSO,105016,2017,0.4499,0.2905,0.1729,,0.4711,129.18,,False
WSO,105016,2018,0.5017,0.2906,0.1722,,0.4587,109.11,,False
WSO,105016,2019,0.4245,0.2474,0.1435,,0.4195,147.3,,False
WSO,105016,2020,0.4014,0.2562,0.1614,,0.4648,192.33,,False
WSO,105016,2021,0.4001,0.2465,0.2037,,2.0352,273.28,,False
WSO,105016,2022,0.3991,0.2951,0.2384,,2.0854,224.81,,False
WSO,105016,2023,0.4505,0.3173,0.2131,,1.9532,397.91,,False
WSO,105016,2024,0.4679,0.2893,0.1745,,1.7007,450.53,,False
WSO,105016,2025,0.5067,0.2988,0.1632,,1.6398,328.81,,False
WT,880631,2015,0.6541,-0.0844,,32.7546,,12.58,,False
WT,880631,2016,0.5352,-0.099,,28.9113,,9.24,,False
WT,880631,2017,0.3803,-0.0969,,26.2803,,10.76,,False
WT,880631,2018,0.0592,-0.0078,0.0654,1.9608,,5.78,,False
WT,880631,2019,0.0471,-0.019,0.0158,1.3971,,4.29,,False
WT,880631,2020,0.0757,-0.0596,0.0144,1.4882,,4.89,,False
WT,880631,2021,0.2123,-0.0216,0.0217,1.3606,,5.71,,False
WT,880631,2022,0.1408,0.0133,0.0581,1.3227,,5.2,,False
WT,880631,2023,0.1341,0.1014,0.0927,2.5338,,6.73,,False
WT,880631,2024,0.2024,0.1256,0.1328,2.4727,,10.34,,False
WT,880631,2025,0.139,0.1459,0.1151,1.6719,,12.13,,False
WTS,795403,2015,0.3036,0.1877,-0.0532,,,45.05,,False
WTS,795403,2016,0.2402,0.1936,0.0805,,,59.84,,False
WTS,795403,2017,0.2627,0.2147,0.0935,,,70.51,,False
WTS,795403,2018,0.2253,0.2665,0.1139,,0.2344,60.55,,False
WTS,795403,2019,0.1832,0.2982,0.1144,,0.2323,94.58,,False
WTS,795403,2020,0.2282,0.3222,0.1042,,0.2321,116.46,,False
WTS,795403,2021,0.2441,0.3589,0.1291,,0.975,187.07,,False
WTS,795403,2022,0.2962,0.4119,0.1631,,1.0252,142.03,,False
WTS,795403,2023,0.2837,0.424,0.1519,,0.8904,203.92,,False
WTS,795403,2024,0.2777,0.4943,0.1629,,0.9396,200.63,,False
WTS,795403,2025,0.2685,0.4968,0.1555,,0.8463,274.55,,False
WWD,108312,2015,0.2399,0.5887,,1.9742,,46.37,,False
WWD,108312,2016,0.1755,0.6243,0.0306,2.6843,,65.0,,False
WWD,108312,2017,0.2154,0.6602,0.0315,3.0918,,72.56,,False
WWD,108312,2018,0.1381,0.5188,0.0208,1.8598,0.1898,70.95,2.2666,False
WWD,108312,2019,0.1425,0.5623,0.0194,3.0137,0.1862,113.81,3.0166,False
WWD,108312,2020,0.2097,0.622,0.0175,3.629,0.1361,117.43,3.4935,False
WWD,108312,2021,0.2685,0.6357,0.0601,3.3472,0.549,106.36,3.9677,False
WWD,108312,2022,0.203,0.7165,0.0525,2.9307,0.626,94.57,3.8044,False
WWD,108312,2023,0.2125,0.7253,0.0688,4.088,0.7268,134.26,4.6769,False
WWD,108312,2024,0.1877,0.7378,0.1039,4.4476,0.7609,165.15,5.0305,False
WWD,108312,2025,0.211,0.7776,0.1126,8.627,0.7704,301.53,7.6601,False
WWW,110471,2015,0.2702,0.3889,0.0823,0.7614,,13.74,,False
WWW,110471,2016,0.2869,0.4174,0.0658,1.0227,,18.26,,False
WWW,110471,2017,0.2968,0.4136,0.01,1.514,,26.74,,False
WWW,110471,2018,0.1808,0.5358,0.1154,1.8517,0.2655,27.01,2.7243,False
WWW,110471,2019,0.0725,0.5094,0.069,1.3867,0.2449,28.95,2.1046,False
WWW,110471,2020,0.2331,0.5115,-0.0641,1.4211,0.2384,27.29,1.8752,False
WWW,110471,2021,0.0557,0.4362,0.0602,1.0682,0.9337,25.47,2.4508,False
WWW,110471,2022,0.0622,0.3639,-0.0836,0.3744,1.0771,9.91,1.61,True
WWW,110471,2023,0.0755,0.4047,-0.0331,0.385,1.0873,8.37,1.8663,False
WWW,110471,2024,0.1219,0.5366,0.0879,1.3471,1.0965,21.36,3.0922,False
XNCR,1326732,2015,0.2622,-1.2642,0.0359,24.4401,,14.62,,False
XNCR,1326732,2016,0.0825,-0.5553,-0.0234,17.0753,,26.32,,False
XNCR,1326732,2017,0.3321,-0.7364,-0.0356,15.0832,,21.92,,False
XNCR,1326732,2018,0.4541,-0.5605,-0.0366,48.8387,0.0201,36.16,28.9628,False
XNCR,1326732,2019,0.7338,-0.4422,-0.0456,33.1868,0.0052,34.39,20.0283,False
XNCR,1326732,2020,0.7346,-0.5201,-0.0195,24.8015,0.0595,43.63,15.0296,False
XNCR,1326732,2021,0.4219,-0.3377,0.0522,28.4896,0.3282,40.12,17.6277,False
XNCR,1326732,2022,0.7226,-0.3997,-0.0975,16.3018,0.1945,26.04,9.9614,False
XNCR,1326732,2023,0.582,-0.4884,-0.1371,5.2088,0.1809,21.23,2.8682,False
XNCR,1326732,2024,0.5149,-0.7396,-0.1874,6.148,0.1161,22.98,2.7689,False
XNCR,1326732,2025,0.5756,-0.9092,-0.2027,4.7449,0.1434,15.31,1.7392,True
XPEL,1767258,2019,0.4747,0.4766,0.3311,24.1744,2.518,14.65,19.3523,False
XPEL,1767258,2020,0.4959,0.5114,0.2787,46.674,1.8956,51.56,32.1309,False
XPEL,1767258,2021,0.2656,0.4623,0.2491,24.5914,1.6102,68.28,18.1531,False
XPEL,1767258,2022,0.4107,0.599,0.2789,24.1244,1.6756,60.06,18.4022,False
XPEL,1767258,2023,0.4364,0.669,0.2657,20.6057,1.5723,53.85,16.2729,False
XPEL,1767258,2024,0.4441,0.7497,0.2071,18.3066,1.472,39.94,14.7217,False
XPEL,1767258,2025,0.4175,0.6936,0.1638,14.1364,1.2449,49.91,11.7393,False
XPO,1166003,2015,0.0208,-0.0368,-0.003,0.1151,,9.42,,False
XPO,1166003,2016,0.0292,-0.0336,0.0074,0.2018,,14.93,,False
XPO,1166003,2017,0.0469,-0.0034,0.0495,0.4317,,31.68,,False
XPO,1166003,2018,0.0306,0.0307,0.0574,0.2783,1.4082,19.73,1.8443,False
XPO,1166003,2019,0.0059,0.0556,0.0581,0.2873,1.1784,27.56,1.6275,True
XPO,1166003,2020,0.0134,0.0537,0.0242,0.3624,1.0051,41.23,1.3936,True
XPO,1166003,2021,0.016,0.0049,0.02,0.7117,0.386,46.01,0.9051,True
XPO,1166003,2022,0.0196,-0.0006,0.0006,0.7415,0.2921,33.29,0.7617,True
XPO,1166003,2023,0.0004,0.0247,0.0159,1.6472,0.2589,87.59,1.3347,True
XPO,1166003,2024,0.011,0.0742,0.0856,2.5132,1.0467,131.15,2.9541,False
XPO,1166003,2025,0.0092,0.1084,0.0801,2.5127,0.9955,135.91,2.93,False
XRAY,818479,2015,0.1637,0.8156,0.0211,5.0807,,52.59,,False
XRAY,818479,2016,0.0954,0.3387,0.0115,2.8326,,50.16,,False
XRAY,818479,2017,0.101,0.2233,-0.0681,3.0601,,57.51,,False
XRAY,818479,2018,0.1007,0.1411,0.0094,1.8387,,32.78,,False
XRAY,818479,2019,0.1168,0.1632,0.0159,2.8534,0.1292,50.21,2.2622,False
XRAY,818479,2020,0.0507,0.132,-0.0013,2.1385,0.3577,46.9,1.8823,False
XRAY,818479,2021,0.064,0.1639,0.0186,2.3653,0.1194,50.33,1.9062,False
XRAY,818479,2022,0.0946,0.0597,-0.1226,1.5164,0.5131,29.14,1.2154,True
XRAY,818479,2023,0.0744,0.0278,-0.0115,1.6174,0.538,33.07,1.5986,True
XRAY,818479,2024,0.0273,-0.1451,-0.1528,0.9471,0.6593,18.1,0.5529,True
XRAY,818479,2025,0.1253,-0.2881,-0.0777,0.5573,0.6778,11.43,0.5027,True
YELP,1345016,2015,0.5209,-0.0885,-0.0282,25.285,,28.8,,False
YELP,1345016,2016,0.5657,-0.0793,-0.0056,26.5198,,38.13,,False
YELP,1345016,2017,0.6797,0.0576,0.1475,19.4767,,41.96,,False
YELP,1345016,2018,0.6766,-0.045,0.022,18.9783,0.802,34.99,13.0105,False
YELP,1345016,2019,0.3728,-0.4605,0.0165,5.9865,0.2511,34.83,3.7,False
YELP,1345016,2020,0.4933,-0.4623,-0.0336,5.9012,0.7558,32.67,4.1304,False
YELP,1345016,2021,0.4575,-0.7236,0.03,6.5724,0.9822,36.24,4.5606,False
YELP,1345016,2022,0.4067,-0.9093,0.0574,4.8546,1.1748,27.34,3.4921,False
YELP,1345016,2023,0.4418,-1.0098,0.0779,9.6868,1.3177,47.34,6.5033,False
YELP,1345016,2024,0.368,-1.1593,0.1536,8.7647,1.4357,38.7,6.0197,False
YELP,1345016,2025,0.3577,-1.3474,0.1925,6.6595,1.5284,30.39,4.7024,False
YETI,1670592,2018,0.2133,-0.4669,0.1987,2.2322,0.469,14.84,2.0662,False
YETI,1670592,2019,0.3022,-0.3011,0.1426,5.0017,0.4727,34.78,3.8854,False
YETI,1670592,2020,0.2561,-0.0458,0.2907,11.1391,0.5098,68.47,8.3956,False
YETI,1670592,2021,0.3342,0.1631,0.2508,10.4498,1.287,82.83,9.0139,False
YETI,1670592,2022,0.2878,0.2494,0.1174,5.4793,1.4815,41.31,5.8508,False
YETI,1670592,2023,0.3978,0.338,0.1738,6.589,1.2787,51.78,6.7563,False
YETI,1670592,2024,0.3478,0.4775,0.1908,5.1479,1.4228,38.51,6.2269,False
YETI,1670592,2025,0.2639,0.631,0.1729,5.5096,1.5124,44.17,6.5887,False
YOU,1856314,2021,0.478,-0.0445,-0.1414,,0.3125,27.66,,False
YOU,1856314,2022,0.3317,-0.0981,-0.1244,,0.4216,24.38,,False
YOU,1856314,2023,0.2086,-0.0705,0.0193,,0.5872,19.16,,False
YOU,1856314,2024,0.016,0.0701,0.1031,,0.6448,25.57,,False
YOU,1856314,2025,0.0036,0.0919,0.1431,,0.6911,34.6,,False
ZD,1084048,2015,0.1596,0.3496,0.1112,2.5332,,66.69,,False
ZD,1084048,2016,-0.0514,0.3202,0.1176,2.0191,,67.59,,False
ZD,1084048,2017,0.1448,0.2948,0.1002,1.5126,,63.21,,False
ZD,1084048,2018,0.0597,0.3005,0.0954,1.3422,,59.7,,False
ZD,1084048,2019,0.0153,0.2543,0.079,1.2731,,81.49,,False
ZD,1084048,2020,-0.0709,0.2207,0.0913,1.1868,,84.95,,False
ZD,1084048,2021,0.2131,0.4019,0.0444,2.1087,,110.86,,False
ZD,1084048,2022,0.1845,0.4352,0.0563,1.6531,,79.1,,False
ZD,1084048,2023,0.2187,0.4298,0.0382,1.4599,,67.19,,False
ZD,1084048,2024,0.1005,0.3782,0.0307,0.984,0.3784,54.34,1.7202,True
ZD,1084048,2025,0.0807,0.3651,0.05,0.6311,0.3962,35.15,1.5477,True
ZWS,1439288,2015,0.1998,-0.0579,0.0597,,,8.22,,False
ZWS,1439288,2016,0.23,-0.0386,0.052,,,8.88,,False
ZWS,1439288,2017,0.2198,-0.0157,0.0519,,,11.8,,False
ZWS,1439288,2018,0.1587,0.0023,0.043,,,10.41,,False
ZWS,1439288,2019,0.1797,0.0094,0.0938,,0.1649,14.79,,False
ZWS,1439288,2020,0.223,0.0237,0.0922,,0.1508,18.09,,False
ZWS,1439288,2021,0.2175,-1.1477,0.0993,,0.2156,34.82,,False
ZWS,1439288,2022,0.1635,-0.4067,0.0374,,0.1188,20.38,,False
ZWS,1439288,2023,0.1676,-0.4418,0.0718,,0.5739,28.66,,False
ZWS,1439288,2024,0.1791,-0.4413,0.0924,,0.5915,36.7,,False
ZWS,1439288,2025,0.2061,-0.4224,0.1041,,0.6329,46.18,,False
