ticker,cik,fiscal_year,shares_outstanding,total_assets,total_liab,deposits,equity,liab_current,longterm_debt,net_income,interest_expense
AA,1675149,2016,263909445.0,16741000000.0,9044000000.0,,5654000000.0,2821000000.0,1424000000.0,-400000000.0,243000000.0
AA,1675149,2017,263909445.0,17447000000.0,10649000000.0,,4523000000.0,3252000000.0,1388000000.0,-196000000.0,104000000.0
AA,1675149,2018,263909445.0,15938000000.0,8544000000.0,,5389000000.0,2919000000.0,1801000000.0,43000000.0,122000000.0
AA,1675149,2019,263909445.0,14631000000.0,8745000000.0,,4112000000.0,2563000000.0,1799000000.0,-303000000.0,121000000.0
AA,1675149,2020,263909445.0,14860000000.0,9844000000.0,,3311000000.0,2761000000.0,2463000000.0,-4000000.0,146000000.0
AA,1675149,2021,263909445.0,15025000000.0,8741000000.0,,4672000000.0,3223000000.0,1726000000.0,429000000.0,195000000.0
AA,1675149,2022,263909445.0,14756000000.0,8167000000.0,,5076000000.0,3004000000.0,1806000000.0,-123000000.0,106000000.0
AA,1675149,2023,263909445.0,14155000000.0,8310000000.0,,4251000000.0,3030000000.0,1732000000.0,-651000000.0,107000000.0
AA,1675149,2024,263909445.0,14064000000.0,8907000000.0,,5157000000.0,3395000000.0,2470000000.0,60000000.0,156000000.0
AA,1675149,2025,263909445.0,16129000000.0,9935000000.0,,,3801000000.0,2438000000.0,1157000000.0,158000000.0
AAMI,1748824,2019,35490128.0,1419700000.0,1221300000.0,,114500000.0,,568800000.0,74300000.0,
AAMI,1748824,2020,35490128.0,1379200000.0,994800000.0,,384400000.0,,400000000.0,286700000.0,
AAMI,1748824,2021,35490128.0,714800000.0,732400000.0,,-17600000.0,,400000000.0,828400000.0,
AAMI,1748824,2022,35490128.0,518700000.0,540300000.0,,-21600000.0,,275000000.0,100600000.0,
AAMI,1748824,2023,35490128.0,611400000.0,561900000.0,,40200000.0,,275000000.0,65800000.0,
AAMI,1748824,2024,35490128.0,703200000.0,616100000.0,,,,275000000.0,85000000.0,
AAMI,1748824,2025,35490128.0,677000000.0,593000000.0,,,,200000000.0,80000000.0,
AAP,1158449,2015,60400000.0,8134565000.0,,,2460648000.0,3797477000.0,1213161000.0,54819000.0,65408000.0
AAP,1158449,2016,60400000.0,8315033000.0,,,2916192000.0,3676046000.0,1042949000.0,62365000.0,
AAP,1158449,2017,60400000.0,8482301000.0,,,3415196000.0,3480097000.0,1044327000.0,184500000.0,
AAP,1158449,2018,60400000.0,9040648000.0,,,3550813000.0,3885950000.0,1045720000.0,53441000.0,
AAP,1158449,2019,60400000.0,11248525000.0,,,3549081000.0,4477702000.0,747320000.0,95907000.0,
AAP,1158449,2020,60400000.0,11839636000.0,,,3559512000.0,4743915000.0,1032984000.0,111996000.0,
AAP,1158449,2021,60400000.0,12194209000.0,9065918000.0,,3128291000.0,5180307000.0,1034320000.0,616108000.0,
AAP,1158449,2022,60400000.0,12018482000.0,9340201000.0,,2678281000.0,5370389000.0,1188283000.0,501872000.0,
AAP,1158449,2023,60400000.0,12276326000.0,9756598000.0,,2519728000.0,5307405000.0,1786361000.0,29735000.0,
AAP,1158449,2024,60400000.0,10798109000.0,8628167000.0,,2169942000.0,4665357000.0,1789161000.0,-335788000.0,
AAP,1158449,2026,60400000.0,11826000000.0,9628000000.0,,2198000000.0,4176000000.0,3412000000.0,44000000.0,
AAPL,320193,2015,14594180000.0,290479000000.0,171124000000.0,,119355000000.0,80610000000.0,53463000000.0,11124000000.0,733000000.0
AAPL,320193,2016,14594180000.0,321686000000.0,193437000000.0,,128249000000.0,79006000000.0,75427000000.0,9014000000.0,1456000000.0
AAPL,320193,2017,14594180000.0,375319000000.0,241272000000.0,,134047000000.0,100814000000.0,97207000000.0,10714000000.0,2323000000.0
AAPL,320193,2018,14594180000.0,365725000000.0,258578000000.0,,107147000000.0,116866000000.0,93735000000.0,14125000000.0,3240000000.0
AAPL,320193,2019,14594180000.0,338516000000.0,248028000000.0,,90488000000.0,105718000000.0,91807000000.0,13686000000.0,3576000000.0
AAPL,320193,2020,14594180000.0,323888000000.0,258549000000.0,,65339000000.0,105392000000.0,98667000000.0,12673000000.0,2873000000.0
AAPL,320193,2021,14594180000.0,351002000000.0,287912000000.0,,63090000000.0,125481000000.0,109106000000.0,94680000000.0,2645000000.0
AAPL,320193,2022,14594180000.0,352755000000.0,302083000000.0,,50672000000.0,153982000000.0,98959000000.0,99803000000.0,2931000000.0
AAPL,320193,2023,14594180000.0,352583000000.0,290437000000.0,,62146000000.0,145308000000.0,95281000000.0,96995000000.0,3933000000.0
AAPL,320193,2024,14594180000.0,364980000000.0,308030000000.0,,56950000000.0,176392000000.0,85750000000.0,93736000000.0,
AAPL,320193,2025,14594180000.0,359241000000.0,285508000000.0,,73733000000.0,165631000000.0,78328000000.0,112010000000.0,
ABCB,351569,2015,67107239.0,5588940000.0,5074181000.0,4879290000.0,514759000.0,,,14148000.0,3983000.0
ABCB,351569,2016,67107239.0,6892031000.0,6245594000.0,5575163000.0,646437000.0,,,18177000.0,5677000.0
ABCB,351569,2017,67107239.0,7856203000.0,7051724000.0,6625845000.0,804479000.0,,,9150000.0,10041000.0
ABCB,351569,2018,67107239.0,11443515000.0,9987168000.0,9649313000.0,1456347000.0,,,43536000.0,23195000.0
ABCB,351569,2019,67107239.0,18242579000.0,15772997000.0,14027073000.0,2469582000.0,,,61248000.0,38725000.0
ABCB,351569,2020,67107239.0,20438638000.0,17791550000.0,16957823000.0,2647088000.0,,,94285000.0,15327000.0
ABCB,351569,2021,67107239.0,23858321000.0,20891870000.0,19665553000.0,2966451000.0,,,376913000.0,47785000.0
ABCB,351569,2022,67107239.0,25053286000.0,21855886000.0,19462738000.0,3197400000.0,,,346540000.0,92860000.0
ABCB,351569,2023,67107239.0,25203699000.0,21776952000.0,20708509000.0,3426747000.0,,,269105000.0,445391000.0
ABCB,351569,2024,67107239.0,26262050000.0,22510528000.0,21722448000.0,3751522000.0,,,358685000.0,
ABCB,351569,2025,67107239.0,27515879000.0,23439851000.0,22375995000.0,4076028000.0,,,412154000.0,
ABR,1253986,2015,186558043.0,1827391944.0,1262301169.0,,,,,6910656.0,49720132.0
ABR,1253986,2016,186558043.0,2970786246.0,2223748318.0,,587140735.0,,2068148223.0,,63622771.0
ABR,1253986,2017,186558043.0,3625945000.0,2761389000.0,,695825000.0,,2595658000.0,,90072000.0
ABR,1253986,2018,186558043.0,4612175000.0,3546609000.0,,895238000.0,,3367052000.0,,153818000.0
ABR,1253986,2019,186558043.0,6239160000.0,4883133000.0,,1184610000.0,,4678863000.0,,186399000.0
ABR,1253986,2020,186558043.0,7660986000.0,6178301000.0,,1344371000.0,,5874451000.0,,169216000.0
ABR,1253986,2021,186558043.0,15073845000.0,12523861000.0,,2418122000.0,,12132490000.0,,212005000.0
ABR,1253986,2022,186558043.0,17038985000.0,13967106000.0,,2936996000.0,,,,557617000.0
ABR,1253986,2023,186558043.0,15738636000.0,12484031000.0,,3117973000.0,,11986059000.0,,903228000.0
ABR,1253986,2024,186558043.0,13490981000.0,10339011000.0,,3024085000.0,,9962109000.0,,
ABR,1253986,2025,186558043.0,14494903000.0,11427750000.0,,2953353000.0,,11074794000.0,,
ACCL,2038378,2025,12500000.0,3909876.0,1722992.0,500000.0,2186884.0,1575405.0,,1021725.0,
ACGL,947484,2015,341229126.0,23177270000.0,16028376000.0,,6204881000.0,,,537738000.0,45874000.0
ACGL,947484,2016,341229126.0,29372109000.0,20060984000.0,,8253718000.0,,,692738000.0,66252000.0
ACGL,947484,2017,341229126.0,32051658000.0,21805723000.0,,9196602000.0,,,619278000.0,117431000.0
ACGL,947484,2018,341229126.0,32218329000.0,21780650000.0,,9439827000.0,,,757971000.0,120484000.0
ACGL,947484,2019,341229126.0,37885361000.0,25569809000.0,,11497371000.0,,,1636319000.0,120872000.0
ACGL,947484,2020,341229126.0,45100945000.0,31545816000.0,,13545896000.0,,,2156849000.0,139470000.0
ACGL,947484,2022,341229126.0,47990507000.0,35069605000.0,,12910073000.0,,,1476933000.0,130266000.0
ACGL,947484,2023,341229126.0,58906000000.0,40551000000.0,,18353000000.0,,,4443000000.0,133000000.0
ACGL,947484,2024,341229126.0,70906000000.0,50086000000.0,,20820000000.0,,,4312000000.0,141000000.0
ACGL,947484,2025,341229126.0,79241000000.0,55035000000.0,,24206000000.0,,,4399000000.0,148000000.0
ACNT,95953,2015,9009453.0,149021417.0,,,95154294.0,26634718.0,23545801.0,-18968000.0,1232285.0
ACNT,95953,2016,9009453.0,138638063.0,,,88592555.0,32771942.0,8804206.0,-1435000.0,932572.0
ACNT,95953,2017,9009453.0,159874150.0,,,89700426.0,33250266.0,25913557.0,1016693.0,985366.0
ACNT,95953,2018,9009453.0,228398846.0,,,102484086.0,37237384.0,76405458.0,549436.0,2210506.0
ACNT,95953,2019,9009453.0,257197000.0,,,106511000.0,40578000.0,71554000.0,-893000.0,3818000.0
ACNT,95953,2020,9009453.0,206984000.0,,,80295000.0,31050000.0,60495000.0,-27267000.0,2110000.0
ACNT,95953,2021,9009453.0,266002000.0,154412000.0,,111590000.0,50489000.0,67928000.0,20245000.0,1486000.0
ACNT,95953,2022,9009453.0,269043000.0,134784000.0,,134259000.0,33478000.0,69085000.0,22066000.0,2742000.0
ACNT,95953,2023,9009453.0,163295000.0,55885000.0,,107410000.0,24789000.0,0.0,11139000.0,4238000.0
ACNT,95953,2024,9009453.0,147250000.0,53705000.0,,93545000.0,22280000.0,,-13598000.0,
ACNT,95953,2025,9009453.0,111937000.0,24945000.0,,86992000.0,12355000.0,,867000.0,
ACT,1823529,2021,137483671.0,5865773000.0,1760250000.0,,4105523000.0,,740416000.0,546685000.0,51009000.0
ACT,1823529,2022,137483671.0,5709149000.0,1608241000.0,,4100908000.0,,742830000.0,,51699000.0
ACT,1823529,2023,137483671.0,6190473000.0,1558126000.0,,4632347000.0,,745416000.0,,51867000.0
ACT,1823529,2024,137483671.0,6521531000.0,1525435000.0,,4996096000.0,,743050000.0,,51157000.0
ACT,1823529,2025,137483671.0,6893466000.0,1538285000.0,,5355181000.0,,744481000.0,674244000.0,49949000.0
AEP,4904,2015,544104955.0,61683100000.0,43778200000.0,,17891700000.0,7108500000.0,17740900000.0,,873900000.0
AEP,4904,2016,544104955.0,63467700000.0,46047600000.0,,17397000000.0,9498000000.0,17378400000.0,,877200000.0
AEP,4904,2017,544104955.0,64729100000.0,46403600000.0,,18287000000.0,8271300000.0,19419600000.0,,895000000.0
AEP,4904,2018,544104955.0,68802800000.0,49634600000.0,,19028400000.0,8648800000.0,21648200000.0,,984400000.0
AEP,4904,2019,544104955.0,75892300000.0,55870500000.0,,19632200000.0,10299100000.0,25126800000.0,,1072500000.0
AEP,4904,2020,544104955.0,80757200000.0,59937500000.0,,20550900000.0,9926700000.0,28986400000.0,,1165700000.0
AEP,4904,2021,544104955.0,87668700000.0,64945200000.0,,22433200000.0,12426700000.0,31300700000.0,,1199100000.0
AEP,4904,2022,544104955.0,93469400000.0,69301100000.0,,23893400000.0,14567400000.0,33626200000.0,,1396100000.0
AEP,4904,2023,544104955.0,96684000000.0,71355600000.0,,25246700000.0,11583600000.0,37652700000.0,,1806900000.0
AEP,4904,2024,544104955.0,103078000000.0,76054100000.0,,26943800000.0,13009300000.0,39307800000.0,,
AEP,4904,2025,544104955.0,114460000000.0,82204000000.0,,31138000000.0,13314000000.0,44128000000.0,,
AFG,1042046,2015,82921466.0,49859000000.0,45089000000.0,,4592000000.0,,1020000000.0,129000000.0,74000000.0
AFG,1042046,2016,82921466.0,55072000000.0,50153000000.0,,4916000000.0,,1283000000.0,385000000.0,77000000.0
AFG,1042046,2017,82921466.0,60658000000.0,55324000000.0,,5330000000.0,,1301000000.0,166000000.0,85000000.0
AFG,1042046,2018,82921466.0,63456000000.0,58484000000.0,,4970000000.0,,1302000000.0,-29000000.0,62000000.0
AFG,1042046,2019,82921466.0,70130000000.0,63861000000.0,,6269000000.0,,1473000000.0,211000000.0,68000000.0
AFG,1042046,2020,82921466.0,73566000000.0,66777000000.0,,6789000000.0,,1963000000.0,692000000.0,88000000.0
AFG,1042046,2021,82921466.0,28931000000.0,23919000000.0,,5012000000.0,,1964000000.0,1995000000.0,94000000.0
AFG,1042046,2022,82921466.0,28831000000.0,24779000000.0,,4052000000.0,,1496000000.0,898000000.0,85000000.0
AFG,1042046,2023,82921466.0,29787000000.0,25529000000.0,,4258000000.0,,1475000000.0,852000000.0,76000000.0
AFG,1042046,2024,82921466.0,30836000000.0,26370000000.0,,4466000000.0,,1475000000.0,887000000.0,76000000.0
AFG,1042046,2025,82921466.0,32642000000.0,27822000000.0,,4820000000.0,,1820000000.0,842000000.0,80000000.0
AFL,4977,2015,501343298.0,118296000000.0,100588000000.0,,17708000000.0,,,2533000000.0,289000000.0
AFL,4977,2016,501343298.0,129819000000.0,109337000000.0,,20482000000.0,,,2659000000.0,268000000.0
AFL,4977,2017,501343298.0,137217000000.0,112619000000.0,,24598000000.0,,,4604000000.0,240000000.0
AFL,4977,2018,501343298.0,140406000000.0,116944000000.0,,23462000000.0,,,2920000000.0,222000000.0
AFL,4977,2019,501343298.0,152768000000.0,123809000000.0,,28959000000.0,,,3304000000.0,228000000.0
AFL,4977,2020,501343298.0,165086000000.0,131527000000.0,,33559000000.0,,,4778000000.0,242000000.0
AFL,4977,2021,501343298.0,157542000000.0,124289000000.0,,33253000000.0,,,4325000000.0,238000000.0
AFL,4977,2022,501343298.0,131017000000.0,108652000000.0,,22365000000.0,,,4201000000.0,226000000.0
AFL,4977,2023,501343298.0,126724000000.0,104739000000.0,,21985000000.0,,,4659000000.0,195000000.0
AFL,4977,2024,501343298.0,117566000000.0,91468000000.0,,26098000000.0,,,5443000000.0,
AFL,4977,2025,501343298.0,116470000000.0,86980000000.0,,29490000000.0,,,3646000000.0,
AGO,1273813,2015,43979208.0,14544000000.0,8481000000.0,,6063000000.0,,1300000000.0,429000000.0,25000000.0
AGO,1273813,2016,43979208.0,14151000000.0,7647000000.0,,6504000000.0,,1306000000.0,197000000.0,25000000.0
AGO,1273813,2017,43979208.0,14433000000.0,7594000000.0,,6839000000.0,,1292000000.0,52000000.0,24000000.0
AGO,1273813,2018,43979208.0,13603000000.0,7048000000.0,,6555000000.0,,1233000000.0,88000000.0,23000000.0
AGO,1273813,2019,43979208.0,14326000000.0,7674000000.0,,6639000000.0,,1235000000.0,137000000.0,22000000.0
AGO,1273813,2020,43979208.0,15334000000.0,8629000000.0,,6643000000.0,,1224000000.0,362000000.0,85000000.0
AGO,1273813,2021,43979208.0,18208000000.0,11708000000.0,,6292000000.0,,1673000000.0,389000000.0,87000000.0
AGO,1273813,2022,43979208.0,16843000000.0,11551000000.0,,5064000000.0,,1675000000.0,124000000.0,81000000.0
AGO,1273813,2023,43979208.0,12539000000.0,6774000000.0,,5713000000.0,,1694000000.0,739000000.0,90000000.0
AGO,1273813,2024,43979208.0,11901000000.0,6348000000.0,,5495000000.0,,1699000000.0,376000000.0,
AGO,1273813,2025,43979208.0,12176000000.0,6387000000.0,,5663000000.0,,1704000000.0,503000000.0,
AIDX,1139685,2025,12770303.0,4137357.0,4156582.0,,-19225.0,2463141.0,,-3738821.0,156207.0
AIG,5272,2015,522893169.0,496943000000.0,406733000000.0,,89658000000.0,,29350000000.0,-1841000000.0,1281000000.0
AIG,5272,2016,522893169.0,498264000000.0,421406000000.0,,76300000000.0,,30912000000.0,-3041000000.0,1260000000.0
AIG,5272,2017,522893169.0,498301000000.0,432593000000.0,,65171000000.0,,31640000000.0,-6660000000.0,1168000000.0
AIG,5272,2018,522893169.0,491984000000.0,434675000000.0,,56361000000.0,,34540000000.0,-622000000.0,1309000000.0
AIG,5272,2019,522893169.0,525064000000.0,457637000000.0,,65675000000.0,,35350000000.0,929000000.0,1417000000.0
AIG,5272,2020,522893169.0,586481000000.0,519282000000.0,,66362000000.0,,37534000000.0,-5944000000.0,1457000000.0
AIG,5272,2021,522893169.0,596112000000.0,527200000000.0,,65956000000.0,,30163000000.0,9388000000.0,1305000000.0
AIG,5272,2022,522893169.0,526634000000.0,484399000000.0,,40002000000.0,,27179000000.0,10276000000.0,1125000000.0
AIG,5272,2023,522893169.0,539306000000.0,488005000000.0,,45351000000.0,,,3643000000.0,1136000000.0
AIG,5272,2024,522893169.0,161322000000.0,118772000000.0,,42521000000.0,,8922000000.0,898000000.0,462000000.0
AIG,5272,2025,522893169.0,161254000000.0,120092000000.0,,41139000000.0,,9191000000.0,3096000000.0,396000000.0
AIIA,2073553,2025,,140503529.0,131718.0,,1116812.0,,,1097990.0,
AITX,1498148,2015,432030200.0,88059.0,1115555.0,,-1027496.0,886465.0,1516697.0,-1049428.0,375412.0
AITX,1498148,2016,432030200.0,9446.0,1578428.0,,-1568982.0,1047037.0,,-1267955.0,647990.0
AITX,1498148,2017,432030200.0,3100.0,15262592.0,,-15259492.0,15179522.0,,33845898.0,811383.0
AITX,1498148,2018,432030200.0,736583.0,34999500.0,,-34262917.0,34784191.0,,-24249001.0,12411883.0
AITX,1498148,2019,432030200.0,591049.0,16422767.0,,-15831718.0,15743601.0,,16094835.0,6747025.0
AITX,1498148,2020,432030200.0,343642.0,21450047.0,,-21106405.0,19677221.0,,-6213649.0,3465098.0
AITX,1498148,2021,432030200.0,1567353.0,16111040.0,,-14543687.0,4410710.0,,-5898911.0,3379833.0
AITX,1498148,2022,432030200.0,9279018.0,30255375.0,,-20976357.0,4547718.0,,-62197484.0,16129499.0
AITX,1498148,2023,432030200.0,6296858.0,38139859.0,,-31843001.0,16049593.0,,-18109457.0,5426364.0
AITX,1498148,2024,432030200.0,7596791.0,47796348.0,,-40199557.0,21715651.0,,-20708716.0,6758044.0
AITX,1498148,2025,432030200.0,10985797.0,60514725.0,,-49931012.0,7576681.0,,-18935592.0,
AITX,1498148,2026,432030200.0,9302228.0,61965374.0,,-53211087.0,19952748.0,,-14510251.0,
AIZ,1267238,2015,49323767.0,30043128000.0,25519161000.0,,4523967000.0,,,65744000.0,55116000.0
AIZ,1267238,2016,49323767.0,29709128000.0,25611028000.0,,4098100000.0,,,31316000.0,57619000.0
AIZ,1267238,2017,49323767.0,31843000000.0,27561500000.0,,4270600000.0,,,312900000.0,49500000.0
AIZ,1267238,2018,49323767.0,41089300000.0,35955400000.0,,5112000000.0,,2006000000.0,20300000.0,100300000.0
AIZ,1267238,2019,49323767.0,44291200000.0,38609100000.0,,5652800000.0,,2006900000.0,382600000.0,110600000.0
AIZ,1267238,2020,49323767.0,44649900000.0,38695100000.0,,5951400000.0,,,441800000.0,104500000.0
AIZ,1267238,2021,49323767.0,33911500000.0,28421800000.0,,5489700000.0,,,1372400000.0,111800000.0
AIZ,1267238,2022,49323767.0,33123800000.0,28895100000.0,,4228700000.0,,,276600000.0,108300000.0
AIZ,1267238,2023,49323767.0,33635200000.0,28825700000.0,,4809500000.0,,,642500000.0,108000000.0
AIZ,1267238,2024,49323767.0,35020600000.0,29913900000.0,,5106700000.0,,,760200000.0,
AIZ,1267238,2025,49323767.0,36289600000.0,30418000000.0,,5871600000.0,,,872700000.0,
AJG,354190,2015,256300000.0,10913800000.0,7225600000.0,,3638300000.0,4191700000.0,2075000000.0,62300000.0,103000000.0
AJG,354190,2016,256300000.0,11489600000.0,7833800000.0,,3596600000.0,4611700000.0,2144600000.0,95100000.0,109800000.0
AJG,354190,2017,256300000.0,12897400000.0,8732500000.0,,4105200000.0,4912300000.0,2691900000.0,105100000.0,124100000.0
AJG,354190,2018,256300000.0,16334000000.0,11764300000.0,,4498900000.0,7693600000.0,3091400000.0,117300000.0,138400000.0
AJG,354190,2019,256300000.0,19634800000.0,14419300000.0,,5155500000.0,8921000000.0,3816100000.0,98500000.0,179800000.0
AJG,354190,2020,256300000.0,22331400000.0,16098700000.0,,6186200000.0,10135000000.0,4266000000.0,142200000.0,196400000.0
AJG,354190,2021,256300000.0,33345000000.0,24784900000.0,,8508400000.0,16735000000.0,5810200000.0,906800000.0,226100000.0
AJG,354190,2022,256300000.0,38907800000.0,29717600000.0,,9143600000.0,21888000000.0,5562800000.0,1114200000.0,256900000.0
AJG,354190,2023,256300000.0,51615800000.0,40800500000.0,,10775300000.0,31064700000.0,7006000000.0,969500000.0,296700000.0
AJG,354190,2024,256300000.0,64255200000.0,44075600000.0,,20153500000.0,29260800000.0,12731900000.0,1462700000.0,381300000.0
AJG,354190,2025,256300000.0,70665000000.0,47318000000.0,,23321000000.0,32519000000.0,12104000000.0,1494000000.0,639000000.0
ALL,899051,2015,252857950.0,104656000000.0,84631000000.0,,20025000000.0,,5124000000.0,2171000000.0,292000000.0
ALL,899051,2016,252857950.0,108610000000.0,88037000000.0,,20573000000.0,,6347000000.0,1877000000.0,295000000.0
ALL,899051,2017,252857950.0,112422000000.0,89871000000.0,,22551000000.0,,6350000000.0,3189000000.0,335000000.0
ALL,899051,2018,252857950.0,112249000000.0,90937000000.0,,21312000000.0,,6451000000.0,2252000000.0,332000000.0
ALL,899051,2019,252857950.0,119950000000.0,93952000000.0,,25998000000.0,,6631000000.0,4847000000.0,327000000.0
ALL,899051,2020,252857950.0,125987000000.0,95770000000.0,,30217000000.0,,7825000000.0,5576000000.0,318000000.0
ALL,899051,2021,252857950.0,99440000000.0,74313000000.0,,25179000000.0,,7976000000.0,1599000000.0,330000000.0
ALL,899051,2022,252857950.0,97957000000.0,80607000000.0,,17475000000.0,,7964000000.0,-1311000000.0,335000000.0
ALL,899051,2023,252857950.0,103362000000.0,85732000000.0,,17770000000.0,,7942000000.0,-188000000.0,379000000.0
ALL,899051,2024,252857950.0,111617000000.0,90250000000.0,,21442000000.0,,8085000000.0,4667000000.0,
ALL,899051,2025,252857950.0,119758000000.0,89169000000.0,,30610000000.0,,7490000000.0,10282000000.0,
ALLY,40729,2015,304199693.0,158581000000.0,145142000000.0,66478000000.0,13439000000.0,,54647000000.0,263000000.0,2429000000.0
ALLY,40729,2016,304199693.0,163728000000.0,150411000000.0,79022000000.0,13317000000.0,,39260000000.0,248000000.0,2629000000.0
ALLY,40729,2017,304199693.0,167148000000.0,153654000000.0,93256000000.0,13494000000.0,,33037000000.0,181000000.0,2857000000.0
ALLY,40729,2018,304199693.0,178869000000.0,165601000000.0,106178000000.0,13268000000.0,,35217000000.0,290000000.0,3637000000.0
ALLY,40729,2019,304199693.0,180644000000.0,166228000000.0,120752000000.0,14416000000.0,,24808000000.0,378000000.0,4243000000.0
ALLY,40729,2020,304199693.0,182165000000.0,167462000000.0,137036000000.0,14703000000.0,,16921000000.0,687000000.0,3243000000.0
ALLY,40729,2021,304199693.0,182114000000.0,165064000000.0,141558000000.0,17050000000.0,,11160000000.0,3060000000.0,1914000000.0
ALLY,40729,2022,304199693.0,191826000000.0,178967000000.0,152297000000.0,12859000000.0,,13344000000.0,1714000000.0,2857000000.0
ALLY,40729,2023,304199693.0,196392000000.0,182626000000.0,154666000000.0,13766000000.0,,13230000000.0,1020000000.0,6897000000.0
ALLY,40729,2024,304199693.0,191836000000.0,177933000000.0,151574000000.0,13903000000.0,,12676000000.0,108000000.0,
ALLY,40729,2025,304199693.0,196002000000.0,180504000000.0,151649000000.0,15498000000.0,,14411000000.0,852000000.0,
ALRM,1459200,2015,49090228.0,226095000.0,55964000.0,,170131000.0,29079000.0,6700000.0,3275000.0,
ALRM,1459200,2016,49090228.0,261245000.0,69996000.0,,191249000.0,39699000.0,6700000.0,2976000.0,
ALRM,1459200,2017,49090228.0,371641000.0,138814000.0,,232827000.0,44503000.0,71000000.0,320000.0,
ALRM,1459200,2018,49090228.0,440985000.0,163396000.0,,277589000.0,75270000.0,67000000.0,7928000.0,
ALRM,1459200,2019,49090228.0,557799000.0,190938000.0,,355651000.0,75795000.0,63000000.0,13035000.0,
ALRM,1459200,2020,49090228.0,731687000.0,253244000.0,,467752000.0,90244000.0,110000000.0,15967000.0,
ALRM,1459200,2021,49090228.0,1232015000.0,605960000.0,,613167000.0,129339000.0,,9146000.0,
ALRM,1459200,2022,49090228.0,1329375000.0,706528000.0,,598859000.0,164936000.0,,18085000.0,
ALRM,1459200,2023,49090228.0,1439563000.0,714709000.0,,688546000.0,175337000.0,,31304000.0,
ALRM,1459200,2024,49090228.0,2038208000.0,1266915000.0,,726546000.0,188806000.0,,30328000.0,11426000.0
ALRM,1459200,2025,49090228.0,2136591000.0,1245581000.0,,848163000.0,663140000.0,,,17294000.0
AMAT,6951,2015,793597443.0,15308000000.0,7695000000.0,,7613000000.0,3798000000.0,3342000000.0,336000000.0,103000000.0
AMAT,6951,2016,793597443.0,14588000000.0,7371000000.0,,7217000000.0,3632000000.0,3143000000.0,610000000.0,155000000.0
AMAT,6951,2017,793597443.0,19419000000.0,10070000000.0,,9349000000.0,4115000000.0,5304000000.0,982000000.0,198000000.0
AMAT,6951,2018,793597443.0,17773000000.0,10934000000.0,,6839000000.0,4068000000.0,5309000000.0,876000000.0,234000000.0
AMAT,6951,2019,793597443.0,19024000000.0,10810000000.0,,8214000000.0,4447000000.0,4713000000.0,698000000.0,237000000.0
AMAT,6951,2020,793597443.0,22353000000.0,11775000000.0,,10578000000.0,4459000000.0,5448000000.0,1131000000.0,240000000.0
AMAT,6951,2021,793597443.0,25825000000.0,13578000000.0,,12247000000.0,6344000000.0,5452000000.0,5888000000.0,236000000.0
AMAT,6951,2022,793597443.0,26726000000.0,14532000000.0,,12194000000.0,7379000000.0,5457000000.0,6525000000.0,228000000.0
AMAT,6951,2023,793597443.0,30729000000.0,14380000000.0,,16349000000.0,7372000000.0,5461000000.0,6856000000.0,238000000.0
AMAT,6951,2024,793597443.0,34409000000.0,15408000000.0,,19001000000.0,8468000000.0,5460000000.0,7177000000.0,
AMAT,6951,2025,793597443.0,36299000000.0,15884000000.0,,20415000000.0,7999000000.0,6455000000.0,6998000000.0,
AMG,1004434,2015,25859933.0,7784800000.0,3403200000.0,,2837100000.0,,645000000.0,150300000.0,88900000.0
AMG,1004434,2016,25859933.0,8749100000.0,3649100000.0,,3619600000.0,,868600000.0,150200000.0,89400000.0
AMG,1004434,2017,25859933.0,8702100000.0,3311700000.0,,3822200000.0,,809000000.0,315400000.0,85300000.0
AMG,1004434,2018,25859933.0,8219100000.0,3250500000.0,,3457400000.0,,779700000.0,-151300000.0,80600000.0
AMG,1004434,2019,25859933.0,7653500000.0,3237700000.0,,2937500000.0,,1793800000.0,22500000.0,76200000.0
AMG,1004434,2020,25859933.0,7888900000.0,3900100000.0,,2779700000.0,,2312100000.0,202200000.0,92300000.0
AMG,1004434,2021,25859933.0,8876400000.0,4491900000.0,,2786400000.0,,2490400000.0,565700000.0,111400000.0
AMG,1004434,2022,25859933.0,8881000000.0,4240000000.0,,3230300000.0,,2535300000.0,1145900000.0,114400000.0
AMG,1004434,2023,25859933.0,9059600000.0,4096100000.0,,3587900000.0,,2537500000.0,672900000.0,123800000.0
AMG,1004434,2024,25859933.0,8830900000.0,4182200000.0,,3345300000.0,,2620200000.0,511600000.0,
AMG,1004434,2025,25859933.0,9207400000.0,4785300000.0,,3238400000.0,,2691300000.0,716600000.0,
AMP,820027,2015,88333219.0,145342000000.0,136937000000.0,,7217000000.0,,,1562000000.0,
AMP,820027,2016,88333219.0,139821000000.0,133529000000.0,,6292000000.0,,,1314000000.0,
AMP,820027,2017,88333219.0,147470000000.0,141472000000.0,,,,,1480000000.0,
AMP,820027,2018,88333219.0,137216000000.0,131628000000.0,,,,,539000000.0,
AMP,820027,2019,88333219.0,151828000000.0,146099000000.0,,5729000000.0,,,463000000.0,
AMP,820027,2020,88333219.0,165883000000.0,160016000000.0,,5867000000.0,,,177000000.0,
AMP,820027,2021,88333219.0,175979000000.0,170294000000.0,20227000000.0,5685000000.0,,,2760000000.0,
AMP,820027,2022,88333219.0,158468000000.0,154855000000.0,30775000000.0,3613000000.0,,,2559000000.0,
AMP,820027,2023,88333219.0,175191000000.0,170462000000.0,37321000000.0,4729000000.0,,,377000000.0,
AMP,820027,2024,88333219.0,181403000000.0,176175000000.0,35826000000.0,5228000000.0,,,3401000000.0,
AMP,820027,2025,88333219.0,190904000000.0,184355000000.0,33750000000.0,6549000000.0,,,3563000000.0,
AMSF,1018979,2015,18536058.0,1502045000.0,1048064000.0,,453981000.0,,,23073000.0,
AMSF,1018979,2016,18536058.0,1518856000.0,1062706000.0,,456150000.0,,,19073000.0,
AMSF,1018979,2017,18536058.0,1518236000.0,1092813000.0,,425423000.0,,,649000.0,
AMSF,1018979,2018,18536058.0,1515931000.0,1106169000.0,,409762000.0,,,18806000.0,
AMSF,1018979,2019,18536058.0,1492906000.0,1062691000.0,,430215000.0,,,34014000.0,
AMSF,1018979,2020,18536058.0,1470855000.0,1032039000.0,,438816000.0,,,28501000.0,
AMSF,1018979,2021,18536058.0,1402724000.0,1003401000.0,,399323000.0,,,65756000.0,
AMSF,1018979,2022,18536058.0,1269279000.0,951847000.0,,317432000.0,,,55602000.0,
AMSF,1018979,2023,18536058.0,1229162000.0,936711000.0,,292451000.0,,,62108000.0,
AMSF,1018979,2024,18536058.0,1157791000.0,900450000.0,,257341000.0,,,55436000.0,
AMSF,1018979,2025,18536058.0,1130544000.0,878946000.0,,251598000.0,,,47145000.0,
ANET,1596532,2015,1261224648.0,1159890000.0,371738000.0,,788152000.0,235011000.0,,43924000.0,
ANET,1596532,2016,1261224648.0,1729007000.0,621187000.0,,1107820000.0,459553000.0,,58783000.0,
ANET,1596532,2017,1261224648.0,2460860000.0,798946000.0,,1661914000.0,529905000.0,,103833000.0,
ANET,1596532,2018,1261224648.0,3081983000.0,938594000.0,,2143389000.0,606504000.0,,170322000.0,2701000.0
ANET,1596532,2019,1261224648.0,4185290000.0,1290604000.0,,2894686000.0,597074000.0,,260692000.0,
ANET,1596532,2020,1261224648.0,4738919000.0,1418628000.0,,3320291000.0,768243000.0,,182958000.0,
ANET,1596532,2021,1261224648.0,5734429000.0,1755829000.0,,3978600000.0,1109829000.0,,840854000.0,
ANET,1596532,2022,1261224648.0,6775410000.0,1889590000.0,,4885820000.0,1293531000.0,,1352446000.0,
ANET,1596532,2023,1261224648.0,9946806000.0,2727747000.0,,7219059000.0,1909606000.0,,2087321000.0,
ANET,1596532,2024,1261224648.0,14043921000.0,4049114000.0,,9994807000.0,2732222000.0,,2852054000.0,
ANET,1596532,2025,1261224648.0,19448600000.0,7078100000.0,,12370500000.0,5376500000.0,,3511400000.0,
AON,315293,2015,212125434.0,27164000000.0,21001000000.0,,6106000000.0,13086000000.0,5175000000.0,,273000000.0
AON,315293,2016,212125434.0,26615000000.0,21083000000.0,,5475000000.0,12495000000.0,5869000000.0,,282000000.0
AON,315293,2017,212125434.0,26088000000.0,21440000000.0,,4583000000.0,12755000000.0,5667000000.0,,282000000.0
AON,315293,2018,212125434.0,26422000000.0,22203000000.0,,4151000000.0,13296000000.0,5993000000.0,,278000000.0
AON,315293,2019,212125434.0,29405000000.0,25956000000.0,,3375000000.0,15571000000.0,6627000000.0,,307000000.0
AON,315293,2020,212125434.0,32114000000.0,28531000000.0,,3495000000.0,17433000000.0,7281000000.0,,334000000.0
AON,315293,2021,212125434.0,31917000000.0,30759000000.0,,1061000000.0,19073000000.0,8228000000.0,1255000000.0,322000000.0
AON,315293,2022,212125434.0,32704000000.0,33133000000.0,,-529000000.0,20306000000.0,9825000000.0,2589000000.0,406000000.0
AON,315293,2023,212125434.0,33959000000.0,34701000000.0,,-826000000.0,21651000000.0,9995000000.0,2564000000.0,484000000.0
AON,315293,2024,212125434.0,48965000000.0,42535000000.0,,6121000000.0,22995000000.0,16265000000.0,2654000000.0,
AON,315293,2025,212125434.0,50784000000.0,41236000000.0,,9352000000.0,23226000000.0,14660000000.0,3695000000.0,
APAM,1517302,2015,,946532000.0,829981000.0,,130045000.0,,,20077000.0,11706000.0
APAM,1517302,2016,,936166000.0,818452000.0,,131711000.0,,,19299000.0,11653000.0
APAM,1517302,2017,,837155000.0,666509000.0,,109923000.0,,,-27493000.0,11449000.0
APAM,1517302,2018,,805014000.0,630178000.0,,135044000.0,,,32511000.0,11223000.0
APAM,1517302,2019,,933619000.0,752008000.0,,132957000.0,,,44553000.0,11054000.0
APAM,1517302,2020,,1151962000.0,867167000.0,,180477000.0,,,212617000.0,10804000.0
APAM,1517302,2021,,1208047000.0,801051000.0,,276204000.0,,,336516000.0,10803000.0
APAM,1517302,2022,,1234608000.0,819971000.0,,262221000.0,,,206755000.0,9912000.0
APAM,1517302,2023,,1405858000.0,802101000.0,,324151000.0,,200000000.0,222289000.0,8571000.0
APAM,1517302,2024,,1618756000.0,868837000.0,,388924000.0,,200000000.0,259748000.0,
APAM,1517302,2025,,1577292000.0,794873000.0,,438831000.0,,190000000.0,290320000.0,
APO,1858681,2022,590543159.0,259333000000.0,252104000000.0,,397000000.0,,6472000000.0,-3213000000.0,
APO,1858681,2023,590543159.0,313488000000.0,288243000000.0,,14044000000.0,,8092000000.0,5047000000.0,
APO,1858681,2024,590543159.0,377895000000.0,346915000000.0,,17253000000.0,,10588000000.0,4577000000.0,
APO,1858681,2025,590543159.0,460949000000.0,418434000000.0,,23341000000.0,,13364000000.0,3492000000.0,
ARES,1176948,2015,103332418.0,4321408000.0,3329497000.0,,246917000.0,,,185000.0,
ARES,1176948,2016,103332418.0,5829712000.0,4452450000.0,,292851000.0,,,34019000.0,
ARES,1176948,2017,103332418.0,8563522000.0,7103230000.0,,274857000.0,,,39596000.0,21219000.0
ARES,1176948,2018,103332418.0,10154692000.0,8760351000.0,,587924000.0,,,11937000.0,
ARES,1176948,2019,103332418.0,12014196000.0,10155598000.0,,768290000.0,,,38465000.0,
ARES,1176948,2020,103332418.0,15168992000.0,12596852000.0,,1193685000.0,,,152142000.0,
ARES,1176948,2021,103332418.0,21605164000.0,16694730000.0,,1825227000.0,,,408837000.0,36760000.0
ARES,1176948,2022,103332418.0,22002839000.0,17097810000.0,,1589239000.0,,,167541000.0,71356000.0
ARES,1176948,2023,103332418.0,24730500000.0,19709151000.0,,1893399000.0,,,474326000.0,
ARES,1176948,2024,103332418.0,24884308000.0,17485922000.0,,3543646000.0,,,463742000.0,
ARES,1176948,2025,103332418.0,28633369000.0,19931981000.0,,4275463000.0,,,527362000.0,
ASB,7789,2015,188849659.0,27715021000.0,24777775000.0,21007665000.0,2937246000.0,,2679350000.0,188301000.0,77384000.0
ASB,7789,2016,188849659.0,29139315000.0,26048003000.0,21888448000.0,3091312000.0,,2761795000.0,200274000.0,84295000.0
ASB,7789,2017,188849659.0,30483594000.0,27246151000.0,22785962000.0,3237443000.0,,3397450000.0,229264000.0,145385000.0
ASB,7789,2018,188849659.0,33647859000.0,29866971000.0,24897393000.0,3780888000.0,,3469982000.0,333562000.0,274557000.0
ASB,7789,2019,188849659.0,32386478000.0,28464355000.0,23779064000.0,3922124000.0,,3210310000.0,326790000.0,336936000.0
ASB,7789,2020,188849659.0,33419783000.0,29328850000.0,26482481000.0,4090933000.0,,549465000.0,306771000.0,149883000.0
ASB,7789,2021,188849659.0,35104253000.0,31079399000.0,28466430000.0,4024853000.0,,1870371000.0,350994000.0,72334000.0
ASB,7789,2022,188849659.0,39405727000.0,35390237000.0,29636154000.0,4015490000.0,,1442932000.0,366122000.0,187931000.0
ASB,7789,2023,188849659.0,41015855000.0,36841882000.0,33446049000.0,4173973000.0,,1741463000.0,182956000.0,918479000.0
ASB,7789,2024,188849659.0,43023068000.0,38417506000.0,34648434000.0,4605562000.0,,1441442000.0,123145000.0,1075456000.0
ASB,7789,2025,188849659.0,45202596000.0,40227249000.0,35552608000.0,4975347000.0,,1007120000.0,474777000.0,971611000.0
ASTE,792987,2015,23025367.0,777353000.0,167495000.0,,608072000.0,142012000.0,5154000.0,32797000.0,1611000.0
ASTE,792987,2016,23025367.0,843601000.0,194760000.0,,647830000.0,168861000.0,4116000.0,55159000.0,1395000.0
ASTE,792987,2017,23025367.0,889579000.0,202814000.0,,685672000.0,179146000.0,1575000.0,37795000.0,840000.0
ASTE,792987,2018,23025367.0,855457000.0,270167000.0,,584580000.0,189231000.0,59709000.0,-60449000.0,1045000.0
ASTE,792987,2019,23025367.0,800498000.0,198011000.0,,601949000.0,172767000.0,690000.0,22306000.0,1367000.0
ASTE,792987,2020,23025367.0,848200000.0,205200000.0,,642500000.0,170300000.0,400000.0,15400000.0,700000.0
ASTE,792987,2021,23025367.0,911300000.0,256500000.0,,654300000.0,225300000.0,200000.0,17800000.0,1100000.0
ASTE,792987,2022,23025367.0,1014400000.0,387500000.0,,626900000.0,274000000.0,78100000.0,-100000.0,2500000.0
ASTE,792987,2023,23025367.0,1059300000.0,405600000.0,,653400000.0,299000000.0,72000000.0,33500000.0,8900000.0
ASTE,792987,2024,23025367.0,1043600000.0,406000000.0,,637800000.0,271700000.0,105000000.0,4300000.0,
ASTE,792987,2025,23025367.0,1367200000.0,685600000.0,,681700000.0,328000000.0,319600000.0,38800000.0,
AUB,883948,2015,142814896.0,7693291000.0,6697924000.0,5963936000.0,995367000.0,,,67079000.0,24937000.0
AUB,883948,2016,142814896.0,8426793000.0,7425761000.0,6379489000.0,1001032000.0,,,77476000.0,29770000.0
AUB,883948,2017,142814896.0,9315179000.0,8268850000.0,6991718000.0,1046329000.0,,,72923000.0,50037000.0
AUB,883948,2018,142814896.0,13765599000.0,11841018000.0,9970960000.0,1924581000.0,,,146248000.0,102097000.0
AUB,883948,2019,142814896.0,17562990000.0,15049888000.0,13304981000.0,2513102000.0,,,193528000.0,161460000.0
AUB,883948,2020,142814896.0,19628449000.0,16919959000.0,15722765000.0,2708490000.0,,,158228000.0,98156000.0
AUB,883948,2021,142814896.0,20064796000.0,17354725000.0,16611068000.0,2710071000.0,,,263917000.0,41099000.0
AUB,883948,2022,142814896.0,20461138000.0,18088401000.0,15931677000.0,2372737000.0,,,234510000.0,76174000.0
AUB,883948,2023,142814896.0,21166197000.0,18609870000.0,16818129000.0,2556327000.0,,,201818000.0,343437000.0
AUB,883948,2024,142814896.0,24585323000.0,21442444000.0,20397619000.0,3142879000.0,,,209131000.0,
AUB,883948,2025,142814896.0,37585754000.0,32579356000.0,30471636000.0,5006398000.0,,,273715000.0,
AVT,8858,2015,82072979.0,10799953000.0,6114932000.0,,4685021000.0,4272296000.0,1646501000.0,,95665000.0
AVT,8858,2016,82072979.0,11239805000.0,6548519000.0,,4691286000.0,4942493000.0,1339204000.0,,99055000.0
AVT,8858,2017,82072979.0,9699589000.0,4517521000.0,,5182068000.0,2453771000.0,1729212000.0,,106691000.0
AVT,8858,2018,82072979.0,9596845000.0,4911764000.0,,4685081000.0,2969461000.0,1489219000.0,-156424000.0,102525000.0
AVT,8858,2019,82072979.0,8564556000.0,4424083000.0,,4140473000.0,2578576000.0,1419922000.0,176337000.0,134874000.0
AVT,8858,2020,82072979.0,8105197000.0,4378799000.0,,3726398000.0,2280366000.0,1424791000.0,-31081000.0,122742000.0
AVT,8858,2021,82072979.0,8925422000.0,4841238000.0,,4084184000.0,3055238000.0,1191329000.0,193114000.0,89473000.0
AVT,8858,2022,82072979.0,10388532000.0,6195772000.0,,4192760000.0,4251654000.0,1437400000.0,692379000.0,100375000.0
AVT,8858,2023,82072979.0,12477159000.0,7725490000.0,,4751669000.0,4249378000.0,2988029000.0,770828000.0,250869000.0
AVT,8858,2024,82072979.0,12209147000.0,7283643000.0,,4925504000.0,4465269000.0,2406629000.0,498699000.0,282867000.0
AVT,8858,2025,82072979.0,12118553000.0,7107058000.0,,5011495000.0,4128104000.0,2574729000.0,240217000.0,
AVT,8858,2026,82072979.0,15425393000.0,10402890000.0,,5022503000.0,7503432000.0,2478864000.0,334389000.0,
AX,1299709,2015,56734842.0,5823719000.0,5290193000.0,4451917000.0,533526000.0,,,24395000.0,12273000.0
AX,1299709,2016,56734842.0,7601354000.0,6917764000.0,6044051000.0,683590000.0,,,29727000.0,17106000.0
AX,1299709,2017,56734842.0,8501680000.0,7667433000.0,6899507000.0,834247000.0,,,32549000.0,20016000.0
AX,1299709,2018,56734842.0,9539504000.0,8578991000.0,7985350000.0,960513000.0,,,37117000.0,31850000.0
AX,1299709,2019,56734842.0,11220238000.0,10147188000.0,8983173000.0,1073050000.0,,168929000.0,40634000.0,41206000.0
AX,1299709,2020,56734842.0,13851900000.0,12621054000.0,11336694000.0,1230846000.0,,235789000.0,45300000.0,26871000.0
AX,1299709,2021,56734842.0,14265565000.0,12864629000.0,10815797000.0,1400936000.0,,221358000.0,54255000.0,15267000.0
AX,1299709,2022,56734842.0,17401165000.0,15758192000.0,13946422000.0,1642973000.0,,445244000.0,240716000.0,52570000.0
AX,1299709,2023,56734842.0,20348469000.0,18431310000.0,17123108000.0,1917159000.0,,361779000.0,307165000.0,374017000.0
AX,1299709,2024,56734842.0,22855334000.0,20564738000.0,19359217000.0,2290596000.0,,325679000.0,450008000.0,694178000.0
AX,1299709,2025,56734842.0,24783078000.0,22102401000.0,20829543000.0,2680677000.0,,312671000.0,432908000.0,687693000.0
AX,1299709,2026,56734842.0,29961869000.0,26795451000.0,24565392000.0,3166418000.0,,342915000.0,490372000.0,710042000.0
AXP,4962,2015,675309833.0,161184000000.0,140511000000.0,54997000000.0,20673000000.0,,48061000000.0,899000000.0,1623000000.0
AXP,4962,2016,675309833.0,158893000000.0,138392000000.0,53042000000.0,20501000000.0,,46990000000.0,825000000.0,1704000000.0
AXP,4962,2017,675309833.0,181159000000.0,162932000000.0,64452000000.0,18227000000.0,,55804000000.0,-1197000000.0,2112000000.0
AXP,4962,2018,675309833.0,188602000000.0,166312000000.0,69960000000.0,22290000000.0,,58423000000.0,2010000000.0,2943000000.0
AXP,4962,2019,675309833.0,198321000000.0,175250000000.0,73287000000.0,23071000000.0,,57835000000.0,1693000000.0,3464000000.0
AXP,4962,2020,675309833.0,191367000000.0,168383000000.0,86875000000.0,22984000000.0,,42952000000.0,1438000000.0,2098000000.0
AXP,4962,2021,675309833.0,188548000000.0,166371000000.0,84382000000.0,22177000000.0,,38675000000.0,8060000000.0,1283000000.0
AXP,4962,2022,675309833.0,228354000000.0,203643000000.0,110239000000.0,24711000000.0,,42573000000.0,7514000000.0,2763000000.0
AXP,4962,2023,675309833.0,261108000000.0,233051000000.0,129144000000.0,28057000000.0,,47866000000.0,8374000000.0,6849000000.0
AXP,4962,2024,675309833.0,271461000000.0,241197000000.0,139413000000.0,30264000000.0,,49715000000.0,10129000000.0,
AXP,4962,2025,675309833.0,300052000000.0,266578000000.0,152488000000.0,33474000000.0,,56387000000.0,10833000000.0,
BA,12927,2015,790370020.0,94408000000.0,,,6335000000.0,50412000000.0,,1026000000.0,
BA,12927,2016,790370020.0,89997000000.0,,,817000000.0,50134000000.0,,1631000000.0,
BA,12927,2017,790370020.0,92333000000.0,,,355000000.0,56269000000.0,,3132000000.0,
BA,12927,2018,790370020.0,117359000000.0,,,339000000.0,81590000000.0,,3424000000.0,
BA,12927,2019,790370020.0,133625000000.0,,,-8617000000.0,97312000000.0,,-1010000000.0,
BA,12927,2020,790370020.0,152136000000.0,170211000000.0,,-18316000000.0,87280000000.0,63380000000.0,-8420000000.0,
BA,12927,2021,790370020.0,138552000000.0,153398000000.0,,-14999000000.0,81992000000.0,57921000000.0,-4202000000.0,
BA,12927,2022,790370020.0,137100000000.0,152948000000.0,,-15883000000.0,90052000000.0,56794000000.0,-4935000000.0,
BA,12927,2023,790370020.0,137012000000.0,154240000000.0,,-17233000000.0,95827000000.0,52055000000.0,-2222000000.0,
BA,12927,2024,790370020.0,156363000000.0,160277000000.0,,-3908000000.0,97078000000.0,53625000000.0,-11817000000.0,
BA,12927,2025,790370020.0,168235000000.0,162778000000.0,,5454000000.0,108115000000.0,53848000000.0,2235000000.0,
BAC,70858,2015,6992748365.0,2144316000000.0,1888111000000.0,1197259000000.0,256205000000.0,,236764000000.0,15888000000.0,10549000000.0
BAC,70858,2016,6992748365.0,2187702000000.0,1920862000000.0,1260934000000.0,266840000000.0,,216823000000.0,17906000000.0,9961000000.0
BAC,70858,2017,6992748365.0,2281234000000.0,2014088000000.0,1309545000000.0,267146000000.0,,227402000000.0,18232000000.0,12912000000.0
BAC,70858,2018,6992748365.0,2354507000000.0,2089182000000.0,1381476000000.0,265325000000.0,,229340000000.0,28147000000.0,19337000000.0
BAC,70858,2019,6992748365.0,2434079000000.0,2169269000000.0,1434803000000.0,264810000000.0,,240856000000.0,27430000000.0,22345000000.0
BAC,70858,2020,6992748365.0,2819627000000.0,2546703000000.0,1795480000000.0,272924000000.0,,262934000000.0,17894000000.0,8225000000.0
BAC,70858,2021,6992748365.0,3169495000000.0,2899429000000.0,2064446000000.0,270066000000.0,,280117000000.0,31978000000.0,4738000000.0
BAC,70858,2022,6992748365.0,3051375000000.0,2778178000000.0,1930341000000.0,273197000000.0,,275982000000.0,27528000000.0,20103000000.0
BAC,70858,2023,6992748365.0,3180151000000.0,2888505000000.0,1923827000000.0,291646000000.0,,302204000000.0,26515000000.0,73331000000.0
BAC,70858,2024,6992748365.0,3261519000000.0,2965960000000.0,1965467000000.0,295559000000.0,,283279000000.0,27132000000.0,
BAC,70858,2025,6992748365.0,3411738000000.0,3108495000000.0,2018729000000.0,303243000000.0,,317816000000.0,30509000000.0,
BALL,9389,2015,264703357.0,9777000000.0,8515700000.0,,1251300000.0,2141600000.0,5054200000.0,,259700000.0
BALL,9389,2016,264703357.0,16173000000.0,12632000000.0,,3435000000.0,2969000000.0,7310000000.0,,
BALL,9389,2017,264703357.0,17169000000.0,13123000000.0,,3941000000.0,4107000000.0,6518000000.0,,
BALL,9389,2018,264703357.0,16554000000.0,12992000000.0,,3458000000.0,4095000000.0,6510000000.0,,
BALL,9389,2019,264703357.0,17360000000.0,14341000000.0,,2949000000.0,5577000000.0,6337000000.0,,
BALL,9389,2020,264703357.0,18252000000.0,14915000000.0,,3275000000.0,4444000000.0,,,
BALL,9389,2021,264703357.0,19714000000.0,16029000000.0,,3627000000.0,5953000000.0,,,
BALL,9389,2022,264703357.0,19909000000.0,16382000000.0,,3461000000.0,7008000000.0,,,
BALL,9389,2023,264703357.0,19303000000.0,15466000000.0,,3769000000.0,6185000000.0,,,
BALL,9389,2024,264703357.0,17628000000.0,11698000000.0,,5862000000.0,4847000000.0,,,
BALL,9389,2025,264703357.0,19524000000.0,14103000000.0,,5421000000.0,5487000000.0,,,
BAM,1937926,2022,,3161000000.0,784000000.0,,2377000000.0,,,19000000.0,
BAM,1937926,2023,,3205000000.0,1120000000.0,,2076000000.0,,,451000000.0,9000000.0
BAM,1937926,2024,,4386000000.0,1108000000.0,,3247000000.0,,,541000000.0,
BAM,1937926,2025,,17047000000.0,6737000000.0,,,,,2398000000.0,
BANC,1169770,2015,157950529.0,8235555000.0,7583150000.0,6303085000.0,652405000.0,,,19038000.0,12133000.0
BANC,1169770,2016,157950529.0,11029853000.0,10049614000.0,9142150000.0,980239000.0,,,33264000.0,16799000.0
BANC,1169770,2017,157950529.0,10327852000.0,9315544000.0,7292903000.0,1012308000.0,,,11302000.0,23984000.0
BANC,1169770,2018,157950529.0,10630067000.0,9684533000.0,7916644000.0,945534000.0,,,11038000.0,40448000.0
BANC,1169770,2019,157950529.0,7828410000.0,6921165000.0,5427167000.0,907245000.0,,173421000.0,14272000.0,27042000.0
BANC,1169770,2020,157950529.0,7877334000.0,6980127000.0,6085800000.0,897207000.0,,,12574000.0,66013000.0
BANC,1169770,2021,157950529.0,9393743000.0,8328453000.0,7439435000.0,1065290000.0,,,62346000.0,37881000.0
BANC,1169770,2022,157950529.0,9197016000.0,8237398000.0,7120921000.0,959618000.0,,,120939000.0,58407000.0
BANC,1169770,2023,157950529.0,38534064000.0,35143299000.0,30401769000.0,3390765000.0,,2911322000.0,-1899137000.0,1223872000.0
BANC,1169770,2024,157950529.0,33542864000.0,30042915000.0,27191909000.0,3499949000.0,,1391814000.0,126888000.0,886655000.0
BANC,1169770,2025,157950529.0,34797442000.0,31256165000.0,27843357000.0,3541277000.0,,2063819000.0,228973000.0,
BANF,760498,2015,33598745.0,6692829000.0,6037319000.0,5973358000.0,655510000.0,,,15728000.0,12253000.0
BANF,760498,2016,33598745.0,7018952000.0,6307858000.0,6248057000.0,711094000.0,,,18620000.0,14741000.0
BANF,760498,2017,33598745.0,7253156000.0,6477527000.0,6415045000.0,775629000.0,,,19497000.0,20929000.0
BANF,760498,2018,33598745.0,7574258000.0,6671469000.0,6605495000.0,902789000.0,,,32725000.0,42728000.0
BANF,760498,2019,33598745.0,8565758000.0,7560769000.0,7483635000.0,1004989000.0,,,35507000.0,54736000.0
BANF,760498,2020,33598745.0,9212357000.0,8144472000.0,8064704000.0,1067885000.0,,,99586000.0,20446000.0
BANF,760498,2021,33598745.0,9405612000.0,8233878000.0,8091914000.0,1171734000.0,,,167630000.0,11364000.0
BANF,760498,2022,33598745.0,12387863000.0,11137027000.0,10974228000.0,1250836000.0,,,193100000.0,46147000.0
BANF,760498,2023,33598745.0,12372042000.0,10938151000.0,10700122000.0,1433891000.0,,,212465000.0,199480000.0
BANF,760498,2024,33598745.0,13554314000.0,11933127000.0,11718546000.0,1621187000.0,,,216354000.0,
BANF,760498,2025,33598745.0,14838893000.0,12984768000.0,12670393000.0,1854125000.0,,,240610000.0,
BANR,946673,2015,33984909.0,9796298000.0,8496239000.0,8055068000.0,1300059000.0,,,6893000.0,4396000.0
BANR,946673,2016,33984909.0,9793668000.0,8487958000.0,8121414000.0,1305710000.0,,,22804000.0,3836000.0
BANR,946673,2017,33984909.0,9763209000.0,8490583000.0,8183431000.0,1272626000.0,,,-13548000.0,5211000.0
BANR,946673,2018,33984909.0,11871317000.0,10392722000.0,9477048000.0,1478595000.0,,,37528000.0,11282000.0
BANR,946673,2019,33984909.0,12604031000.0,11009997000.0,10048641000.0,1594034000.0,,,33655000.0,13918000.0
BANR,946673,2020,33984909.0,15031623000.0,13365359000.0,12567296000.0,1666264000.0,,,38957000.0,7716000.0
BANR,946673,2021,33984909.0,16804872000.0,15114545000.0,14326933000.0,1690327000.0,,,201048000.0,23609000.0
BANR,946673,2022,33984909.0,15833431000.0,14376999000.0,13620059000.0,1456432000.0,,,195378000.0,19390000.0
BANR,946673,2023,33984909.0,15670391000.0,14017700000.0,13029497000.0,1652691000.0,,,183624000.0,125567000.0
BANR,946673,2024,33984909.0,16200037000.0,14425711000.0,13514398000.0,1774326000.0,,,168898000.0,
BANR,946673,2025,33984909.0,16354488000.0,14408191000.0,13743146000.0,1946297000.0,,,195382000.0,
BB,1070235,2015,586100431.0,6549000000.0,3118000000.0,,3431000000.0,1363000000.0,1707000000.0,-304000000.0,
BB,1070235,2016,586100431.0,5534000000.0,2326000000.0,,3208000000.0,1039000000.0,,-208000000.0,
BB,1070235,2017,586100431.0,3263000000.0,1206000000.0,,2057000000.0,606000000.0,,-1206000000.0,
BB,1070235,2018,586100431.0,3780000000.0,1275000000.0,,2505000000.0,464000000.0,,405000000.0,
BB,1070235,2019,586100431.0,3929000000.0,1293000000.0,,2636000000.0,471000000.0,,93000000.0,
BB,1070235,2020,586100431.0,3888000000.0,1359000000.0,,2529000000.0,1121000000.0,,-152000000.0,
BB,1070235,2021,586100431.0,2818000000.0,1314000000.0,,1504000000.0,429000000.0,,-1104000000.0,
BB,1070235,2022,586100431.0,2567000000.0,1011000000.0,,1556000000.0,397000000.0,,12000000.0,
BB,1070235,2023,586100431.0,1679000000.0,822000000.0,,857000000.0,729000000.0,,-734000000.0,
BB,1070235,2024,586100431.0,1395000000.0,619000000.0,,776000000.0,356000000.0,194000000.0,-130000000.0,
BB,1070235,2025,586100431.0,1295600000.0,575700000.0,,719900000.0,344300000.0,195300000.0,-79000000.0,
BB,1070235,2026,586100431.0,1245200000.0,499200000.0,,746000000.0,268100000.0,196500000.0,53200000.0,
BBT,1108134,2015,83816086.0,7831915000.0,6944726000.0,5589135000.0,887189000.0,,192947000.0,49518000.0,9676000.0
BBT,1108134,2016,83816086.0,9162542000.0,8069244000.0,6622092000.0,1093298000.0,,231953000.0,58670000.0,13276000.0
BBT,1108134,2017,83816086.0,11570751000.0,10074487000.0,8749530000.0,1496264000.0,,469775000.0,-2810000.0,19457000.0
BBT,1108134,2018,83816086.0,12212231000.0,10659313000.0,8982381000.0,1552918000.0,,398984000.0,14259000.0,34447000.0
BBT,1108134,2019,83816086.0,13215970000.0,11457406000.0,10335977000.0,1758564000.0,,702550000.0,25751000.0,34108000.0
BBT,1108134,2020,83816086.0,12838013000.0,11650240000.0,10215808000.0,1187773000.0,,531637000.0,15009000.0,16422000.0
BBT,1108134,2021,83816086.0,11554913000.0,10372478000.0,10068953000.0,1182435000.0,,110844000.0,20248000.0,6548000.0
BBT,1108134,2022,83816086.0,11662864000.0,10708802000.0,10327269000.0,954062000.0,,125509000.0,30505000.0,19292000.0
BBT,1108134,2023,83816086.0,12430821000.0,11418600000.0,10633384000.0,1012221000.0,,246586000.0,-1445000.0,62116000.0
BBT,1108134,2024,83816086.0,12273408000.0,11105984000.0,10375204000.0,1167424000.0,,334594000.0,19657000.0,63700000.0
BBT,1108134,2025,83816086.0,23220372000.0,20724311000.0,19514657000.0,2496061000.0,,788360000.0,53366000.0,112842000.0
BEN,38777,2015,508076910.0,16335700000.0,3780300000.0,,11841000000.0,,,2035300000.0,39600000.0
BEN,38777,2016,508076910.0,16098800000.0,3509500000.0,,11935800000.0,,,1726700000.0,49900000.0
BEN,38777,2017,508076910.0,17534000000.0,2656300000.0,,12620000000.0,,,1696700000.0,51500000.0
BEN,38777,2018,508076910.0,14383500000.0,3132000000.0,,9899200000.0,,,764400000.0,48700000.0
BEN,38777,2019,508076910.0,14532200000.0,3161300000.0,,9906500000.0,,,1195700000.0,24700000.0
BEN,38777,2020,508076910.0,20220900000.0,8705200000.0,,10114500000.0,,,798900000.0,33400000.0
BEN,38777,2021,508076910.0,24168400000.0,11424800000.0,,11223400000.0,,,1831200000.0,85400000.0
BEN,38777,2022,508076910.0,28060600000.0,14235900000.0,,11474600000.0,,,1291900000.0,98200000.0
BEN,38777,2023,508076910.0,30121200000.0,16547300000.0,,11916900000.0,,,882800000.0,123700000.0
BEN,38777,2024,508076910.0,32464500000.0,17899700000.0,,12508100000.0,,,464800000.0,97200000.0
BEN,38777,2025,508076910.0,32368300000.0,18179500000.0,,12077800000.0,,,524900000.0,94900000.0
BFH,1101215,2015,38419268.0,22421830000.0,20244423000.0,,2010030000.0,6405559000.0,5062501000.0,,89364000.0
BFH,1101215,2016,38419268.0,25514100000.0,23855900000.0,,1658200000.0,9229500000.0,5601400000.0,,117700000.0
BFH,1101215,2017,38419268.0,30684800000.0,28829500000.0,,1855300000.0,10146700000.0,6079600000.0,,156400000.0
BFH,1101215,2018,38419268.0,30387700000.0,28055600000.0,,2332100000.0,11484000000.0,5737900000.0,,176800000.0
BFH,1101215,2019,38419268.0,26494800000.0,24906500000.0,,1588300000.0,11872000000.0,2849900000.0,97500000.0,141600000.0
BFH,1101215,2020,38419268.0,22547100000.0,21025500000.0,,1521600000.0,10421900000.0,2805700000.0,12000000.0,112500000.0
BFH,1101215,2021,38419268.0,21746000000.0,19660000000.0,11027000000.0,2086000000.0,,1986000000.0,801000000.0,383000000.0
BFH,1101215,2022,38419268.0,25407000000.0,23142000000.0,13826000000.0,2265000000.0,,8007000000.0,223000000.0,503000000.0
BFH,1101215,2023,38419268.0,23141000000.0,20223000000.0,13620000000.0,2918000000.0,,5292000000.0,718000000.0,879000000.0
BFH,1101215,2024,38419268.0,22891000000.0,19840000000.0,13082000000.0,3051000000.0,,5557000000.0,277000000.0,
BFH,1101215,2025,38419268.0,22663000000.0,19336000000.0,13916000000.0,3327000000.0,,4308000000.0,518000000.0,
BGC,1094831,2015,,3991454000.0,2691739000.0,,651123000.0,,,126788000.0,69359000.0
BGC,1094831,2016,,3508400000.0,2302085000.0,,841863000.0,,,102477000.0,57637000.0
BGC,1094831,2017,,5457130000.0,4270974000.0,,633886000.0,,1650509000.0,51475000.0,102504000.0
BGC,1094831,2018,,3432757000.0,2544877000.0,,768373000.0,,763548000.0,197520000.0,41733000.0
BGC,1094831,2019,,3916120000.0,3148745000.0,,685826000.0,,1142687000.0,55707000.0,59077000.0
BGC,1094831,2020,,3949300000.0,3120397000.0,,748939000.0,,1315935000.0,-2338000.0,21811000.0
BGC,1094831,2021,,3342166000.0,2660090000.0,,619752000.0,,1052831000.0,124007000.0,69329000.0
BGC,1094831,2022,,3074971000.0,2326244000.0,,669645000.0,,1049217000.0,48712000.0,57932000.0
BGC,1094831,2023,,3175937000.0,2277781000.0,,885083000.0,,1183506000.0,38775.0,77231000.0
BGC,1094831,2024,,3591967000.0,2512728000.0,,898507000.0,,1337540000.0,123228000.0,
BGC,1094831,2025,,4411989000.0,3266647000.0,,972483000.0,,1775705000.0,154962000.0,
BHF,1685040,2017,57511563.0,224192000000.0,209612000000.0,,14515000000.0,,3612000000.0,,
BHF,1685040,2018,57511563.0,206294000000.0,191811000000.0,,14418000000.0,,3963000000.0,,
BHF,1685040,2019,57511563.0,227259000000.0,211022000000.0,,16172000000.0,,4365000000.0,-1070000000.0,
BHF,1685040,2020,57511563.0,247869000000.0,229781000000.0,,18023000000.0,,3436000000.0,-1061000000.0,
BHF,1685040,2021,57511563.0,259840000000.0,243633000000.0,,16142000000.0,,3157000000.0,-108000000.0,
BHF,1685040,2022,57511563.0,225580000000.0,219542000000.0,,5973000000.0,,3156000000.0,5000000.0,
BHF,1685040,2023,57511563.0,236340000000.0,231332000000.0,,4943000000.0,,3156000000.0,-917000000.0,
BHF,1685040,2024,57511563.0,238537000000.0,233513000000.0,,4959000000.0,,3155000000.0,388000000.0,
BHF,1685040,2025,57511563.0,241800000000.0,234967000000.0,,6768000000.0,,3155000000.0,433000000.0,
BILL,1786352,2020,85276782.0,2404015000.0,1693296000.0,,710719000.0,1676847000.0,,-9498000.0,229000.0
BILL,1786352,2021,85276782.0,5969173000.0,3439583000.0,,2529590000.0,2325659000.0,,-98720000.0,28158000.0
BILL,1786352,2022,85276782.0,9256026000.0,5212332000.0,,4043694000.0,3408657000.0,1773082000.0,-326361000.0,9419000.0
BILL,1786352,2023,85276782.0,9636018000.0,5550049000.0,,4085969000.0,3753436000.0,1839828000.0,-223725000.0,15203000.0
BILL,1786352,2024,85276782.0,9178813000.0,5044612000.0,,4134201000.0,4063024000.0,914000000.0,-28878000.0,
BILL,1786352,2025,85276782.0,10063982000.0,6149942000.0,,3914040000.0,4588660000.0,1714470000.0,23799000.0,
BILL,1786352,2026,85276782.0,10218139000.0,6687537000.0,,3530602000.0,4924893000.0,1836123000.0,-11241000.0,
BKNG,1075531,2015,751380500.0,17420575000.0,8625106000.0,,8795469000.0,1439310000.0,6158443000.0,,160229000.0
BKNG,1075531,2016,751380500.0,19838973000.0,9990293000.0,,9820142000.0,2858670000.0,6170522000.0,,207900000.0
BKNG,1075531,2017,751380500.0,25451263000.0,14187702000.0,,11260598000.0,3497868000.0,8809788000.0,,253976000.0
BKNG,1075531,2018,751380500.0,22687000000.0,13902000000.0,,8785000000.0,3555000000.0,8649000000.0,,269000000.0
BKNG,1075531,2019,751380500.0,21402000000.0,15469000000.0,,5933000000.0,5366000000.0,7640000000.0,,266000000.0
BKNG,1075531,2020,751380500.0,21874000000.0,16981000000.0,,4893000000.0,3425000000.0,11029000000.0,,356000000.0
BKNG,1075531,2021,751380500.0,23641000000.0,17463000000.0,,6178000000.0,6246000000.0,8937000000.0,,334000000.0
BKNG,1075531,2022,751380500.0,25361000000.0,22579000000.0,,2782000000.0,8474000000.0,11985000000.0,,391000000.0
BKNG,1075531,2023,751380500.0,24342000000.0,27086000000.0,,-2744000000.0,13330000000.0,12223000000.0,,897000000.0
BKNG,1075531,2024,751380500.0,27708000000.0,31728000000.0,,-4020000000.0,15647000000.0,14853000000.0,,
BKNG,1075531,2025,751380500.0,29264000000.0,34842000000.0,,-5578000000.0,16698000000.0,16856000000.0,,
BKU,1504008,2015,71232249.0,23883467000.0,21639569000.0,16938501000.0,2243898000.0,,392326000.0,56263000.0,39407000.0
BKU,1504008,2016,71232249.0,27880151000.0,25461722000.0,19490890000.0,2418429000.0,,393092000.0,63294000.0,50466000.0
BKU,1504008,2017,71232249.0,30346986000.0,27320924000.0,21878479000.0,3026062000.0,,393725000.0,417794000.0,73819000.0
BKU,1504008,2018,71232249.0,32164326000.0,29240493000.0,23474223000.0,2923833000.0,,394390000.0,52403000.0,119743000.0
BKU,1504008,2019,71232249.0,32871293000.0,29890514000.0,24394591000.0,2980779000.0,,395090000.0,89456000.0,124099000.0
BKU,1504008,2020,71232249.0,35010493000.0,32027481000.0,27495816000.0,2983012000.0,,689932000.0,85737000.0,57754000.0
BKU,1504008,2021,71232249.0,35815396000.0,32777635000.0,29438102000.0,3037761000.0,,691200000.0,125255000.0,31858000.0
BKU,1504008,2022,71232249.0,37026712000.0,34590731000.0,27509334000.0,2435981000.0,,692534000.0,64207000.0,158424000.0
BKU,1504008,2023,71232249.0,35761607000.0,33183686000.0,26538478000.0,2577921000.0,,682472000.0,20812000.0,265995000.0
BKU,1504008,2024,71232249.0,35241742000.0,32427424000.0,27865703000.0,2814318000.0,,683924000.0,69302000.0,
BKU,1504008,2025,71232249.0,35039451000.0,31985622000.0,29352905000.0,3053829000.0,,296857000.0,69260000.0,
BLK,2012383,2024,154926181.0,138615000000.0,89260000000.0,,47495000000.0,,12314000000.0,6369000000.0,538000000.0
BLK,2012383,2025,154926181.0,169998000000.0,108456000000.0,,55888000000.0,,12768000000.0,5553000000.0,614000000.0
BNY,1390777,2015,678504142.0,393780000000.0,354805000000.0,,38037000000.0,,21547000000.0,3158000000.0,300000000.0
BNY,1390777,2016,678504142.0,333469000000.0,293889000000.0,,38811000000.0,,24463000000.0,3547000000.0,437000000.0
BNY,1390777,2017,678504142.0,371758000000.0,330012000000.0,,41251000000.0,,27979000000.0,4090000000.0,1074000000.0
BNY,1390777,2018,678504142.0,362873000000.0,322005000000.0,,40638000000.0,,29163000000.0,4266000000.0,2821000000.0
BNY,1390777,2019,678504142.0,381508000000.0,339780000000.0,,41483000000.0,,27501000000.0,4441000000.0,4360000000.0
BNY,1390777,2020,678504142.0,469633000000.0,423513000000.0,,45801000000.0,,25984000000.0,3617000000.0,1132000000.0
BNY,1390777,2021,678504142.0,444438000000.0,401047000000.0,319694000000.0,43034000000.0,,25931000000.0,3759000000.0,227000000.0
BNY,1390777,2022,678504142.0,405783000000.0,364933000000.0,278970000000.0,40734000000.0,,30458000000.0,2573000000.0,3614000000.0
BNY,1390777,2023,678504142.0,409953000000.0,368944000000.0,283669000000.0,40874000000.0,,31257000000.0,3286000000.0,16303000000.0
BNY,1390777,2024,678504142.0,416064000000.0,374300000000.0,289524000000.0,41318000000.0,,30854000000.0,4530000000.0,
BNY,1390777,2025,678504142.0,472300000000.0,427492000000.0,331894000000.0,44313000000.0,,31873000000.0,5549000000.0,
BOH,46195,2015,39450396.0,15455016000.0,14338756000.0,13251103000.0,1116260000.0,,,160704000.0,38023000.0
BOH,46195,2016,39450396.0,16492367000.0,15330830000.0,14320240000.0,1161537000.0,,,181461000.0,40321000.0
BOH,46195,2017,39450396.0,17089052000.0,15857184000.0,14883968000.0,1231868000.0,,,184672000.0,46556000.0
BOH,46195,2018,39450396.0,17143974000.0,15875774000.0,15027242000.0,1268200000.0,,,219602000.0,63821000.0
BOH,46195,2019,39450396.0,18095496000.0,16808664000.0,15784482000.0,1286832000.0,,,225913000.0,89682000.0
BOH,46195,2020,39450396.0,20603651000.0,19229144000.0,18211621000.0,1374507000.0,,,153804000.0,50102000.0
BOH,46195,2021,39450396.0,22784941000.0,21173330000.0,20360108000.0,1611611000.0,,,253372000.0,29426000.0
BOH,46195,2022,39450396.0,23606877000.0,22289882000.0,20615696000.0,1316995000.0,,,225804000.0,56808000.0
BOH,46195,2023,39450396.0,23733296000.0,22319054000.0,21055045000.0,1414242000.0,,550000000.0,171202000.0,313350000.0
BOH,46195,2024,39450396.0,23601114000.0,21933340000.0,20633037000.0,1667774000.0,,550000000.0,149994000.0,
BOH,46195,2025,39450396.0,24176364000.0,22325152000.0,21188495000.0,1851212000.0,,550000000.0,205902000.0,
BRK-B,1067983,2015,941481.0,552257000000.0,293630000000.0,,255550000000.0,,,5478000000.0,3515000000.0
BRK-B,1067983,2016,941481.0,620854000000.0,334495000000.0,,283001000000.0,,,6286000000.0,3497000000.0
BRK-B,1067983,2017,941481.0,702095000000.0,350141000000.0,,348296000000.0,,,32551000000.0,5394000000.0
BRK-B,1067983,2018,941481.0,707794000000.0,355294000000.0,,348703000000.0,,,-25392000000.0,3853000000.0
BRK-B,1067983,2019,941481.0,817729000000.0,389166000000.0,,424791000000.0,,,29159000000.0,3961000000.0
BRK-B,1067983,2020,941481.0,873729000000.0,422393000000.0,,443164000000.0,,,35835000000.0,4083000000.0
BRK-B,1067983,2021,941481.0,958784000000.0,,,506199000000.0,,,89795000000.0,4172000000.0
BRK-B,1067983,2022,941481.0,948452000000.0,,,472360000000.0,,,-22819000000.0,4352000000.0
BRK-B,1067983,2023,941481.0,1069978000000.0,499208000000.0,,561273000000.0,,,96223000000.0,5003000000.0
BRK-B,1067983,2024,941481.0,1153881000000.0,502226000000.0,,649368000000.0,,,88995000000.0,5200000000.0
BRK-B,1067983,2025,941481.0,1222176000000.0,502473000000.0,,717419000000.0,,,66968000000.0,5069000000.0
BRO,79282,2015,334610357.0,5012739000.0,,,2149776000.0,1328547000.0,1079878000.0,57935000.0,39248000.0
BRO,79282,2016,334610357.0,5287343000.0,,,2360211000.0,1445157000.0,1018372000.0,57626000.0,39481000.0
BRO,79282,2017,334610357.0,5747550000.0,,,2582699000.0,1987474000.0,856141000.0,187505000.0,38316000.0
BRO,79282,2018,334610357.0,6688668000.0,,,3000568000.0,1782986000.0,1456990000.0,73452000.0,40580000.0
BRO,79282,2019,334610357.0,7622821000.0,3863400000.0,,3350279000.0,2045361000.0,1500343000.0,76519000.0,63660000.0
BRO,79282,2020,334610357.0,8966492000.0,,,3754223000.0,2354352000.0,2025906000.0,97320000.0,58973000.0
BRO,79282,2021,334610357.0,9795443000.0,,,4196893000.0,2667366000.0,1980437000.0,587104000.0,64981000.0
BRO,79282,2022,334610357.0,13973500000.0,,,4606600000.0,4596600000.0,3691500000.0,671800000.0,141200000.0
BRO,79282,2023,334610357.0,14883400000.0,,,5578800000.0,4956900000.0,3226900000.0,870500000.0,190000000.0
BRO,79282,2024,334610357.0,17612000000.0,,,,6314000000.0,3599000000.0,993000000.0,
BRO,79282,2025,334610357.0,29991000000.0,,,,8294000000.0,6894000000.0,1054000000.0,
BX,1393818,2015,750625114.0,22526080000.0,10295623000.0,,,,6731769000.0,200870000.0,144522000.0
BX,1393818,2016,750625114.0,26403337000.0,13888404000.0,,,,8941299000.0,367951000.0,152654000.0
BX,1393818,2017,750625114.0,34428910000.0,20699355000.0,,,,15166859000.0,281588000.0,197486000.0
BX,1393818,2018,750625114.0,28924650000.0,15170564000.0,,,,10395315000.0,-10868000.0,163990000.0
BX,1393818,2019,750625114.0,32585506000.0,17482454000.0,,7009784000.0,,11541598000.0,483149000.0,199648000.0
BX,1393818,2020,750625114.0,26269252000.0,11678743000.0,,6652043000.0,,5732499000.0,1045363000.0,166162000.0
BX,1393818,2021,750625114.0,41196408000.0,19490362000.0,,9422893000.0,,7855601000.0,5857397000.0,198268000.0
BX,1393818,2022,750625114.0,42524227000.0,22843160000.0,,7655911000.0,,12491000000.0,1747631000.0,317225000.0
BX,1393818,2023,750625114.0,40287530000.0,22212316000.0,,6816798000.0,,11605882000.0,1390880000.0,431868000.0
BX,1393818,2024,750625114.0,43469875000.0,23974860000.0,,8212321000.0,,11460168000.0,2776508000.0,443688000.0
BX,1393818,2025,750625114.0,47708975000.0,25827803000.0,,8665526000.0,,12576587000.0,3019214000.0,508314000.0
BXMT,1061630,2015,168543591.0,9376573000.0,6870842000.0,,2492588000.0,,,65264000.0,152416000.0
BXMT,1061630,2016,168543591.0,8812615000.0,6319012000.0,,2493603000.0,,,53375000.0,184270000.0
BXMT,1061630,2017,168543591.0,10258825000.0,7341419000.0,,2911066000.0,,,57891000.0,234870000.0
BXMT,1061630,2018,168543591.0,14467375000.0,11092768000.0,,3364124000.0,,9618981000.0,73643000.0,359625000.0
BXMT,1061630,2019,168543591.0,16551871000.0,12767190000.0,,3762583000.0,,11453316000.0,78931000.0,458503000.0
BXMT,1061630,2020,168543591.0,16958955000.0,13054724000.0,,3886067000.0,,9981828000.0,83616000.0,347471000.0
BXMT,1061630,2021,168543591.0,22703289000.0,18084578000.0,,4588187000.0,,15072050000.0,419193000.0,340223000.0
BXMT,1061630,2022,168543591.0,25353985000.0,20809785000.0,,4518794000.0,,17577244000.0,248642000.0,710904000.0
BXMT,1061630,2023,168543591.0,24036178000.0,19648674000.0,,4367711000.0,,16502466000.0,246555000.0,1366956000.0
BXMT,1061630,2024,168543591.0,19801955000.0,16007766000.0,,3787308000.0,,,-204088000.0,
BXMT,1061630,2025,168543591.0,20002946000.0,16498556000.0,,3498910000.0,,,109569000.0,
C,831001,2015,1749319009.0,1731210000000.0,1508118000000.0,907887000000.0,221857000000.0,,201275000000.0,3335000000.0,11921000000.0
C,831001,2016,1749319009.0,1792077000000.0,1565934000000.0,929406000000.0,225120000000.0,,206178000000.0,3573000000.0,12511000000.0
C,831001,2017,1749319009.0,1842465000000.0,1640793000000.0,959822000000.0,200740000000.0,,236709000000.0,-18893000000.0,16517000000.0
C,831001,2018,1749319009.0,1917383000000.0,1720309000000.0,1013170000000.0,196220000000.0,,231999000000.0,4313000000.0,24266000000.0
C,831001,2019,1749319009.0,1951158000000.0,1757212000000.0,1070590000000.0,193242000000.0,,248760000000.0,4979000000.0,29163000000.0
C,831001,2020,1749319009.0,2260090000000.0,2059890000000.0,1280671000000.0,199442000000.0,,271686000000.0,4309000000.0,14541000000.0
C,831001,2021,1749319009.0,2291413000000.0,2088741000000.0,1317230000000.0,201972000000.0,,254374000000.0,3173000000.0,7981000000.0
C,831001,2022,1749319009.0,2416676000000.0,2214838000000.0,1365954000000.0,201189000000.0,,271606000000.0,14845000000.0,25740000000.0
C,831001,2023,1749319009.0,2411834000000.0,2205583000000.0,1308681000000.0,205453000000.0,,286619000000.0,9228000000.0,78358000000.0
C,831001,2024,1749319009.0,2352945000000.0,2143579000000.0,1284458000000.0,208598000000.0,,287300000000.0,12682000000.0,
C,831001,2025,1749319009.0,2657202000000.0,2443380000000.0,1403573000000.0,212291000000.0,,315827000000.0,14306000000.0,
CABO,1632127,2015,5673925.0,1408595000.0,973249000.0,,435346000.0,126832000.0,545301000.0,26078000.0,16090000.0
CABO,1632127,2016,5673925.0,1397271000.0,942760000.0,,454511000.0,111143000.0,,24388000.0,30221000.0
CABO,1632127,2017,5673925.0,2218329000.0,1546913000.0,,671416000.0,170604000.0,,143153000.0,46864000.0
CABO,1632127,2018,5673925.0,2303234000.0,1527876000.0,,775358000.0,133713000.0,,42008000.0,60415000.0
CABO,1632127,2019,5673925.0,3151831000.0,2310262000.0,,841569000.0,189542000.0,,53613000.0,71729000.0
CABO,1632127,2020,5673925.0,4488338000.0,2993039000.0,,1495299000.0,221582000.0,,304391000.0,73607000.0
CABO,1632127,2021,5673925.0,6953994000.0,5160899000.0,,1793095000.0,269075000.0,,291824000.0,113449000.0
CABO,1632127,2022,5673925.0,6913890000.0,5155917000.0,,1757973000.0,244155000.0,,234118000.0,137713000.0
CABO,1632127,2023,5673925.0,6759510000.0,4950240000.0,5954000.0,1809270000.0,202837000.0,,103496000.0,170147000.0
CABO,1632127,2024,5673925.0,6525895000.0,4729863000.0,6010000.0,1796032000.0,213872000.0,,14480000.0,
CABO,1632127,2025,5673925.0,5588353000.0,4154715000.0,4775000.0,1433638000.0,759324000.0,,-356459000.0,
CACC,885550,2015,10380580.0,3389400000.0,2461300000.0,,928100000.0,,,80000000.0,76000000.0
CACC,885550,2016,10380580.0,4218000000.0,3044300000.0,,1173700000.0,,,87600000.0,97700000.0
CACC,885550,2017,10380580.0,4985600000.0,3449800000.0,,1535800000.0,,,177100000.0,120200000.0
CACC,885550,2018,10380580.0,6237400000.0,4246500000.0,,1990900000.0,,,151900000.0,156600000.0
CACC,885550,2019,10380580.0,7423200000.0,5067900000.0,,2355300000.0,,,161900000.0,196200000.0
CACC,885550,2020,10380580.0,7489000000.0,5186500000.0,,2302500000.0,,,166300000.0,192000000.0
CACC,885550,2021,10380580.0,7050900000.0,5226700000.0,,1824200000.0,,,958300000.0,164200000.0
CACC,885550,2022,10380580.0,6904700000.0,5280700000.0,,1624000000.0,,,535800000.0,166600000.0
CACC,885550,2023,10380580.0,7610200000.0,5856500000.0,,1753700000.0,,,286100000.0,266500000.0
CACC,885550,2024,10380580.0,8854600000.0,7105000000.0,,1749600000.0,,,247900000.0,419500000.0
CACC,885550,2025,10380580.0,8631700000.0,7108100000.0,,1523600000.0,,,423900000.0,462900000.0
CASH,907471,2015,20773362.0,2529705000.0,2258370000.0,1657534000.0,271335000.0,,,4639000.0,660000.0
CASH,907471,2016,20773362.0,4006419000.0,3671444000.0,2430082000.0,334975000.0,,,6006000.0,1836000.0
CASH,907471,2017,20773362.0,5228332000.0,4793836000.0,3223424000.0,434496000.0,,,1744000.0,4461000.0
CASH,907471,2018,20773362.0,5835067000.0,5087341000.0,4430987000.0,744152000.0,,,8722000.0,11665000.0
CASH,907471,2019,20773362.0,6182890000.0,5338932000.0,4337005000.0,839911000.0,,215838000.0,20195000.0,15211000.0
CASH,907471,2020,20773362.0,6092074000.0,5244766000.0,4979200000.0,843705000.0,,98224000.0,13158000.0,3894000.0
CASH,907471,2021,20773362.0,6690650000.0,5818766000.0,5514971000.0,870729000.0,,92834000.0,15903000.0,1389000.0
CASH,907471,2022,20773362.0,6747410000.0,6102270000.0,5866037000.0,645170000.0,,36028000.0,23420000.0,462000.0
CASH,907471,2023,20773362.0,7535543000.0,6884918000.0,6589182000.0,651630000.0,,33873000.0,35906000.0,4708000.0
CASH,907471,2024,20773362.0,7532017000.0,6709828000.0,5875085000.0,822466000.0,,33354000.0,33533000.0,
CASH,907471,2025,20773362.0,7172344000.0,6314890000.0,5886947000.0,858045000.0,,33456000.0,38801000.0,
CAT,18230,2015,459674889.0,78497000000.0,63612000000.0,,14885000000.0,26303000000.0,25247000000.0,,
CAT,18230,2016,459674889.0,74704000000.0,61491000000.0,,13213000000.0,26132000000.0,22818000000.0,,
CAT,18230,2017,459674889.0,76962000000.0,63196000000.0,,13766000000.0,26931000000.0,23847000000.0,,
CAT,18230,2018,459674889.0,78509000000.0,64429000000.0,,14080000000.0,28218000000.0,25000000000.0,,
CAT,18230,2019,459674889.0,78453000000.0,63824000000.0,,14629000000.0,26621000000.0,26281000000.0,,
CAT,18230,2020,459674889.0,78324000000.0,62946000000.0,,15378000000.0,25717000000.0,25999000000.0,,
CAT,18230,2021,459674889.0,82793000000.0,66277000000.0,,16516000000.0,29847000000.0,26033000000.0,,
CAT,18230,2022,459674889.0,81943000000.0,66052000000.0,,15891000000.0,31531000000.0,25714000000.0,,
CAT,18230,2023,459674889.0,87476000000.0,67973000000.0,,19503000000.0,34728000000.0,24472000000.0,,
CAT,18230,2024,459674889.0,87764000000.0,68270000000.0,,19494000000.0,32272000000.0,27351000000.0,,
CAT,18230,2025,459674889.0,98585000000.0,77267000000.0,,21318000000.0,36558000000.0,30696000000.0,,
CATY,861842,2015,66713820.0,13254126000.0,11506348000.0,10509087000.0,1747778000.0,,119136000.0,41446000.0,20103000.0
CATY,861842,2016,66713820.0,14520769000.0,12692230000.0,11674726000.0,1828539000.0,,119136000.0,48015000.0,20766000.0
CATY,861842,2017,66713820.0,15640186000.0,13666882000.0,12689893000.0,1973304000.0,,194136000.0,25940000.0,22593000.0
CATY,861842,2018,66713820.0,16784737000.0,14662871000.0,13702340000.0,2121866000.0,,189448000.0,64648000.0,38428000.0
CATY,861842,2019,66713820.0,18094144000.0,15799861000.0,14692308000.0,2294283000.0,,119136000.0,67377000.0,50015000.0
CATY,861842,2020,66713820.0,19043134000.0,16624990000.0,16109401000.0,2418144000.0,,119136000.0,70893000.0,27776000.0
CATY,861842,2021,66713820.0,20886723000.0,18440472000.0,18058842000.0,2446251000.0,,119136000.0,298304000.0,68756000.0
CATY,861842,2022,66713820.0,21947976000.0,19473936000.0,18505279000.0,2474040000.0,,119136000.0,360642000.0,117584000.0
CATY,861842,2023,66713820.0,23081534000.0,20344959000.0,19325447000.0,2736575000.0,,119136000.0,354124000.0,500476000.0
CATY,861842,2024,66713820.0,23054681000.0,20208977000.0,19686199000.0,2845704000.0,,119136000.0,285979000.0,
CATY,861842,2025,66713820.0,24229575000.0,21304187000.0,20894167000.0,2925388000.0,,119136000.0,315124000.0,
CB,896159,2015,,102366000000.0,73231000000.0,,,,9447000000.0,2834000000.0,300000000.0
CB,896159,2016,,159786000000.0,111511000000.0,,48275000000.0,,12610000000.0,1610000000.0,605000000.0
CB,896159,2017,,167022000000.0,115850000000.0,,51172000000.0,,11556000000.0,1533000000.0,607000000.0
CB,896159,2018,,167771000000.0,117459000000.0,,50312000000.0,,12087000000.0,355000000.0,641000000.0
CB,896159,2019,,176943000000.0,121612000000.0,,55331000000.0,,13559000000.0,1173000000.0,552000000.0
CB,896159,2020,,190774000000.0,131333000000.0,,59441000000.0,,14948000000.0,3533000000.0,516000000.0
CB,896159,2021,,200054000000.0,140340000000.0,,59714000000.0,,15169000000.0,8539000000.0,492000000.0
CB,896159,2022,,199144000000.0,148604000000.0,,50540000000.0,,14402000000.0,5313000000.0,570000000.0
CB,896159,2023,,230682000000.0,166991000000.0,,59507000000.0,,13035000000.0,9028000000.0,672000000.0
CB,896159,2024,,246548000000.0,178154000000.0,,64021000000.0,,14379000000.0,9272000000.0,741000000.0
CB,896159,2025,,272327000000.0,192548000000.0,,73757000000.0,,15728000000.0,10310000000.0,764000000.0
CBOE,1374310,2015,104431019.0,384788000.0,125143000.0,,259645000.0,73997000.0,,205023000.0,43000.0
CBOE,1374310,2016,104431019.0,476615000.0,146069000.0,,317946000.0,89843000.0,,186820000.0,
CBOE,1374310,2017,104431019.0,5265700000.0,,,3110600000.0,334000000.0,1237900000.0,401700000.0,
CBOE,1374310,2018,104431019.0,5321000000.0,,,3241000000.0,595900000.0,915600000.0,426500000.0,
CBOE,1374310,2019,104431019.0,5113900000.0,1758300000.0,,3355600000.0,281600000.0,867600000.0,374900000.0,
CBOE,1374310,2020,104431019.0,6516500000.0,3167600000.0,,3348900000.0,1313300000.0,1135200000.0,468200000.0,
CBOE,1374310,2021,104431019.0,6814500000.0,3209700000.0,,3604800000.0,1169300000.0,1299300000.0,529000000.0,
CBOE,1374310,2022,104431019.0,6998900000.0,3533600000.0,,3465300000.0,1477200000.0,1437300000.0,,
CBOE,1374310,2023,104431019.0,7487500000.0,3502500000.0,,3985000000.0,1383400000.0,1439200000.0,,
CBOE,1374310,2024,104431019.0,7789100000.0,3509500000.0,,4279600000.0,1395200000.0,1441000000.0,,
CBOE,1374310,2025,104431019.0,9305300000.0,4167000000.0,,5138300000.0,2362300000.0,1442900000.0,1100000000.0,
CBSH,22356,2015,143432178.0,24604962000.0,22237544000.0,19978853000.0,2361990000.0,,,263730000.0,28096000.0
CBSH,22356,2016,143432178.0,25641424000.0,23140292000.0,21101095000.0,2495783000.0,,,275391000.0,33003000.0
CBSH,22356,2017,143432178.0,24833415000.0,22115231000.0,20425446000.0,2716560000.0,,,319383000.0,43728000.0
CBSH,22356,2018,143432178.0,25463842000.0,22526693000.0,20323659000.0,2931298000.0,,,433542000.0,65376000.0
CBSH,22356,2019,143432178.0,26065789000.0,22927317000.0,20520415000.0,3134684000.0,,,421231000.0,103392000.0
CBSH,22356,2020,143432178.0,32922974000.0,29523002000.0,26946745000.0,3397047000.0,,,354057000.0,42801000.0
CBSH,22356,2021,143432178.0,36689088000.0,33240764000.0,29813073000.0,3437298000.0,,,530765000.0,12866000.0
CBSH,22356,2022,143432178.0,31875931000.0,29394354000.0,26187440000.0,2465291000.0,,,488399000.0,56794000.0
CBSH,22356,2023,143432178.0,31701061000.0,28736831000.0,25363898000.0,2944116000.0,,,477060000.0,383162000.0
CBSH,22356,2024,143432178.0,31996627000.0,28664152000.0,25293644000.0,3309881000.0,,,526331000.0,
CBSH,22356,2025,143432178.0,32915089000.0,29100317000.0,25639576000.0,3791371000.0,,,566251000.0,
CBU,723188,2015,52615905.0,8552669000.0,7412022000.0,6873474000.0,1140647000.0,,,91230000.0,11202000.0
CBU,723188,2016,52615905.0,8666437000.0,7468337000.0,7075954000.0,1198100000.0,,,103812000.0,11291000.0
CBU,723188,2017,52615905.0,10746198000.0,9110883000.0,8444420000.0,1635315000.0,,,150717000.0,13780000.0
CBU,723188,2018,52615905.0,10607295000.0,8893512000.0,8322371000.0,1713783000.0,,,168641000.0,17678000.0
CBU,723188,2019,52615905.0,11410295000.0,9555061000.0,8994967000.0,1855234000.0,,,169063000.0,26552000.0
CBU,723188,2020,52615905.0,13931094000.0,11826987000.0,11224974000.0,2104107000.0,,,164676000.0,20875000.0
CBU,723188,2021,52615905.0,15552657000.0,13451850000.0,12911168000.0,2100807000.0,,,189694000.0,13008000.0
CBU,723188,2022,52615905.0,15835651000.0,14283946000.0,13012308000.0,1551705000.0,,,188081000.0,23099000.0
CBU,723188,2023,52615905.0,15555753000.0,13857816000.0,12928121000.0,1697937000.0,,,131924000.0,104103000.0
CBU,723188,2024,52615905.0,16386044000.0,14623209000.0,13441707000.0,1762835000.0,,990198000.0,182481000.0,194411000.0
CBU,723188,2025,52615905.0,17303296000.0,15297262000.0,14387085000.0,2006034000.0,,,210455000.0,192725000.0
CEG,1868275,2022,354307379.0,46909000000.0,35537000000.0,,11018000000.0,7839000000.0,4466000000.0,-160000000.0,250000000.0
CEG,1868275,2023,354307379.0,50758000000.0,39472000000.0,,10925000000.0,6319000000.0,7496000000.0,1623000000.0,431000000.0
CEG,1868275,2024,354307379.0,52926000000.0,39387000000.0,,13166000000.0,6846000000.0,7384000000.0,3749000000.0,
CEG,1868275,2025,354307379.0,57249000000.0,42396000000.0,,14517000000.0,7944000000.0,7250000000.0,2319000000.0,
CFFN,1490906,2015,125698283.0,9844161000.0,8427935000.0,,1416226000.0,,,18785000.0,107594000.0
CFFN,1490906,2016,125698283.0,9267247000.0,7874283000.0,,1392964000.0,,,20698000.0,108931000.0
CFFN,1490906,2017,125698283.0,9192916000.0,7824603000.0,,1368313000.0,,,20602000.0,117804000.0
CFFN,1490906,2018,125698283.0,9449547000.0,8057925000.0,,1391622000.0,,,21389000.0,123119000.0
CFFN,1490906,2019,125698283.0,9340018000.0,8003692000.0,,1336326000.0,,,22409000.0,123564000.0
CFFN,1490906,2020,125698283.0,9487218000.0,8202359000.0,,1284859000.0,,,18279000.0,115643000.0
CFFN,1490906,2021,125698283.0,9631246000.0,8388973000.0,,1242273000.0,,,76082000.0,83180000.0
CFFN,1490906,2022,125698283.0,9624897000.0,8528398000.0,,1096499000.0,,,84453000.0,86946000.0
CFFN,1490906,2023,125698283.0,10177461000.0,9133407000.0,,1044054000.0,,,-101659000.0,206517000.0
CFFN,1490906,2024,125698283.0,9527608000.0,8495338000.0,,1032270000.0,,,38010000.0,
CFFN,1490906,2025,125698283.0,9778701000.0,8731024000.0,,1047677000.0,,,68025000.0,
CFG,759944,2015,421176788.0,138208000000.0,118562000000.0,102539000000.0,,,9886000000.0,840000000.0,452000000.0
CFG,759944,2016,421176788.0,149520000000.0,129773000000.0,109804000000.0,19747000000.0,,12790000000.0,1045000000.0,508000000.0
CFG,759944,2017,421176788.0,152336000000.0,132066000000.0,115089000000.0,20270000000.0,,11765000000.0,1652000000.0,747000000.0
CFG,759944,2018,421176788.0,160518000000.0,139701000000.0,119575000000.0,20817000000.0,,14433000000.0,1721000000.0,1226000000.0
CFG,759944,2019,421176788.0,165733000000.0,143532000000.0,125313000000.0,22201000000.0,,14047000000.0,1791000000.0,1575000000.0
CFG,759944,2020,421176788.0,183349000000.0,160676000000.0,147164000000.0,22673000000.0,,8346000000.0,1057000000.0,771000000.0
CFG,759944,2021,421176788.0,188409000000.0,164989000000.0,154361000000.0,23420000000.0,,6932000000.0,2319000000.0,339000000.0
CFG,759944,2022,421176788.0,226733000000.0,203043000000.0,180724000000.0,23690000000.0,,15887000000.0,2073000000.0,1048000000.0
CFG,759944,2023,421176788.0,221964000000.0,197622000000.0,177342000000.0,24342000000.0,,13467000000.0,1608000000.0,3963000000.0
CFG,759944,2024,421176788.0,217521000000.0,193267000000.0,174776000000.0,24254000000.0,,12401000000.0,1509000000.0,
CFG,759944,2025,421176788.0,226351000000.0,200034000000.0,183313000000.0,26317000000.0,,11224000000.0,1831000000.0,
CFR,39263,2015,62148785.0,28567118000.0,25676775000.0,24343595000.0,2890343000.0,,,279328000.0,12864000.0
CFR,39263,2016,62148785.0,30196319000.0,27193791000.0,25811575000.0,3002528000.0,,,304261000.0,12076000.0
CFR,39263,2017,62148785.0,31747880000.0,28450017000.0,26872389000.0,3297863000.0,,,364149000.0,26525000.0
CFR,39263,2018,62148785.0,32292966000.0,28924049000.0,27149204000.0,3368917000.0,,,454918000.0,93306000.0
CFR,39263,2019,62148785.0,34027428000.0,30115760000.0,27639564000.0,3911668000.0,,,443599000.0,129780000.0
CFR,39263,2020,62148785.0,42391317000.0,38098301000.0,35015761000.0,4293016000.0,,,331151000.0,45034000.0
CFR,39263,2021,62148785.0,50878490000.0,46438935000.0,42695696000.0,4439555000.0,,,443079000.0,23902000.0
CFR,39263,2022,62148785.0,52892376000.0,49755148000.0,43954196000.0,3137228000.0,,,579150000.0,184438000.0
CFR,39263,2023,62148785.0,50845038000.0,47128591000.0,41920568000.0,3716447000.0,,,597973000.0,659052000.0
CFR,39263,2024,62148785.0,52520259000.0,48621671000.0,42722748000.0,3898588000.0,,,582542000.0,
CFR,39263,2025,62148785.0,53041424000.0,48468388000.0,42917864000.0,4573036000.0,,,648557000.0,
CG,1527166,2015,356332798.0,32191000000.0,23267500000.0,,,,,-4600000.0,58000000.0
CG,1527166,2016,356332798.0,9973000000.0,8519000000.0,,,,,-8900000.0,61300000.0
CG,1527166,2017,356332798.0,12280600000.0,9331600000.0,,,,,52900000.0,65500000.0
CG,1527166,2018,356332798.0,12914200000.0,10077900000.0,,,,,-16000000.0,82200000.0
CG,1527166,2019,356332798.0,13808800000.0,10839200000.0,,,,,-8300000.0,82100000.0
CG,1527166,2020,356332798.0,15644800000.0,12714600000.0,,2930200000.0,,,348200000.0,94000000.0
CG,1527166,2021,356332798.0,21250400000.0,15544200000.0,,5706200000.0,,,2974700000.0,113300000.0
CG,1527166,2022,356332798.0,21403000000.0,14581700000.0,,6821300000.0,,,1225000000.0,110400000.0
CG,1527166,2023,356332798.0,21176000000.0,15391500000.0,,5784500000.0,,,-608400000.0,123800000.0
CG,1527166,2024,356332798.0,23103500000.0,16755900000.0,,6347600000.0,,,1020400000.0,121000000.0
CG,1527166,2025,356332798.0,29116000000.0,22058900000.0,,7057100000.0,,,808700000.0,123900000.0
CHCO,726854,2015,14045160.0,3714059000.0,3294787000.0,3083975000.0,419272000.0,,,13515000.0,3010000.0
CHCO,726854,2016,14045160.0,3984403000.0,3541965000.0,3231653000.0,442438000.0,,,14656000.0,3504000.0
CHCO,726854,2017,14045160.0,4132281000.0,3629774000.0,3315634000.0,502507000.0,,,9669000.0,4664000.0
CHCO,726854,2018,14045160.0,4899012000.0,4298248000.0,3975559000.0,600764000.0,,,10713000.0,7917000.0
CHCO,726854,2019,14045160.0,5018756000.0,4360773000.0,4075894000.0,657983000.0,,,22611000.0,8701000.0
CHCO,726854,2020,14045160.0,5758640000.0,5057534000.0,4652216000.0,701106000.0,,,22222000.0,4318000.0
CHCO,726854,2021,14045160.0,6003695000.0,5322590000.0,4925336000.0,681105000.0,,,23386000.0,1842000.0
CHCO,726854,2022,14045160.0,5878106000.0,5300254000.0,4869866000.0,577852000.0,,,30672000.0,4543000.0
CHCO,726854,2023,14045160.0,6168052000.0,5490986000.0,4934262000.0,677066000.0,,100000000.0,114365000.0,52023000.0
CHCO,726854,2024,14045160.0,6459459000.0,5728795000.0,5144150000.0,730664000.0,,150000000.0,117101000.0,
CHCO,726854,2025,14045160.0,6722018000.0,5912338000.0,5300988000.0,809680000.0,,150000000.0,130485000.0,
CI,1739940,2018,264240486.0,153226000000.0,112154000000.0,,41028000000.0,31895000000.0,,,
CI,1739940,2019,264240486.0,155774000000.0,110395000000.0,,45338000000.0,40138000000.0,,,
CI,1739940,2020,264240486.0,155451000000.0,105065000000.0,,50321000000.0,36022000000.0,,,
CI,1739940,2021,264240486.0,154889000000.0,107705000000.0,,47112000000.0,43572000000.0,,,
CI,1739940,2022,264240486.0,143932000000.0,98981000000.0,,44872000000.0,41229000000.0,,,
CI,1739940,2023,264240486.0,152761000000.0,106410000000.0,,46223000000.0,48716000000.0,,,
CI,1739940,2024,264240486.0,155881000000.0,114638000000.0,,41033000000.0,57979000000.0,,,
CI,1739940,2025,264240486.0,157919000000.0,116045000000.0,,41713000000.0,56342000000.0,,5957000000.0,
CIEN,936395,2015,141808525.0,2695051000.0,2074175000.0,,620876000.0,667034000.0,1271639000.0,11667000.0,51179000.0
CIEN,936395,2016,141808525.0,2882442000.0,2116101000.0,,766341000.0,891862000.0,1025991000.0,72584000.0,56656000.0
CIEN,936395,2017,141808525.0,3951711000.0,1815369000.0,,2136342000.0,1037743000.0,583688000.0,1261953000.0,55852000.0
CIEN,936395,2018,141808525.0,3756523000.0,1827189000.0,,1929334000.0,963003000.0,686450000.0,-344690000.0,55249000.0
CIEN,936395,2019,141808525.0,3893346000.0,1720585000.0,,2172761000.0,845940000.0,680406000.0,253434000.0,37452000.0
CIEN,936395,2020,141808525.0,4180917000.0,1671320000.0,,2509597000.0,760701000.0,676356000.0,361291000.0,31321000.0
CIEN,936395,2021,141808525.0,4865227000.0,1845209000.0,,3020018000.0,909030000.0,670355000.0,500196000.0,30837000.0
CIEN,936395,2022,141808525.0,5069632000.0,2356771000.0,,2712861000.0,1040583000.0,1061125000.0,152902000.0,47050000.0
CIEN,936395,2023,141808525.0,5601495000.0,2753134000.0,,2848361000.0,932021000.0,1543406000.0,254827000.0,88026000.0
CIEN,936395,2024,141808525.0,5641337000.0,2825199000.0,,2816138000.0,999840000.0,1533074000.0,83956000.0,
CIEN,936395,2025,141808525.0,5864667000.0,3135344000.0,,2729323000.0,1308394000.0,1524158000.0,123338000.0,
CINF,20286,2015,153478045.0,18888000000.0,12461000000.0,,6427000000.0,,786000000.0,156000000.0,53000000.0
CINF,20286,2016,153478045.0,20386000000.0,13326000000.0,,7060000000.0,,787000000.0,100000000.0,53000000.0
CINF,20286,2017,153478045.0,21843000000.0,13600000000.0,,8243000000.0,,787000000.0,642000000.0,53000000.0
CINF,20286,2018,153478045.0,21935000000.0,14102000000.0,,7833000000.0,,788000000.0,-452000000.0,53000000.0
CINF,20286,2019,153478045.0,25408000000.0,15544000000.0,,9864000000.0,,788000000.0,626000000.0,53000000.0
CINF,20286,2020,153478045.0,27542000000.0,16753000000.0,,10789000000.0,,788000000.0,1049000000.0,54000000.0
CINF,20286,2021,153478045.0,31387000000.0,18282000000.0,,13105000000.0,,789000000.0,2946000000.0,53000000.0
CINF,20286,2022,153478045.0,29736000000.0,19205000000.0,,10531000000.0,,789000000.0,-486000000.0,53000000.0
CINF,20286,2023,153478045.0,32769000000.0,20671000000.0,,12098000000.0,,790000000.0,1843000000.0,54000000.0
CINF,20286,2024,153478045.0,36501000000.0,22566000000.0,,13935000000.0,,790000000.0,2292000000.0,53000000.0
CINF,20286,2025,153478045.0,41002000000.0,25091000000.0,,15911000000.0,,790000000.0,2393000000.0,53000000.0
CLNE,1368265,2015,220445015.0,1005792000.0,676847000.0,,302552000.0,246666000.0,,,
CLNE,1368265,2016,220445015.0,897257000.0,403570000.0,,468865000.0,89222000.0,,,
CLNE,1368265,2017,220445015.0,791912000.0,342254000.0,,426990000.0,203300000.0,,,
CLNE,1368265,2018,220445015.0,699082000.0,174073000.0,,507998000.0,80259000.0,,,
CLNE,1368265,2019,220445015.0,777085000.0,234056000.0,,533408000.0,162562000.0,32872000.0,20421000.0,
CLNE,1368265,2020,220445015.0,715027000.0,192177000.0,,513506000.0,79843000.0,82088000.0,-9864000.0,
CLNE,1368265,2021,220445015.0,957070000.0,201659000.0,,747076000.0,125904000.0,23215000.0,-93146000.0,
CLNE,1368265,2022,220445015.0,1082357000.0,354886000.0,,719993000.0,148146000.0,145471000.0,-58733000.0,
CLNE,1368265,2023,220445015.0,1259458000.0,525811000.0,,726770000.0,163823000.0,261123000.0,-99497000.0,
CLNE,1368265,2024,220445015.0,1243891000.0,524360000.0,,713273000.0,154722000.0,265327000.0,-83070000.0,32179000.0
CLNE,1368265,2025,220445015.0,1056716000.0,491649000.0,,559421000.0,151155000.0,226727000.0,-222024000.0,52687000.0
CME,1156375,2015,66643583.0,67371500000.0,46819700000.0,,20551800000.0,36824500000.0,,291700000.0,
CME,1156375,2016,66643583.0,69369400000.0,49028700000.0,,20340700000.0,38945600000.0,,373400000.0,
CME,1156375,2017,66643583.0,75791200000.0,53379400000.0,,22411800000.0,45672900000.0,,2939200000.0,
CME,1156375,2018,66643583.0,77475700000.0,51510400000.0,,25918500000.0,41272600000.0,,385500000.0,
CME,1156375,2019,66643583.0,75215300000.0,49056000000.0,,26128900000.0,38522500000.0,,469500000.0,
CME,1156375,2020,66643583.0,124659600000.0,98308100000.0,,26319900000.0,88197900000.0,,424000000.0,
CME,1156375,2021,66643583.0,196780300000.0,169381000000.0,,27399300000.0,160398400000.0,,2636400000.0,
CME,1156375,2022,66643583.0,174175700000.0,147297000000.0,,26878700000.0,137687500000.0,,2691000000.0,
CME,1156375,2023,66643583.0,129706100000.0,102968200000.0,,26737900000.0,93416900000.0,,3226200000.0,
CME,1156375,2024,66643583.0,137447000000.0,110960100000.0,,26486900000.0,102313900000.0,,3525800000.0,
CME,1156375,2025,66643583.0,198424200000.0,169696000000.0,,28728200000.0,160296700000.0,,4072200000.0,
CMI,26172,2015,137664487.0,15134000000.0,7384000000.0,,7406000000.0,3803000000.0,,,65000000.0
CMI,26172,2016,137664487.0,15011000000.0,7837000000.0,,6875000000.0,4325000000.0,,,69000000.0
CMI,26172,2017,137664487.0,18075000000.0,9911000000.0,,7259000000.0,5677000000.0,,,81000000.0
CMI,26172,2018,137664487.0,19062000000.0,10803000000.0,,7348000000.0,6384000000.0,,,114000000.0
CMI,26172,2019,137664487.0,19737000000.0,11272000000.0,,7507000000.0,6260000000.0,,,109000000.0
CMI,26172,2020,137664487.0,22624000000.0,13635000000.0,,8062000000.0,6335000000.0,,,100000000.0
CMI,26172,2021,137664487.0,23710000000.0,14309000000.0,,8474000000.0,7084000000.0,,,111000000.0
CMI,26172,2022,137664487.0,30299000000.0,20074000000.0,,8975000000.0,11421000000.0,,,199000000.0
CMI,26172,2023,137664487.0,32005000000.0,22101000000.0,,8850000000.0,12903000000.0,,,375000000.0
CMI,26172,2024,137664487.0,31540000000.0,20232000000.0,,10271000000.0,11234000000.0,,,370000000.0
CMI,26172,2025,137664487.0,33992000000.0,20584000000.0,,12349000000.0,9610000000.0,,,329000000.0
CNM,1856525,2021,,4434000000.0,2603000000.0,,1325000000.0,839000000.0,1456000000.0,92000000.0,98000000.0
CNM,1856525,2022,,4909000000.0,2499000000.0,,1747000000.0,726000000.0,1444000000.0,366000000.0,66000000.0
CNM,1856525,2023,,6085000000.0,4011000000.0,,1997000000.0,874000000.0,2124000000.0,441000000.0,81000000.0
CNO,1224608,2015,92521371.0,31125100000.0,26986600000.0,,4138500000.0,,925000000.0,137300000.0,94900000.0
CNO,1224608,2016,92521371.0,31975200000.0,27488300000.0,,4486900000.0,,925000000.0,234200000.0,116400000.0
CNO,1224608,2017,92521371.0,33110300000.0,28262800000.0,,4847500000.0,,914600000.0,-70900000.0,123700000.0
CNO,1224608,2018,92521371.0,31439800000.0,28068900000.0,,3370900000.0,,916800000.0,28300000.0,149800000.0
CNO,1224608,2019,92521371.0,33630900000.0,28953900000.0,,4677000000.0,,,278000000.0,152300000.0
CNO,1224608,2020,92521371.0,35339900000.0,29855700000.0,,5484200000.0,,,111800000.0,108800000.0
CNO,1224608,2021,92521371.0,36204400000.0,30944700000.0,,5259700000.0,,,115800000.0,95400000.0
CNO,1224608,2022,92521371.0,33339200000.0,31938400000.0,,1400800000.0,,,43400000.0,137000000.0
CNO,1224608,2023,92521371.0,35102500000.0,32886900000.0,,2215600000.0,,,36300000.0,238600000.0
CNO,1224608,2024,92521371.0,37852600000.0,35354200000.0,,2498400000.0,,,166100000.0,254400000.0
CNO,1224608,2025,92521371.0,38790600000.0,36152400000.0,,2638200000.0,,,92900000.0,230900000.0
CNS,1284812,2015,51421533.0,305322000.0,62212000.0,,231776000.0,,,5879000.0,
CNS,1284812,2016,51421533.0,333728000.0,67061000.0,,265814000.0,,,26168000.0,
CNS,1284812,2017,51421533.0,410125000.0,86794000.0,,275536000.0,,,20398000.0,
CNS,1284812,2018,51421533.0,432551000.0,95713000.0,,222646000.0,,,25561000.0,
CNS,1284812,2019,51421533.0,402419000.0,135304000.0,,213703000.0,,,36728000.0,
CNS,1284812,2020,51421533.0,348453000.0,123549000.0,,174239000.0,,,-4412000.0,
CNS,1284812,2021,51421533.0,492687000.0,148361000.0,,255183000.0,,,211396000.0,
CNS,1284812,2022,51421533.0,673379000.0,246436000.0,,337554000.0,,,171042000.0,
CNS,1284812,2023,51421533.0,736554000.0,243907000.0,,381228000.0,,,129049000.0,
CNS,1284812,2024,51421533.0,812366000.0,237463000.0,,511711000.0,,,151265000.0,
CNS,1284812,2025,51421533.0,876694000.0,242846000.0,,561953000.0,,,153217000.0,
CODX,1692415,2017,6252319.0,4662326.0,811802.0,2200288.0,3850524.0,628256.0,,-6959232.0,310233.0
CODX,1692415,2018,6252319.0,1553172.0,2611983.0,2200288.0,-1058811.0,2351983.0,1908572.0,-6271723.0,
CODX,1692415,2019,6252319.0,2215326.0,478070.0,253991.0,1737256.0,328070.0,1908572.0,-6195557.0,
CODX,1692415,2020,6252319.0,71237197.0,4540688.0,,66696509.0,4510688.0,,42478529.0,106437.0
CODX,1692415,2021,6252319.0,160034282.0,25559184.0,,134475098.0,12597550.0,,36658564.0,
CODX,1692415,2022,6252319.0,123086280.0,8566288.0,,114519992.0,3873424.0,,-14238249.0,
CODX,1692415,2023,6252319.0,95320660.0,9307045.0,,86013615.0,5747570.0,,-35332865.0,
CODX,1692415,2024,6252319.0,63999919.0,9688001.0,,54311918.0,7315718.0,,-37639008.0,
CODX,1692415,2025,6252319.0,24742585.0,4113921.0,,20628664.0,3539620.0,,-46895936.0,
COF,927628,2015,613484836.0,334048000000.0,286764000000.0,217721000000.0,47284000000.0,,,920000000.0,423000000.0
COF,927628,2016,613484836.0,357033000000.0,309519000000.0,236768000000.0,47514000000.0,,,791000000.0,562000000.0
COF,927628,2017,613484836.0,365693000000.0,316963000000.0,243702000000.0,48730000000.0,,,1982000000.0,2762000000.0
COF,927628,2018,613484836.0,372538000000.0,320870000000.0,249764000000.0,51668000000.0,,,6015000000.0,4301000000.0
COF,927628,2019,613484836.0,390365000000.0,332354000000.0,262697000000.0,58011000000.0,,,5546000000.0,5173000000.0
COF,927628,2020,613484836.0,421602000000.0,361398000000.0,305442000000.0,60204000000.0,,,2714000000.0,3120000000.0
COF,927628,2021,613484836.0,432381000000.0,371352000000.0,310980000000.0,61029000000.0,,,12390000000.0,1598000000.0
COF,927628,2022,613484836.0,455249000000.0,402667000000.0,332992000000.0,52582000000.0,,,7360000000.0,4123000000.0
COF,927628,2023,613484836.0,478464000000.0,420375000000.0,348413000000.0,58089000000.0,,,4887000000.0,12697000000.0
COF,927628,2024,613484836.0,490144000000.0,429360000000.0,362707000000.0,60784000000.0,,,4750000000.0,
COF,927628,2025,613484836.0,669009000000.0,555393000000.0,475771000000.0,113616000000.0,,,2453000000.0,
COIN,1679788,2021,,21274425000.0,14892736000.0,,6381689000.0,11419035000.0,3384795000.0,3624120000.0,
COIN,1679788,2022,,89724873000.0,84270316000.0,,5454557000.0,80815293000.0,3393448000.0,-2624949000.0,88901000.0
COIN,1679788,2023,,206982953000.0,200701304000.0,,6281649000.0,197714131000.0,2979957000.0,94871000.0,82766000.0
COIN,1679788,2024,,22541951000.0,12265109000.0,,10276842000.0,7941320000.0,4234081000.0,2579066000.0,
COIN,1679788,2025,,29671832000.0,14878774000.0,,14793058000.0,8701282000.0,5937034000.0,1260327000.0,
COLB,887343,2015,282902268.0,8951697000.0,7709569000.0,7438829000.0,1242128000.0,,,26740000.0,950000.0
COLB,887343,2016,282902268.0,9509607000.0,8258595000.0,8059415000.0,1251012000.0,,,30718000.0,997000.0
COLB,887343,2017,282902268.0,12716886000.0,10766964000.0,10532085000.0,1949922000.0,,,15728000.0,2617000.0
COLB,887343,2018,282902268.0,13095145000.0,11061496000.0,10458126000.0,2033649000.0,,,44748000.0,5913000.0
COLB,887343,2019,282902268.0,14079524000.0,11919562000.0,10684708000.0,2159962000.0,,,46129000.0,8292000.0
COLB,887343,2020,282902268.0,16584779000.0,14237172000.0,13869862000.0,2347607000.0,,,58300000.0,2184000.0
COLB,887343,2021,282902268.0,20945333000.0,18356591000.0,18010115000.0,2588742000.0,,,202820000.0,8546000.0
COLB,887343,2022,282902268.0,20265843000.0,18052690000.0,16711450000.0,2213153000.0,,,250178000.0,23645000.0
COLB,887343,2023,282902268.0,52173596000.0,47178562000.0,41607020000.0,4995034000.0,,,348715000.0,746156000.0
COLB,887343,2024,282902268.0,51576397000.0,46458173000.0,41720732000.0,5118224000.0,,,533675000.0,
COLB,887343,2025,282902268.0,66832000000.0,58992000000.0,54211000000.0,7840000000.0,,,550000000.0,
COP,1163165,2015,1201337479.0,97484000000.0,57402000000.0,,39762000000.0,9256000000.0,,-4428000000.0,
COP,1163165,2016,1201337479.0,89772000000.0,54546000000.0,,34974000000.0,6909000000.0,,-3615000000.0,
COP,1163165,2017,1201337479.0,73362000000.0,42561000000.0,,30607000000.0,9397000000.0,,-855000000.0,
COP,1163165,2018,1201337479.0,69980000000.0,37916000000.0,,31939000000.0,7395000000.0,16147000000.0,6257000000.0,
COP,1163165,2019,1201337479.0,70514000000.0,35464000000.0,,34981000000.0,7043000000.0,,7189000000.0,
COP,1163165,2020,1201337479.0,62618000000.0,32769000000.0,,29849000000.0,5366000000.0,,-2701000000.0,
COP,1163165,2021,1201337479.0,90661000000.0,45255000000.0,,,12021000000.0,,8079000000.0,
COP,1163165,2022,1201337479.0,93829000000.0,45826000000.0,,,12847000000.0,,18680000000.0,
COP,1163165,2023,1201337479.0,95924000000.0,46645000000.0,,49279000000.0,10005000000.0,,10957000000.0,
COP,1163165,2024,1201337479.0,122780000000.0,57984000000.0,,64796000000.0,12124000000.0,,9245000000.0,
COP,1163165,2025,1201337479.0,121939000000.0,57452000000.0,,64487000000.0,11972000000.0,,7988000000.0,
COST,909832,2015,443478804.0,33440000000.0,22597000000.0,,10617000000.0,16540000000.0,4864000000.0,767000000.0,40000000.0
COST,909832,2016,443478804.0,33163000000.0,20831000000.0,,12079000000.0,15575000000.0,4061000000.0,779000000.0,39000000.0
COST,909832,2017,443478804.0,36347000000.0,25268000000.0,,10778000000.0,17495000000.0,6573000000.0,919000000.0,53000000.0
COST,909832,2018,443478804.0,40830000000.0,27727000000.0,,12799000000.0,19926000000.0,6487000000.0,1043000000.0,48000000.0
COST,909832,2019,443478804.0,45400000000.0,29816000000.0,,15243000000.0,23237000000.0,5124000000.0,1097000000.0,45000000.0
COST,909832,2020,443478804.0,55556000000.0,36851000000.0,,18284000000.0,24844000000.0,7514000000.0,1389000000.0,51000000.0
COST,909832,2021,443478804.0,59268000000.0,41190000000.0,,17564000000.0,29441000000.0,6692000000.0,5007000000.0,171000000.0
COST,909832,2022,443478804.0,64166000000.0,43519000000.0,,20642000000.0,31998000000.0,6484000000.0,5844000000.0,158000000.0
COST,909832,2023,443478804.0,68994000000.0,43936000000.0,,25058000000.0,33583000000.0,5377000000.0,6292000000.0,160000000.0
COST,909832,2024,443478804.0,69831000000.0,46209000000.0,,23622000000.0,35464000000.0,5794000000.0,7367000000.0,169000000.0
COST,909832,2025,443478804.0,77099000000.0,47935000000.0,,29164000000.0,37108000000.0,5713000000.0,8099000000.0,154000000.0
COTY,1024305,2015,880686464.0,6018900000.0,4947900000.0,,969800000.0,1526200000.0,2605900000.0,232500000.0,71400000.0
COTY,1024305,2016,880686464.0,7100200000.0,6659800000.0,,360200000.0,1855200000.0,4001000000.0,156900000.0,112900000.0
COTY,1024305,2017,880686464.0,22548200000.0,12679400000.0,,9314700000.0,3803600000.0,6928300000.0,-422200000.0,219600000.0
COTY,1024305,2018,880686464.0,22630200000.0,13113700000.0,,8849700000.0,4044000000.0,7305400000.0,-168800000.0,287100000.0
COTY,1024305,2019,880686464.0,17665400000.0,12620200000.0,,4586900000.0,3477100000.0,7469900000.0,-3784200000.0,302500000.0
COTY,1024305,2020,880686464.0,16728800000.0,12705100000.0,,3004600000.0,3585700000.0,7892100000.0,-1006700000.0,233300000.0
COTY,1024305,2021,880686464.0,13691400000.0,9508800000.0,,2860700000.0,2415400000.0,5401000000.0,-201300000.0,231800000.0
COTY,1024305,2022,880686464.0,12116100000.0,8558100000.0,,3154500000.0,2565600000.0,4409100000.0,259500000.0,241200000.0
COTY,1024305,2023,880686464.0,12661600000.0,8428300000.0,,3811100000.0,2736800000.0,4178200000.0,508200000.0,261100000.0
COTY,1024305,2024,880686464.0,12082500000.0,7834800000.0,,3827100000.0,2601800000.0,3841800000.0,89400000.0,
COTY,1024305,2025,880686464.0,11907700000.0,7952100000.0,,3542700000.0,2538300000.0,3955500000.0,-367900000.0,
COTY,1024305,2026,880686464.0,10200400000.0,6821300000.0,,2989700000.0,2540500000.0,3033400000.0,-604800000.0,
CPF,701347,2015,25747432.0,5131288000.0,4636649000.0,4433439000.0,494614000.0,,92785000.0,10932000.0,1722000.0
CPF,701347,2016,25747432.0,5384236000.0,4879561000.0,4608201000.0,504650000.0,,92785000.0,12208000.0,2551000.0
CPF,701347,2017,25747432.0,5623708000.0,5123673000.0,4956354000.0,500011000.0,,92785000.0,4288000.0,4452000.0
CPF,701347,2018,25747432.0,5807026000.0,5315301000.0,4946490000.0,491725000.0,,122166000.0,15792000.0,7660000.0
CPF,701347,2019,25747432.0,6012672000.0,5484152000.0,5120023000.0,,,101547000.0,14197000.0,7223000.0
CPF,701347,2020,25747432.0,6594583000.0,6047850000.0,5796118000.0,546685000.0,,105385000.0,12171000.0,2427000.0
CPF,701347,2021,25747432.0,7419089000.0,6860822000.0,6639158000.0,558219000.0,,105616000.0,22327000.0,1957000.0
CPF,701347,2022,25747432.0,7432763000.0,6979892000.0,6736223000.0,452871000.0,,105859000.0,73928000.0,17093000.0
CPF,701347,2023,25747432.0,7642796000.0,7138981000.0,6847592000.0,503815000.0,,156102000.0,58669000.0,72657000.0
CPF,701347,2024,25747432.0,7472096000.0,6933711000.0,6644011000.0,538385000.0,,156345000.0,53412000.0,
CPF,701347,2025,25747432.0,7409241000.0,6816660000.0,6609764000.0,592581000.0,,76547000.0,77480000.0,
CRBG,1889539,2022,445772522.0,364217000000.0,355068000000.0,,8210000000.0,,7868000000.0,8149000000.0,534000000.0
CRBG,1889539,2023,445772522.0,379270000000.0,366635000000.0,,11766000000.0,,,1104000000.0,580000000.0
CRBG,1889539,2024,445772522.0,389397000000.0,377071000000.0,,11462000000.0,,,2230000000.0,554000000.0
CRBG,1889539,2025,445772522.0,413547000000.0,399587000000.0,,13201000000.0,,,-366000000.0,552000000.0
CRCW,1688126,2016,5829932017.0,,19222.0,,-11444.0,19222.0,,-50419.0,344.0
CRCW,1688126,2017,5829932017.0,11971485.0,698409.0,,11273076.0,698409.0,,-7767559.0,1130.0
CRCW,1688126,2018,5829932017.0,5382094.0,4164955.0,,-959969.0,4164955.0,,-25420109.0,
CRCW,1688126,2019,5829932017.0,1611.0,1951214.0,,-1949603.0,1876214.0,,-1808622.0,87573.0
CRCW,1688126,2020,5829932017.0,30226.0,2425873.0,,-2395647.0,2233281.0,,-2817717.0,68036.0
CRCW,1688126,2021,5829932017.0,1519848.0,2535665.0,,-1015817.0,2378300.0,,-785630.0,16367.0
CRCW,1688126,2022,5829932017.0,1556561.0,4616001.0,,-3059440.0,4476901.0,,-5662918.0,1757057.0
CRCW,1688126,2023,5829932017.0,72970.0,6337407.0,,-6264437.0,6199074.0,,-7231317.0,3093999.0
CRCW,1688126,2024,5829932017.0,1763.0,8019522.0,,-8017759.0,8006897.0,,-7963077.0,
CRCW,1688126,2025,5829932017.0,220999.0,6319522.0,,-6098523.0,6307546.0,,-1981127.0,
CRON,1656472,2019,368412864.0,2090442000.0,341412000.0,,1749883000.0,332888000.0,,1166506000.0,1244000.0
CRON,1656472,2020,368412864.0,1925682000.0,217514000.0,,1711364000.0,206834000.0,,-73137000.0,186000.0
CRON,1656472,2021,368412864.0,1397738000.0,63462000.0,,1337243000.0,54373000.0,,-396107000.0,27000.0
CRON,1656472,2022,368412864.0,1213009000.0,72045000.0,,1143885000.0,68116000.0,,-168734000.0,13000.0
CRON,1656472,2023,368412864.0,1140085000.0,43961000.0,,1099571000.0,41399000.0,,-73963000.0,
CRON,1656472,2024,368412864.0,1166312000.0,55330000.0,,1064063000.0,49700000.0,,41080000.0,
CRON,1656472,2025,368412864.0,1197140000.0,54181000.0,,1093897000.0,48187000.0,,-9447000.0,
CSCO,858877,2015,3942586873.0,113481000000.0,53774000000.0,,59698000000.0,23623000000.0,21457000000.0,8981000000.0,566000000.0
CSCO,858877,2016,3942586873.0,121652000000.0,58067000000.0,,63586000000.0,24911000000.0,24483000000.0,10739000000.0,676000000.0
CSCO,858877,2017,3942586873.0,129818000000.0,63681000000.0,,66137000000.0,27583000000.0,25725000000.0,2424000000.0,861000000.0
CSCO,858877,2018,3942586873.0,108784000000.0,65580000000.0,,43204000000.0,27035000000.0,20331000000.0,3803000000.0,943000000.0
CSCO,858877,2019,3942586873.0,97793000000.0,64222000000.0,,33571000000.0,31712000000.0,14475000000.0,2206000000.0,859000000.0
CSCO,858877,2020,3942586873.0,94853000000.0,56933000000.0,,37920000000.0,25331000000.0,11578000000.0,2636000000.0,585000000.0
CSCO,858877,2021,3942586873.0,97497000000.0,56222000000.0,,41275000000.0,26257000000.0,9018000000.0,10591000000.0,434000000.0
CSCO,858877,2022,3942586873.0,94002000000.0,54229000000.0,,39773000000.0,25640000000.0,8416000000.0,11812000000.0,360000000.0
CSCO,858877,2023,3942586873.0,101852000000.0,57499000000.0,,44353000000.0,31309000000.0,6658000000.0,12613000000.0,427000000.0
CSCO,858877,2024,3942586873.0,124413000000.0,78956000000.0,,45457000000.0,40584000000.0,19621000000.0,10320000000.0,
CSCO,858877,2025,3942586873.0,122291000000.0,75448000000.0,,46843000000.0,35064000000.0,22861000000.0,10180000000.0,
CSCO,858877,2026,3942586873.0,129637000000.0,79352000000.0,,50285000000.0,41525000000.0,19372000000.0,13267000000.0,
CUBI,1488813,2015,33783799.0,8401313000.0,7847411000.0,5909501000.0,553902000.0,,260000000.0,17786000.0,14245000.0
CUBI,1488813,2016,33783799.0,9382736000.0,8526864000.0,6846980000.0,855872000.0,,180000000.0,19828000.0,19475000.0
CUBI,1488813,2017,33783799.0,9839555000.0,8918591000.0,6800142000.0,920964000.0,,,78837000.0,29319000.0
CUBI,1488813,2018,33783799.0,9833425000.0,8876609000.0,7142236000.0,956816000.0,,,17862000.0,41779000.0
CUBI,1488813,2019,33783799.0,11520717000.0,10467922000.0,8648936000.0,1052795000.0,,350000000.0,27526000.0,46402000.0
CUBI,1488813,2020,33783799.0,18439248000.0,17322162000.0,11309929000.0,1117086000.0,,4415016000.0,56245000.0,30147000.0
CUBI,1488813,2021,33783799.0,19575028000.0,18208811000.0,16777924000.0,1366217000.0,,0.0,100669000.0,20343000.0
CUBI,1488813,2022,33783799.0,20896112000.0,19493151000.0,18156953000.0,1402961000.0,,,28711000.0,134510000.0
CUBI,1488813,2023,33783799.0,21316265000.0,19677871000.0,17920236000.0,1638394000.0,,,250143000.0,679911000.0
CUBI,1488813,2024,33783799.0,22308241000.0,20471558000.0,18846461000.0,1836683000.0,,,181469000.0,
CUBI,1488813,2025,33783799.0,24895868000.0,22780351000.0,20778704000.0,2115517000.0,,,224088000.0,
CVBF,354647,2015,175997435.0,7671200000.0,6747801000.0,5917260000.0,923399000.0,,,28613000.0,8571000.0
CVBF,354647,2016,175997435.0,8073707000.0,7082845000.0,6309680000.0,990862000.0,,,27076000.0,7976000.0
CVBF,354647,2017,175997435.0,8270586000.0,7201320000.0,6546853000.0,1069266000.0,,,17851000.0,8296000.0
CVBF,354647,2018,175997435.0,11529153000.0,9677963000.0,8827490000.0,1851190000.0,,,43159000.0,12815000.0
CVBF,354647,2019,175997435.0,11282450000.0,9288352000.0,8704928000.0,1994098000.0,,,51281000.0,22078000.0
CVBF,354647,2020,175997435.0,14419314000.0,12411324000.0,11736501000.0,2007990000.0,,,50056000.0,14284000.0
CVBF,354647,2021,175997435.0,15883697000.0,13802194000.0,12976442000.0,2081503000.0,,,212521000.0,6080000.0
CVBF,354647,2022,175997435.0,16476540000.0,14528023000.0,12836245000.0,1948517000.0,,,235425000.0,9155000.0
CVBF,354647,2023,175997435.0,16020993000.0,13943021000.0,11433642000.0,2077972000.0,,,221435000.0,118340000.0
CVBF,354647,2024,175997435.0,15153655000.0,12967339000.0,11948381000.0,2186316000.0,,,200716000.0,
CVBF,354647,2025,175997435.0,15631054000.0,13335830000.0,12071982000.0,2295224000.0,,,209298000.0,
CVGI,1290900,2015,40632682.0,436679000.0,370749000.0,,65930000.0,114853000.0,235000000.0,-2291000.0,21359000.0
CVGI,1290900,2016,40632682.0,428765000.0,361075000.0,,,106255000.0,233154000.0,355000.0,19318000.0
CVGI,1290900,2017,40632682.0,384388000.0,309646000.0,,74742000.0,123743000.0,163758000.0,-1705000.0,19149000.0
CVGI,1290900,2018,40632682.0,418130000.0,303092000.0,,115038000.0,132716000.0,154656000.0,44512000.0,14676000.0
CVGI,1290900,2019,40632682.0,435826000.0,307138000.0,,128688000.0,106607000.0,153128000.0,-7534000.0,3394000.0
CVGI,1290900,2020,40632682.0,454373000.0,359003000.0,,95370000.0,164887000.0,144147000.0,-4136000.0,20603000.0
CVGI,1290900,2021,40632682.0,507693000.0,381040000.0,,126653000.0,162130000.0,185581000.0,23732000.0,11179000.0
CVGI,1290900,2022,40632682.0,470268000.0,350228000.0,,120040000.0,175838000.0,141499000.0,-21971000.0,9827000.0
CVGI,1290900,2023,40632682.0,483214000.0,310282000.0,,172932000.0,145189000.0,126201000.0,49411000.0,10691000.0
CVGI,1290900,2024,40632682.0,424573000.0,288981000.0,,135592000.0,125798000.0,127062000.0,-27867000.0,
CVGI,1290900,2025,40632682.0,391714000.0,258357000.0,,133357000.0,108351000.0,104004000.0,-22781000.0,
CVS,64803,2015,1278970369.0,93657000000.0,,,37196000000.0,23169000000.0,26267000000.0,,859000000.0
CVS,64803,2016,1278970369.0,94462000000.0,,,36830000000.0,26250000000.0,25615000000.0,1707000000.0,1078000000.0
CVS,64803,2017,1278970369.0,95131000000.0,,,37691000000.0,30648000000.0,22181000000.0,3287000000.0,1062000000.0
CVS,64803,2018,1278970369.0,196456000000.0,137913000000.0,,58225000000.0,44009000000.0,71444000000.0,-419000000.0,2619000000.0
CVS,64803,2019,1278970369.0,222449000000.0,158279000000.0,,63864000000.0,53303000000.0,71348000000.0,1747000000.0,3035000000.0
CVS,64803,2020,1278970369.0,230715000000.0,161014000000.0,,69389000000.0,62017000000.0,,7179000000.0,2907000000.0
CVS,64803,2021,1278970369.0,232999000000.0,157618000000.0,,75075000000.0,67807000000.0,,7910000000.0,2503000000.0
CVS,64803,2022,1278970369.0,228275000000.0,156960000000.0,,71015000000.0,69736000000.0,,4149000000.0,2287000000.0
CVS,64803,2023,1278970369.0,249728000000.0,173092000000.0,,76461000000.0,79189000000.0,,8344000000.0,2658000000.0
CVS,64803,2024,1278970369.0,253215000000.0,177485000000.0,,75560000000.0,84609000000.0,,4614000000.0,
CVS,64803,2025,1278970369.0,253538000000.0,178156000000.0,,75214000000.0,88692000000.0,,1768000000.0,
CVX,93410,2015,1975771274.0,266103000000.0,112217000000.0,,152716000000.0,26464000000.0,33584000000.0,4587000000.0,
CVX,93410,2016,1975771274.0,260078000000.0,113356000000.0,,145556000000.0,31785000000.0,35193000000.0,-497000000.0,
CVX,93410,2017,1975771274.0,253806000000.0,104487000000.0,,148124000000.0,27737000000.0,33477000000.0,9195000000.0,
CVX,93410,2018,1975771274.0,253863000000.0,98221000000.0,,154554000000.0,27171000000.0,,14824000000.0,
CVX,93410,2019,1975771274.0,237428000000.0,92220000000.0,,144213000000.0,26530000000.0,,2924000000.0,
CVX,93410,2020,1975771274.0,239790000000.0,107064000000.0,,131688000000.0,22183000000.0,,-5543000000.0,
CVX,93410,2021,1975771274.0,239535000000.0,99595000000.0,,139067000000.0,26791000000.0,,15625000000.0,
CVX,93410,2022,1975771274.0,257709000000.0,97467000000.0,,159282000000.0,34208000000.0,,35465000000.0,
CVX,93410,2023,1975771274.0,261632000000.0,99703000000.0,,160957000000.0,32258000000.0,,21369000000.0,
CVX,93410,2024,1975771274.0,256938000000.0,103781000000.0,,152318000000.0,38558000000.0,,17661000000.0,
CVX,93410,2025,1975771274.0,324012000000.0,131836000000.0,,186450000000.0,33387000000.0,,12299000000.0,
D,715957,2015,879455403.0,58797000000.0,45195000000.0,,12664000000.0,8120000000.0,23616000000.0,357000000.0,
D,715957,2016,879455403.0,71610000000.0,54770000000.0,,14605000000.0,8115000000.0,30231000000.0,457000000.0,
D,715957,2017,879455403.0,76585000000.0,57215000000.0,,17142000000.0,9636000000.0,30948000000.0,1312000000.0,
D,715957,2018,879455403.0,77914000000.0,55866000000.0,,20107000000.0,7647000000.0,,641000000.0,
D,715957,2019,879455403.0,103823000000.0,69790000000.0,,31994000000.0,9939000000.0,,1009000000.0,
D,715957,2020,879455403.0,95905000000.0,69444000000.0,,26117000000.0,10843000000.0,,682000000.0,
D,715957,2021,879455403.0,99590000000.0,70672000000.0,,27308000000.0,8673000000.0,,3288000000.0,
D,715957,2022,879455403.0,104243000000.0,76362000000.0,,27881000000.0,13450000000.0,,994000000.0,
D,715957,2023,879455403.0,109032000000.0,81503000000.0,,27529000000.0,24476000000.0,,273000000.0,
D,715957,2024,879455403.0,102415000000.0,72223000000.0,,27253000000.0,9289000000.0,,145000000.0,
D,715957,2025,879455403.0,115857000000.0,82440000000.0,,29083000000.0,10444000000.0,,567000000.0,
DAVE,1841408,2021,,254618516.0,30224165.0,,-29371629.0,5035963.0,,-5269664.0,
DAVE,1841408,2022,,321492000.0,214932000.0,,106560000.0,36417000.0,75000000.0,-128906000.0,9197000.0
DAVE,1841408,2023,,294023000.0,206960000.0,,87063000.0,25604000.0,75000000.0,-48517000.0,11774000.0
DAVE,1841408,2024,,299327000.0,116226000.0,,183101000.0,35061000.0,75000000.0,57873000.0,7989000.0
DAVE,1841408,2025,,487418000.0,134691000.0,,352727000.0,113997000.0,0.0,195865000.0,7043000.0
DBI,1319947,2015,,1369109000.0,,,,323426000.0,,,168000.0
DBI,1319947,2016,,1428476000.0,490988000.0,,,316605000.0,,,238000.0
DBI,1319947,2017,,1413613000.0,463258000.0,,,324526000.0,,,488000.0
DBI,1319947,2018,,1620584000.0,788207000.0,,-2706000.0,463160000.0,,,2433000.0
DBI,1319947,2019,,2465070000.0,1744156000.0,,-2495000.0,680031000.0,,,8914000.0
DBI,1319947,2020,,1976595000.0,1733578000.0,,-3286000.0,752683000.0,,,24032000.0
DBI,1319947,2021,,2014634000.0,1602238000.0,,-3286000.0,758917000.0,,,32198000.0
DBI,1319947,2022,,2009618000.0,1573562000.0,,-3286000.0,636126000.0,,162676000.0,15099000.0
DBI,1319947,2023,,2076232000.0,1713724000.0,,,622271000.0,,29062000.0,32993000.0
DBI,1319947,2024,,2009224000.0,1727449000.0,,,590351000.0,,-38168000.0,
DBI,1319947,2025,,1947633000.0,1659873000.0,,,588474000.0,,-8374000.0,
DCOM,846617,2015,44156595.0,3781959000.0,3440831000.0,2843625000.0,341128000.0,,,21111000.0,10129000.0
DCOM,846617,2016,44156595.0,4054570000.0,3646583000.0,2926009000.0,407987000.0,,,35491000.0,16845000.0
DCOM,846617,2017,44156595.0,4430002000.0,4000802000.0,3334543000.0,429200000.0,,,-6916000.0,6399000.0
DCOM,846617,2018,44156595.0,4700744000.0,4246914000.0,3886393000.0,453830000.0,,,13864000.0,9382000.0
DCOM,846617,2019,44156595.0,4921520000.0,4424366000.0,3814647000.0,497154000.0,,,14208000.0,8672000.0
DCOM,846617,2020,44156595.0,6434296000.0,5916465000.0,5489253000.0,517831000.0,,,8977000.0,4492000.0
DCOM,846617,2021,44156595.0,12066364000.0,10873744000.0,10458974000.0,1192620000.0,,,103996000.0,27017000.0
DCOM,846617,2022,44156595.0,13189921000.0,12020338000.0,10254407000.0,1169583000.0,,,152556000.0,59362000.0
DCOM,846617,2023,44156595.0,13636005000.0,12409780000.0,10530655000.0,1226225000.0,,,96094000.0,292789000.0
DCOM,846617,2024,44156595.0,14353258000.0,12956741000.0,11686141000.0,1396517000.0,,,29084000.0,
DCOM,846617,2025,44156595.0,15341631000.0,13865862000.0,12841246000.0,1475769000.0,,,110682000.0,
DCX,1957413,2023,19560823.0,536451000.0,615325000.0,,-132834000.0,525054000.0,,-68111000.0,14819000.0
DCX,1957413,2024,19560823.0,470785000.0,616271000.0,,-179267000.0,573309000.0,,-46895000.0,16574000.0
DCX,1957413,2025,19560823.0,866684000.0,709198000.0,,150966000.0,709198000.0,,-30074000.0,-14000.0
DELL,1571996,2017,,118206000000.0,98966000000.0,,13243000000.0,38135000000.0,43061000000.0,-236000000.0,1751000000.0
DELL,1571996,2018,,122281000000.0,106910000000.0,,9326000000.0,45892000000.0,43998000000.0,-511000000.0,2406000000.0
DELL,1571996,2019,,111820000000.0,111566000000.0,,-5765000000.0,44972000000.0,49201000000.0,-299000000.0,2488000000.0
DELL,1571996,2020,,118861000000.0,115077000000.0,,-1574000000.0,52456000000.0,44319000000.0,408000000.0,2675000000.0
DELL,1571996,2021,,123415000000.0,115390000000.0,,2479000000.0,54132000000.0,41622000000.0,3250000000.0,2389000000.0
DELL,1571996,2022,,92735000000.0,94315000000.0,,-1685000000.0,56219000000.0,21131000000.0,2000000.0,1542000000.0
DELL,1571996,2023,,89611000000.0,92636000000.0,,-3122000000.0,51654000000.0,23015000000.0,2442000000.0,1222000000.0
DELL,1571996,2024,,82089000000.0,84398000000.0,,-2404000000.0,48494000000.0,19012000000.0,3211000000.0,1501000000.0
DELL,1571996,2025,,79746000000.0,81133000000.0,,-1482000000.0,46527000000.0,19363000000.0,1533000000.0,
DELL,1571996,2026,,101286000000.0,103756000000.0,,-2470000000.0,63269000000.0,23513000000.0,5936000000.0,
DFIN,1669811,2016,24585383.0,978900000.0,867800000.0,,111100000.0,186000000.0,587000000.0,59100000.0,11700000.0
DFIN,1669811,2017,24585383.0,893500000.0,744100000.0,,149400000.0,187000000.0,458300000.0,9700000.0,42900000.0
DFIN,1669811,2018,24585383.0,868700000.0,642700000.0,,226000000.0,198400000.0,362700000.0,73600000.0,36700000.0
DFIN,1669811,2019,24585383.0,886900000.0,618300000.0,,268600000.0,179500000.0,296000000.0,37600000.0,38100000.0
DFIN,1669811,2020,24585383.0,865600000.0,617800000.0,,247800000.0,238500000.0,230500000.0,-25900000.0,22800000.0
DFIN,1669811,2021,24585383.0,883300000.0,506300000.0,,377000000.0,261400000.0,124000000.0,145900000.0,26600000.0
DFIN,1669811,2022,24585383.0,828300000.0,498800000.0,,329500000.0,224800000.0,169200000.0,102500000.0,9200000.0
DFIN,1669811,2023,24585383.0,806900000.0,404700000.0,,402200000.0,201600000.0,124500000.0,82200000.0,15800000.0
DFIN,1669811,2024,24585383.0,841600000.0,405500000.0,,436100000.0,224100000.0,124700000.0,92400000.0,12900000.0
DFIN,1669811,2025,24585383.0,800400000.0,421200000.0,,379200000.0,200000000.0,165500000.0,32400000.0,12900000.0
DG,29534,2015,220616790.0,11257885000.0,,,5377876000.0,1995596000.0,,,86944000.0
DG,29534,2016,220616790.0,11672298000.0,,,5406294000.0,2622805000.0,,,97821000.0
DG,29534,2017,220616790.0,12516911000.0,,,6125774000.0,2964878000.0,,712155000.0,97036000.0
DG,29534,2018,220616790.0,13204038000.0,,,6417393000.0,3015857000.0,,483241000.0,99871000.0
DG,29534,2019,220616790.0,22825084000.0,,,6702500000.0,4543560000.0,,535437000.0,100574000.0
DG,29534,2020,220616790.0,25862624000.0,,,6661238000.0,5710783000.0,,642743000.0,150385000.0
DG,29534,2021,220616790.0,26327371000.0,,,6261986000.0,5979357000.0,,2399232000.0,157526000.0
DG,29534,2022,220616790.0,29083367000.0,,,5541772000.0,5887768000.0,,2415989000.0,211273000.0
DG,29534,2023,220616790.0,30795591000.0,,,6749119000.0,6725701000.0,,1661274000.0,326781000.0
DG,29534,2024,220616790.0,31132733000.0,,,7413707000.0,6868702000.0,,1125253000.0,
DG,29534,2025,220616790.0,30963730000.0,22451768000.0,,8511962000.0,6961135000.0,,1512311000.0,
DLTR,935703,2015,187630299.0,15901200000.0,11494300000.0,,,2095400000.0,7238400000.0,229000000.0,
DLTR,935703,2016,187630299.0,15701600000.0,10312100000.0,,,2105900000.0,6169700000.0,321800000.0,
DLTR,935703,2017,187630299.0,16332800000.0,9150500000.0,,,2859100000.0,4762100000.0,1040100000.0,
DLTR,935703,2018,187630299.0,13501200000.0,7858300000.0,,,2095700000.0,4265300000.0,-2307000000.0,
DLTR,935703,2019,187630299.0,19574600000.0,13319800000.0,,6254800000.0,3546500000.0,3522200000.0,123000000.0,
DLTR,935703,2020,187630299.0,20696000000.0,13410700000.0,,7285300000.0,3730300000.0,3226200000.0,502800000.0,
DLTR,935703,2021,187630299.0,21721800000.0,14003300000.0,,7718500000.0,4176600000.0,3417000000.0,1327900000.0,
DLTR,935703,2022,187630299.0,23022100000.0,14270600000.0,,8751500000.0,4225200000.0,3421600000.0,1615400000.0,
DLTR,935703,2023,187630299.0,22023500000.0,14710400000.0,,7313100000.0,4696700000.0,3426300000.0,-998400000.0,
DLTR,935703,2024,187630299.0,18644000000.0,14666600000.0,,3977400000.0,8585900000.0,2431200000.0,-3695900000.0,
DLTR,935703,2025,187630299.0,13466200000.0,9711300000.0,,3754900000.0,3228600000.0,2431700000.0,1282500000.0,
DMC,1047340,2015,47146218.0,2596100000.0,845200000.0,,1708000000.0,381800000.0,297800000.0,73100000.0,4300000.0
DMC,1047340,2016,47146218.0,2653300000.0,836900000.0,,1791800000.0,369100000.0,268600000.0,12000000.0,4100000.0
DMC,1047340,2017,47146218.0,2766900000.0,975700000.0,,1767400000.0,393800000.0,395500000.0,-6300000.0,6400000.0
DMC,1047340,2018,47146218.0,3255200000.0,1485600000.0,,1692000000.0,586000000.0,725000000.0,-34000000.0,23600000.0
DMC,1047340,2019,47146218.0,3349900000.0,1550900000.0,,1719200000.0,562900000.0,,-25800000.0,25400000.0
DMC,1047340,2020,47146218.0,3343300000.0,1543400000.0,,1728000000.0,554800000.0,,900000.0,21400000.0
DMC,1047340,2021,47146218.0,3398100000.0,1524600000.0,,1802300000.0,629200000.0,,-11200000.0,20300000.0
DMC,1047340,2022,47146218.0,3458900000.0,1483900000.0,,1904700000.0,607000000.0,,18300000.0,24400000.0
DMC,1047340,2023,47146218.0,3184100000.0,1271400000.0,,1896300000.0,540600000.0,,-11400000.0,24100000.0
DMC,1047340,2024,47146218.0,3096200000.0,1089400000.0,,1990500000.0,533100000.0,,142200000.0,18400000.0
DMC,1047340,2025,47146218.0,3059000000.0,1028800000.0,,2016200000.0,529300000.0,,90700000.0,11200000.0
DSGR,703604,2015,46255422.0,133094000.0,71830000.0,,61264000.0,36343000.0,,-3688000.0,766000.0
DSGR,703604,2016,46255422.0,135307000.0,74174000.0,,61133000.0,39437000.0,,-4643000.0,496000.0
DSGR,703604,2017,46255422.0,190667000.0,97177000.0,,93490000.0,59977000.0,,20237000.0,622000.0
DSGR,703604,2018,46255422.0,197142000.0,97969000.0,,99173000.0,66209000.0,,6214000.0,1009000.0
DSGR,703604,2019,46255422.0,204429000.0,96428000.0,,108001000.0,56930000.0,,7221000.0,603000.0
DSGR,703604,2020,46255422.0,256304000.0,133882000.0,,122422000.0,97995000.0,,15113000.0,654000.0
DSGR,703604,2021,46255422.0,256157000.0,123150000.0,,133007000.0,72244000.0,,9406000.0,869000.0
DSGR,703604,2022,46255422.0,1215610000.0,652615000.0,,562995000.0,169479000.0,395825000.0,7406000.0,24301000.0
DSGR,703604,2023,46255422.0,1550331000.0,888730000.0,,661601000.0,242015000.0,535881000.0,-8967000.0,42774000.0
DSGR,703604,2024,46255422.0,1727255000.0,1086712000.0,,640543000.0,266261000.0,693903000.0,-7332000.0,
DSGR,703604,2025,46255422.0,1748621000.0,1099274000.0,,649347000.0,291465000.0,664196000.0,8345000.0,
EBC,1810546,2020,228511552.0,15964190000.0,12536138000.0,12155784000.0,3428052000.0,,,-44062000.0,1115000.0
EBC,1810546,2021,228511552.0,23512128000.0,20105776000.0,19628311000.0,3406352000.0,,,154665000.0,5332000.0
EBC,1810546,2022,228511552.0,22646858000.0,20175068000.0,18974359000.0,2471790000.0,,,199759000.0,37127000.0
EBC,1810546,2023,228511552.0,21133278000.0,18158423000.0,17596217000.0,2974855000.0,,,232177000.0,246050000.0
EBC,1810546,2024,228511552.0,25557880000.0,21945913000.0,21291619000.0,3611967000.0,,,119561000.0,
EBC,1810546,2025,228511552.0,30586856000.0,26246303000.0,25470751000.0,4340553000.0,,,88219000.0,
ECHO,1415404,2015,,7240762000.0,3459120000.0,,3695478000.0,526831000.0,,153357000.0,122066000.0
ECHO,1415404,2016,,9008859000.0,5002054000.0,,3920065000.0,531438000.0,,179930000.0,123630000.0
ECHO,1415404,2017,,8750014000.0,4572629000.0,,4162563000.0,413890000.0,,392561000.0,217240000.0
ECHO,1415404,2018,,8661294000.0,4505820000.0,,4140199000.0,1345137000.0,,-40475000.0,248568000.0
ECHO,1415404,2019,,7154298000.0,3408745000.0,,3669805000.0,496019000.0,,-62917000.0,251016000.0
ECHO,1415404,2020,,7073352000.0,3466102000.0,,3542334000.0,1425171000.0,1495256000.0,,147927000.0
ECHO,1415404,2021,,6045204000.0,2631124000.0,,3353827000.0,460123000.0,1495994000.0,,95512000.0
ECHO,1415404,2022,,6199003000.0,2599948000.0,,3502619000.0,422831000.0,,,57170000.0
ECHO,1415404,2023,,57108894000.0,36720602000.0,,19880177000.0,8018589000.0,,,
ECHO,1415404,2024,,60938687000.0,40693462000.0,,20191372000.0,5831040000.0,,,
ECHO,1415404,2025,,43016355000.0,37204357000.0,,5765784000.0,12363419000.0,,-14497180000.0,
ECPG,1084961,2015,21209366.0,4219852000.0,3571364000.0,,596453000.0,,,-988000.0,186556000.0
ECPG,1084961,2016,21209366.0,3670497000.0,3069982000.0,,559304000.0,,,22812000.0,198367000.0
ECPG,1084961,2017,21209366.0,4490712000.0,3766801000.0,,581862000.0,,,12681000.0,204161000.0
ECPG,1084961,2018,21209366.0,4631875000.0,3812187000.0,,818009000.0,,,47036000.0,240048000.0
ECPG,1084961,2019,21209366.0,4909950000.0,3884544000.0,,1022193000.0,,,43085000.0,226760000.0
ECPG,1084961,2020,21209366.0,4864523000.0,3644447000.0,,1217608000.0,,,211848000.0,209356000.0
ECPG,1084961,2021,21209366.0,4608125000.0,3422864000.0,,1185261000.0,,,350782000.0,169647000.0
ECPG,1084961,2022,21209366.0,4508360000.0,3328733000.0,,,,,194564000.0,153308000.0
ECPG,1084961,2023,21209366.0,4630486000.0,3693948000.0,,,,,-206492000.0,201877000.0
ECPG,1084961,2024,21209366.0,4789729000.0,4022398000.0,,,,,-139244000.0,
ECPG,1084961,2025,21209366.0,5339800000.0,4363050000.0,,,,,256834000.0,
EEFT,1029199,2015,37403595.0,2192714000.0,1366786000.0,,824562000.0,903932000.0,405472000.0,33487000.0,24814000.0
EEFT,1029199,2016,37403595.0,2712872000.0,1812315000.0,,899549000.0,1179100000.0,561663000.0,28911000.0,28332000.0
EEFT,1029199,2017,37403595.0,3140029000.0,1940551000.0,,1198518000.0,1407720000.0,404012000.0,-22933000.0,32571000.0
EEFT,1029199,2018,37403595.0,3321155000.0,2088313000.0,,1232673000.0,1378394000.0,589782000.0,59991000.0,37573000.0
EEFT,1029199,2019,37403595.0,4657666000.0,3078324000.0,,1579274000.0,1633980000.0,1090939000.0,106446000.0,36237000.0
EEFT,1029199,2020,37403595.0,4926711000.0,3480808000.0,,1445622000.0,1855441000.0,1437589000.0,70235000.0,36604000.0
EEFT,1029199,2021,37403595.0,4744276000.0,3488752000.0,,1255481000.0,1852641000.0,1420085000.0,70727000.0,38198000.0
EEFT,1029199,2022,37403595.0,5403633000.0,4159227000.0,,1244583000.0,2354071000.0,1609098000.0,230994000.0,37585000.0
EEFT,1029199,2023,37403595.0,5894400000.0,4644700000.0,,1249900000.0,2700600000.0,1715400000.0,279700000.0,55600000.0
EEFT,1029199,2024,37403595.0,5834500000.0,4605300000.0,,1228700000.0,3226000000.0,1134400000.0,306000000.0,
EEFT,1029199,2025,37403595.0,6488700000.0,5166200000.0,,1307500000.0,3854700000.0,1037600000.0,309500000.0,
EFC,1411342,2015,128887386.0,2991555000.0,2252603000.0,,732049000.0,,,1780000.0,3186000.0
EFC,1411342,2016,128887386.0,2413195000.0,1768418000.0,,637661000.0,,,1692000.0,4461000.0
EFC,1411342,2017,128887386.0,2993341000.0,2372380000.0,,600099000.0,,84771000.0,7444000.0,9326000.0
EFC,1411342,2018,128887386.0,3971499000.0,3376329000.0,,563833000.0,,85035000.0,-2217000.0,16083000.0
EFC,1411342,2019,128887386.0,4338217000.0,3469518000.0,,829265000.0,,85298000.0,11122000.0,21205000.0
EFC,1411342,2020,128887386.0,3413863000.0,2492291000.0,,885215000.0,,85561000.0,63162000.0,11952000.0
EFC,1411342,2021,128887386.0,5177419000.0,3853863000.0,,1291321000.0,,85802000.0,34271000.0,10918000.0
EFC,1411342,2022,128887386.0,14085886000.0,12865000000.0,,1195967000.0,,0.0,-85339000.0,141777000.0
EFC,1411342,2023,128887386.0,15315930000.0,13780318000.0,,1517071000.0,,,60902000.0,262451000.0
EFC,1411342,2024,128887386.0,16317028000.0,14726206000.0,,1570476000.0,,,117829000.0,279606000.0
EFC,1411342,2025,128887386.0,19352910000.0,17481755000.0,,1834259000.0,,,118743000.0,304533000.0
EFX,33185,2015,117484896.0,4509000000.0,2158600000.0,,2310900000.0,603800000.0,1145900000.0,111900000.0,63800000.0
EFX,33185,2016,117484896.0,6664000000.0,3942700000.0,,2662700000.0,1259600000.0,2086800000.0,123000000.0,92100000.0
EFX,33185,2017,117484896.0,7233400000.0,3994400000.0,,3174400000.0,1673500000.0,1739000000.0,172300000.0,92800000.0
EFX,33185,2018,117484896.0,7153200000.0,3997500000.0,,3107800000.0,826800000.0,2630600000.0,25600000.0,103500000.0
EFX,33185,2019,117484896.0,7909000000.0,5286100000.0,,2578600000.0,1359100000.0,3379500000.0,9200000.0,111700000.0
EFX,33185,2020,117484896.0,9611800000.0,6401500000.0,,3168400000.0,2483100000.0,3277300000.0,74500000.0,141600000.0
EFX,33185,2021,117484896.0,11040900000.0,7439700000.0,,3584400000.0,2291300000.0,4470100000.0,744200000.0,145600000.0
EFX,33185,2022,117484896.0,11547900000.0,7574600000.0,,3956500000.0,2015200000.0,4820100000.0,696200000.0,183000000.0
EFX,33185,2023,117484896.0,12280000000.0,7592500000.0,,4534100000.0,2019000000.0,4747800000.0,545300000.0,241400000.0
EFX,33185,2024,117484896.0,11759400000.0,6839800000.0,,4796900000.0,1811500000.0,4322800000.0,604100000.0,
EFX,33185,2025,117484896.0,11864200000.0,7126000000.0,,4604300000.0,2335400000.0,4055300000.0,660300000.0,
EG,1095073,2015,38342734.0,21426175000.0,13060729000.0,,7608585000.0,,,357281000.0,36191000.0
EG,1095073,2016,38342734.0,21321504000.0,13246108000.0,,8075396000.0,,,,36228000.0
EG,1095073,2017,38342734.0,23591792000.0,15222560000.0,,8369232000.0,,,,31603000.0
EG,1095073,2018,38342734.0,24793999000.0,16890195000.0,,7903804000.0,,,,31031000.0
EG,1095073,2019,38342734.0,27324051000.0,18191126000.0,,9132925000.0,,,,31693000.0
EG,1095073,2020,38342734.0,32788357000.0,23062181000.0,,9726176000.0,,,,
EG,1095073,2021,38342734.0,38185283000.0,28046103000.0,,10139180000.0,,,,
EG,1095073,2022,38342734.0,39966000000.0,31525000000.0,,8441000000.0,,,,
EG,1095073,2023,38342734.0,49399000000.0,36197000000.0,,13202000000.0,,,2517000000.0,
EG,1095073,2024,38342734.0,56341000000.0,42466000000.0,,13875000000.0,,,1373000000.0,
EG,1095073,2025,38342734.0,62514000000.0,47054000000.0,,15461000000.0,,,1591000000.0,
EGBN,1050441,2015,30483973.0,6076649000.0,5338048000.0,5158444000.0,738601000.0,,70000000.0,22348000.0,4735000.0
EGBN,1050441,2016,30483973.0,6890096000.0,6047297000.0,5716114000.0,842799000.0,,216514000.0,25717000.0,8771000.0
EGBN,1050441,2017,30483973.0,7479029000.0,6528591000.0,5853984000.0,950438000.0,,216905000.0,15569000.0,11167000.0
EGBN,1050441,2018,30483973.0,8389137000.0,7280196000.0,6974285000.0,1108941000.0,,217296000.0,40317000.0,23869000.0
EGBN,1050441,2019,30483973.0,8988719000.0,7798038000.0,7224391000.0,1190681000.0,,217687000.0,35456000.0,26473000.0
EGBN,1050441,2020,30483973.0,11117802000.0,9876910000.0,9189203000.0,1240892000.0,,268077000.0,132217000.0,68424000.0
EGBN,1050441,2021,30483973.0,11847310000.0,10496535000.0,9981540000.0,1350775000.0,,69670000.0,176691000.0,39982000.0
EGBN,1050441,2022,30483973.0,11150854000.0,9922533000.0,8713182000.0,1228321000.0,,69794000.0,140930000.0,91746000.0
EGBN,1050441,2023,30483973.0,11664538000.0,10390255000.0,8808039000.0,1274283000.0,,,100534000.0,334781000.0
EGBN,1050441,2024,30483973.0,11129508000.0,9903447000.0,9131078000.0,1226061000.0,,76108000.0,-47035000.0,
EGBN,1050441,2025,30483973.0,10497203000.0,9365920000.0,9133606000.0,1131283000.0,,76428000.0,-138052000.0,
EIG,1379041,2015,17960506.0,3755800000.0,2995000000.0,,760800000.0,,,26700000.0,2700000.0
EIG,1379041,2016,17960506.0,3773400000.0,2932800000.0,,840600000.0,,,35500000.0,1600000.0
EIG,1379041,2017,17960506.0,3840100000.0,2892400000.0,,947700000.0,,,31300000.0,1400000.0
EIG,1379041,2018,17960506.0,3919200000.0,2901000000.0,,1018200000.0,,,25600000.0,1500000.0
EIG,1379041,2019,17960506.0,4004100000.0,2838300000.0,,1165800000.0,,,31800000.0,600000.0
EIG,1379041,2020,17960506.0,3922600000.0,2709800000.0,,1212800000.0,,,64000000.0,400000.0
EIG,1379041,2021,17960506.0,3783200000.0,2570100000.0,,1213100000.0,,,119300000.0,500000.0
EIG,1379041,2022,17960506.0,3716700000.0,2772500000.0,,944200000.0,,,48400000.0,3500000.0
EIG,1379041,2023,17960506.0,3550400000.0,2536500000.0,,1013900000.0,,,118100000.0,5800000.0
EIG,1379041,2024,17960506.0,3541300000.0,2472600000.0,,1068700000.0,,,118600000.0,
EIG,1379041,2025,17960506.0,3436600000.0,2480900000.0,,955700000.0,,19000000.0,10800000.0,
EIX,827052,2015,384793941.0,50310000000.0,36916000000.0,,,4927000000.0,10964000000.0,,555000000.0
EIX,827052,2016,384793941.0,51319000000.0,37127000000.0,,,5912000000.0,10175000000.0,,581000000.0
EIX,827052,2017,384793941.0,52580000000.0,38695000000.0,,,7068000000.0,11642000000.0,,639000000.0
EIX,827052,2018,384793941.0,56715000000.0,44063000000.0,,,5395000000.0,14632000000.0,,734000000.0
EIX,827052,2019,384793941.0,64382000000.0,48886000000.0,,,5523000000.0,17864000000.0,1284000000.0,841000000.0
EIX,827052,2020,384793941.0,69372000000.0,53423000000.0,,,10277000000.0,19632000000.0,739000000.0,902000000.0
EIX,827052,2021,384793941.0,74745000000.0,56956000000.0,,15888000000.0,8609000000.0,24170000000.0,,925000000.0
EIX,827052,2022,384793941.0,78041000000.0,60519000000.0,,15621000000.0,10347000000.0,27025000000.0,,1169000000.0
EIX,827052,2023,384793941.0,81758000000.0,63814000000.0,,15501000000.0,8598000000.0,30316000000.0,,1612000000.0
EIX,827052,2024,384793941.0,85579000000.0,67839000000.0,,15565000000.0,8439000000.0,33534000000.0,,
EIX,827052,2025,384793941.0,94026000000.0,74767000000.0,,17579000000.0,10536000000.0,36070000000.0,4459000000.0,
EML,31107,2015,6017558.0,121738559.0,,,79405056.0,15162888.0,1785714.0,1740776.0,185475.0
EML,31107,2016,6017558.0,124198396.0,,,82467514.0,12866082.0,892857.0,2649349.0,121500.0
EML,31107,2017,6017558.0,176458397.0,,,86930590.0,31314682.0,28675000.0,-168769.0,976512.0
EML,31107,2018,6017558.0,181247567.0,,,96868639.0,30148100.0,26350000.0,14505937.0,1202272.0
EML,31107,2019,6017558.0,280662976.0,,,105437257.0,31931343.0,93577544.0,13266142.0,1857961.0
EML,31107,2020,6017558.0,275528354.0,171221895.0,,104306459.0,40665960.0,82255803.0,5405522.0,2744800.0
EML,31107,2022,6017558.0,261523033.0,134908338.0,,126614695.0,46981453.0,55136231.0,12301918.0,2275612.0
EML,31107,2023,6017558.0,252039201.0,119558617.0,,132480584.0,42733726.0,41063865.0,8585002.0,3506598.0
EML,31107,2024,6017558.0,235308747.0,114617348.0,,120691399.0,44794791.0,38640576.0,-8529217.0,2721318.0
EML,31107,2026,6017558.0,216676616.0,92031287.0,,124645329.0,27617480.0,33902353.0,7132785.0,2684603.0
ENGS,1971828,2025,14250000.0,14382025.0,12338270.0,5457206.0,2043755.0,12147727.0,8397806.0,-2847879.0,
ENHA,1956439,2025,,204154720.0,8472203.0,,-7635637.0,472203.0,,2568594.0,
ENVA,1529864,2015,24898371.0,880870000.0,674902000.0,,205968000.0,,,43992000.0,
ENVA,1529864,2016,24898371.0,977879000.0,736180000.0,,241699000.0,,,8714000.0,
ENVA,1529864,2017,24898371.0,1159460000.0,877773000.0,,281687000.0,,,6883000.0,
ENVA,1529864,2018,24898371.0,1328185000.0,980417000.0,,347768000.0,,,8671000.0,
ENVA,1529864,2019,24898371.0,1574352000.0,1197739000.0,,376613000.0,,,-50553000.0,
ENVA,1529864,2020,24898371.0,2108075000.0,1189241000.0,,917348000.0,,,377844000.0,86691000.0
ENVA,1529864,2021,24898371.0,2761483000.0,1668431000.0,,1093052000.0,,,256295000.0,76509000.0
ENVA,1529864,2022,24898371.0,3780889000.0,2594744000.0,,1186145000.0,,,207424000.0,115887000.0
ENVA,1529864,2023,24898371.0,4585536000.0,3345353000.0,,1240183000.0,,,175121000.0,194779000.0
ENVA,1529864,2024,24898371.0,5266131000.0,4069207000.0,,1196924000.0,,,209448000.0,290442000.0
ENVA,1529864,2025,24898371.0,6468432000.0,5131708000.0,,1336724000.0,,,308389000.0,339305000.0
EQH,1333986,2018,273035157.0,220797000000.0,205178000000.0,,13866000000.0,,,1938000000.0,231000000.0
EQH,1333986,2019,273035157.0,249870000000.0,234379000000.0,,13535000000.0,,,-937000000.0,221000000.0
EQH,1333986,2020,273035157.0,275397000000.0,258077000000.0,,15576000000.0,,,-648000000.0,200000000.0
EQH,1333986,2021,273035157.0,292262000000.0,278699000000.0,,11519000000.0,,,-439000000.0,244000000.0
EQH,1333986,2022,273035157.0,253468000000.0,249615000000.0,,1658000000.0,,3322000000.0,1785000000.0,201000000.0
EQH,1333986,2023,273035157.0,276814000000.0,271656000000.0,,2649000000.0,,3820000000.0,1302000000.0,228000000.0
EQH,1333986,2024,273035157.0,295866000000.0,292298000000.0,,1585000000.0,,3833000000.0,1307000000.0,
EQH,1333986,2025,273035157.0,317990000000.0,316202000000.0,,-74000000.0,,3835000000.0,-1380000000.0,
ERIE,922621,2015,,1407296000.0,637793000.0,,769503000.0,445699000.0,,30133000.0,
ERIE,922621,2016,,1548955000.0,732045000.0,,816910000.0,469600000.0,24766000.0,45786000.0,101000.0
ERIE,922621,2017,,1665859000.0,808515000.0,,857344000.0,509906000.0,74728000.0,32053000.0,438000.0
ERIE,922621,2018,,1778327000.0,804655000.0,,973672000.0,547067000.0,97860000.0,62314000.0,2460000.0
ERIE,922621,2019,,2016240000.0,882987000.0,,1133253000.0,587712000.0,95842000.0,59587000.0,856000.0
ERIE,922621,2020,,2117122000.0,929074000.0,,1188048000.0,627669000.0,93833000.0,293304000.0,731000.0
ERIE,922621,2021,,2242057000.0,899579000.0,,1342478000.0,630863000.0,91734000.0,297860000.0,4132000.0
ERIE,922621,2022,,2239456000.0,791048000.0,,1448408000.0,665111000.0,0.0,298569000.0,2009000.0
ERIE,922621,2023,,2471964000.0,809129000.0,,1662835000.0,708977000.0,,446061000.0,0.0
ERIE,922621,2024,,2888614000.0,901356000.0,,1987258000.0,802512000.0,,600314000.0,
ERIE,922621,2025,,3355481000.0,1072107000.0,,2283374000.0,945587000.0,,559335000.0,
ESNT,1448893,2015,89876493.0,1469099000.0,349858000.0,,1119241000.0,,,44479000.0,
ESNT,1448893,2016,89876493.0,1882998000.0,539225000.0,,1343773000.0,,,62686000.0,
ESNT,1448893,2017,89876493.0,2674368000.0,733932000.0,,1940436000.0,,,162638000.0,1817000.0
ESNT,1448893,2018,89876493.0,3149971000.0,784254000.0,,2365717000.0,,,128528000.0,2611000.0
ESNT,1448893,2019,89876493.0,3873425000.0,888580000.0,,2984845000.0,,,146958000.0,2218000.0
ESNT,1448893,2020,89876493.0,5202724000.0,1340091000.0,,3862633000.0,,,123602000.0,2149000.0
ESNT,1448893,2021,89876493.0,5722174000.0,1486060000.0,,4236114000.0,,,681783000.0,8282000.0
ESNT,1448893,2022,89876493.0,5723797000.0,1261488000.0,,4462309000.0,,,831353000.0,15608000.0
ESNT,1448893,2023,89876493.0,6426673000.0,1324123000.0,,5102550000.0,,,696386000.0,30137000.0
ESNT,1448893,2024,89876493.0,7111649000.0,1507991000.0,,5603658000.0,,,729403000.0,
ESNT,1448893,2025,89876493.0,7441003000.0,1684276000.0,,5756727000.0,,,689969000.0,
ESOA,1357971,2015,18659181.0,46804577.0,26517941.0,,20286636.0,17811583.0,6802451.0,1673980.0,761079.0
ESOA,1357971,2016,18659181.0,56396366.0,33872674.0,,22523692.0,24556498.0,7390099.0,1675577.0,875254.0
ESOA,1357971,2017,18659181.0,58697201.0,37566382.0,,21130819.0,26023276.0,9702483.0,553274.0,833424.0
ESOA,1357971,2018,18659181.0,54681390.0,31400343.0,,23281047.0,23603338.0,6468630.0,2211831.0,916675.0
ESOA,1357971,2019,18659181.0,55928038.0,31263681.0,,24664357.0,18313562.0,11024296.0,,1064222.0
ESOA,1357971,2020,18659181.0,58163286.0,32339257.0,,25824029.0,18850037.0,11233705.0,,486246.0
ESOA,1357971,2021,18659181.0,70171461.0,35534415.0,,34637046.0,24480208.0,9020774.0,,557320.0
ESOA,1357971,2022,18659181.0,112626845.0,84386301.0,,28240544.0,65421514.0,13494084.0,,987689.0
ESOA,1357971,2023,18659181.0,142509149.0,107920160.0,,34588989.0,79904146.0,18870529.0,,2406839.0
ESOA,1357971,2024,18659181.0,158247000.0,99552856.0,,58694144.0,74248552.0,17187992.0,,
ESOA,1357971,2025,18659181.0,215207056.0,155971263.0,,59235793.0,97979084.0,50256031.0,,
ETSY,1370637,2015,91781748.0,553061000.0,222563000.0,,330498000.0,80122000.0,,-54063000.0,
ETSY,1370637,2016,91781748.0,581193000.0,236436000.0,,344757000.0,84008000.0,,-29901000.0,
ETSY,1370637,2017,91781748.0,605583000.0,208689000.0,,396894000.0,102477000.0,,81800000.0,
ETSY,1370637,2018,91781748.0,901851000.0,500953000.0,,400898000.0,112062000.0,276486000.0,77491000.0,22178000.0
ETSY,1370637,2019,91781748.0,1542352000.0,1135718000.0,,406634000.0,188528000.0,785126000.0,95894000.0,24320000.0
ETSY,1370637,2020,91781748.0,2404489000.0,1662065000.0,,742424000.0,454664000.0,1062299000.0,349246000.0,42025000.0
ETSY,1370637,2021,91781748.0,3831809000.0,3203190000.0,,628619000.0,615588000.0,2275418000.0,493507000.0,9885000.0
ETSY,1370637,2022,91781748.0,2634961000.0,3182235000.0,,-547274000.0,631755000.0,2279640000.0,-694288000.0,14168000.0
ETSY,1370637,2023,91781748.0,2685400000.0,3229115000.0,,-543715000.0,710781000.0,2283817000.0,307568000.0,14042000.0
ETSY,1370637,2024,91781748.0,2417782000.0,3176648000.0,,-758866000.0,665113000.0,2288083000.0,303281000.0,
ETSY,1370637,2025,91781748.0,2827254000.0,3925349000.0,,-1098095000.0,1363619000.0,2333230000.0,162982000.0,
EVR,1360901,2015,,1479171000.0,771955000.0,,504552000.0,408049000.0,,20602000.0,16975000.0
EVR,1360901,2016,,1662346000.0,879015000.0,,527298000.0,463421000.0,,43428000.0,16738000.0
EVR,1360901,2017,,1584886000.0,788518000.0,,543964000.0,464052000.0,,-19412000.0,19996000.0
EVR,1360901,2018,,2125667000.0,1117728000.0,,758120000.0,749691000.0,,163305000.0,17771000.0
EVR,1360901,2019,,2598613000.0,1472363000.0,,869716000.0,668653000.0,,105184000.0,20139000.0
EVR,1360901,2020,,3370888000.0,1881514000.0,,1230946000.0,1063933000.0,,220377000.0,21414000.0
EVR,1360901,2021,,3802657000.0,2167376000.0,,1320371000.0,1297136000.0,,740116000.0,17586000.0
EVR,1360901,2022,,3620923000.0,1894505000.0,,1536811000.0,1070536000.0,,476520000.0,16850000.0
EVR,1360901,2023,,3703298000.0,1920808000.0,,1576934000.0,910059000.0,,255479000.0,16717000.0
EVR,1360901,2024,,4173971000.0,2232163000.0,,1707642000.0,1229801000.0,,378279000.0,16768000.0
EVR,1360901,2025,,5358097000.0,3038231000.0,,2031576000.0,1783421000.0,,591922000.0,24264000.0
EVTC,1559865,2015,59752542.0,870102000.0,771888000.0,,98214000.0,102501000.0,625745000.0,85377000.0,24266000.0
EVTC,1559865,2016,59752542.0,885662000.0,777487000.0,,104676000.0,129163000.0,599667000.0,75036000.0,24617000.0
EVTC,1559865,2017,59752542.0,902788000.0,754812000.0,,144112000.0,147216000.0,557251000.0,55054000.0,29861000.0
EVTC,1559865,2018,59752542.0,927292000.0,711686000.0,,211459000.0,136705000.0,524056000.0,86270000.0,30044000.0
EVTC,1559865,2019,59752542.0,1011676000.0,740053000.0,,267187000.0,144314000.0,510947000.0,103469000.0,28811000.0
EVTC,1559865,2020,59752542.0,1072579000.0,730150000.0,,337741000.0,152992000.0,481041000.0,104436000.0,25074000.0
EVTC,1559865,2021,59752542.0,1144756000.0,674488000.0,,466212000.0,152884000.0,444785000.0,161130000.0,22810000.0
EVTC,1559865,2022,59752542.0,1131743000.0,656995000.0,,471511000.0,208410000.0,389498000.0,239009000.0,24772000.0
EVTC,1559865,2023,59752542.0,2060263000.0,1424887000.0,,594293000.0,298313000.0,946816000.0,79722000.0,32321000.0
EVTC,1559865,2024,59752542.0,1857611000.0,1338350000.0,,472524000.0,279660000.0,925062000.0,112620000.0,
EVTC,1559865,2025,59752542.0,2243296000.0,1529304000.0,,621606000.0,285039000.0,1053030000.0,141590000.0,
EWBC,1069157,2015,137011856.0,32350922000.0,29227972000.0,27475981000.0,3122950000.0,,206084000.0,91805000.0,23536000.0
EWBC,1069157,2016,137011856.0,34788840000.0,31361099000.0,29890983000.0,3427741000.0,,186327000.0,110734000.0,29425000.0
EWBC,1069157,2017,137011856.0,37150249000.0,33308298000.0,31615063000.0,3841951000.0,,171577000.0,84898000.0,40064000.0
EWBC,1069157,2018,137011856.0,41042356000.0,36618382000.0,35439628000.0,4423974000.0,,146835000.0,173018000.0,87918000.0
EWBC,1069157,2019,137011856.0,44196096000.0,39178479000.0,37324259000.0,5017617000.0,,146835000.0,188215000.0,99014000.0
EWBC,1069157,2020,137011856.0,52156913000.0,46887738000.0,44862752000.0,5269175000.0,,,567797000.0,217849000.0
EWBC,1069157,2021,137011856.0,60870701000.0,55033483000.0,53350532000.0,5837218000.0,,,872981000.0,87163000.0
EWBC,1069157,2022,137011856.0,64112150000.0,58127538000.0,55967849000.0,5984612000.0,,,1128083000.0,275350000.0
EWBC,1069157,2023,137011856.0,69612884000.0,62662050000.0,56092438000.0,6950834000.0,,,1161161000.0,1381551000.0
EWBC,1069157,2024,137011856.0,75976475000.0,68253421000.0,63175023000.0,7723054000.0,,,1165586000.0,
EWBC,1069157,2025,137011856.0,80434997000.0,71535795000.0,67082701000.0,8899202000.0,,,1325188000.0,
EXC,1109357,2015,1023208142.0,95384000000.0,68062000000.0,,25793000000.0,9118000000.0,23645000000.0,,992000000.0
EXC,1109357,2016,1023208142.0,114904000000.0,87292000000.0,,25837000000.0,13457000000.0,31575000000.0,,1495000000.0
EXC,1109357,2017,1023208142.0,116700000000.0,84568000000.0,,29857000000.0,10796000000.0,32176000000.0,,1524000000.0
EXC,1109357,2018,1023208142.0,119666000000.0,86596000000.0,,30764000000.0,11404000000.0,34075000000.0,,1529000000.0
EXC,1109357,2019,1023208142.0,124977000000.0,90404000000.0,,32224000000.0,14185000000.0,31329000000.0,,1591000000.0
EXC,1109357,2020,1023208142.0,129317000000.0,94449000000.0,,32585000000.0,12771000000.0,35093000000.0,,1610000000.0
EXC,1109357,2021,1023208142.0,133013000000.0,98218000000.0,,34393000000.0,16111000000.0,35324000000.0,,
EXC,1109357,2022,1023208142.0,95349000000.0,70605000000.0,,24744000000.0,10611000000.0,35272000000.0,,
EXC,1109357,2023,1023208142.0,101546000000.0,75791000000.0,,25755000000.0,9591000000.0,,,
EXC,1109357,2024,1023208142.0,107784000000.0,80863000000.0,,26921000000.0,9611000000.0,,,
EXC,1109357,2025,1023208142.0,116570000000.0,87772000000.0,,28798000000.0,10331000000.0,,,
EZPW,876523,2015,,1212230000.0,520564000.0,,676735000.0,208070000.0,306337000.0,-89557000.0,42202000.0
EZPW,876523,2016,,983244000.0,389039000.0,,594983000.0,94978000.0,283611000.0,3231000.0,16477000.0
EZPW,876523,2017,,1024363000.0,364437000.0,,662375000.0,72575000.0,284807000.0,11410000.0,27803000.0
EZPW,876523,2018,,1246920000.0,502214000.0,,748037000.0,259805000.0,226702000.0,-135000.0,27834000.0
EZPW,876523,2019,,1083702000.0,338753000.0,,744949000.0,91086000.0,238380000.0,-645000.0,32637000.0
EZPW,876523,2020,,1197023000.0,547896000.0,,,132467000.0,251016000.0,-68463000.0,22472000.0
EZPW,876523,2021,,1266911000.0,594673000.0,,,155088000.0,264186000.0,1553000.0,22177000.0
EZPW,876523,2022,,1347878000.0,655647000.0,,,152866000.0,312903000.0,50160000.0,9972000.0
EZPW,876523,2023,,1467711000.0,721943000.0,,,191972000.0,325847000.0,38463000.0,16456000.0
EZPW,876523,2024,,1493237000.0,688666000.0,,,269377000.0,224256000.0,83095000.0,
EZPW,876523,2025,,1951209000.0,925724000.0,,,200572000.0,518076000.0,109613000.0,
F,37996,2015,3727332952.0,224925000000.0,196174000000.0,,28642000000.0,,,1868000000.0,3227000000.0
F,37996,2016,3727332952.0,237951000000.0,208668000000.0,,29170000000.0,90281000000.0,,,894000000.0
F,37996,2017,3727332952.0,257808000000.0,222792000000.0,,34890000000.0,94600000000.0,,,1133000000.0
F,37996,2018,3727332952.0,256540000000.0,220474000000.0,,35932000000.0,95569000000.0,,,
F,37996,2019,3727332952.0,258537000000.0,225307000000.0,,33185000000.0,98132000000.0,470000000.0,,5409000000.0
F,37996,2020,3727332952.0,267261000000.0,236450000000.0,,30690000000.0,97192000000.0,291000000.0,,5051000000.0
F,37996,2021,3727332952.0,257035000000.0,208413000000.0,,48519000000.0,90727000000.0,,,4593000000.0
F,37996,2022,3727332952.0,255884000000.0,212717000000.0,,43242000000.0,96866000000.0,,,4593000000.0
F,37996,2023,3727332952.0,273310000000.0,230512000000.0,,42773000000.0,101531000000.0,,4347000000.0,7613000000.0
F,37996,2024,3727332952.0,285196000000.0,240338000000.0,,44835000000.0,106859000000.0,,5879000000.0,
F,37996,2025,3727332952.0,289160000000.0,253180000000.0,,35952000000.0,114890000000.0,,,
FAF,1472787,2015,102100000.0,8254351000.0,5492686000.0,2699015000.0,2758502000.0,,,81565000.0,29108000.0
FAF,1472787,2016,102100000.0,8831777000.0,5817428000.0,2779478000.0,3008179000.0,,,81023000.0,32214000.0
FAF,1472787,2017,102100000.0,9573222000.0,6090197000.0,3070566000.0,3479955000.0,,,221127000.0,35987000.0
FAF,1472787,2018,102100000.0,10630635000.0,6885247000.0,3786183000.0,3741881000.0,,,91649000.0,40978000.0
FAF,1472787,2019,102100000.0,11519167000.0,7094165000.0,3337431000.0,4420484000.0,,,223998000.0,47801000.0
FAF,1472787,2020,102100000.0,12795988000.0,7874340000.0,3276949000.0,4909972000.0,,,280291000.0,57467000.0
FAF,1472787,2021,102100000.0,16451000000.0,10668000000.0,5069000000.0,5767000000.0,,,1241000000.0,72000000.0
FAF,1472787,2022,102100000.0,14955000000.0,10267000000.0,5520000000.0,4665000000.0,,,263000000.0,93000000.0
FAF,1472787,2023,102100000.0,16802800000.0,11940000000.0,7308000000.0,4848100000.0,,,216800000.0,132500000.0
FAF,1472787,2024,102100000.0,14908600000.0,9981600000.0,5048100000.0,4908500000.0,,,131100000.0,149600000.0
FAF,1472787,2025,102100000.0,16228800000.0,10704500000.0,5292700000.0,5499500000.0,,,621800000.0,157000000.0
FBK,1649749,2016,49978138.0,3276881000.0,2946383000.0,2671562000.0,330498000.0,,44892000.0,40591000.0,9544000.0
FBK,1649749,2017,49978138.0,4727713000.0,4130984000.0,3664395000.0,596729000.0,,143302000.0,52398000.0,16342000.0
FBK,1649749,2018,49978138.0,5136764000.0,4464907000.0,4171717000.0,671857000.0,,,80236000.0,35503000.0
FBK,1649749,2019,49978138.0,6124921000.0,5362592000.0,4934938000.0,762329000.0,,,83814000.0,56501000.0
FBK,1649749,2020,49978138.0,11207330000.0,9915948000.0,9458037000.0,1291289000.0,,238324000.0,45602000.0,12992000.0
FBK,1649749,2021,49978138.0,12597686000.0,11164991000.0,10836897000.0,1432602000.0,,171778000.0,190285000.0,37628000.0
FBK,1649749,2022,49978138.0,12847756000.0,11522238000.0,10855834000.0,1325425000.0,,415677000.0,124555000.0,69187000.0
FBK,1649749,2023,49978138.0,12604403000.0,11149516000.0,10548287000.0,1454794000.0,,390964000.0,120224000.0,271193000.0
FBK,1649749,2024,49978138.0,13157482000.0,11589851000.0,11210434000.0,1567538000.0,,176789000.0,116035000.0,
FBK,1649749,2025,49978138.0,16300292000.0,14352034000.0,13909961000.0,1948165000.0,,212764000.0,122622000.0,
FBNC,811589,2015,41374221.0,3362065000.0,3019875000.0,2811285000.0,342190000.0,,,27034000.0,6908000.0
FBNC,811589,2016,41374221.0,3614862000.0,3246761000.0,2947353000.0,368101000.0,,,27509000.0,7607000.0
FBNC,811589,2017,41374221.0,5547037000.0,4854058000.0,4406955000.0,692979000.0,,410665000.0,45972000.0,12671000.0
FBNC,811589,2018,41374221.0,5864116000.0,5099886000.0,4659339000.0,764230000.0,,409550000.0,89289000.0,23777000.0
FBNC,811589,2019,41374221.0,6143639000.0,5291238000.0,4931355000.0,852401000.0,,300671000.0,92046000.0,33903000.0
FBNC,811589,2020,41374221.0,7289751000.0,6396330000.0,6273596000.0,893421000.0,,61829000.0,81477000.0,19562000.0
FBNC,811589,2021,41374221.0,10508901000.0,9278326000.0,9124629000.0,1230575000.0,,67386000.0,95644000.0,9523000.0
FBNC,811589,2022,41374221.0,10625049000.0,9593453000.0,9227529000.0,1031596000.0,,287507000.0,146936000.0,16103000.0
FBNC,811589,2023,41374221.0,12114942000.0,10742562000.0,10031599000.0,1372380000.0,,630158000.0,104131000.0,142101000.0
FBNC,811589,2024,41374221.0,12147694000.0,10702083000.0,10530525000.0,1445611000.0,,91876000.0,76215000.0,
FBNC,811589,2025,41374221.0,12668339000.0,11014171000.0,10748421000.0,1654168000.0,,74569000.0,111048000.0,
FBP,1057706,2015,152668268.0,12573019000.0,10878885000.0,9338124000.0,1694134000.0,,,21297000.0,103303000.0
FBP,1057706,2016,152668268.0,11922455000.0,10136212000.0,8831205000.0,1786243000.0,,,93229000.0,101174000.0
FBP,1057706,2017,152668268.0,12261268000.0,10392171000.0,9022631000.0,1869097000.0,,,66956000.0,96872000.0
FBP,1057706,2018,152668268.0,12243561000.0,10198857000.0,8994714000.0,2044704000.0,,,201608000.0,99584000.0
FBP,1057706,2019,152668268.0,12611266000.0,10383193000.0,9348429000.0,2228073000.0,,,167377000.0,108816000.0
FBP,1057706,2020,152668268.0,18793071000.0,16517892000.0,15317383000.0,2275179000.0,,,102273000.0,92660000.0
FBP,1057706,2021,152668268.0,20785275000.0,18683508000.0,17784894000.0,2101767000.0,,,281025000.0,64779000.0
FBP,1057706,2022,152668268.0,18634484000.0,17308944000.0,16143467000.0,1325540000.0,,,305072000.0,67321000.0
FBP,1057706,2023,152668268.0,18909549000.0,17411940000.0,16555985000.0,1497609000.0,,,302864000.0,226376000.0
FBP,1057706,2024,152668268.0,19292921000.0,17623685000.0,16871298000.0,1669236000.0,,561700000.0,298724000.0,
FBP,1057706,2025,152668268.0,19132892000.0,17166027000.0,16670143000.0,1966865000.0,,290000000.0,344866000.0,
FCF,712537,2015,101055925.0,6566890000.0,5847344000.0,4195894000.0,719546000.0,,81481000.0,50143000.0,15595000.0
FCF,712537,2016,101055925.0,6684018000.0,5934089000.0,4947408000.0,749929000.0,,80916000.0,59590000.0,18579000.0
FCF,712537,2017,101055925.0,7308539000.0,6420412000.0,5580705000.0,888127000.0,,87918000.0,55165000.0,21770000.0
FCF,712537,2018,101055925.0,7828255000.0,6852866000.0,5897992000.0,975389000.0,,185056000.0,107498000.0,40035000.0
FCF,712537,2019,101055925.0,8308773000.0,7253108000.0,6677615000.0,1055665000.0,,234182000.0,105333000.0,55402000.0
FCF,712537,2020,101055925.0,9068104000.0,7999487000.0,7438666000.0,1068617000.0,,233255000.0,73447000.0,32938000.0
FCF,712537,2021,101055925.0,9545093000.0,8435721000.0,7982498000.0,1109372000.0,,182269000.0,138257000.0,15297000.0
FCF,712537,2022,101055925.0,9805666000.0,8753592000.0,8005469000.0,1052074000.0,,,128181000.0,17732000.0
FCF,712537,2023,101055925.0,11459488000.0,10145214000.0,9192309000.0,1314274000.0,,,157063000.0,144322000.0
FCF,712537,2024,101055925.0,11584936000.0,10179771000.0,9678019000.0,1405165000.0,,,142572000.0,221571000.0
FCF,712537,2025,101055925.0,12343036000.0,10788660000.0,10250969000.0,1554376000.0,,,152302000.0,206601000.0
FCFS,840489,2015,43371800.0,757021000.0,325639000.0,,431382000.0,46175000.0,,19410000.0,16887000.0
FCFS,840489,2016,43371800.0,2145203000.0,695217000.0,,1449986000.0,143628000.0,,36692000.0,20320000.0
FCFS,840489,2017,43371800.0,2062784000.0,587451000.0,,1475333000.0,120571000.0,,67734000.0,24035000.0
FCFS,840489,2018,43371800.0,2107974000.0,789870000.0,,1318104000.0,133045000.0,590887000.0,48075000.0,29173000.0
FCFS,840489,2019,43371800.0,2439440000.0,1089405000.0,,1350035000.0,202902000.0,631568000.0,54154000.0,34035000.0
FCFS,840489,2020,43371800.0,2372197000.0,1088382000.0,,1283815000.0,206406000.0,615916000.0,32726000.0,29344000.0
FCFS,840489,2021,43371800.0,3836452000.0,2028325000.0,,1808127000.0,392207000.0,1292904000.0,124909000.0,32386000.0
FCFS,840489,2022,43371800.0,3904867000.0,2025101000.0,,1879766000.0,295529000.0,1374698000.0,253495000.0,70708000.0
FCFS,840489,2023,43371800.0,4289915000.0,2293497000.0,,1996418000.0,335592000.0,1605647000.0,219301000.0,93243000.0
FCFS,840489,2024,43371800.0,4476986000.0,2422822000.0,,2054164000.0,339404000.0,1729346000.0,258815000.0,
FCFS,840489,2025,43371800.0,5300763000.0,3024001000.0,,2276762000.0,407814000.0,2208434000.0,330375000.0,
FCPT,1650132,2015,109756406.0,929437000.0,487795000.0,,441642000.0,,,5699000.0,2203000.0
FCPT,1650132,2016,109756406.0,937151000.0,467034000.0,,470117000.0,,,156809000.0,3239000.0
FCPT,1650132,2017,109756406.0,1068659000.0,546391000.0,,522268000.0,,,71394000.0,5403000.0
FCPT,1650132,2018,109756406.0,1343098000.0,644134000.0,,698964000.0,,,82398000.0,5293000.0
FCPT,1650132,2019,109756406.0,1446070000.0,719329000.0,,,,,72616000.0,6547000.0
FCPT,1650132,2020,109756406.0,1668179000.0,823678000.0,,,,,77332000.0,7499000.0
FCPT,1650132,2021,109756406.0,1902980000.0,939088000.0,,,,,85581000.0,32555000.0
FCPT,1650132,2022,109756406.0,2198587000.0,1060277000.0,,,,,97772000.0,36405000.0
FCPT,1650132,2023,109756406.0,2451634000.0,1191771000.0,,,,1121000000.0,95340000.0,44606000.0
FCPT,1650132,2024,109756406.0,2653026000.0,1202236000.0,,,,1137889000.0,100473000.0,49231000.0
FCPT,1650132,2025,109756406.0,2920726000.0,1290887000.0,,,,1204171000.0,112364000.0,51873000.0
FCX,831259,2015,1436017523.0,46577000000.0,33769000000.0,,7828000000.0,4307000000.0,19779000000.0,,
FCX,831259,2016,1436017523.0,37317000000.0,28060000000.0,,6051000000.0,4265000000.0,14795000000.0,,
FCX,831259,2017,1436017523.0,37302000000.0,26006000000.0,,7977000000.0,5038000000.0,11703000000.0,,
FCX,831259,2018,1436017523.0,42216000000.0,24324000000.0,,9798000000.0,3329000000.0,11124000000.0,,
FCX,831259,2019,1436017523.0,40809000000.0,23361000000.0,,9298000000.0,3209000000.0,9821000000.0,,
FCX,831259,2020,1436017523.0,42144000000.0,23476000000.0,,10174000000.0,3417000000.0,9677000000.0,,
FCX,831259,2021,1436017523.0,48022000000.0,25003000000.0,,13980000000.0,5892000000.0,9078000000.0,,
FCX,831259,2022,1436017523.0,51093000000.0,26222000000.0,,15555000000.0,6345000000.0,9583000000.0,,
FCX,831259,2023,1436017523.0,54848000000.0,26070000000.0,,17581000000.0,5496000000.0,8907000000.0,,
FCX,831259,2025,1436017523.0,58167000000.0,27401000000.0,,18899000000.0,6019000000.0,8913000000.0,,
FDS,1013237,2015,35565543.0,736671000.0,205087000.0,,531584000.0,139780000.0,,62184000.0,
FDS,1013237,2016,35565543.0,1019161000.0,501780000.0,,517381000.0,158210000.0,,144306000.0,
FDS,1013237,2017,35565543.0,1413315000.0,853624000.0,,559691000.0,201139000.0,,59552000.0,
FDS,1013237,2018,35565543.0,1419448000.0,893547000.0,,525900000.0,221134000.0,,68823000.0,
FDS,1013237,2019,35565543.0,1560130000.0,887874000.0,,672256000.0,218923000.0,,91527000.0,
FDS,1013237,2020,35565543.0,2083388000.0,1187013000.0,,896375000.0,276293000.0,,89079000.0,
FDS,1013237,2021,35565543.0,2224940000.0,1208587000.0,,1016353000.0,315705000.0,,399590000.0,
FDS,1013237,2022,35565543.0,4014305000.0,2682897000.0,,1331408000.0,438287000.0,1982424000.0,396917000.0,
FDS,1013237,2023,35565543.0,3962922000.0,2342992000.0,,1619930000.0,484251000.0,1612700000.0,468173000.0,
FDS,1013237,2024,35565543.0,4055040000.0,2142580000.0,,1912460000.0,667066000.0,1241131000.0,537126000.0,
FDS,1013237,2025,35565543.0,4304272000.0,2117859000.0,,2186413000.0,521306000.0,1368260000.0,597040000.0,
FEDU,1709819,2018,22614376.0,125203000.0,21230000.0,,102960000.0,21230000.0,,7012000.0,
FEDU,1709819,2019,22614376.0,139295000.0,26172000.0,,106511000.0,24543000.0,,-90000.0,
FEDU,1709819,2020,22614376.0,148428000.0,51877000.0,,90228000.0,30470000.0,,-15663000.0,
FEDU,1709819,2021,22614376.0,149420000.0,49561000.0,,90945000.0,35067000.0,,-4355000.0,
FEDU,1709819,2022,22614376.0,95513000.0,15858000.0,,70690000.0,14833000.0,,-17987000.0,
FEDU,1709819,2023,22614376.0,86699000.0,12860000.0,,66027000.0,12605000.0,,-4279000.0,
FEDU,1709819,2024,22614376.0,93662000.0,20563000.0,,65994000.0,14840000.0,5557000.0,690000.0,
FEDU,1709819,2025,22614376.0,100395000.0,31032000.0,,62423000.0,18618000.0,11278000.0,111000.0,
FEDU,1709819,2026,22614376.0,107835000.0,32772000.0,,69062000.0,19903000.0,11811000.0,4487000.0,
FERG,2011641,2024,193452717.0,16572000000.0,10956000000.0,,5616000000.0,5216000000.0,3774000000.0,1735000000.0,179000000.0
FERG,2011641,2025,193452717.0,17729000000.0,11897000000.0,,5832000000.0,6028000000.0,3752000000.0,1856000000.0,
FFBC,708955,2015,104968940.0,8147411000.0,7338035000.0,6179624000.0,809376000.0,,119540000.0,75063000.0,23257000.0
FFBC,708955,2016,104968940.0,8437967000.0,7572743000.0,6525788000.0,865224000.0,,119589000.0,88526000.0,33279000.0
FFBC,708955,2017,104968940.0,8896923000.0,7966259000.0,6895046000.0,930664000.0,,119654000.0,96787000.0,49528000.0
FFBC,708955,2018,104968940.0,13986660000.0,11908411000.0,10140394000.0,2078249000.0,,570739000.0,172595000.0,91147000.0
FFBC,708955,2019,104968940.0,14511625000.0,12263920000.0,10210229000.0,2247705000.0,,414376000.0,198075000.0,123324000.0
FFBC,708955,2020,104968940.0,15973134000.0,13691064000.0,12232003000.0,2282070000.0,,776202000.0,155810000.0,68452000.0
FFBC,708955,2021,104968940.0,16329141000.0,14070199000.0,12871954000.0,2258942000.0,,409832000.0,205160000.0,31099000.0
FFBC,708955,2022,104968940.0,17003316000.0,14961943000.0,12701177000.0,2041373000.0,,346672000.0,217612000.0,65863000.0
FFBC,708955,2023,104968940.0,17532900000.0,15264926000.0,13360797000.0,2267974000.0,,344115000.0,255863000.0,275234000.0
FFBC,708955,2024,104968940.0,18570261000.0,16132220000.0,14329138000.0,2438041000.0,,347509000.0,228830000.0,
FFBC,708955,2025,104968940.0,21129379000.0,18360163000.0,16421842000.0,2769216000.0,,514052000.0,255605000.0,
FFIN,36029,2015,143327507.0,6665070000.0,5860084000.0,5190169000.0,804986000.0,,,100381000.0,4088000.0
FFIN,36029,2016,143327507.0,6809931000.0,5972046000.0,5478539000.0,837885000.0,,,104774000.0,5451000.0
FFIN,36029,2017,143327507.0,7254715000.0,6331947000.0,5962961000.0,922768000.0,,,120371000.0,9288000.0
FFIN,36029,2018,143327507.0,7731854000.0,6678559000.0,6180389000.0,1053295000.0,,,150638000.0,18930000.0
FFIN,36029,2019,143327507.0,8262227000.0,7035030000.0,6603806000.0,1227197000.0,,,164812000.0,30102000.0
FFIN,36029,2020,143327507.0,10904500000.0,9226310000.0,8675817000.0,1678190000.0,,,202034000.0,14243000.0
FFIN,36029,2021,143327507.0,13102461000.0,11343237000.0,10566488000.0,1759224000.0,,,227562000.0,6042000.0
FFIN,36029,2022,143327507.0,12974066000.0,11708329000.0,11005507000.0,1265737000.0,,,234475000.0,31440000.0
FFIN,36029,2023,143327507.0,13105594000.0,11606694000.0,11138300000.0,1498900000.0,,,198977000.0,144261000.0
FFIN,36029,2024,143327507.0,13979418000.0,12372858000.0,12099174000.0,1606560000.0,,,223511000.0,
FFIN,36029,2025,143327507.0,15446476000.0,13529159000.0,13345529000.0,1917317000.0,,,253579000.0,
FG,1934850,2022,130935209.0,55075000000.0,53259000000.0,,1816000000.0,,1114000000.0,481000000.0,29000000.0
FG,1934850,2023,130935209.0,70202000000.0,67099000000.0,,3103000000.0,,1754000000.0,-58000000.0,97000000.0
FG,1934850,2024,130935209.0,85040000000.0,80964000000.0,,3951000000.0,,2171000000.0,639000000.0,132000000.0
FG,1934850,2025,130935209.0,98430000000.0,93513000000.0,,4804000000.0,,2237000000.0,265000000.0,
FHB,36377,2016,121680634.0,19661829000.0,17185344000.0,16794532000.0,2476485000.0,,,230178000.0,26848000.0
FHB,36377,2017,121680634.0,20549461000.0,18016910000.0,17612122000.0,2532551000.0,,,183682000.0,41964000.0
FHB,36377,2018,121680634.0,20695678000.0,18170839000.0,17150068000.0,2524839000.0,,,264394000.0,79733000.0
FHB,36377,2019,121680634.0,20166734000.0,17526476000.0,16444994000.0,2640258000.0,,,284392000.0,105290000.0
FHB,36377,2020,121680634.0,22662831000.0,19918727000.0,19227723000.0,2744104000.0,,,185754000.0,47025000.0
FHB,36377,2021,121680634.0,24992410000.0,22335498000.0,21816146000.0,2656912000.0,,,265735000.0,18752000.0
FHB,36377,2022,121680634.0,24577223000.0,22308218000.0,21689029000.0,2269005000.0,,,265685000.0,49671000.0
FHB,36377,2023,121680634.0,24926474000.0,22440408000.0,21332657000.0,2486066000.0,,,234983000.0,287452000.0
FHB,36377,2024,121680634.0,23828186000.0,21210700000.0,20322216000.0,2617486000.0,,,230129000.0,
FHB,36377,2025,121680634.0,23955252000.0,21185887000.0,20515668000.0,2769365000.0,,,276266000.0,
FHI,1056288,2015,,1187203000.0,529497000.0,,647816000.0,159208000.0,,47610000.0,
FHI,1056288,2016,,1155107000.0,527961000.0,,594826000.0,162538000.0,,55842000.0,
FHI,1056288,2017,,1231410000.0,440032000.0,,761215000.0,128849000.0,,131810000.0,
FHI,1056288,2018,,1543683000.0,504049000.0,,,181180000.0,,61536000.0,
FHI,1056288,2019,,1880131000.0,626765000.0,,,230713000.0,,82107000.0,
FHI,1056288,2020,,2060839000.0,686855000.0,,1136997000.0,265446000.0,,95168000.0,
FHI,1056288,2021,,2018187000.0,840968000.0,,1114017000.0,270707000.0,,270293000.0,
FHI,1056288,2022,,2020479000.0,912966000.0,,1045692000.0,257413000.0,347581000.0,239496000.0,
FHI,1056288,2023,,2101844000.0,947747000.0,,1128252000.0,287343000.0,347843000.0,298980000.0,
FHI,1056288,2024,,2084684000.0,933964000.0,,1095206000.0,289193000.0,348106000.0,268314000.0,
FHI,1056288,2025,,2229337000.0,965860000.0,,1196948000.0,314141000.0,348369000.0,403299000.0,
FHN,36966,2015,473777158.0,26195136000.0,23555550000.0,19967478000.0,2344155000.0,,,85879000.0,82685000.0
FHN,36966,2016,473777158.0,28555231000.0,25850147000.0,22672363000.0,2409653000.0,,,227046000.0,88825000.0
FHN,36966,2017,473777158.0,41423388000.0,36842900000.0,30620362000.0,4285057000.0,,,165515000.0,147616000.0
FHN,36966,2018,473777158.0,40832258000.0,36046878000.0,32682992000.0,4489949000.0,,,545042000.0,325704000.0
FHN,36966,2019,473777158.0,43310900000.0,38234892000.0,32429535000.0,4780577000.0,,,440908000.0,414153000.0
FHN,36966,2020,473777158.0,84209000000.0,75902000000.0,69982000000.0,8012000000.0,,,845000000.0,236000000.0
FHN,36966,2021,473777158.0,89092000000.0,80598000000.0,74895000000.0,8199000000.0,,,999000000.0,164000000.0
FHN,36966,2022,473777158.0,78953000000.0,70406000000.0,63489000000.0,8252000000.0,,,900000000.0,291000000.0
FHN,36966,2023,473777158.0,81661000000.0,72370000000.0,65780000000.0,8996000000.0,,,897000000.0,1560000000.0
FHN,36966,2024,473777158.0,82152000000.0,73041000000.0,65581000000.0,8816000000.0,,,775000000.0,
FHN,36966,2025,473777158.0,83876000000.0,74734000000.0,67476000000.0,8847000000.0,,,982000000.0,
FIBK,860413,2015,95304607.0,8728196000.0,7777703000.0,7088937000.0,950493000.0,,,86795000.0,18060000.0
FIBK,860413,2016,95304607.0,9063895000.0,8081302000.0,7376110000.0,982593000.0,,,95636000.0,17661000.0
FIBK,860413,2017,95304607.0,12213255000.0,10785639000.0,9934871000.0,1427616000.0,,,106521000.0,27934000.0
FIBK,860413,2018,95304607.0,13300200000.0,11606300000.0,10680700000.0,1693900000.0,,,160200000.0,40900000.0
FIBK,860413,2019,95304607.0,14644200000.0,12630300000.0,11663500000.0,2013900000.0,,,181000000.0,59000000.0
FIBK,860413,2020,95304607.0,17648700000.0,15688900000.0,14217000000.0,1959800000.0,,98600000.0,161200000.0,26600000.0
FIBK,860413,2021,95304607.0,19671900000.0,17685300000.0,16269600000.0,1986600000.0,,98700000.0,192100000.0,17300000.0
FIBK,860413,2022,95304607.0,32287800000.0,29214000000.0,25073600000.0,3073800000.0,,98900000.0,202200000.0,78900000.0
FIBK,860413,2023,95304607.0,30671200000.0,27443700000.0,23323100000.0,3227500000.0,,99000000.0,257500000.0,401300000.0
FIBK,860413,2024,95304607.0,29137400000.0,25833400000.0,23015600000.0,3304000000.0,,,226000000.0,
FIBK,860413,2025,95304607.0,26640600000.0,23193600000.0,22088300000.0,3447000000.0,,,302100000.0,
FIS,1136893,2015,515705917.0,26268800000.0,16862000000.0,,9321000000.0,2363900000.0,11497800000.0,631500000.0,199100000.0
FIS,1136893,2016,515705917.0,26031000000.0,16186000000.0,,9741000000.0,3151000000.0,10146000000.0,568000000.0,403000000.0
FIS,1136893,2017,515705917.0,24517000000.0,13573000000.0,,10835000000.0,3923000000.0,7718000000.0,1319000000.0,359000000.0
FIS,1136893,2018,515705917.0,23770000000.0,13548000000.0,,10215000000.0,3125000000.0,8670000000.0,846000000.0,314000000.0
FIS,1136893,2019,515705917.0,83806000000.0,34350000000.0,,49440000000.0,10382000000.0,17229000000.0,298000000.0,389000000.0
FIS,1136893,2020,515705917.0,83842000000.0,34355000000.0,,49300000000.0,12361000000.0,15951000000.0,158000000.0,339000000.0
FIS,1136893,2021,515705917.0,82931000000.0,35399000000.0,,47347000000.0,14466000000.0,14825000000.0,417000000.0,216000000.0
FIS,1136893,2022,515705917.0,63278000000.0,35872000000.0,,27218000000.0,16224000000.0,14207000000.0,-16720000000.0,300000000.0
FIS,1136893,2023,515705917.0,55105000000.0,36006000000.0,,19093000000.0,18318000000.0,12970000000.0,251000000.0,713000000.0
FIS,1136893,2024,515705917.0,33784000000.0,18084000000.0,,15698000000.0,6094000000.0,9686000000.0,281000000.0,
FIS,1136893,2025,515705917.0,33488000000.0,19586000000.0,,13899000000.0,7616000000.0,9069000000.0,511000000.0,
FISI,862831,2015,19706360.0,3381024000.0,3087180000.0,2730531000.0,293844000.0,,38990000.0,28337000.0,10137000.0
FISI,862831,2016,19706360.0,3710340000.0,3390286000.0,2995222000.0,320054000.0,,39061000.0,31931000.0,12541000.0
FISI,862831,2017,19706360.0,4105210000.0,3724033000.0,3210174000.0,381177000.0,,39131000.0,33526000.0,17495000.0
FISI,862831,2018,19706360.0,4311698000.0,3915405000.0,3366907000.0,396293000.0,,39202000.0,39526000.0,29868000.0
FISI,862831,2019,19706360.0,4384178000.0,3945231000.0,3555675000.0,438947000.0,,39273000.0,48862000.0,38888000.0
FISI,862831,2020,19706360.0,4912306000.0,4443943000.0,4278367000.0,468363000.0,,73623000.0,38332000.0,22314000.0
FISI,862831,2021,19706360.0,5520779000.0,5015637000.0,4827090000.0,505142000.0,,73911000.0,77697000.0,12475000.0
FISI,862831,2022,19706360.0,5797272000.0,5391667000.0,4929424000.0,405605000.0,,74222000.0,56573000.0,28735000.0
FISI,862831,2023,19706360.0,6160881000.0,5706085000.0,5212912000.0,454796000.0,,124532000.0,50264000.0,120418000.0
FISI,862831,2024,19706360.0,6117085000.0,5548101000.0,5104731000.0,568984000.0,,124842000.0,-41646000.0,
FISI,862831,2025,19706360.0,6274140000.0,5645286000.0,5206348000.0,628854000.0,,193653000.0,74867000.0,
FISV,798354,2015,531766721.0,9340000000.0,6680000000.0,,2660000000.0,1502000000.0,,189000000.0,169000000.0
FISV,798354,2016,531766721.0,9743000000.0,7202000000.0,,2541000000.0,1820000000.0,,215000000.0,163000000.0
FISV,798354,2017,531766721.0,10289000000.0,7558000000.0,,2731000000.0,1938000000.0,,546000000.0,176000000.0
FISV,798354,2018,531766721.0,11262000000.0,8969000000.0,,2293000000.0,2010000000.0,,286000000.0,193000000.0
FISV,798354,2019,531766721.0,77539000000.0,42682000000.0,,32979000000.0,15727000000.0,,247000000.0,507000000.0
FISV,798354,2020,531766721.0,74619000000.0,41290000000.0,,32330000000.0,15637000000.0,,300000000.0,716000000.0
FISV,798354,2021,531766721.0,76249000000.0,44299000000.0,,30952000000.0,18295000000.0,,1334000000.0,696000000.0
FISV,798354,2022,531766721.0,83869000000.0,52181000000.0,,30828000000.0,26458000000.0,,2530000000.0,746000000.0
FISV,798354,2023,531766721.0,90890000000.0,60221000000.0,,29857000000.0,33552000000.0,,3068000000.0,1004000000.0
FISV,798354,2024,531766721.0,77176000000.0,49490000000.0,,27068000000.0,22157000000.0,,3131000000.0,
FISV,798354,2025,531766721.0,80133000000.0,54324000000.0,,25792000000.0,23890000000.0,,3480000000.0,
FITB,35527,2015,906892564.0,141082000000.0,125212000000.0,103205000000.0,15839000000.0,,15844000000.0,1712000000.0,495000000.0
FITB,35527,2016,906892564.0,142177000000.0,125945000000.0,103821000000.0,16205000000.0,,14388000000.0,1564000000.0,578000000.0
FITB,35527,2017,906892564.0,142193000000.0,125808000000.0,103162000000.0,16365000000.0,,14904000000.0,2194000000.0,691000000.0
FITB,35527,2018,906892564.0,146069000000.0,129819000000.0,108835000000.0,16250000000.0,,14426000000.0,2193000000.0,1043000000.0
FITB,35527,2019,906892564.0,169369000000.0,148166000000.0,127062000000.0,21203000000.0,,14970000000.0,2512000000.0,1457000000.0
FITB,35527,2020,906892564.0,204680000000.0,181569000000.0,159081000000.0,,,14973000000.0,1427000000.0,790000000.0
FITB,35527,2021,906892564.0,211116000000.0,188906000000.0,169324000000.0,,,11821000000.0,2770000000.0,441000000.0
FITB,35527,2022,906892564.0,207452000000.0,190125000000.0,163690000000.0,,,13714000000.0,2446000000.0,978000000.0
FITB,35527,2023,906892564.0,214574000000.0,195402000000.0,168912000000.0,19172000000.0,,16380000000.0,2349000000.0,3933000000.0
FITB,35527,2024,906892564.0,212927000000.0,193282000000.0,167252000000.0,19645000000.0,,14337000000.0,2314000000.0,
FITB,35527,2025,906892564.0,214376000000.0,192652000000.0,171819000000.0,21724000000.0,,13589000000.0,2522000000.0,
FLEX,866374,2015,369402978.0,11665624000.0,,,2360814000.0,6756223000.0,2037571000.0,596529000.0,76400000.0
FLEX,866374,2016,369402978.0,12384981000.0,,,2570872000.0,6572205000.0,2709389000.0,444081000.0,98000000.0
FLEX,866374,2017,369402978.0,12593363000.0,,,2644533000.0,6504627000.0,2890609000.0,319564000.0,108000000.0
FLEX,866374,2018,369402978.0,13715855000.0,,,3018573000.0,7268064000.0,2897631000.0,428534000.0,123100000.0
FLEX,866374,2019,369402978.0,13499367000.0,,,,7597513000.0,2421904000.0,93399000.0,
FLEX,866374,2020,369402978.0,13689617000.0,,,,7211085000.0,2689109000.0,87579000.0,7200000.0
FLEX,866374,2021,369402978.0,15836000000.0,,,,7834000000.0,3515000000.0,613000000.0,7200000.0
FLEX,866374,2022,369402978.0,19325000000.0,15118000000.0,,,10711000000.0,3248000000.0,168000000.0,7200000.0
FLEX,866374,2023,369402978.0,21395000000.0,15689000000.0,,5351000000.0,10855000000.0,3691000000.0,793000000.0,
FLEX,866374,2024,369402978.0,18257000000.0,12932000000.0,,5325000000.0,8539000000.0,3261000000.0,395000000.0,207000000.0
FLEX,866374,2025,369402978.0,18381000000.0,13379000000.0,,5002000000.0,9850000000.0,2483000000.0,222000000.0,
FLEX,866374,2026,369402978.0,22060000000.0,16916000000.0,,5144000000.0,12016000000.0,3751000000.0,880000000.0,
FLG,910073,2015,415092836.0,50317796000.0,44383100000.0,28426758000.0,5934696000.0,,,-47156000.0,1283509000.0
FLG,910073,2016,415092836.0,48926555000.0,42802564000.0,28887903000.0,6123991000.0,,,495401000.0,387487000.0
FLG,910073,2017,415092836.0,49124195000.0,42328819000.0,29102163000.0,6795376000.0,,,466201000.0,452236000.0
FLG,910073,2018,415092836.0,51899376000.0,45244141000.0,30764430000.0,6655235000.0,,,422417000.0,658678000.0
FLG,910073,2019,415092836.0,53640821000.0,46929127000.0,31657132000.0,6711694000.0,,,395043000.0,847760000.0
FLG,910073,2020,415092836.0,56306120000.0,49464476000.0,32436813000.0,6841644000.0,,,511109000.0,607851000.0
FLG,910073,2021,415092836.0,59527000000.0,52483000000.0,35059000000.0,7044000000.0,,,596000000.0,400000000.0
FLG,910073,2022,415092836.0,90144000000.0,81320000000.0,58721000000.0,8824000000.0,,,650000000.0,696000000.0
FLG,910073,2023,415092836.0,114057000000.0,105690000000.0,81526000000.0,8367000000.0,,21267000000.0,-79000000.0,2414000000.0
FLG,910073,2024,415092836.0,100160000000.0,91992000000.0,75870000000.0,8167000000.0,,14426000000.0,-1118000000.0,
FLG,910073,2025,415092836.0,87512000000.0,79368000000.0,66000000000.0,8143000000.0,,8184000000.0,-177000000.0,
FNB,37808,2015,353000972.0,17557662000.0,15461480000.0,12623463000.0,2096182000.0,,641480000.0,159649000.0,48573000.0
FNB,37808,2016,353000972.0,21844817000.0,19273200000.0,16065647000.0,2571617000.0,,539494000.0,170891000.0,67451000.0
FNB,37808,2017,353000972.0,31417635000.0,27008441000.0,22399725000.0,4409194000.0,,668173000.0,24126000.0,41049000.0
FNB,37808,2018,353000972.0,33102000000.0,28494000000.0,23455000000.0,4608000000.0,,627000000.0,100000000.0,73000000.0
FNB,37808,2019,353000972.0,34615000000.0,29732000000.0,24786000000.0,4883000000.0,,1340000000.0,95000000.0,80000000.0
FNB,37808,2020,353000972.0,37354000000.0,32395000000.0,29122000000.0,4959000000.0,,1095000000.0,72000000.0,36000000.0
FNB,37808,2021,353000972.0,39513000000.0,34363000000.0,31726000000.0,5150000000.0,,682000000.0,405000000.0,98000000.0
FNB,37808,2022,353000972.0,43725000000.0,38072000000.0,34770000000.0,5653000000.0,,1093000000.0,439000000.0,165000000.0
FNB,37808,2023,353000972.0,46158000000.0,40108000000.0,34711000000.0,6050000000.0,,1971000000.0,485000000.0,656000000.0
FNB,37808,2024,353000972.0,48625000000.0,42323000000.0,37107000000.0,6302000000.0,,3012000000.0,465000000.0,
FNB,37808,2025,353000972.0,50229000000.0,43470000000.0,38759000000.0,6759000000.0,,1901000000.0,565000000.0,
FNF,1331875,2015,268192827.0,13931000000.0,6999000000.0,,5754000000.0,,2793000000.0,527000000.0,131000000.0
FNF,1331875,2016,268192827.0,14463000000.0,7221000000.0,,5996000000.0,,2746000000.0,650000000.0,136000000.0
FNF,1331875,2017,268192827.0,9151000000.0,4340000000.0,,4447000000.0,,759000000.0,771000000.0,48000000.0
FNF,1331875,2018,268192827.0,9301000000.0,4329000000.0,,4630000000.0,,836000000.0,628000000.0,43000000.0
FNF,1331875,2019,268192827.0,10677000000.0,4968000000.0,791000000.0,5382000000.0,,838000000.0,1062000000.0,47000000.0
FNF,1331875,2020,268192827.0,50455000000.0,42063000000.0,,8351000000.0,,2662000000.0,1427000000.0,90000000.0
FNF,1331875,2021,268192827.0,60690000000.0,51233000000.0,,9414000000.0,,3096000000.0,2422000000.0,114000000.0
FNF,1331875,2022,268192827.0,65589000000.0,59610000000.0,,5619000000.0,,3238000000.0,1136000000.0,115000000.0
FNF,1331875,2023,268192827.0,80614000000.0,73154000000.0,,6908000000.0,,3887000000.0,517000000.0,174000000.0
FNF,1331875,2024,268192827.0,95372000000.0,86840000000.0,,7754000000.0,,4321000000.0,1270000000.0,209000000.0
FNF,1331875,2025,268192827.0,109014000000.0,100042000000.0,,7424000000.0,,4400000000.0,602000000.0,
FOUR,1794669,2020,78960120.0,1779300000.0,1109300000.0,,459600000.0,99400000.0,1005400000.0,-12400000.0,8100000.0
FOUR,1794669,2021,78960120.0,2342600000.0,1942900000.0,,272800000.0,183800000.0,1738500000.0,-48200000.0,28000000.0
FOUR,1794669,2022,78960120.0,2554000000.0,2073400000.0,,347300000.0,268300000.0,1741900000.0,75100000.0,32500000.0
FOUR,1794669,2023,78960120.0,3387800000.0,2519400000.0,72300000.0,653300000.0,704400000.0,1750200000.0,86200000.0,32100000.0
FOUR,1794669,2024,78960120.0,5041400000.0,4023700000.0,,806600000.0,1379800000.0,2154100000.0,229600000.0,
FOUR,1794669,2025,78960120.0,8713000000.0,6756000000.0,,1442000000.0,1314000000.0,4536000000.0,119000000.0,
FRHC,924805,2015,63787666.0,8624986.0,,,-38084.0,8663070.0,,-18787.0,
FRHC,924805,2016,63787666.0,8689050.0,8583895.0,,105155.0,8583895.0,,-491999.0,
FRHC,924805,2017,63787666.0,8586653.0,,,-152984.0,8739637.0,,-578139.0,
FRHC,924805,2018,63787666.0,330086000.0,214986000.0,,115100000.0,,,19233000.0,14244000.0
FRHC,924805,2019,63787666.0,350911000.0,233314000.0,,117597000.0,,,7147000.0,14649000.0
FRHC,924805,2020,63787666.0,453523000.0,324486000.0,,131309000.0,,,22130000.0,12399000.0
FRHC,924805,2021,63787666.0,2018645000.0,1742974000.0,,275671000.0,,,142924000.0,27366000.0
FRHC,924805,2022,63787666.0,2971283000.0,2463608000.0,,514671000.0,,,217935000.0,65449000.0
FRHC,924805,2023,63787666.0,5084558000.0,4313822000.0,,777285000.0,,,205140000.0,208947000.0
FRHC,924805,2024,63787666.0,8301930000.0,7134972000.0,2273830000.0,1163650000.0,,,375540000.0,501111000.0
FRHC,924805,2025,63787666.0,9914017000.0,8699659000.0,4304999000.0,1214241000.0,,,84650000.0,
FRHC,924805,2026,63787666.0,13155239000.0,11665960000.0,7103984000.0,1489279000.0,,,153328000.0,
FSS,277509,2015,61041611.0,666500000.0,260900000.0,,405600000.0,117200000.0,,11500000.0,2300000.0
FSS,277509,2016,61041611.0,643200000.0,249100000.0,,394100000.0,84900000.0,,12600000.0,1900000.0
FSS,277509,2017,61041611.0,992300000.0,534900000.0,,457400000.0,117100000.0,,30400000.0,7300000.0
FSS,277509,2018,61041611.0,1023800000.0,493700000.0,,530100000.0,158800000.0,209400000.0,32500000.0,9300000.0
FSS,277509,2019,61041611.0,1165500000.0,523900000.0,,641600000.0,160200000.0,,29800000.0,7900000.0
FSS,277509,2020,61041611.0,1208800000.0,506700000.0,,702100000.0,148400000.0,,96200000.0,5700000.0
FSS,277509,2021,61041611.0,1366100000.0,582100000.0,,784000000.0,170400000.0,,100600000.0,4500000.0
FSS,277509,2022,61041611.0,1524300000.0,663400000.0,,860900000.0,180500000.0,,120400000.0,10300000.0
FSS,277509,2023,61041611.0,1620500000.0,618600000.0,,1001900000.0,195800000.0,,157400000.0,19700000.0
FSS,277509,2024,61041611.0,1765200000.0,579100000.0,,1186100000.0,241800000.0,,216300000.0,12500000.0
FSS,277509,2025,61041611.0,2392600000.0,1010600000.0,,1382000000.0,282400000.0,,246600000.0,14100000.0
FULT,700564,2015,190914563.0,17914718000.0,15872824000.0,14132317000.0,2041894000.0,,,149502000.0,83795000.0
FULT,700564,2016,190914563.0,18944247000.0,16823132000.0,15012864000.0,2121115000.0,,,161625000.0,82328000.0
FULT,700564,2017,190914563.0,20036905000.0,17807048000.0,15797532000.0,2229857000.0,,,171753000.0,93502000.0
FULT,700564,2018,190914563.0,20682152000.0,18434579000.0,16376159000.0,2247573000.0,,,208393000.0,128058000.0
FULT,700564,2019,190914563.0,21886040000.0,19543864000.0,17393913000.0,2342176000.0,,,226339000.0,176917000.0
FULT,700564,2020,190914563.0,25906733000.0,23289905000.0,20839207000.0,2616828000.0,,,178040000.0,113671000.0
FULT,700564,2021,190914563.0,25796398000.0,23083718000.0,21573499000.0,2712680000.0,,,275497000.0,59682000.0
FULT,700564,2022,190914563.0,26931702000.0,24351945000.0,20649538000.0,2579757000.0,,,286981000.0,83204000.0
FULT,700564,2023,190914563.0,27571915000.0,24811776000.0,21537623000.0,2760139000.0,,,284280000.0,418950000.0
FULT,700564,2024,190914563.0,32071810000.0,28874485000.0,26129433000.0,3197325000.0,,,288743000.0,
FULT,700564,2025,190914563.0,32118400000.0,28627953000.0,26589407000.0,3490447000.0,,,391609000.0,
FWDI,38264,2015,73846883.0,12778424.0,5445111.0,,7333313.0,5329909.0,,-1433981.0,
FWDI,38264,2016,73846883.0,12395317.0,4221039.0,,8174278.0,4169553.0,,606562.0,
FWDI,38264,2017,73846883.0,13153946.0,4223524.0,,8930422.0,4186561.0,,579346.0,
FWDI,38264,2018,73846883.0,19227866.0,8128271.0,,11099595.0,7624290.0,54335.0,1379320.0,115447.0
FWDI,38264,2019,73846883.0,16094352.0,8383053.0,,7711299.0,8295680.0,0.0,-1838536.0,201004.0
FWDI,38264,2020,73846883.0,19356268.0,12773196.0,,6583072.0,8826366.0,529973.0,-1775281.0,174962.0
FWDI,38264,2021,73846883.0,19855539.0,12412096.0,,7443443.0,7208043.0,,523805.0,171957.0
FWDI,38264,2022,73846883.0,20939015.0,14672588.0,,6266427.0,9977764.0,,-1378251.0,123411.0
FWDI,38264,2023,73846883.0,17386142.0,14769881.0,,2616261.0,10836099.0,,-3736657.0,104201.0
FWDI,38264,2024,73846883.0,14768356.0,11801322.0,,2967034.0,9371596.0,,-1950587.0,62662.0
FWDI,38264,2025,73846883.0,1474942489.0,4817622.0,,1470124867.0,2723543.0,,-166974340.0,49143.0
GBCI,868671,2015,130211953.0,9089232000.0,8012582000.0,,1076650000.0,,,29508000.0,7215000.0
GBCI,868671,2016,130211953.0,9450600000.0,8333731000.0,,1116869000.0,,,31041000.0,7214000.0
GBCI,868671,2017,130211953.0,9706349000.0,8507292000.0,,1199057000.0,,,14956000.0,7072000.0
GBCI,868671,2018,130211953.0,12115484000.0,10599630000.0,,1515854000.0,,,49599000.0,9436000.0
GBCI,868671,2019,130211953.0,13683999000.0,11723266000.0,,1960733000.0,,,57410000.0,8833000.0
GBCI,868671,2020,130211953.0,18504206000.0,16197165000.0,,2307041000.0,,,81860000.0,5550000.0
GBCI,868671,2021,130211953.0,25940645000.0,22763023000.0,,3177622000.0,,,50709000.0,5203000.0
GBCI,868671,2022,130211953.0,26635375000.0,23792070000.0,,2843305000.0,,,79677000.0,21026000.0
GBCI,868671,2023,130211953.0,27742629000.0,24722348000.0,,3020281000.0,,,54316000.0,107040000.0
GBCI,868671,2024,130211953.0,27902987000.0,24679133000.0,,3223854000.0,,,61754000.0,
GBCI,868671,2025,130211953.0,31978063000.0,27764242000.0,,4213821000.0,,,239028000.0,
GBTG,1820872,2020,522373443.0,818368660.0,105487341.0,,-103928681.0,2256681.0,,-19641760.0,414.0
GBTG,1820872,2021,522373443.0,818013729.0,98932520.0,,-97728791.0,14400637.0,,6199890.0,5465.0
GBTG,1820872,2022,522373443.0,3728000000.0,2357000000.0,,152000000.0,773000000.0,1219000000.0,,98000000.0
GBTG,1820872,2023,522373443.0,3751000000.0,2539000000.0,,1208000000.0,831000000.0,1355000000.0,,141000000.0
GBTG,1820872,2024,522373443.0,3624000000.0,2567000000.0,,1051000000.0,780000000.0,1365000000.0,,
GBTG,1820872,2025,522373443.0,4916000000.0,3255000000.0,,1608000000.0,1381000000.0,1360000000.0,,
GE,40545,2015,1037562513.0,492692000000.0,389582000000.0,,98274000000.0,,,6301000000.0,
GE,40545,2016,1037562513.0,365183000000.0,284668000000.0,,75828000000.0,,,3667000000.0,
GE,40545,2017,1037562513.0,377945000000.0,292561000000.0,,64263000000.0,,,-9642000000.0,
GE,40545,2018,1037562513.0,309129000000.0,257266000000.0,,30981000000.0,,,761000000.0,
GE,40545,2019,1037562513.0,266048000000.0,236187000000.0,,28316000000.0,,,728000000.0,
GE,40545,2020,1037562513.0,253452000000.0,216378000000.0,,35552000000.0,56069000000.0,,5704000000.0,
GE,40545,2021,1037562513.0,198874000000.0,157262000000.0,,40310000000.0,51953000000.0,,-3843000000.0,
GE,40545,2022,1037562513.0,187788000000.0,150206000000.0,,36366000000.0,56947000000.0,,2222000000.0,
GE,40545,2023,1037562513.0,163045000000.0,134466000000.0,,27378000000.0,50876000000.0,20862000000.0,1591000000.0,
GE,40545,2024,1037562513.0,123140000000.0,103576000000.0,,19342000000.0,34392000000.0,19273000000.0,1899000000.0,
GE,40545,2025,1037562513.0,130169000000.0,111271000000.0,,18677000000.0,38980000000.0,20469000000.0,8704000000.0,
GEHC,1932393,2023,,32454000000.0,25144000000.0,,7133000000.0,8981000000.0,8436000000.0,1568000000.0,
GEHC,1932393,2024,,33089000000.0,24437000000.0,,8446000000.0,9553000000.0,7449000000.0,1993000000.0,
GEHC,1932393,2025,,36906000000.0,26307000000.0,,10379000000.0,9105000000.0,9495000000.0,2084000000.0,
GL,320335,2015,76849447.0,19853213000.0,15797661000.0,,4055552000.0,,,132956000.0,76642000.0
GL,320335,2016,76849447.0,21436087000.0,16869226000.0,,4566861000.0,,1133165000.0,135448000.0,83345000.0
GL,320335,2017,76849447.0,23474985000.0,17243564000.0,,6231421000.0,,1132201000.0,1027346000.0,84532000.0
GL,320335,2018,76849447.0,23095722000.0,17680545000.0,,5415177000.0,,1357185000.0,164717000.0,90076000.0
GL,320335,2019,76849447.0,25977460000.0,18683153000.0,,7294307000.0,,1348988000.0,187061000.0,84306000.0
GL,320335,2020,76849447.0,29046731000.0,20275639000.0,,8771092000.0,,1667886000.0,204240000.0,86704000.0
GL,320335,2021,76849447.0,29768048000.0,21125242000.0,,8642806000.0,,1546494000.0,744959000.0,83486000.0
GL,320335,2022,76849447.0,25537159000.0,20641298000.0,,4895861000.0,,1627952000.0,739704000.0,90395000.0
GL,320335,2023,76849447.0,28051499000.0,23564696000.0,,4486803000.0,,1629559000.0,274802000.0,102316000.0
GL,320335,2024,76849447.0,29076181000.0,23770661000.0,,5305520000.0,,2324251000.0,1070762000.0,127092000.0
GL,320335,2025,76849447.0,30813692000.0,24839113000.0,,5974579000.0,,2320793000.0,1161238000.0,141221000.0
GLBE,1835963,2021,169049616.0,846127000.0,150377000.0,,695750000.0,131574000.0,,-74933000.0,
GLBE,1835963,2022,169049616.0,1162600000.0,234479000.0,,928121000.0,209580000.0,,-195405000.0,
GLBE,1835963,2023,169049616.0,1202360000.0,300381000.0,,901979000.0,273512000.0,,-133805000.0,
GLBE,1835963,2024,169049616.0,1263482000.0,370049000.0,,893433000.0,348441000.0,,-75548000.0,
GLBE,1835963,2025,169049616.0,1462787000.0,530103000.0,,932684000.0,509953000.0,,68270000.0,
GM,1467858,2015,877451541.0,194520000000.0,154197000000.0,,39871000000.0,71466000000.0,,6266000000.0,2059000000.0
GM,1467858,2016,877451541.0,221690000000.0,177615000000.0,,43836000000.0,85181000000.0,,1835000000.0,2680000000.0
GM,1467858,2017,877451541.0,212482000000.0,176282000000.0,,35001000000.0,76890000000.0,,-5151000000.0,3141000000.0
GM,1467858,2018,877451541.0,227339000000.0,184562000000.0,,38860000000.0,82237000000.0,,2044000000.0,3880000000.0
GM,1467858,2019,877451541.0,228037000000.0,182080000000.0,,41792000000.0,84905000000.0,,-194000000.0,4423000000.0
GM,1467858,2020,877451541.0,235194000000.0,185517000000.0,,45030000000.0,79910000000.0,,6427000000.0,4121000000.0
GM,1467858,2021,877451541.0,244718000000.0,178903000000.0,,59744000000.0,74408000000.0,,10019000000.0,
GM,1467858,2022,877451541.0,264037000000.0,191752000000.0,,67792000000.0,91173000000.0,,9934000000.0,
GM,1467858,2023,877451541.0,273064000000.0,204757000000.0,,64286000000.0,94445000000.0,,10127000000.0,
GM,1467858,2024,877451541.0,279761000000.0,214171000000.0,,63072000000.0,96265000000.0,,6008000000.0,
GM,1467858,2025,877451541.0,281284000000.0,218116000000.0,,61119000000.0,93342000000.0,,2697000000.0,
GME,1326380,2015,504500990.0,4334900000.0,2253900000.0,,,1794400000.0,,247800000.0,23400000.0
GME,1326380,2016,504500990.0,4975900000.0,2721800000.0,,,1761500000.0,,208700000.0,53800000.0
GME,1326380,2017,504500990.0,5041600000.0,2827100000.0,,,1915600000.0,,-105900000.0,56800000.0
GME,1326380,2018,504500990.0,4044300000.0,2708100000.0,,,2181100000.0,471600000.0,-187700000.0,56800000.0
GME,1326380,2019,504500990.0,2819700000.0,2208200000.0,,,1237700000.0,419800000.0,21000000.0,38500000.0
GME,1326380,2020,504500990.0,2472600000.0,2035900000.0,,,1342700000.0,216000000.0,80500000.0,34000000.0
GME,1326380,2021,504500990.0,3499300000.0,1896800000.0,,,1354700000.0,40500000.0,-381300000.0,26900000.0
GME,1326380,2022,504500990.0,3113400000.0,1791100000.0,,,1339100000.0,,-313100000.0,
GME,1326380,2023,504500990.0,2709000000.0,1370400000.0,,,934500000.0,,6700000.0,
GME,1326380,2024,504500990.0,5875400000.0,945600000.0,,,665400000.0,,131300000.0,
GME,1326380,2025,504500990.0,10388400000.0,4944000000.0,,5444400000.0,654500000.0,,418400000.0,
GNL,1526113,2015,210930100.0,2547968000.0,1327849000.0,,1205393000.0,,,-2065000.0,34864000.0
GNL,1526113,2016,210930100.0,2891467000.0,1535486000.0,,1347778000.0,,55400000.0,47140000.0,39121000.0
GNL,1526113,2017,210930100.0,3038595000.0,1624352000.0,,1413166000.0,,0.0,,48450000.0
GNL,1526113,2018,210930100.0,3309478000.0,1880732000.0,,1425488000.0,,,,57973000.0
GNL,1526113,2019,210930100.0,3701605000.0,1991647000.0,,1697631000.0,,,,64199000.0
GNL,1526113,2020,210930100.0,3967014000.0,2412735000.0,,1532519000.0,,,,71804000.0
GNL,1526113,2021,210930100.0,4182956000.0,2556321000.0,,1620720000.0,,,,94345000.0
GNL,1526113,2022,210930100.0,3961826000.0,2507907000.0,,1439021000.0,,,,97510000.0
GNL,1526113,2023,210930100.0,8098977000.0,5459828000.0,,2637752000.0,,,,179411000.0
GNL,1526113,2024,210930100.0,6955764000.0,4768806000.0,,2186958000.0,,,,
GNL,1526113,2025,210930100.0,4347203000.0,2683705000.0,,1663498000.0,,,,
GNRC,1474735,2015,59006361.0,1792816000.0,1326945000.0,,465871000.0,213224000.0,1067694000.0,9182000.0,42843000.0
GNRC,1474735,2016,59006361.0,1861684000.0,1427434000.0,,401122000.0,341939000.0,1048400.0,41509000.0,44568000.0
GNRC,1474735,2017,59006361.0,2019964000.0,1416204000.0,,559552000.0,388872000.0,935057000.0,81175000.0,42667000.0
GNRC,1474735,2018,59006361.0,2426314000.0,1604049000.0,,760549000.0,560706000.0,900813000.0,75575000.0,40956000.0
GNRC,1474735,2019,59006361.0,2665669000.0,1571591000.0,,1032382000.0,497064000.0,832236000.0,69614000.0,41544000.0
GNRC,1474735,2020,59006361.0,3235423000.0,1779012000.0,,1390293000.0,641524000.0,833990000.0,125001000.0,32991000.0
GNRC,1474735,2021,59006361.0,4877780000.0,2605643000.0,,2213774000.0,1155907000.0,882060000.0,142895000.0,32953000.0
GNRC,1474735,2022,59006361.0,5169462000.0,2799736000.0,,2257381000.0,992044000.0,1370966000.0,71015000.0,54826000.0
GNRC,1474735,2023,59006361.0,5093312000.0,2743693000.0,,2340252000.0,880771000.0,1434825000.0,96601000.0,97627000.0
GNRC,1474735,2024,59006361.0,5109331000.0,2611888000.0,,2494278000.0,1033152000.0,1211250000.0,316315000.0,89713000.0
GNRC,1474735,2025,59006361.0,5573679000.0,2934633000.0,,2632422000.0,1215346000.0,1193750000.0,159554000.0,70697000.0
GNW,1276520,2015,377851037.0,106431000000.0,91794000000.0,,12824000000.0,,4570000000.0,-292000000.0,419000000.0
GNW,1276520,2016,377851037.0,104658000000.0,90191000000.0,,12644000000.0,,4180000000.0,-122000000.0,337000000.0
GNW,1276520,2017,377851037.0,105297000000.0,89969000000.0,,13418000000.0,,4224000000.0,353000000.0,284000000.0
GNW,1276520,2018,377851037.0,100923000000.0,86734000000.0,,12450000000.0,,4025000000.0,-329000000.0,299000000.0
GNW,1276520,2019,377851037.0,101342000000.0,86710000000.0,,14185000000.0,,3277000000.0,-17000000.0,239000000.0
GNW,1276520,2020,377851037.0,105747000000.0,89927000000.0,,15318000000.0,,3548000000.0,267000000.0,202000000.0
GNW,1276520,2021,377851037.0,99171000000.0,82905000000.0,,15510000000.0,,1899000000.0,163000000.0,160000000.0
GNW,1276520,2022,377851037.0,86442000000.0,75703000000.0,,9984000000.0,,1611000000.0,175000000.0,106000000.0
GNW,1276520,2023,377851037.0,90817000000.0,82482000000.0,,7480000000.0,,1584000000.0,-212000000.0,118000000.0
GNW,1276520,2024,377851037.0,86871000000.0,77440000000.0,,8494000000.0,,1518000000.0,299000000.0,115000000.0
GNW,1276520,2025,377851037.0,88083000000.0,78316000000.0,,8750000000.0,,1513000000.0,223000000.0,105000000.0
GOOGL,1652044,2015,,147461000000.0,,,120331000000.0,19310000000.0,1995000000.0,16348000000.0,104000000.0
GOOGL,1652044,2016,,167497000000.0,28461000000.0,,139036000000.0,16756000000.0,3935000000.0,19478000000.0,124000000.0
GOOGL,1652044,2017,,197295000000.0,44793000000.0,,152502000000.0,24183000000.0,3943000000.0,12662000000.0,109000000.0
GOOGL,1652044,2018,,232792000000.0,55164000000.0,,177628000000.0,34620000000.0,3950000000.0,30736000000.0,114000000.0
GOOGL,1652044,2019,,275909000000.0,74467000000.0,,201442000000.0,45221000000.0,3958000000.0,34343000000.0,100000000.0
GOOGL,1652044,2020,,319616000000.0,97072000000.0,,222544000000.0,56834000000.0,,40269000000.0,135000000.0
GOOGL,1652044,2021,,359268000000.0,107633000000.0,,251635000000.0,64254000000.0,,76033000000.0,346000000.0
GOOGL,1652044,2022,,365264000000.0,109120000000.0,,256144000000.0,69300000000.0,,59972000000.0,357000000.0
GOOGL,1652044,2023,,402392000000.0,119013000000.0,,283379000000.0,81814000000.0,,73795000000.0,308000000.0
GOOGL,1652044,2024,,450256000000.0,125172000000.0,,325084000000.0,89122000000.0,10883000000.0,100118000000.0,
GOOGL,1652044,2025,,595281000000.0,180016000000.0,,415265000000.0,102745000000.0,46547000000.0,132170000000.0,
GPN,1123360,2015,264618390.0,5793548000.0,4929995000.0,,757976000.0,3015904000.0,1680000000.0,65325000.0,
GPN,1123360,2016,264618390.0,10509952000.0,7632548000.0,,2746476000.0,2430707000.0,4379744000.0,37188000.0,
GPN,1123360,2017,264618390.0,12998069000.0,9032838000.0,,3794527000.0,3815590000.0,4559408000.0,241962000.0,
GPN,1123360,2018,264618390.0,13230774000.0,9044431000.0,,3991407000.0,3268620000.0,5015168000.0,75215000.0,
GPN,1123360,2019,264618390.0,44480162000.0,16425173000.0,,27855747000.0,3579346000.0,9090364000.0,102770000.0,
GPN,1123360,2020,264618390.0,44201545000.0,16714501000.0,,27332370000.0,4549091000.0,,182643000.0,
GPN,1123360,2021,264618390.0,45279713000.0,19410296000.0,,25628201000.0,4463014000.0,,965460000.0,
GPN,1123360,2022,264618390.0,44809014000.0,22268804000.0,,22303506000.0,6898691000.0,,111493000.0,
GPN,1123360,2023,264618390.0,50570186000.0,26782671000.0,,22999210000.0,8125729000.0,,986233000.0,
GPN,1123360,2024,264618390.0,46890255000.0,23873688000.0,,22280686000.0,6252714000.0,,1570365000.0,
GPN,1123360,2025,264618390.0,53338484000.0,29559003000.0,,22888767000.0,7456844000.0,,1400107000.0,
GPRO,1500435,2015,,1102976000.0,330943000.0,,772033000.0,295177000.0,,36131000.0,
GPRO,1500435,2016,,922640000.0,475695000.0,,446945000.0,430739000.0,,-419003000.0,
GPRO,1500435,2017,,850246000.0,551541000.0,,298705000.0,370531000.0,,-182873000.0,13660000.0
GPRO,1500435,2018,,698359000.0,486247000.0,3105000.0,212112000.0,299499000.0,,-109034000.0,18683000.0
GPRO,1500435,2019,,792803000.0,559274000.0,2063000.0,233529000.0,327051000.0,,-14642000.0,19229000.0
GPRO,1500435,2020,,771399000.0,555381000.0,2347000.0,216018000.0,262693000.0,,-66783000.0,20257000.0
GPRO,1500435,2021,,1259879000.0,643965000.0,2760000.0,615914000.0,474832000.0,,371171000.0,22940000.0
GPRO,1500435,2022,,1076925000.0,465366000.0,3428000.0,611559000.0,275928000.0,,28847000.0,6242000.0
GPRO,1500435,2023,,967951000.0,412105000.0,1933000.0,555846000.0,279094000.0,,-53183000.0,4699000.0
GPRO,1500435,2024,,543678000.0,391989000.0,2694000.0,151689000.0,356267000.0,,-432311000.0,3329000.0
GPRO,1500435,2025,,427983000.0,351433000.0,1216000.0,76550000.0,277171000.0,,-93487000.0,
GRVY,1313310,2015,6948900.0,39110000.0,13460000.0,,26071000.0,7530000.0,,-14508000.0,3000.0
GRVY,1313310,2016,6948900.0,45849000.0,20849000.0,,25467000.0,17186000.0,,207000.0,
GS,886982,2015,291171408.0,861395000000.0,774667000000.0,97519000000.0,86728000000.0,,185942000000.0,6083000000.0,5388000000.0
GS,886982,2016,291171408.0,860165000000.0,773272000000.0,124098000000.0,86893000000.0,,197491000000.0,7398000000.0,7104000000.0
GS,886982,2017,291171408.0,916776000000.0,834533000000.0,138604000000.0,82243000000.0,,227579000000.0,4286000000.0,10181000000.0
GS,886982,2018,291171408.0,931796000000.0,841611000000.0,158257000000.0,90185000000.0,,236027000000.0,10459000000.0,15912000000.0
GS,886982,2019,291171408.0,992968000000.0,902703000000.0,190019000000.0,90265000000.0,,,8466000000.0,17376000000.0
GS,886982,2020,291171408.0,1163028000000.0,1067096000000.0,259962000000.0,95932000000.0,,,9459000000.0,8938000000.0
GS,886982,2021,291171408.0,1463988000000.0,1354062000000.0,364227000000.0,109926000000.0,,,21635000000.0,5650000000.0
GS,886982,2022,291171408.0,1441799000000.0,1324610000000.0,386665000000.0,117189000000.0,,,11261000000.0,21346000000.0
GS,886982,2023,291171408.0,1641594000000.0,1524689000000.0,428417000000.0,116905000000.0,,,8516000000.0,62164000000.0
GS,886982,2024,291171408.0,1675972000000.0,1553976000000.0,433013000000.0,121996000000.0,,,14276000000.0,73341000000.0
GS,886982,2025,291171408.0,1809320000000.0,1684348000000.0,501422000000.0,124972000000.0,,,17176000000.0,66814000000.0
GSHD,1726978,2018,21147289.0,34798000.0,60001000.0,,82595000.0,7812000.0,45947000.0,-8903000.0,4266000.0
GSHD,1726978,2019,21147289.0,64628000.0,95635000.0,,-9007000.0,13410000.0,42161000.0,3567000.0,2387000.0
GSHD,1726978,2020,21147289.0,185837000.0,224241000.0,,-4876000.0,20360000.0,79408000.0,9287000.0,2310000.0
GSHD,1726978,2021,21147289.0,267798000.0,336986000.0,,-14020000.0,27777000.0,118361000.0,5403000.0,2854000.0
GSHD,1726978,2022,21147289.0,321353000.0,354977000.0,,10670000.0,37135000.0,86711000.0,565000.0,4999000.0
GSHD,1726978,2023,21147289.0,354892000.0,338106000.0,,56552000.0,40890000.0,67562000.0,14140000.0,6568000.0
GSHD,1726978,2024,21147289.0,397653000.0,358577000.0,,43889000.0,46457000.0,82251000.0,30426000.0,
GSHD,1726978,2025,21147289.0,414864000.0,577652000.0,,-95504000.0,58313000.0,289461000.0,27831000.0,
HAFC,1109242,2015,29649255.0,4234521000.0,3740603000.0,3509976000.0,493918000.0,,,14829000.0,4130000.0
HAFC,1109242,2016,29649255.0,4701346000.0,4170321000.0,3809737000.0,531025000.0,,,14416000.0,5247000.0
HAFC,1109242,2017,29649255.0,5210485000.0,4648008000.0,4348654000.0,562477000.0,,,11497000.0,9440000.0
HAFC,1109242,2018,29649255.0,5502219000.0,4949651000.0,4747235000.0,552568000.0,,,11384000.0,16311000.0
HAFC,1109242,2019,29649255.0,5538184000.0,4974917000.0,4698962000.0,563267000.0,,,3084000.0,16763000.0
HAFC,1109242,2020,29649255.0,6201888000.0,5624844000.0,5275008000.0,577044000.0,,,14326000.0,7482000.0
HAFC,1109242,2021,29649255.0,6858587000.0,6215170000.0,5786269000.0,643417000.0,,,98677000.0,21625000.0
HAFC,1109242,2022,29649255.0,7378262000.0,6740747000.0,6168072000.0,637515000.0,,,101394000.0,36166000.0
HAFC,1109242,2023,29649255.0,7570341000.0,6868450000.0,6280574000.0,701891000.0,,,80041000.0,148057000.0
HAFC,1109242,2024,29649255.0,7677925000.0,6945751000.0,6435776000.0,732174000.0,,,62201000.0,
HAFC,1109242,2025,29649255.0,7869185000.0,7072799000.0,6677650000.0,796386000.0,,,76089000.0,
HASI,1561894,2015,128495790.0,1469621000.0,1037515000.0,,,,664000000.0,2247000.0,
HASI,1561894,2016,128495790.0,1745887000.0,1171548000.0,,,,692000000.0,4408000.0,45241000.0
HASI,1561894,2017,128495790.0,2250172000.0,1607391000.0,,,,1211000000.0,3383000.0,65472000.0
HASI,1561894,2018,128495790.0,2154913000.0,1350390000.0,,,,835000000.0,9055000.0,76874000.0
HASI,1561894,2019,128495790.0,2387274000.0,1447362000.0,,,,700000000.0,46076000.0,64241000.0
HASI,1561894,2020,128495790.0,3459067000.0,2248918000.0,,,,593000000.0,24925000.0,92182000.0
HASI,1561894,2021,128495790.0,4148311000.0,2581796000.0,,,,430000000.0,126579000.0,121705000.0
HASI,1561894,2022,128495790.0,4760148000.0,3095402000.0,,,,433000000.0,41502000.0,115559000.0
HASI,1561894,2023,128495790.0,6552350000.0,4410725000.0,,,,,148836000.0,171008000.0
HASI,1561894,2024,128495790.0,7080245000.0,4675170000.0,,,,,200037000.0,242364000.0
HASI,1561894,2025,128495790.0,8187965000.0,5530096000.0,,,,,184547000.0,292404000.0
HBAN,49196,2015,,71044551000.0,64449945000.0,55294979000.0,6594606000.0,,7067614000.0,178309000.0,47242000.0
HBAN,49196,2016,,99714097000.0,89405951000.0,75607717000.0,10308146000.0,,8309159000.0,238963000.0,79877000.0
HBAN,49196,2017,,104185000000.0,93371000000.0,77041000000.0,10814000000.0,,9206000000.0,432000000.0,124000000.0
HBAN,49196,2018,,108781000000.0,97679000000.0,84774000000.0,11102000000.0,,8625000000.0,334000000.0,223000000.0
HBAN,49196,2019,,109002000000.0,97207000000.0,82347000000.0,11795000000.0,,9849000000.0,317000000.0,231000000.0
HBAN,49196,2020,,123038000000.0,110045000000.0,98948000000.0,12993000000.0,,8352000000.0,817000000.0,423000000.0
HBAN,49196,2021,,174064000000.0,154746000000.0,143263000000.0,19297000000.0,,7108000000.0,1295000000.0,89000000.0
HBAN,49196,2022,,182906000000.0,165137000000.0,147914000000.0,17731000000.0,,9686000000.0,2238000000.0,696000000.0
HBAN,49196,2023,,189368000000.0,169970000000.0,151230000000.0,19353000000.0,,12394000000.0,1951000000.0,3477000000.0
HBAN,49196,2024,,204230000000.0,184448000000.0,162448000000.0,19740000000.0,,16374000000.0,1940000000.0,
HBAN,49196,2025,,225106000000.0,200727000000.0,176610000000.0,24342000000.0,,17221000000.0,2211000000.0,
HCI,1400810,2015,12438867.0,636986000.0,399264000.0,,237722000.0,,,11090000.0,
HCI,1400810,2016,12438867.0,670064000.0,426318000.0,,243746000.0,,,4608000.0,
HCI,1400810,2017,12438867.0,842264000.0,648289000.0,,193975000.0,,,12091000.0,
HCI,1400810,2018,12438867.0,832863000.0,651422000.0,,181441000.0,,,-8466000.0,
HCI,1400810,2019,12438867.0,802609000.0,617066000.0,,185543000.0,,,6432000.0,
HCI,1400810,2020,12438867.0,941313000.0,740177000.0,,201136000.0,,,2707000.0,
HCI,1400810,2021,12438867.0,1176857000.0,762399000.0,,323365000.0,,,1856000.0,
HCI,1400810,2022,12438867.0,1803328000.0,1548521000.0,,162596000.0,,,-58511000.0,
HCI,1400810,2023,12438867.0,1811316000.0,1387991000.0,,324843000.0,,,79034000.0,150000.0
HCI,1400810,2024,12438867.0,2230213000.0,1761172000.0,,453333000.0,,,109953000.0,2000.0
HCI,1400810,2025,12438867.0,2528928000.0,1414284000.0,,1041077000.0,,,299005000.0,
HD,354950,2015,997689626.0,42549000000.0,36233000000.0,,6316000000.0,12526000000.0,,1471000000.0,919000000.0
HD,354950,2016,997689626.0,42966000000.0,38633000000.0,,4333000000.0,14133000000.0,,1744000000.0,972000000.0
HD,354950,2017,997689626.0,44529000000.0,43075000000.0,,1454000000.0,16194000000.0,,1779000000.0,1057000000.0
HD,354950,2018,997689626.0,44003000000.0,45881000000.0,,-1878000000.0,16716000000.0,,2344000000.0,1051000000.0
HD,354950,2019,997689626.0,51236000000.0,54352000000.0,,-3116000000.0,18375000000.0,,2481000000.0,1201000000.0
HD,354950,2020,997689626.0,70581000000.0,67282000000.0,,3299000000.0,23166000000.0,,12866000000.0,1347000000.0
HD,354950,2021,997689626.0,71876000000.0,73572000000.0,,-1696000000.0,28693000000.0,,16433000000.0,1347000000.0
HD,354950,2022,997689626.0,76445000000.0,74883000000.0,,1562000000.0,23110000000.0,,17105000000.0,1617000000.0
HD,354950,2023,997689626.0,76530000000.0,75486000000.0,,1044000000.0,22015000000.0,,15143000000.0,1943000000.0
HD,354950,2024,997689626.0,96119000000.0,89479000000.0,,6640000000.0,28661000000.0,,14806000000.0,
HD,354950,2025,997689626.0,105095000000.0,92282000000.0,,12813000000.0,32424000000.0,,14156000000.0,
HE,354707,2015,172728004.0,11790196000.0,9828263000.0,5025254000.0,1927640000.0,,,,88476000.0
HE,354707,2016,172728004.0,12425506000.0,10324460000.0,5548929000.0,2066753000.0,,,,88558000.0
HE,354707,2017,172728004.0,13099828000.0,10968149000.0,5890597000.0,2097386000.0,,,,91128000.0
HE,354707,2018,172728004.0,13104051000.0,10907478000.0,6158852000.0,2162280000.0,,,,104216000.0
HE,354707,2019,172728004.0,13745251000.0,11430698000.0,6271902000.0,2280260000.0,,,,109339000.0
HE,354707,2020,172728004.0,15004007000.0,12632212000.0,7386957000.0,2337502000.0,,,,99808000.0
HE,354707,2021,172728004.0,15822637000.0,13397460000.0,8172212000.0,2390884000.0,,,,99403000.0
HE,354707,2022,172728004.0,16284244000.0,14047452000.0,8169696000.0,2202499000.0,,,243028000.0,116703000.0
HE,354707,2023,172728004.0,17243821000.0,14864687000.0,8145778000.0,2344841000.0,,,201128000.0,208329000.0
HE,354707,2024,172728004.0,8931416000.0,7418034000.0,,1479089000.0,,,-1424119000.0,
HE,354707,2025,172728004.0,8922879000.0,7316960000.0,,1605919000.0,1427737000.0,,126281000.0,
HERE,1932770,2023,,168719000.0,137575000.0,,30850000.0,130287000.0,,-14967000.0,
HERE,1932770,2024,,196228000.0,125157000.0,,71071000.0,119655000.0,,53050000.0,
HERE,1932770,2025,,231939000.0,101703000.0,,112931000.0,85713000.0,,50078000.0,
HFWA,1046025,2015,40915558.0,3650792000.0,3180822000.0,3108287000.0,469970000.0,,,9493000.0,1481000.0
HFWA,1046025,2016,40915558.0,3878981000.0,3397218000.0,3229648000.0,481763000.0,,,9893000.0,1516000.0
HFWA,1046025,2017,40915558.0,4113270000.0,3604965000.0,3393060000.0,508305000.0,,,10023000.0,2389000.0
HFWA,1046025,2018,40915558.0,5316927000.0,4556204000.0,4432402000.0,760723000.0,,,16609000.0,3595000.0
HFWA,1046025,2019,40915558.0,5552970000.0,4743659000.0,4582676000.0,809311000.0,,,17126000.0,4828000.0
HFWA,1046025,2020,40915558.0,6615318000.0,5794879000.0,5597990000.0,820439000.0,,,23882000.0,2222000.0
HFWA,1046025,2021,40915558.0,7432412000.0,6577980000.0,6381337000.0,854432000.0,,,98035000.0,7042000.0
HFWA,1046025,2022,40915558.0,6980100000.0,6182207000.0,5924840000.0,797893000.0,,,81875000.0,8072000.0
HFWA,1046025,2023,40915558.0,7174957000.0,6321696000.0,5599872000.0,853261000.0,,,61755000.0,59310000.0
HFWA,1046025,2024,40915558.0,7106278000.0,6242751000.0,5684613000.0,863527000.0,,,43258000.0,
HFWA,1046025,2025,40915558.0,6967350000.0,6045846000.0,5920199000.0,921504000.0,,,67532000.0,
HIG,874766,2015,270872002.0,228348000000.0,210706000000.0,,17642000000.0,,5084000000.0,1682000000.0,357000000.0
HIG,874766,2016,270872002.0,223432000000.0,206529000000.0,,16903000000.0,,4636000000.0,896000000.0,339000000.0
HIG,874766,2017,270872002.0,225260000000.0,211766000000.0,,13494000000.0,,4678000000.0,-3703000000.0,316000000.0
HIG,874766,2018,270872002.0,62307000000.0,49206000000.0,,13101000000.0,,4265000000.0,196000000.0,298000000.0
HIG,874766,2019,270872002.0,70817000000.0,54547000000.0,,16270000000.0,,4348000000.0,548000000.0,259000000.0
HIG,874766,2020,270872002.0,74111000000.0,55555000000.0,,18556000000.0,,4352000000.0,537000000.0,236000000.0
HIG,874766,2021,270872002.0,76578000000.0,58735000000.0,,17843000000.0,,4944000000.0,2365000000.0,234000000.0
HIG,874766,2022,270872002.0,73022000000.0,59391000000.0,,13631000000.0,,4357000000.0,1815000000.0,213000000.0
HIG,874766,2023,270872002.0,76780000000.0,61453000000.0,,15327000000.0,,4362000000.0,771000000.0,199000000.0
HIG,874766,2024,270872002.0,80917000000.0,64470000000.0,,16447000000.0,,4366000000.0,3111000000.0,199000000.0
HIG,874766,2025,270872002.0,85997000000.0,67018000000.0,,18979000000.0,,4371000000.0,3836000000.0,199000000.0
HIHO,1026785,2015,4626676.0,16987000.0,4754000.0,,12184000.0,4722000.0,,1150000.0,0.0
HIHO,1026785,2016,4626676.0,17039000.0,5105000.0,,11872000.0,5073000.0,,1251000.0,0.0
HIHO,1026785,2017,4626676.0,17552000.0,6242000.0,,11271000.0,6210000.0,,527000.0,
HIHO,1026785,2018,4626676.0,18130000.0,6340000.0,9347000.0,11741000.0,6308000.0,,1550000.0,
HIHO,1026785,2019,4626676.0,15250000.0,5113000.0,6874000.0,10126000.0,5081000.0,,-630000.0,
HIHO,1026785,2020,4626676.0,18169000.0,7251000.0,7748000.0,10908000.0,4988000.0,,686000.0,
HIHO,1026785,2021,4626676.0,15486000.0,5713000.0,7720000.0,9756000.0,3964000.0,,-461000.0,
HIHO,1026785,2022,4626676.0,14859000.0,5590000.0,5961000.0,9269000.0,5182000.0,,443000.0,
HIHO,1026785,2023,4626676.0,13883000.0,5667000.0,,8204000.0,4061000.0,,-294000.0,
HIHO,1026785,2024,4626676.0,11318000.0,4680000.0,,6645000.0,3837000.0,,-959000.0,
HIHO,1026785,2025,4626676.0,9554000.0,3287000.0,,6269000.0,3077000.0,,106000.0,
HIHO,1026785,2026,4626676.0,10996000.0,5560000.0,,4892000.0,3195000.0,407000.0,-1524000.0,
HLI,1302215,2016,,1070884000.0,417329000.0,,651160000.0,,76620000.0,22780000.0,
HLI,1302215,2017,,1385707000.0,655252000.0,,,,32562000.0,34076000.0,
HLI,1302215,2018,,1418841000.0,566028000.0,,,,11861000.0,38099000.0,
HLI,1302215,2019,,1423058000.0,531729000.0,,,,31189000.0,45348000.0,
HLI,1302215,2020,,1677003000.0,692621000.0,,,,36700000.0,59014000.0,
HLI,1302215,2021,,2426067000.0,1042506000.0,,,,55864000.0,,
HLI,1302215,2022,,2886810000.0,1443105000.0,,,,,437751000.0,
HLI,1302215,2023,,2968814000.0,1355517000.0,,,,,254223000.0,
HLI,1302215,2024,,3170759000.0,1334009000.0,,,,,280301000.0,
HLI,1302215,2025,,3819708000.0,1644831000.0,,,,,399711000.0,
HLI,1302215,2026,,4308955000.0,1856024000.0,,,,,425697000.0,
HLNE,1433642,2018,,293795000.0,157721000.0,,78426000.0,,,13498000.0,5989000.0
HLNE,1433642,2019,,360591000.0,190869000.0,,110226000.0,,,8048000.0,3039000.0
HLNE,1433642,2020,,473529000.0,236128000.0,,154791000.0,,75000000.0,20648000.0,2816000.0
HLNE,1433642,2021,,1136519000.0,546318000.0,,238129000.0,,163175000.0,39760000.0,2044000.0
HLNE,1433642,2022,,1294946000.0,557460000.0,,346878000.0,,171326000.0,145986000.0,
HLNE,1433642,2023,,1140543000.0,566351000.0,,415444000.0,,213533000.0,109120000.0,
HLNE,1433642,2024,,1271200000.0,595242000.0,,525153000.0,,196159000.0,140858000.0,
HLNE,1433642,2025,,1690355000.0,766460000.0,,717281000.0,,290303000.0,217417000.0,
HLNE,1433642,2026,,2304896000.0,838357000.0,,915232000.0,,278420000.0,249180000.0,
HMN,850141,2015,40501054.0,10059343000.0,8794682000.0,,1264661000.0,,249346000.0,21040000.0,13122000.0
HMN,850141,2016,40501054.0,10576824000.0,9282842000.0,,1293982000.0,,247209000.0,19823000.0,11808000.0
HMN,850141,2017,40501054.0,11198340000.0,9696767000.0,,1501573000.0,,297469000.0,125329000.0,11948000.0
HMN,850141,2018,40501054.0,11031896000.0,9741346000.0,,1290550000.0,,297740000.0,-20257000.0,13001000.0
HMN,850141,2019,40501054.0,12478704000.0,10911419000.0,,1567285000.0,,298025000.0,33001000.0,15577000.0
HMN,850141,2020,40501054.0,13471813000.0,11681734000.0,,1790079000.0,,302323000.0,47791000.0,15215000.0
HMN,850141,2021,40501054.0,14383900000.0,12576500000.0,,1807400000.0,,253600000.0,142800000.0,13900000.0
HMN,850141,2022,40501054.0,13446800000.0,12358600000.0,,1088200000.0,,249000000.0,-2600000.0,19400000.0
HMN,850141,2023,40501054.0,14049900000.0,12874600000.0,,1175300000.0,,546000000.0,45000000.0,29700000.0
HMN,850141,2024,40501054.0,14487800000.0,13200300000.0,,1287500000.0,,547000000.0,102800000.0,34600000.0
HMN,850141,2025,40501054.0,15266600000.0,13783900000.0,,1482700000.0,,593400000.0,162100000.0,36400000.0
HOMB,1331520,2015,200049630.0,9289122000.0,8089365000.0,6438509000.0,1199757000.0,,1405945000.0,,21724000.0
HOMB,1331520,2016,200049630.0,9808465000.0,8480975000.0,6942427000.0,1327490000.0,,1270000000.0,,30579000.0
HOMB,1331520,2017,200049630.0,14449760000.0,12245469000.0,10388502000.0,2204291000.0,,,,64346000.0
HOMB,1331520,2018,200049630.0,15302438000.0,12952552000.0,10899778000.0,2349886000.0,,,,124355000.0
HOMB,1331520,2019,200049630.0,15032047000.0,12520516000.0,11278383000.0,2511531000.0,,,,154771000.0
HOMB,1331520,2020,200049630.0,16398804000.0,13793046000.0,12725790000.0,2605758000.0,,,,93407000.0
HOMB,1331520,2021,200049630.0,18052138000.0,15286417000.0,14260570000.0,2765721000.0,,,,52200000.0
HOMB,1331520,2022,200049630.0,22883588000.0,19357226000.0,17938783000.0,3526362000.0,,,,119090000.0
HOMB,1331520,2023,200049630.0,22656658000.0,18865583000.0,16787711000.0,3791075000.0,,,,348108000.0
HOMB,1331520,2024,200049630.0,22490748000.0,18529723000.0,17146297000.0,3961025000.0,,,,
HOMB,1331520,2025,200049630.0,22881879000.0,18585008000.0,17479957000.0,4296871000.0,,,475441000.0,
HOOD,1783879,2021,,19769179000.0,12476087000.0,,7293092000.0,12347342000.0,,-3686432000.0,
HOOD,1783879,2022,,23337000000.0,16381000000.0,,6956000000.0,16253000000.0,,-1028000000.0,
HOOD,1783879,2023,,32332000000.0,25636000000.0,,6696000000.0,25545000000.0,,-541000000.0,
HOOD,1783879,2024,,26187000000.0,18215000000.0,,7972000000.0,18104000000.0,,1411000000.0,
HOOD,1783879,2025,,38137000000.0,28986000000.0,,,28771000000.0,,1883000000.0,
HOPE,1128361,2015,127741836.0,7912648000.0,6974553000.0,6340976000.0,938095000.0,,,22869000.0,11205000.0
HOPE,1128361,2016,127741836.0,13441422000.0,11585949000.0,10642035000.0,1855473000.0,,,40630000.0,18178000.0
HOPE,1128361,2017,127741836.0,14206717000.0,12278462000.0,10846609000.0,1928255000.0,,,17984000.0,26793000.0
HOPE,1128361,2018,127741836.0,15305952000.0,13402741000.0,12155656000.0,1903211000.0,,,44449000.0,50133000.0
HOPE,1128361,2019,127741836.0,15667440000.0,13631429000.0,12527364000.0,2036011000.0,,,43009000.0,52265000.0
HOPE,1128361,2020,127741836.0,17106664000.0,15052919000.0,14333912000.0,2053745000.0,,,28319000.0,20973000.0
HOPE,1128361,2021,127741836.0,17889061000.0,15796078000.0,15040450000.0,2092983000.0,,,51623000.0,11851000.0
HOPE,1128361,2022,127741836.0,19164491000.0,17145163000.0,15738801000.0,2019328000.0,,,51703000.0,73716000.0
HOPE,1128361,2023,127741836.0,19131522000.0,17010279000.0,14753753000.0,2121243000.0,,,26481000.0,143308000.0
HOPE,1128361,2024,127741836.0,17054008000.0,14919503000.0,14327489000.0,2134505000.0,,,24337000.0,124486000.0
HOPE,1128361,2025,127741836.0,18531626000.0,16248358000.0,15603143000.0,2283268000.0,,,34466000.0,112801000.0
HPE,1645590,2015,1327464779.0,81270000000.0,,,33535000000.0,22151000000.0,,2461000000.0,269000000.0
HPE,1645590,2016,1327464779.0,79679000000.0,,,31448000000.0,22531000000.0,,3161000000.0,577000000.0
HPE,1645590,2017,1327464779.0,61406000000.0,,,23466000000.0,18924000000.0,,344000000.0,599000000.0
HPE,1645590,2018,1327464779.0,55493000000.0,,,21239000000.0,17198000000.0,,1908000000.0,631000000.0
HPE,1645590,2019,1327464779.0,51803000000.0,14276000000.0,,17098000000.0,19159000000.0,,1049000000.0,608000000.0
HPE,1645590,2020,1327464779.0,54015000000.0,,,16049000000.0,18738000000.0,,-322000000.0,603000000.0
HPE,1645590,2021,1327464779.0,57699000000.0,,,19971000000.0,20687000000.0,,3427000000.0,501000000.0
HPE,1645590,2022,1327464779.0,57123000000.0,,,19864000000.0,23174000000.0,,868000000.0,471000000.0
HPE,1645590,2023,1327464779.0,57153000000.0,,,21182000000.0,21882000000.0,,2025000000.0,709000000.0
HPE,1645590,2024,1327464779.0,71262000000.0,,,24816000000.0,25973000000.0,,2579000000.0,777000000.0
HPE,1645590,2025,1327464779.0,75906000000.0,,,24688000000.0,24643000000.0,,57000000.0,1098000000.0
HSDT,1610853,2015,60458703.0,1216347.0,2779248.0,,-1562901.0,1197804.0,,-9838317.0,176488.0
HSDT,1610853,2016,60458703.0,4040722.0,4056914.0,,-16192.0,2331154.0,,-6881812.0,46920.0
HSDT,1610853,2017,60458703.0,6809000.0,14299000.0,,-7490000.0,14299000.0,,-28024000.0,
HSDT,1610853,2018,60458703.0,27827000.0,17973000.0,,9854000.0,17973000.0,,-28623000.0,
HSDT,1610853,2019,60458703.0,10347000.0,4512000.0,,5835000.0,3802000.0,,-9781000.0,
HSDT,1610853,2020,60458703.0,6547000.0,2676000.0,,3871000.0,2424000.0,,-14130000.0,
HSDT,1610853,2021,60458703.0,14102000.0,2846000.0,,11256000.0,2653000.0,,-18132000.0,
HSDT,1610853,2022,60458703.0,17287000.0,9136000.0,,8151000.0,1988000.0,,-14072000.0,
HSDT,1610853,2023,60458703.0,7692000.0,5342000.0,,2350000.0,1879000.0,,-8850000.0,
HSDT,1610853,2024,60458703.0,3542000.0,2483000.0,,1059000.0,2163000.0,,-11742000.0,
HSDT,1610853,2025,60458703.0,303929000.0,3016000.0,,300913000.0,3016000.0,,-40890000.0,
HSIC,1000228,2015,111446542.0,6504740000.0,3075732000.0,,2884256000.0,2146997000.0,,129948000.0,26008000.0
HSIC,1000228,2016,111446542.0,6730396000.0,3321956000.0,,2793066000.0,2290646000.0,,139216000.0,31893000.0
HSIC,1000228,2017,111446542.0,7811235000.0,4154687000.0,,2811499000.0,2776215000.0,,-8535000.0,53654000.0
HSIC,1000228,2018,111446542.0,8500527000.0,4646583000.0,,2961332000.0,3218827000.0,,132973000.0,78786000.0
HSIC,1000228,2019,111446542.0,7151101000.0,3233706000.0,,2998044000.0,2038369000.0,,330609000.0,50792000.0
HSIC,1000228,2020,111446542.0,7772532000.0,3460448000.0,,3348172000.0,2283102000.0,,403794000.0,41377000.0
HSIC,1000228,2021,111446542.0,8481091000.0,3804587000.0,,3425126000.0,2306514000.0,,631232000.0,27600000.0
HSIC,1000228,2022,111446542.0,8607000000.0,3936000000.0,,3446000000.0,2224000000.0,,538000000.0,44000000.0
HSIC,1000228,2023,111446542.0,10573000000.0,5420000000.0,,3655000000.0,2683000000.0,,416000000.0,87000000.0
HSIC,1000228,2024,111446542.0,10218000000.0,5381000000.0,,3393000000.0,2803000000.0,,390000000.0,131000000.0
HSIC,1000228,2025,111446542.0,11215000000.0,6421000000.0,,3245000000.0,3228000000.0,,398000000.0,150000000.0
HTH,1265131,2015,57286417.0,11867001000.0,10128876000.0,6952683000.0,1736954000.0,,,20727000.0,16649000.0
HTH,1265131,2016,57286417.0,12738062000.0,10863542000.0,7063811000.0,1870509000.0,,317912000.0,35321000.0,14211000.0
HTH,1265131,2017,57286417.0,13365786000.0,11450979000.0,7978119000.0,1912081000.0,,208809000.0,13428000.0,24973000.0
HTH,1265131,2018,57286417.0,13683572000.0,11709679000.0,8536156000.0,1949470000.0,,228872000.0,28115000.0,39987000.0
HTH,1265131,2019,57286417.0,15172448000.0,13043652000.0,9032214000.0,2103039000.0,,,49276000.0,41490000.0
HTH,1265131,2020,57286417.0,16944264000.0,14593617000.0,11242319000.0,2323939000.0,,,116445000.0,29489000.0
HTH,1265131,2021,57286417.0,18689080000.0,16139877000.0,12818077000.0,2522668000.0,,,62184000.0,18760000.0
HTH,1265131,2022,57286417.0,16259282000.0,14195753000.0,11315749000.0,2036924000.0,,,25556000.0,56532000.0
HTH,1265131,2023,57286417.0,16466996000.0,14316667000.0,11063192000.0,2122967000.0,,,28671000.0,105541000.0
HTH,1265131,2024,57286417.0,16268129000.0,14049817000.0,11065322000.0,2189965000.0,,,35519000.0,
HTH,1265131,2025,57286417.0,15844994000.0,13647388000.0,10878080000.0,2168401000.0,,,41584000.0,
HUM,49071,2015,,24705000000.0,14359000000.0,,10346000000.0,8152000000.0,3821000000.0,101000000.0,186000000.0
HUM,49071,2016,,25396000000.0,14711000000.0,,10685000000.0,7822000000.0,3792000000.0,-401000000.0,189000000.0
HUM,49071,2017,,27178000000.0,17336000000.0,,9842000000.0,9406000000.0,4770000000.0,184000000.0,242000000.0
HUM,49071,2018,,25413000000.0,15252000000.0,,10161000000.0,10077000000.0,4375000000.0,355000000.0,218000000.0
HUM,49071,2019,,29074000000.0,17037000000.0,,12037000000.0,10929000000.0,4967000000.0,512000000.0,242000000.0
HUM,49071,2020,,34969000000.0,21241000000.0,,13728000000.0,13394000000.0,6060000000.0,3367000000.0,283000000.0
HUM,49071,2021,,44358000000.0,28255000000.0,,,15331000000.0,10541000000.0,2933000000.0,326000000.0
HUM,49071,2022,,43055000000.0,27685000000.0,,15311000000.0,17178000000.0,9034000000.0,2806000000.0,401000000.0
HUM,49071,2023,,47065000000.0,30747000000.0,,16262000000.0,18872000000.0,10213000000.0,2489000000.0,493000000.0
HUM,49071,2024,,46479000000.0,30034000000.0,,16375000000.0,16939000000.0,11144000000.0,1207000000.0,
HUM,49071,2025,,48909000000.0,31172000000.0,,17657000000.0,16346000000.0,12369000000.0,1188000000.0,
HUN,1307954,2015,175349112.0,9820000000.0,8191000000.0,,1442000000.0,1917000000.0,4625000000.0,4000000.0,
HUN,1307954,2016,175349112.0,9189000000.0,7722000000.0,,1287000000.0,1778000000.0,4135000000.0,128000000.0,
HUN,1307954,2017,175349112.0,10244000000.0,6873000000.0,,2620000000.0,3265000000.0,2258000000.0,246000000.0,
HUN,1307954,2018,175349112.0,7953000000.0,5204000000.0,,2520000000.0,1611000000.0,2224000000.0,-340000000.0,
HUN,1307954,2019,175349112.0,8320000000.0,5496000000.0,,2687000000.0,2008000000.0,2177000000.0,303000000.0,
HUN,1307954,2020,175349112.0,8713000000.0,5040000000.0,,3519000000.0,1979000000.0,1528000000.0,1034000000.0,
HUN,1307954,2021,175349112.0,9392000000.0,4833000000.0,,4378000000.0,2051000000.0,1538000000.0,1045000000.0,
HUN,1307954,2022,175349112.0,8220000000.0,4380000000.0,,3624000000.0,1701000000.0,1671000000.0,460000000.0,
HUN,1307954,2023,175349112.0,7248000000.0,3770000000.0,,3251000000.0,1172000000.0,1676000000.0,101000000.0,
HUN,1307954,2024,175349112.0,7015000000.0,4058000000.0,,2750000000.0,1589000000.0,1658000000.0,-284000000.0,
HWC,750577,2015,80223058.0,22839459000.0,20426316000.0,18348912000.0,2413143000.0,,495999000.0,131461000.0,54472000.0
HWC,750577,2016,80223058.0,23975302000.0,21255534000.0,19424266000.0,2719768000.0,,436280000.0,,73051000.0
HWC,750577,2017,80223058.0,27336086000.0,24451137000.0,22253202000.0,2884949000.0,,305513000.0,,108269000.0
HWC,750577,2018,80223058.0,28235907000.0,25154567000.0,23150185000.0,3081340000.0,,224993000.0,,179430000.0
HWC,750577,2019,80223058.0,30600757000.0,27133072000.0,23803575000.0,3467685000.0,,233462000.0,,230565000.0
HWC,750577,2020,80223058.0,33638602000.0,30199577000.0,27697877000.0,3439025000.0,,378322000.0,,115458000.0
HWC,750577,2021,80223058.0,36531205000.0,32860853000.0,30465897000.0,3670352000.0,,244220000.0,,49023000.0
HWC,750577,2022,80223058.0,35183825000.0,31841197000.0,29070349000.0,3342628000.0,,242077000.0,,87060000.0
HWC,750577,2023,80223058.0,35578573000.0,31774912000.0,29690059000.0,3803661000.0,,236317000.0,,522898000.0
HWC,750577,2024,80223058.0,35081785000.0,30954149000.0,29492851000.0,4127636000.0,,210544000.0,,
HWC,750577,2025,80223058.0,35472762000.0,31012645000.0,29279774000.0,4460117000.0,,199407000.0,486073000.0,
HWM,4281,2015,398801399.0,36528000000.0,22397000000.0,,12046000000.0,5211000000.0,9044000000.0,-701000000.0,498000000.0
HWM,4281,2016,398801399.0,20038000000.0,14897000000.0,,5115000000.0,2749000000.0,8044000000.0,-1258000000.0,499000000.0
HWM,4281,2017,398801399.0,18718000000.0,13794000000.0,,4910000000.0,2824000000.0,6806000000.0,-727000000.0,496000000.0
HWM,4281,2018,398801399.0,18693000000.0,13108000000.0,,5573000000.0,3520000000.0,5896000000.0,218000000.0,378000000.0
HWM,4281,2019,398801399.0,17578000000.0,12957000000.0,,4607000000.0,4126000000.0,4906000000.0,309000000.0,338000000.0
HWM,4281,2020,398801399.0,11443000000.0,7866000000.0,,3577000000.0,1660000000.0,4699000000.0,261000000.0,381000000.0
HWM,4281,2021,398801399.0,10219000000.0,6711000000.0,,3508000000.0,1253000000.0,4227000000.0,258000000.0,259000000.0
HWM,4281,2022,398801399.0,10255000000.0,6654000000.0,,3601000000.0,1482000000.0,4162000000.0,469000000.0,229000000.0
HWM,4281,2023,398801399.0,10428000000.0,6391000000.0,,4037000000.0,1784000000.0,3500000000.0,765000000.0,218000000.0
HWM,4281,2024,398801399.0,10519000000.0,5965000000.0,,4554000000.0,1549000000.0,3309000000.0,1155000000.0,
HWM,4281,2025,398801399.0,11179000000.0,5826000000.0,,5353000000.0,1771000000.0,2859000000.0,1508000000.0,
HYLN,1759631,2019,178597218.0,237148974.0,8486205.0,,5000008.0,208097.0,,2324388.0,
HYLN,1759631,2020,178597218.0,655089000.0,14921000.0,,640168000.0,8937000.0,,324117000.0,5459000.0
HYLN,1759631,2021,178597218.0,578440000.0,24525000.0,,553915000.0,15235000.0,,-96048000.0,0.0
HYLN,1759631,2022,178597218.0,446743000.0,23169000.0,,423574000.0,14682000.0,,-153357000.0,0.0
HYLN,1759631,2023,178597218.0,328383000.0,22117000.0,,306266000.0,15122000.0,,-123510000.0,
HYLN,1759631,2024,178597218.0,263046000.0,18657000.0,,244389000.0,14291000.0,,-52048000.0,
HYLN,1759631,2025,178597218.0,203559000.0,11550000.0,,192009000.0,9863000.0,,-57188000.0,
IBKR,1381197,2015,42231651.0,48734000000.0,43390000000.0,,863000000.0,,,,
IBKR,1381197,2016,42231651.0,54673000000.0,48853000000.0,,974000000.0,,,,
IBKR,1381197,2017,42231651.0,61162000000.0,54729000000.0,,1090000000.0,,,,
IBKR,1381197,2018,42231651.0,60547000000.0,53391000000.0,,1282000000.0,,,,
IBKR,1381197,2019,42231651.0,71676000000.0,63736000000.0,,1452000000.0,,,,
IBKR,1381197,2020,42231651.0,95679000000.0,86676000000.0,,1951000000.0,,,,261000000.0
IBKR,1381197,2021,42231651.0,109113000000.0,98891000000.0,,2395000000.0,,,,224000000.0
IBKR,1381197,2022,42231651.0,115143000000.0,103528000000.0,,2848000000.0,,,,1018000000.0
IBKR,1381197,2023,42231651.0,128423000000.0,114356000000.0,,3584000000.0,,,,3436000000.0
IBKR,1381197,2024,42231651.0,150142000000.0,133545000000.0,,4280000000.0,,,,
IBKR,1381197,2025,42231651.0,203240000000.0,182768000000.0,,5363000000.0,,,,
IBM,51143,2015,942134390.0,110495000000.0,96071000000.0,,14262000000.0,34269000000.0,33428000000.0,,468000000.0
IBM,51143,2016,942134390.0,117470000000.0,99078000000.0,,18246000000.0,36275000000.0,34655000000.0,,630000000.0
IBM,51143,2017,942134390.0,125356000000.0,107631000000.0,,17594000000.0,37363000000.0,39837000000.0,5753000000.0,615000000.0
IBM,51143,2018,942134390.0,123382000000.0,106452000000.0,,16796000000.0,38227000000.0,35605000000.0,8728000000.0,723000000.0
IBM,51143,2019,942134390.0,152186000000.0,131202000000.0,,20841000000.0,37701000000.0,,9431000000.0,1344000000.0
IBM,51143,2020,942134390.0,155971000000.0,135244000000.0,,20597000000.0,39869000000.0,54355000000.0,5590000000.0,1288000000.0
IBM,51143,2021,942134390.0,132001000000.0,113005000000.0,,18901000000.0,33619000000.0,44917000000.0,5743000000.0,1155000000.0
IBM,51143,2022,942134390.0,127243000000.0,105222000000.0,,21944000000.0,31505000000.0,46189000000.0,1639000000.0,1216000000.0
IBM,51143,2023,942134390.0,135241000000.0,112628000000.0,,22533000000.0,34122000000.0,50121000000.0,7502000000.0,1607000000.0
IBM,51143,2024,942134390.0,137175000000.0,109783000000.0,,27307000000.0,33142000000.0,49884000000.0,6023000000.0,1712000000.0
IBM,51143,2025,942134390.0,151880000000.0,119139000000.0,,32648000000.0,38658000000.0,54836000000.0,10593000000.0,1935000000.0
IBOC,315709,2015,62191514.0,11772869000.0,10107366000.0,8536253000.0,1665503000.0,,,136726000.0,10730000.0
IBOC,315709,2016,62191514.0,11804041000.0,10079374000.0,8610089000.0,1724667000.0,,,133932000.0,43129000.0
IBOC,315709,2017,62191514.0,12184698000.0,10345718000.0,8544892000.0,1838980000.0,,,157436000.0,38931000.0
IBOC,315709,2018,62191514.0,11871952000.0,9932370000.0,8696545000.0,1939582000.0,,,215931000.0,52668000.0
IBOC,315709,2019,62191514.0,12112894000.0,9994841000.0,8826034000.0,2118053000.0,,,205104000.0,58629000.0
IBOC,315709,2020,62191514.0,14029467000.0,11851469000.0,10721860000.0,2177998000.0,,,167319000.0,39119000.0
IBOC,315709,2021,62191514.0,16046236000.0,13737755000.0,12617877000.0,2308481000.0,,,253922000.0,26831000.0
IBOC,315709,2022,62191514.0,15501476000.0,13456717000.0,12660007000.0,2044759000.0,,,300232000.0,38156000.0
IBOC,315709,2023,62191514.0,15066189000.0,12618415000.0,11824554000.0,2447774000.0,,,411768000.0,136661000.0
IBOC,315709,2024,62191514.0,15738852000.0,12942145000.0,12111844000.0,2796707000.0,,,409167000.0,
IBOC,315709,2025,62191514.0,16576335000.0,13324697000.0,12436506000.0,3251638000.0,,,412293000.0,
ICE,1571949,2015,561394487.0,77987000000.0,63112000000.0,,14808000000.0,54743000000.0,4717000000.0,370000000.0,97000000.0
ICE,1571949,2016,561394487.0,82003000000.0,66213000000.0,,15717000000.0,58617000000.0,3871000000.0,352000000.0,178000000.0
ICE,1571949,2017,561394487.0,78264000000.0,61312000000.0,,16924000000.0,54171000000.0,4267000000.0,1225000000.0,187000000.0
ICE,1571949,2018,561394487.0,92791000000.0,75489000000.0,,17201000000.0,66108000000.0,6490000000.0,611000000.0,244000000.0
ICE,1571949,2019,561394487.0,94493000000.0,77129000000.0,,17255000000.0,68816000000.0,5250000000.0,448000000.0,285000000.0
ICE,1571949,2020,561394487.0,126200000000.0,106573000000.0,,19498000000.0,87999000000.0,14126000000.0,526000000.0,357000000.0
ICE,1571949,2021,561394487.0,193502000000.0,170754000000.0,,22709000000.0,153411000000.0,12397000000.0,4058000000.0,423000000.0
ICE,1571949,2022,561394487.0,194338000000.0,171577000000.0,,22706000000.0,149171000000.0,18118000000.0,1446000000.0,616000000.0
ICE,1571949,2023,561394487.0,136084000000.0,110298000000.0,,25717000000.0,84626000000.0,20659000000.0,2368000000.0,808000000.0
ICE,1571949,2024,561394487.0,139428000000.0,111708000000.0,,27647000000.0,89553000000.0,17341000000.0,2754000000.0,
ICE,1571949,2025,561394487.0,136887000000.0,107896000000.0,,28915000000.0,84116000000.0,18609000000.0,3315000000.0,
III,1371489,2015,48413462.0,131343000.0,84232000.0,,46172000.0,31180000.0,48531000.0,,1789000.0
III,1371489,2016,48413462.0,235122000.0,176710000.0,,57036000.0,52353000.0,116485000.0,,2664000.0
III,1371489,2017,48413462.0,224760000.0,161223000.0,,63537000.0,53075000.0,98838000.0,,6821000.0
III,1371489,2018,48413462.0,214731000.0,136144000.0,,78587000.0,40649000.0,89212000.0,5677000.0,6688000.0
III,1371489,2019,48413462.0,218755000.0,129081000.0,,89674000.0,41251000.0,74823000.0,3341000.0,6267000.0
III,1371489,2020,48413462.0,239520000.0,140383000.0,,99137000.0,50661000.0,73551000.0,2755000.0,3563000.0
III,1371489,2021,48413462.0,236794000.0,138401000.0,,98393000.0,56838000.0,69490000.0,15529000.0,2342000.0
III,1371489,2022,48413462.0,243028000.0,142597000.0,,100431000.0,51191000.0,74416000.0,19726000.0,3157000.0
III,1371489,2023,48413462.0,247345000.0,145263000.0,,102082000.0,46274000.0,79175000.0,6154000.0,6190000.0
III,1371489,2024,48413462.0,204515000.0,108229000.0,,96286000.0,38420000.0,59175000.0,2839000.0,
III,1371489,2025,48413462.0,211001000.0,116325000.0,,94676000.0,40157000.0,59175000.0,9341000.0,
INDB,776901,2015,47369099.0,7709375000.0,6844685000.0,6412253000.0,864690000.0,,107742000.0,17179000.0,4676000.0
INDB,776901,2017,47369099.0,8082029000.0,7138220000.0,6729253000.0,943809000.0,,107755000.0,22064000.0,5044000.0
INDB,776901,2018,47369099.0,8851592000.0,7778102000.0,7427120000.0,1073490000.0,,110901000.0,29934000.0,7618000.0
INDB,776901,2019,47369099.0,11395165000.0,9687022000.0,9147367000.0,1708143000.0,,187355000.0,47477000.0,13710000.0
INDB,776901,2020,47369099.0,13204301000.0,11501616000.0,10993170000.0,1702685000.0,,145320000.0,34641000.0,5362000.0
INDB,776901,2021,47369099.0,20423405000.0,17404956000.0,16917044000.0,3018449000.0,,126707000.0,120992000.0,13717000.0
INDB,776901,2022,47369099.0,19294174000.0,16407473000.0,15879007000.0,2886701000.0,,112740000.0,263813000.0,29591000.0
INDB,776901,2023,47369099.0,19347373000.0,16452122000.0,14865547000.0,2895251000.0,,112838000.0,239502000.0,189205000.0
INDB,776901,2024,47369099.0,19373565000.0,16380445000.0,15305978000.0,2993120000.0,,62860000.0,192081000.0,
INDB,776901,2025,47369099.0,24912896000.0,21347168000.0,20126790000.0,3565728000.0,,359345000.0,205122000.0,
INGM,1897762,2024,230661904.0,18779690000.0,15045815000.0,,3733875000.0,11306531000.0,3168280000.0,83116000.0,338358000.0
INGM,1897762,2025,230661904.0,21244384000.0,16995966000.0,,4248418000.0,13680962000.0,2749781000.0,327882000.0,302570000.0
INTJ,1916416,2023,11250000.0,4376703.0,2181512.0,,2195191.0,1824581.0,,521029.0,
INTJ,1916416,2024,11250000.0,9219113.0,915630.0,,8303483.0,656928.0,,-54715.0,
INTJ,1916416,2025,11250000.0,12250053.0,656179.0,,11593875.0,441395.0,,-2334092.0,
IOT,1642896,2023,,1617008000.0,678989000.0,,938019000.0,442158000.0,,-247422000.0,
IOT,1642896,2024,,1734845000.0,819698000.0,,915147000.0,591816000.0,,-286726000.0,
IOT,1642896,2025,,2024302000.0,955106000.0,,1069196000.0,761346000.0,,-154907000.0,
IOT,1642896,2026,,2540674000.0,1120227000.0,,1420447000.0,917038000.0,,-9117000.0,
ISRG,1035267,2015,353278038.0,4907300000.0,587800000.0,,4319500000.0,491900000.0,,190000000.0,
ISRG,1035267,2016,353278038.0,6486900000.0,709100000.0,,5777800000.0,596500000.0,,204000000.0,
ISRG,1035267,2017,353278038.0,5758000000.0,1031200000.0,,4725200000.0,704100000.0,,-38800000.0,
ISRG,1035267,2018,353278038.0,7846700000.0,1159200000.0,,6678800000.0,820600000.0,,292500000.0,
ISRG,1035267,2019,353278038.0,9733200000.0,1448500000.0,,8263800000.0,1030200000.0,,357700000.0,
ISRG,1035267,2020,353278038.0,11168900000.0,1409800000.0,,9731500000.0,965200000.0,,365200000.0,
ISRG,1035267,2021,353278038.0,13555000000.0,1603500000.0,,11901100000.0,1149800000.0,,380600000.0,
ISRG,1035267,2022,353278038.0,12974000000.0,1861400000.0,,11041900000.0,1422100000.0,,1322300000.0,
ISRG,1035267,2023,353278038.0,15441500000.0,2044200000.0,,13307600000.0,1658700000.0,,1798000000.0,
ISRG,1035267,2024,353278038.0,18743200000.0,2213600000.0,,16433700000.0,1745300000.0,,2322600000.0,
ISRG,1035267,2025,353278038.0,20458700000.0,2517000000.0,,17824000000.0,2006200000.0,,2856000000.0,
IT,749251,2015,63148976.0,2174686000.0,2307086000.0,,-132400000.0,1323492000.0,790000000.0,175635000.0,22548000.0
IT,749251,2016,63148976.0,2367335000.0,2306457000.0,,60878000.0,1460249000.0,664391000.0,193582000.0,27565000.0
IT,749251,2017,63148976.0,7283173000.0,6299708000.0,,983465000.0,2822585000.0,2899124000.0,3279000.0,127947000.0
IT,749251,2018,63148976.0,6201474000.0,5350717000.0,,850757000.0,2620935000.0,2116109000.0,122456000.0,126774000.0
IT,749251,2019,63148976.0,7151294000.0,6212701000.0,,938593000.0,2856534000.0,2043888000.0,233290000.0,102831000.0
IT,749251,2020,63148976.0,7315967000.0,6225539000.0,,1090428000.0,2947494000.0,1958286000.0,266745000.0,115636000.0
IT,749251,2021,63148976.0,7416324000.0,7045266000.0,,371058000.0,3378780000.0,2456833000.0,793560000.0,118513000.0
IT,749251,2022,63148976.0,7299736000.0,7071938000.0,,227798000.0,3597600000.0,2453607000.0,807799000.0,126203000.0
IT,749251,2023,63148976.0,7835919000.0,7155285000.0,,680634000.0,3777719000.0,2448696000.0,882466000.0,132772000.0
IT,749251,2024,63148976.0,8534671000.0,7175502000.0,,1359169000.0,3969016000.0,2459915000.0,1253715000.0,
IT,749251,2025,63148976.0,8085400000.0,7765492000.0,,319908000.0,4072092000.0,2976674000.0,729231000.0,
IVZ,914208,2015,441499780.0,25073200000.0,16210200000.0,,7885300000.0,,,968100000.0,81700000.0
IVZ,914208,2016,441499780.0,25734300000.0,17838800000.0,,7503800000.0,,,854200000.0,93400000.0
IVZ,914208,2017,441499780.0,31668800000.0,22470000000.0,,8696100000.0,,,1127300000.0,94800000.0
IVZ,914208,2018,441499780.0,30978400000.0,21646000000.0,,8578800000.0,,,882800000.0,111500000.0
IVZ,914208,2019,441499780.0,39420300000.0,24718500000.0,,13862500000.0,,,564700000.0,135700000.0
IVZ,914208,2020,441499780.0,36504100000.0,21483400000.0,,14361800000.0,,,524800000.0,129300000.0
IVZ,914208,2021,441499780.0,32685600000.0,16006800000.0,,15495800000.0,,,1393000000.0,94700000.0
IVZ,914208,2022,441499780.0,29756800000.0,12914600000.0,,15213600000.0,,,683900000.0,85200000.0
IVZ,914208,2023,441499780.0,28933800000.0,13017800000.0,,14597600000.0,,,-333700000.0,70500000.0
IVZ,914208,2024,441499780.0,27008900000.0,11340100000.0,,14559900000.0,,,538000000.0,
IVZ,914208,2025,441499780.0,27094000000.0,14089100000.0,,12231000000.0,,,,
JEF,96223,2015,204432307.0,46339812000.0,35557289000.0,,10401211000.0,,,55595000.0,111412000.0
JEF,96223,2016,204432307.0,45071307000.0,34305849000.0,,10128100000.0,,,137171000.0,108703000.0
JEF,96223,2017,204432307.0,47169108000.0,36478536000.0,,10105957000.0,,,-271601000.0,107859000.0
JEF,96223,2019,204432307.0,49460234000.0,39706945000.0,,9579705000.0,,,195541000.0,87177000.0
JEF,96223,2020,204432307.0,53118352000.0,43530151000.0,,9403893000.0,,,307267000.0,84870000.0
JEF,96223,2021,204432307.0,60404110000.0,49674070000.0,,10553755000.0,,,1667403000.0,77084000.0
JEF,96223,2022,204432307.0,51057683000.0,40630743000.0,,10232846000.0,,,,1170425000.0
JEF,96223,2023,204432307.0,57905161000.0,48102620000.0,,9709827000.0,,,,2740982000.0
JEF,96223,2024,204432307.0,64360309000.0,54134916000.0,,10156772000.0,,,,
JEF,96223,2025,204432307.0,76012347000.0,65369738000.0,,10574696000.0,,,,
JKHY,779152,2015,70112608.0,1836835000.0,845301000.0,,991534000.0,443611000.0,,60539000.0,322000.0
JKHY,779152,2016,70112608.0,1815512000.0,819302000.0,,996210000.0,443732000.0,,84270000.0,448000.0
JKHY,779152,2017,70112608.0,1908945000.0,876894000.0,,1032051000.0,471192000.0,,64691000.0,392000.0
JKHY,779152,2018,70112608.0,2050303000.0,783475000.0,,1266828000.0,487896000.0,,85280000.0,747000.0
JKHY,779152,2019,70112608.0,2184829000.0,755816000.0,,1429013000.0,469962000.0,,60993000.0,407000.0
JKHY,779152,2020,70112608.0,2428474000.0,878786000.0,,1549688000.0,494845000.0,,61345000.0,211000.0
JKHY,779152,2021,70112608.0,2336156000.0,1016864000.0,,1319292000.0,520860000.0,,311469000.0,1144000.0
JKHY,779152,2022,70112608.0,2455564000.0,1073941000.0,,1381623000.0,543830000.0,,362916000.0,2384000.0
JKHY,779152,2023,70112608.0,2773826000.0,1165316000.0,,1608510000.0,523759000.0,,366646000.0,15073000.0
JKHY,779152,2024,70112608.0,2924481000.0,1082117000.0,,1842364000.0,633814000.0,60000000.0,381816000.0,
JKHY,779152,2025,70112608.0,3043970000.0,913138000.0,,2130832000.0,535784000.0,0.0,455748000.0,
JKHY,779152,2026,70112608.0,3145711000.0,1093762000.0,,2051949000.0,556239000.0,,502776000.0,
JPM,19617,2015,2658186195.0,2351698000000.0,2104125000000.0,1279715000000.0,247573000000.0,,,24442000000.0,7463000000.0
JPM,19617,2016,2658186195.0,2490972000000.0,2236782000000.0,1375179000000.0,254190000000.0,,,24733000000.0,9818000000.0
JPM,19617,2017,2658186195.0,2533600000000.0,2277907000000.0,1443982000000.0,255693000000.0,,,24441000000.0,14275000000.0
JPM,19617,2018,2658186195.0,2622532000000.0,2366017000000.0,1470666000000.0,256515000000.0,,,32474000000.0,22383000000.0
JPM,19617,2019,2658186195.0,2687379000000.0,2426049000000.0,1562431000000.0,261330000000.0,,,36431000000.0,26795000000.0
JPM,19617,2020,2658186195.0,3386071000000.0,3106717000000.0,2144257000000.0,279354000000.0,,,29131000000.0,9960000000.0
JPM,19617,2021,2658186195.0,3743567000000.0,3449440000000.0,2462303000000.0,294127000000.0,,,48334000000.0,5553000000.0
JPM,19617,2022,2658186195.0,3665743000000.0,3373411000000.0,2340179000000.0,292332000000.0,,,37676000000.0,26097000000.0
JPM,19617,2023,2658186195.0,3875393000000.0,3547515000000.0,2400688000000.0,327878000000.0,,,49552000000.0,81321000000.0
JPM,19617,2024,2658186195.0,4002814000000.0,3658056000000.0,2406032000000.0,344758000000.0,,,58471000000.0,
JPM,19617,2025,2658186195.0,4424900000000.0,4062462000000.0,2559320000000.0,362438000000.0,,,57048000000.0,
JVA,1007019,2015,5708599.0,35274642.0,10856269.0,,24081793.0,10059345.0,,-1413228.0,200074.0
JVA,1007019,2016,5708599.0,37023893.0,11910352.0,,24539203.0,11021998.0,,2212288.0,187310.0
JVA,1007019,2017,5708599.0,40000410.0,14408949.0,,24951549.0,13050361.0,,467262.0,264261.0
JVA,1007019,2018,5708599.0,38834077.0,12844259.0,,24881776.0,11187368.0,,1059276.0,370705.0
JVA,1007019,2019,5708599.0,39686724.0,12956001.0,,25264077.0,11511855.0,,-94598.0,254592.0
JVA,1007019,2020,5708599.0,38480150.0,10736581.0,,26518666.0,3983031.0,,-94301.0,185177.0
JVA,1007019,2021,5708599.0,43312927.0,13942608.0,,28533093.0,6517010.0,,1255354.0,85796.0
JVA,1007019,2022,5708599.0,42692525.0,18141858.0,,24795129.0,6439509.0,,-3744785.0,225043.0
JVA,1007019,2023,5708599.0,42191901.0,18476810.0,,23959553.0,15378674.0,,-835576.0,563351.0
JVA,1007019,2024,5708599.0,34010688.0,7833121.0,,26177567.0,6846067.0,,2218014.0,
JVA,1007019,2025,5708599.0,42048372.0,14467366.0,,,12807624.0,,1403439.0,
JXN,1822993,2021,67728744.0,375484000000.0,364410000000.0,,10394000000.0,,2649000000.0,3183000000.0,37000000.0
JXN,1822993,2022,67728744.0,311058000000.0,301903000000.0,,8423000000.0,,2635000000.0,-710000000.0,113000000.0
JXN,1822993,2023,67728744.0,330255000000.0,319921000000.0,,10170000000.0,,2037000000.0,934000000.0,185000000.0
JXN,1822993,2024,67728744.0,338450000000.0,328468000000.0,,9764000000.0,,2034000000.0,946000000.0,101000000.0
JXN,1822993,2025,67728744.0,352586000000.0,342244000000.0,,9953000000.0,,2030000000.0,27000000.0,100000000.0
JYNT,1612630,2015,14143154.0,33362328.0,12683022.0,,20679306.0,7487382.0,581850.0,-8797321.0,
JYNT,1612630,2016,14143154.0,17054861.0,10129448.0,,6925413.0,5863884.0,331500.0,-15173872.0,
JYNT,1612630,2017,14143154.0,16909970.0,12011153.0,,4898817.0,4967289.0,100000.0,-3275233.0,
JYNT,1612630,2018,14143154.0,23526352.0,21165108.0,,2361244.0,8738123.0,,253083.0,
JYNT,1612630,2019,14143154.0,43705667.0,37985167.0,,5720400.0,13566314.0,,3323712.0,
JYNT,1612630,2020,14143154.0,65732843.0,44981760.0,,20750983.0,18685644.0,,13167314.0,
JYNT,1612630,2021,14143154.0,85454209.0,55884582.0,,29544627.0,21438399.0,,6575770.0,
JYNT,1612630,2022,14143154.0,93490377.0,60902534.0,,32562843.0,23217017.0,,626705.0,
JYNT,1612630,2023,14143154.0,87150859.0,62378977.0,,24746882.0,33574082.0,,-9752197.0,
JYNT,1612630,2024,14143154.0,83154408.0,62476289.0,,20653119.0,49042087.0,,,
JYNT,1612630,2025,14143154.0,60966527.0,45886935.0,,15054592.0,32816581.0,,,
KDP,1418135,2015,1360826038.0,8869000000.0,6686000000.0,,2183000000.0,1583000000.0,2875000000.0,185000000.0,117000000.0
KDP,1418135,2016,1360826038.0,9791000000.0,7657000000.0,,2134000000.0,1051000000.0,,165000000.0,147000000.0
KDP,1418135,2017,1360826038.0,10022000000.0,7571000000.0,,2451000000.0,1238000000.0,,1076000000.0,164000000.0
KDP,1418135,2018,1360826038.0,48918000000.0,26385000000.0,,22533000000.0,5702000000.0,14201000000.0,266000000.0,401000000.0
KDP,1418135,2019,1360826038.0,49518000000.0,26261000000.0,,23257000000.0,6474000000.0,12827000000.0,1254000000.0,654000000.0
KDP,1418135,2020,1360826038.0,49779000000.0,25949000000.0,,23829000000.0,7694000000.0,11143000000.0,428000000.0,
KDP,1418135,2021,1360826038.0,50598000000.0,25626000000.0,,24972000000.0,6485000000.0,11578000000.0,2146000000.0,
KDP,1418135,2022,1360826038.0,51837000000.0,26712000000.0,,25126000000.0,8076000000.0,11072000000.0,1436000000.0,693000000.0
KDP,1418135,2023,1360826038.0,52130000000.0,26454000000.0,,25676000000.0,8916000000.0,9945000000.0,2181000000.0,496000000.0
KDP,1418135,2024,1360826038.0,53430000000.0,29187000000.0,,24243000000.0,8087000000.0,12912000000.0,1441000000.0,
KDP,1418135,2025,1360826038.0,55459000000.0,29943000000.0,,25516000000.0,8290000000.0,13036000000.0,2079000000.0,
KEY,91576,2015,1067128554.0,95133000000.0,84374000000.0,71046000000.0,10746000000.0,,10186000000.0,916000000.0,274000000.0
KEY,91576,2016,1067128554.0,136453000000.0,121213000000.0,104087000000.0,15240000000.0,,12384000000.0,791000000.0,400000000.0
KEY,91576,2017,1067128554.0,137698000000.0,122673000000.0,105235000000.0,15023000000.0,,14333000000.0,1296000000.0,613000000.0
KEY,91576,2018,1067128554.0,139613000000.0,124017000000.0,107309000000.0,15595000000.0,,13732000000.0,1866000000.0,969000000.0
KEY,91576,2019,1067128554.0,144988000000.0,127950000000.0,111870000000.0,17038000000.0,,12448000000.0,1717000000.0,1326000000.0
KEY,91576,2020,1067128554.0,170336000000.0,152355000000.0,135282000000.0,17981000000.0,,13709000000.0,1343000000.0,651000000.0
KEY,91576,2021,1067128554.0,186346000000.0,168923000000.0,152572000000.0,17423000000.0,,12042000000.0,2625000000.0,296000000.0
KEY,91576,2022,1067128554.0,189813000000.0,176359000000.0,142595000000.0,13454000000.0,,19307000000.0,1917000000.0,885000000.0
KEY,91576,2023,1067128554.0,188281000000.0,173644000000.0,145587000000.0,14637000000.0,,19554000000.0,967000000.0,4014000000.0
KEY,91576,2024,1067128554.0,187168000000.0,168992000000.0,149760000000.0,18176000000.0,,12105000000.0,-161000000.0,
KEY,91576,2025,1067128554.0,184381000000.0,164000000000.0,148713000000.0,20381000000.0,,9917000000.0,1829000000.0,
KKR,1404912,2015,897635601.0,71057759000.0,21590174000.0,,,,18813806000.0,32257000.0,573226000.0
KKR,1404912,2016,897635601.0,39002897000.0,21884814000.0,,,,18662965000.0,179310000.0,789953000.0
KKR,1404912,2017,897635601.0,45834719000.0,25171919000.0,,,,21434682000.0,174730000.0,808898000.0
KKR,1404912,2018,897635601.0,50743375000.0,25360766000.0,,8649610000.0,,22639000000.0,-384641000.0,876029000.0
KKR,1404912,2019,897635601.0,60899319000.0,30396945000.0,,10807490000.0,,27151710000.0,523442000.0,1043551000.0
KKR,1404912,2020,897635601.0,79806502000.0,39006586000.0,,13716818000.0,,33501204000.0,2002509000.0,969871000.0
KKR,1404912,2021,897635601.0,,,,17582164000.0,,36914472000.0,4666476000.0,1070368000.0
KKR,1404912,2022,897635601.0,,,,,,,-841130000.0,1550777000.0
KKR,1404912,2023,897635601.0,317294194000.0,258915282000.0,,22858694000.0,,,3732261000.0,2772088000.0
KKR,1404912,2024,897635601.0,360099411000.0,298114719000.0,,23651568000.0,,,3076245000.0,
KKR,1404912,2025,897635601.0,410144072000.0,328512161000.0,,30902561000.0,,,2370463000.0,
KMPR,860748,2015,58923154.0,8036100000.0,6043700000.0,,,,,,
KMPR,860748,2016,58923154.0,8210500000.0,6235300000.0,,1975200000.0,,,31200000.0,
KMPR,860748,2017,58923154.0,8376200000.0,6260600000.0,,2115600000.0,,,36900000.0,34900000.0
KMPR,860748,2018,58923154.0,11544900000.0,8494800000.0,,3050100000.0,,,6500000.0,43300000.0
KMPR,860748,2019,58923154.0,12989100000.0,9016800000.0,,3972300000.0,,,124700000.0,42500000.0
KMPR,860748,2020,58923154.0,14341900000.0,9778500000.0,,4563400000.0,,,97500000.0,36000000.0
KMPR,860748,2021,58923154.0,14916500000.0,10908800000.0,,4007700000.0,,,-120500000.0,43600000.0
KMPR,860748,2022,58923154.0,13364000000.0,10920800000.0,,2443200000.0,,,-301200000.0,54700000.0
KMPR,860748,2023,58923154.0,12742700000.0,10237700000.0,,2505200000.0,,,-272100000.0,56100000.0
KMPR,860748,2024,58923154.0,12630400000.0,9846100000.0,,2788400000.0,,941700000.0,317800000.0,56900000.0
KMPR,860748,2025,58923154.0,12472700000.0,9803300000.0,,2681400000.0,,943500000.0,143300000.0,38500000.0
KNSL,1669162,2016,22778425.0,614389000.0,404175000.0,,210214000.0,,,6871000.0,1300000.0
KNSL,1669162,2017,22778425.0,667849000.0,429660000.0,,238189000.0,,,5924000.0,1300000.0
KNSL,1669162,2018,22778425.0,773063000.0,509077000.0,,263986000.0,,,4448000.0,1300000.0
KNSL,1669162,2019,22778425.0,1090550000.0,684670000.0,,405880000.0,,,17853000.0,
KNSL,1669162,2020,22778425.0,1546896000.0,970658000.0,,576238000.0,,,38181000.0,
KNSL,1669162,2021,22778425.0,2025655000.0,1326320000.0,,699335000.0,,,152659000.0,
KNSL,1669162,2022,22778425.0,2747122000.0,2001673000.0,,745449000.0,,195747000.0,159114000.0,
KNSL,1669162,2023,22778425.0,3772974000.0,2686142000.0,,1086832000.0,,183846000.0,308093000.0,
KNSL,1669162,2024,22778425.0,4886704000.0,3403143000.0,,1483561000.0,,184122000.0,414843000.0,
KNSL,1669162,2025,22778425.0,6043561000.0,4083978000.0,,1959583000.0,,224397000.0,503614000.0,
KNTK,1692787,2017,,379723399.0,14453853.0,,5000006.0,1247614.0,,-187108.0,
KNTK,1692787,2018,,1857319000.0,130533000.0,,-213714000.0,98521000.0,,,
KNTK,1692787,2019,,1500854000.0,597330000.0,,-353075000.0,33692000.0,396000000.0,,
KNTK,1692787,2020,,1799630000.0,862593000.0,,-246469000.0,29983000.0,624000000.0,,
KNTK,1692787,2021,,1724670000.0,819588000.0,,-577249000.0,27244000.0,657000000.0,,
KNTK,1692787,2022,,5919711000.0,3647077000.0,,-839775000.0,227828000.0,3395000000.0,,
KNTK,1692787,2023,,6496873000.0,3869889000.0,,-530823000.0,250144000.0,3594000000.0,,
KNTK,1692787,2024,,6814937000.0,3835871000.0,,-2976596000.0,418554000.0,3530200000.0,,
KNTK,1692787,2025,,7095611000.0,4165229000.0,,-565380000.0,440501000.0,3653000000.0,178260000.0,
KR,56873,2015,590588700.0,33897000000.0,27099000000.0,,6820000000.0,12971000000.0,9078000000.0,559000000.0,113000000.0
KR,56873,2016,590588700.0,36505000000.0,29795000000.0,,6698000000.0,12860000000.0,11118000000.0,506000000.0,126000000.0
KR,56873,2017,590588700.0,37197000000.0,30292000000.0,,6931000000.0,14197000000.0,11278000000.0,854000000.0,148000000.0
KR,56873,2018,590588700.0,38118000000.0,30283000000.0,,7886000000.0,14274000000.0,11248000000.0,259000000.0,142000000.0
KR,56873,2019,590588700.0,45256000000.0,36683000000.0,,8602000000.0,14243000000.0,11330000000.0,327000000.0,140000000.0
KR,56873,2020,590588700.0,48662000000.0,39112000000.0,,9576000000.0,15366000000.0,11566000000.0,-77000000.0,106000000.0
KR,56873,2021,590588700.0,49086000000.0,39657000000.0,,9452000000.0,16323000000.0,11294000000.0,1655000000.0,571000000.0
KR,56873,2022,590588700.0,49623000000.0,39609000000.0,,10042000000.0,17238000000.0,10139000000.0,2244000000.0,535000000.0
KR,56873,2024,590588700.0,50505000000.0,38904000000.0,,11615000000.0,16058000000.0,10162000000.0,2164000000.0,441000000.0
KR,56873,2025,590588700.0,49953000000.0,44017000000.0,,5927000000.0,18108000000.0,14509000000.0,1016000000.0,
L,60086,2015,204427720.0,76029000000.0,53219000000.0,,17561000000.0,,,-201000000.0,520000000.0
L,60086,2016,204427720.0,76594000000.0,53233000000.0,,18163000000.0,,,290000000.0,536000000.0
L,60086,2017,204427720.0,79586000000.0,55020000000.0,,19204000000.0,,,481000000.0,646000000.0
L,60086,2018,204427720.0,78316000000.0,56930000000.0,,18518000000.0,,,-165000000.0,574000000.0
L,60086,2019,204427720.0,82243000000.0,60313000000.0,,19119000000.0,,,217000000.0,591000000.0
L,60086,2020,204427720.0,80236000000.0,61055000000.0,,17860000000.0,,,397000000.0,515000000.0
L,60086,2021,204427720.0,81626000000.0,62451000000.0,,17846000000.0,,,1578000000.0,424000000.0
L,60086,2022,204427720.0,75494000000.0,60016000000.0,,14598000000.0,,,1012000000.0,378000000.0
L,60086,2023,204427720.0,79197000000.0,62672000000.0,,15704000000.0,,,1434000000.0,376000000.0
L,60086,2024,204427720.0,81943000000.0,64006000000.0,,17066000000.0,,,1414000000.0,441000000.0
L,60086,2025,204427720.0,86348000000.0,66707000000.0,,18686000000.0,,,1667000000.0,437000000.0
LAZ,1311370,2015,,4486766000.0,3119460000.0,,1313455000.0,,,157786000.0,51159000.0
LAZ,1311370,2016,,4556508000.0,3262695000.0,,1235987000.0,,1188600000.0,127982000.0,50292000.0
LAZ,1311370,2017,,4928677000.0,3669772000.0,,1199803000.0,,1190383000.0,-83558000.0,53518000.0
LAZ,1311370,2018,,4997241000.0,4027148000.0,,916851000.0,,1434260000.0,113396000.0,58481000.0
LAZ,1311370,2019,,5639581000.0,4958007000.0,,609991000.0,,1679562000.0,76977000.0,80185000.0
LAZ,1311370,2020,,5971861000.0,4972428000.0,,911772000.0,,1682741000.0,402461000.0,80631000.0
LAZ,1311370,2021,,7147181000.0,5494217000.0,,975220000.0,,1685227000.0,528064000.0,80768000.0
LAZ,1311370,2022,,5852561000.0,4593691000.0,,556463000.0,,1687714000.0,357517000.0,81522000.0
LAZ,1311370,2023,,4635781000.0,4065919000.0,,423759000.0,,1690200000.0,-75479000.0,77673000.0
LAZ,1311370,2024,,4793993000.0,4029210000.0,,636240000.0,,1687052000.0,279912000.0,88067000.0
LAZ,1311370,2025,,4940734000.0,3951604000.0,,873655000.0,,1688086000.0,236831000.0,
LGHL,1806524,2020,,22906069.0,12134370.0,,10771699.0,11318364.0,,-3352725.0,183157.0
LGHL,1806524,2021,,148916831.0,93451478.0,,55003257.0,91510853.0,,-826697.0,1608100.0
LGHL,1806524,2022,,86634384.0,59221719.0,,28870723.0,53866279.0,,-33974441.0,2334598.0
LGHL,1806524,2023,,74544586.0,46132977.0,,31532129.0,44342406.0,,-5259008.0,2413102.0
LGHL,1806524,2024,,36367346.0,29170365.0,,10538677.0,27834538.0,,-27449496.0,
LGHL,1806524,2025,,54645847.0,32318825.0,,25634651.0,6383863.0,,-4956735.0,
LKFN,721994,2015,24857840.0,3766286000.0,3373385000.0,3183421000.0,392812000.0,,,12286000.0,4167000.0
LKFN,721994,2016,24857840.0,4290025000.0,3862958000.0,3577912000.0,426978000.0,,,13522000.0,5400000.0
LKFN,721994,2017,24857840.0,4682976000.0,4214309000.0,4008655000.0,468578000.0,,,11627000.0,8769000.0
LKFN,721994,2018,24857840.0,4875254000.0,4353550000.0,4044065000.0,521615000.0,,,21363000.0,14138000.0
LKFN,721994,2019,24857840.0,4946745000.0,4348645000.0,4133819000.0,598011000.0,,,22198000.0,13430000.0
LKFN,721994,2020,24857840.0,5830435000.0,5173251000.0,5036805000.0,657095000.0,,,24592000.0,5141000.0
LKFN,721994,2021,24857840.0,6557323000.0,5852417000.0,5735407000.0,704817000.0,,,24283000.0,3315000.0
LKFN,721994,2022,24857840.0,6432371000.0,5863484000.0,5460620000.0,568798000.0,,297000000.0,25977000.0,18516000.0
LKFN,721994,2023,24857840.0,6524029000.0,5874236000.0,5720525000.0,649704000.0,,50000000.0,29626000.0,42343000.0
LKFN,721994,2024,24857840.0,6678374000.0,5994463000.0,5900966000.0,683822000.0,,,24190000.0,
LKFN,721994,2025,24857840.0,6990022000.0,6227530000.0,5973350000.0,762403000.0,,,29906000.0,
LMND,1691421,2020,77396615.0,828700000.0,287700000.0,,541000000.0,,,-122300000.0,
LMND,1691421,2021,77396615.0,1510500000.0,522300000.0,,988200000.0,,,-241300000.0,
LMND,1691421,2022,77396615.0,1690700000.0,823900000.0,,866800000.0,,,-297800000.0,
LMND,1691421,2023,77396615.0,1633300000.0,924400000.0,,708900000.0,,,-236900000.0,
LMND,1691421,2024,77396615.0,1849100000.0,1255700000.0,,593400000.0,,,-202200000.0,
LMND,1691421,2025,77396615.0,1925700000.0,1392100000.0,,533600000.0,,,-165500000.0,
LMT,936468,2015,230790753.0,49128000000.0,46031000000.0,,3097000000.0,14057000000.0,14305000000.0,933000000.0,443000000.0
LMT,936468,2016,230790753.0,47806000000.0,46200000000.0,,1511000000.0,12542000000.0,14282000000.0,988000000.0,663000000.0
LMT,936468,2017,230790753.0,46521000000.0,47130000000.0,,-683000000.0,12637000000.0,13513000000.0,-642000000.0,651000000.0
LMT,936468,2018,230790753.0,44876000000.0,43427000000.0,,1394000000.0,14398000000.0,12604000000.0,1253000000.0,668000000.0
LMT,936468,2019,230790753.0,47528000000.0,44357000000.0,,3127000000.0,13972000000.0,11404000000.0,1498000000.0,653000000.0
LMT,936468,2020,230790753.0,50710000000.0,44672000000.0,,6015000000.0,13933000000.0,11669000000.0,1792000000.0,591000000.0
LMT,936468,2021,230790753.0,50873000000.0,39914000000.0,,10959000000.0,13997000000.0,11670000000.0,6315000000.0,569000000.0
LMT,936468,2022,230790753.0,52880000000.0,43614000000.0,,9266000000.0,15887000000.0,15429000000.0,5732000000.0,623000000.0
LMT,936468,2023,230790753.0,52456000000.0,45621000000.0,,6835000000.0,16937000000.0,17291000000.0,6920000000.0,916000000.0
LMT,936468,2024,230790753.0,55617000000.0,49284000000.0,,6333000000.0,19420000000.0,19627000000.0,5336000000.0,
LMT,936468,2025,230790753.0,59840000000.0,53119000000.0,,6721000000.0,23335000000.0,20532000000.0,5017000000.0,
LNC,59558,2015,191447336.0,251937000000.0,238320000000.0,,13617000000.0,,,283000000.0,
LNC,59558,2016,191447336.0,261627000000.0,247149000000.0,,14478000000.0,,,189000000.0,
LNC,59558,2017,191447336.0,281763000000.0,264441000000.0,,17322000000.0,,,816000000.0,
LNC,59558,2018,191447336.0,298147000000.0,283797000000.0,,14350000000.0,,,399000000.0,
LNC,59558,2019,191447336.0,334761000000.0,315072000000.0,,19689000000.0,,,431000000.0,
LNC,59558,2020,191447336.0,365948000000.0,343249000000.0,,22699000000.0,,,143000000.0,
LNC,59558,2021,191447336.0,387301000000.0,367029000000.0,,20272000000.0,,,1405000000.0,
LNC,59558,2022,191447336.0,335108000000.0,330539000000.0,,4569000000.0,,,21000000.0,
LNC,59558,2023,191447336.0,372413000000.0,365520000000.0,,6893000000.0,,,-752000000.0,
LNC,59558,2024,191447336.0,390831000000.0,382562000000.0,,8269000000.0,,,3275000000.0,
LNC,59558,2025,191447336.0,417204000000.0,406298000000.0,,10906000000.0,,,1177000000.0,
LRCX,707549,2015,1251321000.0,9364648000.0,4019696000.0,,5103144000.0,2631361000.0,,655577000.0,73682000.0
LRCX,707549,2016,1251321000.0,12271528000.0,6169459000.0,,5894517000.0,2419802000.0,3383376000.0,914049000.0,134773000.0
LRCX,707549,2017,1251321000.0,12122765000.0,5135453000.0,,6817451000.0,2950115000.0,1778831000.0,1697763000.0,117734000.0
LRCX,707549,2018,1251321000.0,12479478000.0,5899435000.0,,6501851000.0,3150308000.0,1760216000.0,2380681000.0,97387000.0
LRCX,707549,2019,1251321000.0,12001333000.0,7278029000.0,,4673865000.0,2371650000.0,3767703000.0,2191430000.0,117263000.0
LRCX,707549,2020,1251321000.0,14559047000.0,9375558000.0,,5172494000.0,3162442000.0,4959371000.0,2251753000.0,177440000.0
LRCX,707549,2021,1251321000.0,15892152000.0,9864964000.0,,6027188000.0,3527867000.0,4960935000.0,3908458000.0,208597000.0
LRCX,707549,2022,1251321000.0,17195632000.0,10917266000.0,,6278366000.0,4564759000.0,,4605286000.0,184759000.0
LRCX,707549,2023,1251321000.0,18781643000.0,10571471000.0,,8210172000.0,4184918000.0,4964944000.0,4510931000.0,186462000.0
LRCX,707549,2024,1251321000.0,18744728000.0,10205274000.0,,8539454000.0,4338438000.0,4466045000.0,3827772000.0,
LRCX,707549,2025,1251321000.0,21345260000.0,11483641000.0,,9861619000.0,6568425000.0,3719694000.0,5358217000.0,
LRCX,707549,2026,1251321000.0,23529743000.0,11058822000.0,,12470921000.0,5937249000.0,3721914000.0,7265396000.0,
LTUM,1415332,2015,117892441.0,467900.0,7500.0,,460400.0,7500.0,,-282739.0,
LTUM,1415332,2016,117892441.0,502821.0,412914.0,,89907.0,412914.0,,-499405.0,
LTUM,1415332,2017,117892441.0,632441.0,526031.0,,106410.0,526031.0,,-336812.0,
LTUM,1415332,2018,117892441.0,1025875.0,456194.0,,569681.0,456194.0,,-104493.0,
LTUM,1415332,2019,117892441.0,367464.0,16909.0,,350555.0,16909.0,,-219897.0,
LTUM,1415332,2020,117892441.0,206051.0,14816.0,,191235.0,14816.0,,-159320.0,
LTUM,1415332,2021,117892441.0,2659106.0,1601926.0,,1057180.0,1601926.0,,-1745273.0,
LTUM,1415332,2022,117892441.0,4016733.0,2030680.0,,1986053.0,2030680.0,,-1423524.0,
LTUM,1415332,2023,117892441.0,4044235.0,2225977.0,,1818258.0,2225977.0,,-618193.0,
LTUM,1415332,2024,117892441.0,3314729.0,2406676.0,,908053.0,2406676.0,,-964597.0,
LTUM,1415332,2025,117892441.0,2824132.0,2409302.0,,414830.0,2409302.0,,-495801.0,
LUCN,1726079,2018,5600000.0,35480.0,,,35480.0,,,-9045.0,
LUCN,1726079,2019,5600000.0,43880.0,,,35980.0,,,-27365.0,
LUCN,1726079,2020,5600000.0,20980.0,2000.0,,18980.0,2000.0,,-17000.0,
LUCN,1726079,2021,5600000.0,8080.0,10800.0,,-2720.0,10800.0,,-21100.0,
LUCN,1726079,2022,5600000.0,0.0,17720.0,,-17720.0,17720.0,,-15000.0,
LUCN,1726079,2023,5600000.0,0.0,33065.0,,-33065.0,33065.0,,-15345.0,
LVS,1300514,2015,647701184.0,20987421000.0,12569434000.0,,6816741000.0,2464135000.0,,465782000.0,265220000.0
LVS,1300514,2016,647701184.0,20469000000.0,12973000000.0,,6177000000.0,2806000000.0,,509000000.0,274000000.0
LVS,1300514,2017,647701184.0,20687000000.0,13052000000.0,,6493000000.0,2948000000.0,,1211000000.0,327000000.0
LVS,1300514,2018,647701184.0,22547000000.0,15802000000.0,,5684000000.0,3157000000.0,,-170000000.0,446000000.0
LVS,1300514,2019,647701184.0,23199000000.0,16692000000.0,,5187000000.0,3224000000.0,,629000000.0,555000000.0
LVS,1300514,2020,647701184.0,20807000000.0,17269000000.0,,2973000000.0,2309000000.0,,-299000000.0,536000000.0
LVS,1300514,2021,647701184.0,20059000000.0,17811000000.0,,1996000000.0,2565000000.0,,-123000000.0,621000000.0
LVS,1300514,2022,647701184.0,22039000000.0,18383000000.0,,3881000000.0,3902000000.0,,-169000000.0,702000000.0
LVS,1300514,2023,647701184.0,21778000000.0,17674000000.0,,4118000000.0,4422000000.0,,382000000.0,818000000.0
LVS,1300514,2024,647701184.0,20666000000.0,17506000000.0,,2884000000.0,5801000000.0,,324000000.0,727000000.0
LVS,1300514,2025,647701184.0,21920000000.0,19986000000.0,,1590000000.0,4222000000.0,,395000000.0,746000000.0
MA,1141391,2015,122530193.0,16269000000.0,10207000000.0,,6028000000.0,6269000000.0,3287000000.0,,61000000.0
MA,1141391,2016,122530193.0,18675000000.0,12991000000.0,,5656000000.0,7206000000.0,5180000000.0,,95000000.0
MA,1141391,2017,122530193.0,21329000000.0,15761000000.0,,5468000000.0,8793000000.0,5424000000.0,,154000000.0
MA,1141391,2018,122530193.0,24860000000.0,19371000000.0,,5395000000.0,11593000000.0,5834000000.0,,186000000.0
MA,1141391,2019,122530193.0,29236000000.0,23245000000.0,,5893000000.0,11904000000.0,8527000000.0,,224000000.0
MA,1141391,2020,122530193.0,33584000000.0,27067000000.0,,6391000000.0,11847000000.0,12023000000.0,,380000000.0
MA,1141391,2021,122530193.0,37669000000.0,30257000000.0,,7312000000.0,13162000000.0,13109000000.0,,431000000.0
MA,1141391,2022,122530193.0,38724000000.0,32347000000.0,,6298000000.0,14171000000.0,13749000000.0,,471000000.0
MA,1141391,2023,122530193.0,42448000000.0,35451000000.0,,6929000000.0,16264000000.0,14344000000.0,,575000000.0
MA,1141391,2024,122530193.0,48081000000.0,41566000000.0,,6485000000.0,19220000000.0,17476000000.0,,
MA,1141391,2025,122530193.0,54157000000.0,46411000000.0,,7737000000.0,22762000000.0,18251000000.0,,
MARA,1507605,2015,386299297.0,47227593.0,34551851.0,,12675742.0,16951648.0,,-16939859.0,4245982.0
MARA,1507605,2016,386299297.0,18288435.0,27575577.0,,-9123294.0,20461015.0,,-28665024.0,3140375.0
MARA,1507605,2017,386299297.0,15058221.0,7670100.0,,,7670100.0,,-31333569.0,1309823.0
MARA,1507605,2018,386299297.0,5194507.0,2273633.0,,2920874.0,2273633.0,,-12814324.0,81482.0
MARA,1507605,2019,386299297.0,6619962.0,2972290.0,,3647672.0,1852705.0,,-3517065.0,51915.0
MARA,1507605,2020,386299297.0,313251239.0,1506275.0,,311744964.0,1443775.0,,-10447771.0,20984.0
MARA,1507605,2021,386299297.0,1448244423.0,765221042.0,,683023381.0,13794399.0,,-36174506.0,1569731.0
MARA,1507605,2022,386299297.0,1195244000.0,,43253000.0,385943000.0,26113000.0,,-392726000.0,4666000.0
MARA,1507605,2023,386299297.0,1990973000.0,,67000000.0,1615921000.0,33758000.0,325654000.0,261173000.0,10350000.0
MARA,1507605,2024,386299297.0,6801317000.0,,,4129033000.0,95197000.0,,541253000.0,
MARA,1507605,2025,386299297.0,7286899000.0,,,3471720000.0,521875000.0,3202082000.0,-1311480000.0,
MBIN,1629019,2017,45938075.0,3393133000.0,3025659000.0,2943561000.0,367474000.0,,56612000.0,20329000.0,7958000.0
MBIN,1629019,2018,45938075.0,3884163000.0,3462926000.0,3231086000.0,421237000.0,,195453000.0,15422000.0,15650000.0
MBIN,1629019,2019,45938075.0,6371928000.0,5718200000.0,5478075000.0,653728000.0,,181439000.0,30061000.0,26178000.0
MBIN,1629019,2020,45938075.0,9645375000.0,8834754000.0,7408066000.0,810621000.0,,,59786000.0,8674000.0
MBIN,1629019,2021,45938075.0,11278638000.0,10123229000.0,8982613000.0,1155409000.0,,,55201000.0,9842000.0
MBIN,1629019,2022,45938075.0,12615227000.0,11155488000.0,10071345000.0,1459739000.0,,,57156000.0,86029000.0
MBIN,1629019,2023,45938075.0,16952516000.0,15251432000.0,14061460000.0,1701084000.0,,,77473000.0,187434000.0
MBIN,1629019,2024,45938075.0,18805732000.0,16562422000.0,11919976000.0,2243310000.0,,,320386000.0,
MBIN,1629019,2025,45938075.0,19448943000.0,17168184000.0,13041192000.0,2280759000.0,,,218770000.0,
MC,1596967,2015,,539461000.0,282043000.0,,168374000.0,,,,
MC,1596967,2016,,598800000.0,347359000.0,,211845000.0,,,,
MC,1596967,2017,,699068000.0,354812000.0,,324950000.0,,,,
MC,1596967,2018,,914375000.0,542622000.0,,404361000.0,,,,
MC,1596967,2019,,1071699000.0,677872000.0,,442827000.0,,,,
MC,1596967,2020,,1196444000.0,751971000.0,,479948000.0,,,,
MC,1596967,2021,,1555681000.0,1077382000.0,,489068000.0,,,,
MC,1596967,2022,,1216869000.0,757931000.0,,444495000.0,,,,
MC,1596967,2023,,1179759000.0,817297000.0,,352141000.0,,,,
MC,1596967,2024,,1378936000.0,899553000.0,,441606000.0,,,,
MC,1596967,2025,,1740685000.0,1060308000.0,,568439000.0,,,,
MCO,1059556,2015,173200000.0,5123400000.0,5456400000.0,,-565000000.0,1218500000.0,3401000000.0,217900000.0,
MCO,1059556,2016,173200000.0,5327300000.0,6354600000.0,,-1225000000.0,2428200000.0,3063000000.0,-428600000.0,
MCO,1059556,2017,173200000.0,8594200000.0,8709100000.0,,-327700000.0,2063300000.0,5111100000.0,25500000.0,
MCO,1059556,2018,173200000.0,9526200000.0,8869700000.0,,459900000.0,2098500000.0,5226100000.0,250300000.0,
MCO,1059556,2019,173200000.0,10265000000.0,9428000000.0,,612000000.0,1912000000.0,5581000000.0,359000000.0,
MCO,1059556,2020,173200000.0,12409000000.0,10646000000.0,,1569000000.0,2222000000.0,,1778000000.0,
MCO,1059556,2021,173200000.0,14680000000.0,11764000000.0,,2727000000.0,2496000000.0,,2214000000.0,
MCO,1059556,2022,173200000.0,14349000000.0,11660000000.0,,2519000000.0,2375000000.0,7389000000.0,1374000000.0,
MCO,1059556,2023,173200000.0,14622000000.0,11146000000.0,,3318000000.0,2500000000.0,7001000000.0,1607000000.0,
MCO,1059556,2024,173200000.0,15505000000.0,11778000000.0,,3565000000.0,3597000000.0,6731000000.0,2058000000.0,
MCO,1059556,2025,173200000.0,15830000000.0,11625000000.0,,4054000000.0,2981000000.0,6994000000.0,2459000000.0,
MCY,64996,2015,55388627.0,4628645000.0,2807760000.0,,1820885000.0,,,23405000.0,3168000.0
MCY,64996,2016,55388627.0,4788718000.0,3036316000.0,,1752402000.0,,,-26082000.0,3962000.0
MCY,64996,2017,55388627.0,5101323000.0,3339936000.0,,1761387000.0,,375000000.0,19779000.0,15168000.0
MCY,64996,2018,55388627.0,5433729000.0,3816045000.0,,1617684000.0,,375000000.0,-81879000.0,17036000.0
MCY,64996,2019,55388627.0,5889157000.0,4089655000.0,,1799502000.0,,375000000.0,31688000.0,17035000.0
MCY,64996,2020,55388627.0,6328246000.0,4295649000.0,,2032597000.0,,375000000.0,166743000.0,17048000.0
MCY,64996,2021,55388627.0,6772472000.0,4632191000.0,,2140281000.0,,375000000.0,247937000.0,17113000.0
MCY,64996,2022,55388627.0,6514188000.0,4992057000.0,,1522131000.0,,400000000.0,-512672000.0,17232000.0
MCY,64996,2023,55388627.0,7103397000.0,5555252000.0,,1548145000.0,,575000000.0,96336000.0,24169000.0
MCY,64996,2024,55388627.0,8310632000.0,6364108000.0,,1946524000.0,,575000000.0,467953000.0,
MCY,64996,2025,55388627.0,9560669000.0,7143394000.0,,2417275000.0,,575000000.0,541094000.0,
MDLN,2046386,2025,,38484000000.0,19198000000.0,,10737000000.0,2490000000.0,12484000000.0,-7000000.0,945000000.0
MDT,1613103,2015,1279137890.0,106685000000.0,53455000000.0,,53230000000.0,9173000000.0,33171000000.0,-1000000.0,666000000.0
MDT,1613103,2016,1279137890.0,99782000000.0,47719000000.0,,52063000000.0,7165000000.0,29944000000.0,1104000000.0,1386000000.0
MDT,1613103,2017,1279137890.0,99816000000.0,49400000000.0,,50294000000.0,14220000000.0,25874000000.0,1163000000.0,1094000000.0
MDT,1613103,2018,1279137890.0,91393000000.0,40571000000.0,,50720000000.0,10084000000.0,23692000000.0,1460000000.0,1146000000.0
MDT,1613103,2019,1279137890.0,89694000000.0,39482000000.0,,50091000000.0,8472000000.0,24552000000.0,1172000000.0,1444000000.0
MDT,1613103,2020,1279137890.0,90689000000.0,39817000000.0,,50737000000.0,10366000000.0,22140000000.0,646000000.0,1092000000.0
MDT,1613103,2021,1279137890.0,93083000000.0,41481000000.0,,51428000000.0,8509000000.0,,3606000000.0,925000000.0
MDT,1613103,2022,1279137890.0,90981000000.0,38260000000.0,,52551000000.0,12394000000.0,,5039000000.0,553000000.0
MDT,1613103,2023,1279137890.0,90948000000.0,39283000000.0,,51483000000.0,9051000000.0,,3758000000.0,636000000.0
MDT,1613103,2024,1279137890.0,89981000000.0,39561000000.0,,50214000000.0,10789000000.0,,3676000000.0,719000000.0
MDT,1613103,2025,1279137890.0,91680000000.0,43424000000.0,,48024000000.0,12879000000.0,,4662000000.0,
MDT,1613103,2026,1279137890.0,93028000000.0,42956000000.0,,49463000000.0,11658000000.0,,4801000000.0,
MET,1099219,2015,635476927.0,877933000000.0,809437000000.0,,67949000000.0,,,834000000.0,
MET,1099219,2016,635476927.0,898764000000.0,831284000000.0,,67309000000.0,,,-2088000000.0,
MET,1099219,2017,635476927.0,719892000000.0,661022000000.0,,58676000000.0,,,2317000000.0,
MET,1099219,2018,635476927.0,687538000000.0,634580000000.0,,52741000000.0,,,2067000000.0,
MET,1099219,2019,635476927.0,740463000000.0,674081000000.0,,66144000000.0,,,593000000.0,
MET,1099219,2020,635476927.0,795146000000.0,720329000000.0,,74558000000.0,,,158000000.0,
MET,1099219,2021,635476927.0,759708000000.0,691959000000.0,,67482000000.0,,,6554000000.0,
MET,1099219,2022,635476927.0,666611000000.0,639324000000.0,,27040000000.0,,,2539000000.0,
MET,1099219,2023,635476927.0,687584000000.0,657331000000.0,,30015000000.0,,,607000000.0,
MET,1099219,2024,635476927.0,677457000000.0,649754000000.0,,27445000000.0,,,4426000000.0,
MET,1099219,2025,635476927.0,745166000000.0,716245000000.0,,28398000000.0,,,3379000000.0,
META,1326801,2015,,49407000000.0,5189000000.0,,44218000000.0,1925000000.0,,3688000000.0,23000000.0
META,1326801,2016,,64961000000.0,5767000000.0,,59194000000.0,2875000000.0,,10217000000.0,10000000.0
META,1326801,2017,,84524000000.0,10177000000.0,,74347000000.0,3760000000.0,,15934000000.0,6000000.0
META,1326801,2018,,97334000000.0,13207000000.0,,84127000000.0,7017000000.0,,22112000000.0,9000000.0
META,1326801,2019,,133376000000.0,32322000000.0,,101054000000.0,15053000000.0,,18485000000.0,20000000.0
META,1326801,2020,,159316000000.0,31026000000.0,,128290000000.0,14981000000.0,,29146000000.0,
META,1326801,2021,,165987000000.0,41108000000.0,,124879000000.0,21135000000.0,,39370000000.0,
META,1326801,2022,,185727000000.0,60014000000.0,,125713000000.0,27026000000.0,9923000000.0,23200000000.0,
META,1326801,2023,,229623000000.0,76455000000.0,,153168000000.0,31960000000.0,18385000000.0,39098000000.0,446000000.0
META,1326801,2024,,276054000000.0,93417000000.0,,182637000000.0,33596000000.0,28826000000.0,62360000000.0,
META,1326801,2025,,366021000000.0,148778000000.0,,217243000000.0,41836000000.0,58744000000.0,60458000000.0,
MGA,749098,2015,280242006.0,19706000000.0,10589000000.0,,8966000000.0,7276000000.0,2346000000.0,2013000000.0,58000000.0
MGA,749098,2016,280242006.0,22566000000.0,12347000000.0,,9768000000.0,8695000000.0,2394000000.0,2031000000.0,100000000.0
MGA,749098,2017,280242006.0,25393000000.0,13661000000.0,,11228000000.0,9169000000.0,3195000000.0,2206000000.0,90000000.0
MGA,749098,2018,280242006.0,25945000000.0,14786000000.0,,10701000000.0,10304000000.0,3084000000.0,2296000000.0,113000000.0
MGA,749098,2019,280242006.0,25790000000.0,14659000000.0,,10831000000.0,8529000000.0,3062000000.0,1765000000.0,104000000.0
MGA,749098,2020,280242006.0,28605000000.0,16885000000.0,,11370000000.0,9743000000.0,3973000000.0,757000000.0,105000000.0
MGA,749098,2021,280242006.0,29086000000.0,16861000000.0,,11836000000.0,10401000000.0,3538000000.0,1514000000.0,122000000.0
MGA,749098,2022,280242006.0,27789000000.0,16454000000.0,,10935000000.0,10998000000.0,2847000000.0,592000000.0,126000000.0
MGA,749098,2023,280242006.0,32255000000.0,19978000000.0,,11884000000.0,13234000000.0,4175000000.0,1213000000.0,242000000.0
MGA,749098,2024,280242006.0,31039000000.0,19099000000.0,,11522000000.0,12097000000.0,4134000000.0,1009000000.0,309000000.0
MGA,749098,2025,280242006.0,31417000000.0,18578000000.0,,12493000000.0,10989000000.0,4685000000.0,829000000.0,275000000.0
MKTX,1278021,2015,35192891.0,439041000.0,48328000.0,,390713000.0,,,96037000.0,
MKTX,1278021,2016,35192891.0,528042000.0,60029000.0,,468013000.0,,,126172000.0,
MKTX,1278021,2017,35192891.0,581232000.0,66464000.0,,514768000.0,,,148089000.0,
MKTX,1278021,2018,35192891.0,695539000.0,87661000.0,,607878000.0,,,172852000.0,
MKTX,1278021,2019,35192891.0,954930000.0,184839000.0,,770091000.0,,,204902000.0,
MKTX,1278021,2020,35192891.0,1331429000.0,376368000.0,,955061000.0,,,299377000.0,1142000.0
MKTX,1278021,2021,35192891.0,1530452000.0,489143000.0,,1041309000.0,,,257888000.0,842000.0
MKTX,1278021,2022,35192891.0,1607775000.0,526682000.0,,1081093000.0,,,250224000.0,700000.0
MKTX,1278021,2023,35192891.0,2015067000.0,722104000.0,,1292963000.0,,,258055000.0,1983000.0
MKTX,1278021,2024,35192891.0,1789216000.0,400556000.0,,1388660000.0,,,274181000.0,
MKTX,1278021,2025,35192891.0,1934886000.0,776627000.0,,1145667000.0,,,246627000.0,
MLI,89439,2015,221181388.0,1338801000.0,479099000.0,,827285000.0,209429000.0,204250000.0,14435000.0,7667000.0
MLI,89439,2016,221181388.0,1447476000.0,511039000.0,,898684000.0,218992000.0,213709000.0,17322000.0,7387000.0
MLI,89439,2017,221181388.0,1320173000.0,784145000.0,,522111000.0,242252000.0,448592000.0,5720000.0,19502000.0
MLI,89439,2018,221181388.0,1369549000.0,806289000.0,,548356000.0,232801000.0,489597000.0,26857000.0,25199000.0
MLI,89439,2019,221181388.0,1370940000.0,708804000.0,,643468000.0,234287000.0,378724000.0,28170000.0,25683000.0
MLI,89439,2020,221181388.0,1528568000.0,727508000.0,,776745000.0,339643000.0,286593000.0,36420000.0,19247000.0
MLI,89439,2021,221181388.0,1728936000.0,471973000.0,,1222118000.0,382439000.0,1064000.0,125601000.0,7709000.0
MLI,89439,2022,221181388.0,2242399000.0,428435000.0,,1790914000.0,348295000.0,1218000.0,138906000.0,810000.0
MLI,89439,2023,221181388.0,2759301000.0,400585000.0,,2337445000.0,317138000.0,185000.0,119238000.0,1221000.0
MLI,89439,2024,221181388.0,3290906000.0,486498000.0,,2773165000.0,397987000.0,0.0,137652000.0,
MLI,89439,2025,221181388.0,3733029000.0,497123000.0,,3209966000.0,413134000.0,,765191000.0,
MO,764180,2015,1669743926.0,32535000000.0,29625000000.0,,2880000000.0,7078000000.0,12915000000.0,1247000000.0,808000000.0
MO,764180,2016,1669743926.0,45932000000.0,33121000000.0,,12770000000.0,7375000000.0,13881000000.0,10276000000.0,754000000.0
MO,764180,2017,1669743926.0,43202000000.0,27784000000.0,,15377000000.0,6792000000.0,13030000000.0,4966000000.0,727000000.0
MO,764180,2018,1669743926.0,55638000000.0,40810000000.0,,14787000000.0,21193000000.0,11898000000.0,1250000000.0,697000000.0
MO,764180,2019,1669743926.0,49271000000.0,42914000000.0,,6222000000.0,8174000000.0,27042000000.0,-1809000000.0,1322000000.0
MO,764180,2020,1669743926.0,47414000000.0,44449000000.0,,2839000000.0,9063000000.0,27971000000.0,1924000000.0,1223000000.0
MO,764180,2021,1669743926.0,39523000000.0,41129000000.0,,-1606000000.0,8579000000.0,26939000000.0,2475000000.0,1188000000.0
MO,764180,2022,1669743926.0,36954000000.0,40877000000.0,,-3973000000.0,8616000000.0,25124000000.0,5764000000.0,1128000000.0
MO,764180,2023,1669743926.0,38570000000.0,42060000000.0,,-3540000000.0,11319000000.0,25112000000.0,8130000000.0,1149000000.0
MO,764180,2024,1669743926.0,35177000000.0,37365000000.0,,-2238000000.0,8781000000.0,23399000000.0,11264000000.0,
MO,764180,2025,1669743926.0,35017000000.0,38469000000.0,,-3502000000.0,9154000000.0,24140000000.0,6947000000.0,
MORN,1289419,2015,37513571.0,1029000000.0,388400000.0,,640300000.0,304400000.0,,37300000.0,
MORN,1289419,2016,37513571.0,1350900000.0,654100000.0,,696500000.0,294900000.0,,70300000.0,
MORN,1289419,2017,37513571.0,1405700000.0,600800000.0,,804900000.0,323200000.0,,136900000.0,
MORN,1289419,2018,37513571.0,1453800000.0,519100000.0,,,362800000.0,,183000000.0,
MORN,1289419,2019,37513571.0,2370900000.0,1287300000.0,,,495800000.0,502100000.0,,
MORN,1289419,2020,37513571.0,2696000000.0,1424600000.0,,,626500000.0,449100000.0,,
MORN,1289419,2021,37513571.0,2862700000.0,1446800000.0,,,783500000.0,359400000.0,,
MORN,1289419,2022,37513571.0,3474800000.0,2267700000.0,,,882500000.0,1109600000.0,,
MORN,1289419,2023,37513571.0,3403400000.0,2075600000.0,,,880800000.0,972400000.0,,
MORN,1289419,2024,37513571.0,3548900000.0,1930300000.0,,,967300000.0,698600000.0,,
MORN,1289419,2025,37513571.0,3590200000.0,2368300000.0,,,1053300000.0,1072600000.0,,
MRBK,1750735,2018,11929048.0,997388000.0,887521000.0,752130000.0,109867000.0,,6238000.0,8163000.0,11407000.0
MRBK,1750735,2019,11929048.0,1150019000.0,1029324000.0,851168000.0,120695000.0,,,10481000.0,16527000.0
MRBK,1750735,2020,11929048.0,1720197000.0,1578575000.0,1241335000.0,141622000.0,,,26438000.0,13660000.0
MRBK,1750735,2021,11929048.0,1713443000.0,1548083000.0,1446413000.0,165360000.0,,,35585000.0,8411000.0
MRBK,1750735,2022,11929048.0,2062228000.0,1908948000.0,1712479000.0,153280000.0,,8900000.0,21829000.0,18593000.0
MRBK,1750735,2023,11929048.0,2246193000.0,2088171000.0,1823462000.0,158022000.0,,,13243000.0,67647000.0
MRBK,1750735,2024,11929048.0,2385867000.0,2214345000.0,2005368000.0,171522000.0,,,16346000.0,
MRBK,1750735,2025,11929048.0,2561995000.0,2362279000.0,2158128000.0,199716000.0,,,21836000.0,
MS,895421,2015,1570566292.0,787465000000.0,711281000000.0,156034000000.0,75182000000.0,,153768000000.0,908000000.0,2742000000.0
MS,895421,2016,1570566292.0,814949000000.0,737772000000.0,155863000000.0,76050000000.0,,164775000000.0,1666000000.0,3318000000.0
MS,895421,2017,1570566292.0,851733000000.0,773267000000.0,159436000000.0,77391000000.0,,191063000000.0,643000000.0,5697000000.0
MS,895421,2018,1570566292.0,853531000000.0,772125000000.0,187820000000.0,80246000000.0,,188117000000.0,1531000000.0,10086000000.0
MS,895421,2019,1570566292.0,895429000000.0,812732000000.0,190356000000.0,81549000000.0,,190060000000.0,2239000000.0,12404000000.0
MS,895421,2020,1570566292.0,1115862000000.0,1012713000000.0,310782000000.0,101781000000.0,,213388000000.0,3385000000.0,3849000000.0
MS,895421,2021,1570566292.0,1188140000000.0,1081542000000.0,347574000000.0,105441000000.0,,227363000000.0,15034000000.0,1366000000.0
MS,895421,2022,1570566292.0,1180231000000.0,1079000000000.0,356646000000.0,100141000000.0,,233867000000.0,11029000000.0,12268000000.0
MS,895421,2023,1570566292.0,1193693000000.0,1093711000000.0,351804000000.0,99038000000.0,,260544000000.0,9087000000.0,42051000000.0
MS,895421,2024,1570566292.0,1215071000000.0,1109643000000.0,376007000000.0,104511000000.0,,284307000000.0,13390000000.0,
MS,895421,2025,1570566292.0,1420270000000.0,1307618000000.0,415523000000.0,111632000000.0,,341681000000.0,16861000000.0,
MSCI,1408198,2015,72700000.0,3146987000.0,2245500000.0,,901487000.0,498116000.0,1579404000.0,59406000.0,22896000.0
MSCI,1408198,2016,72700000.0,3082578000.0,2764973000.0,,317605000.0,536570000.0,2075201000.0,68250000.0,29039000.0
MSCI,1408198,2017,72700000.0,3275668000.0,2874656000.0,,401012000.0,607671000.0,2078093000.0,64602000.0,29027000.0
MSCI,1408198,2018,72700000.0,3387952000.0,3554446000.0,,-166494000.0,809008000.0,2575502000.0,152132000.0,35891000.0
MSCI,1408198,2019,72700000.0,4204439000.0,4281153000.0,,-76714000.0,900786000.0,3071926000.0,122783000.0,40289000.0
MSCI,1408198,2020,72700000.0,4198647000.0,4641881000.0,,-443234000.0,1021769000.0,3366777000.0,156216000.0,37330000.0
MSCI,1408198,2021,72700000.0,5506703000.0,5670170000.0,,-163467000.0,1250937000.0,4161422000.0,193865000.0,40336000.0
MSCI,1408198,2022,72700000.0,4997535000.0,6005460000.0,,-1007925000.0,1250527000.0,4503233000.0,870573000.0,171571000.0
MSCI,1408198,2023,72700000.0,5518219000.0,6257983000.0,,-739764000.0,1517025000.0,4496826000.0,1148592000.0,186679000.0
MSCI,1408198,2024,72700000.0,5445439000.0,6385436000.0,,-939997000.0,1585654000.0,4510816000.0,1109128000.0,
MSCI,1408198,2025,72700000.0,5702459000.0,8356999000.0,,-2654540000.0,1829713000.0,6202286000.0,1202305000.0,
MSFT,789019,2015,7425545491.0,176223000000.0,96140000000.0,,80083000000.0,49858000000.0,27808000000.0,-3195000000.0,781000000.0
MSFT,789019,2016,7425545491.0,193694000000.0,121697000000.0,,71997000000.0,59357000000.0,40783000000.0,3122000000.0,1243000000.0
MSFT,789019,2017,7425545491.0,241086000000.0,168692000000.0,,72394000000.0,64527000000.0,76073000000.0,6513000000.0,2222000000.0
MSFT,789019,2018,7425545491.0,258848000000.0,176130000000.0,,82718000000.0,58488000000.0,72242000000.0,8873000000.0,2733000000.0
MSFT,789019,2019,7425545491.0,286556000000.0,184226000000.0,,102330000000.0,69420000000.0,66662000000.0,13187000000.0,2686000000.0
MSFT,789019,2020,7425545491.0,301311000000.0,183007000000.0,,118304000000.0,72310000000.0,59578000000.0,11202000000.0,2591000000.0
MSFT,789019,2021,7425545491.0,333779000000.0,191791000000.0,,141988000000.0,88657000000.0,50074000000.0,61271000000.0,2346000000.0
MSFT,789019,2022,7425545491.0,364840000000.0,198298000000.0,,166542000000.0,95082000000.0,47032000000.0,72738000000.0,2063000000.0
MSFT,789019,2023,7425545491.0,411976000000.0,205753000000.0,,206223000000.0,104149000000.0,41990000000.0,72361000000.0,1968000000.0
MSFT,789019,2024,7425545491.0,512163000000.0,243686000000.0,,268477000000.0,125286000000.0,42688000000.0,88136000000.0,2935000000.0
MSFT,789019,2025,7425545491.0,619003000000.0,275524000000.0,,343479000000.0,141218000000.0,40152000000.0,101832000000.0,
MSFT,789019,2026,7425545491.0,758376000000.0,315989000000.0,,442387000000.0,168825000000.0,31067000000.0,133749000000.0,
MSTR,1050446,2015,,656894000.0,201613000.0,,455281000.0,172658000.0,,39111000.0,
MSTR,1050446,2016,,768319000.0,216142000.0,,552177000.0,185486000.0,,31124000.0,
MSTR,1050446,2017,,835728000.0,245189000.0,,590539000.0,184858000.0,,-26224000.0,
MSTR,1050446,2018,,855768000.0,326037000.0,,529731000.0,258269000.0,,3301000.0,
MSTR,1050446,2019,,916571000.0,408012000.0,,508559000.0,269818000.0,,12167000.0,
MSTR,1050446,2020,,1465612000.0,912567000.0,,553045000.0,285618000.0,,2661000.0,
MSTR,1050446,2021,,3557124000.0,2578166000.0,,978958000.0,311985000.0,2155151000.0,-535480000.0,
MSTR,1050446,2022,,2410272000.0,2793392000.0,,-383120000.0,317403000.0,2378560000.0,-1469797000.0,
MSTR,1050446,2023,,4762528000.0,2597556000.0,,2164972000.0,323273000.0,2182108000.0,429121000.0,
MSTR,1050446,2024,,25843685000.0,7613701000.0,,18229984000.0,355384000.0,7191158000.0,-1166661000.0,
MSTR,1050446,2025,,61641082000.0,10598110000.0,,44123458000.0,456492000.0,8158842000.0,-3848152000.0,
MTB,36270,2015,144416262.0,122787884000.0,106614595000.0,91957841000.0,16173289000.0,,10653858000.0,1079667000.0,328257000.0
MTB,36270,2016,144416262.0,123449206000.0,106962584000.0,95493876000.0,16486622000.0,,9493835000.0,1315114000.0,425984000.0
MTB,36270,2017,144416262.0,118593487000.0,102342668000.0,92432146000.0,16250819000.0,,8141430000.0,1408306000.0,386751000.0
MTB,36270,2018,144416262.0,120097403000.0,104637212000.0,90156572000.0,15460191000.0,,8444914000.0,1918080000.0,526409000.0
MTB,36270,2019,144416262.0,119872757000.0,104156108000.0,94770069000.0,15716649000.0,,6986186000.0,1929149000.0,749329000.0
MTB,36270,2020,144416262.0,142601105000.0,126413822000.0,119805738000.0,16187283000.0,,4382193000.0,1353152000.0,326395000.0
MTB,36270,2021,144416262.0,155107160000.0,137203755000.0,131543409000.0,17903405000.0,,3485369000.0,1858746000.0,114006000.0
MTB,36270,2022,144416262.0,200729841000.0,175411851000.0,163514868000.0,25317990000.0,,3964537000.0,1991663000.0,425164000.0
MTB,36270,2023,144416262.0,208264000000.0,181307000000.0,163274000000.0,26957000000.0,,8201000000.0,2741000000.0,3109000000.0
MTB,36270,2024,144416262.0,208105000000.0,179078000000.0,161095000000.0,29027000000.0,,12605000000.0,2588000000.0,
MTB,36270,2025,144416262.0,213510000000.0,184333000000.0,166909000000.0,29177000000.0,,10911000000.0,2851000000.0,
MTG,876437,2015,205124840.0,5879545000.0,3643405000.0,,2236140000.0,,1223000000.0,102418000.0,
MTG,876437,2016,205124840.0,5734529000.0,3185687000.0,,2548842000.0,,,107487000.0,
MTG,876437,2017,205124840.0,5619499000.0,2464973000.0,,3154526000.0,,,27314000.0,
MTG,876437,2018,205124840.0,5677802000.0,2095911000.0,,3581891000.0,,,157746000.0,
MTG,876437,2019,205124840.0,6229571000.0,1920337000.0,,4309234000.0,,,177110000.0,
MTG,876437,2020,205124840.0,7354526000.0,2655540000.0,,4698986000.0,,,151430000.0,
MTG,876437,2021,205124840.0,7325008000.0,2463626000.0,,4861382000.0,,,634983000.0,
MTG,876437,2022,205124840.0,6213793000.0,1571053000.0,,4642740000.0,,,865349000.0,
MTG,876437,2023,205124840.0,6538380000.0,1466363000.0,,5072017000.0,,,712949000.0,
MTG,876437,2024,205124840.0,6547235000.0,1374860000.0,,5172375000.0,,,762994000.0,
MTG,876437,2025,205124840.0,6639486000.0,1491935000.0,,5147551000.0,,,738347000.0,
MU,723125,2015,1129393151.0,24143000000.0,10855000000.0,,12302000000.0,3905000000.0,,471000000.0,371000000.0
MU,723125,2016,1129393151.0,27540000000.0,14612000000.0,,12080000000.0,4835000000.0,,-170000000.0,437000000.0
MU,723125,2017,1129393151.0,35336000000.0,15845000000.0,,18621000000.0,5334000000.0,,2368000000.0,601000000.0
MU,723125,2018,1129393151.0,43376000000.0,10112000000.0,,32294000000.0,5754000000.0,,4325000000.0,342000000.0
MU,723125,2019,1129393151.0,48887000000.0,12019000000.0,,35881000000.0,6390000000.0,,561000000.0,128000000.0
MU,723125,2020,1129393151.0,53678000000.0,14682000000.0,,38996000000.0,6635000000.0,,988000000.0,194000000.0
MU,723125,2021,1129393151.0,58849000000.0,14916000000.0,,43933000000.0,6424000000.0,,5861000000.0,183000000.0
MU,723125,2022,1129393151.0,66283000000.0,16376000000.0,,49907000000.0,7539000000.0,,8687000000.0,189000000.0
MU,723125,2023,1129393151.0,64254000000.0,20134000000.0,,44120000000.0,4765000000.0,,-5833000000.0,388000000.0
MU,723125,2024,1129393151.0,69416000000.0,24285000000.0,,45131000000.0,9248000000.0,,778000000.0,
MU,723125,2025,1129393151.0,82798000000.0,28633000000.0,,54165000000.0,11454000000.0,,8539000000.0,
NATL,1974138,2023,73896934.0,5741000000.0,5454000000.0,,284000000.0,1747000000.0,,-134000000.0,
NATL,1974138,2024,73896934.0,5535000000.0,5312000000.0,,219000000.0,1722000000.0,2859000000.0,41000000.0,309000000.0
NATL,1974138,2025,73896934.0,5668000000.0,5266000000.0,,403000000.0,1899000000.0,2672000000.0,83000000.0,66000000.0
NAVI,1593538,2015,93783828.0,134112000000.0,130113000000.0,,3975000000.0,,124833000000.0,286000000.0,2074000000.0
NAVI,1593538,2016,93783828.0,121136000000.0,117413000000.0,,3699000000.0,,112368000000.0,145000000.0,2441000000.0
NAVI,1593538,2017,93783828.0,114991000000.0,111506000000.0,,3454000000.0,,105012000000.0,-84000000.0,2971000000.0
NAVI,1593538,2018,93783828.0,104176000000.0,100629000000.0,,3519000000.0,,93519000000.0,72000000.0,3668000000.0
NAVI,1593538,2019,93783828.0,94903000000.0,91554000000.0,,3336000000.0,,81715000000.0,171000000.0,3488000000.0
NAVI,1593538,2020,93783828.0,87412000000.0,84965000000.0,,2433000000.0,,77332000000.0,412000000.0,2046000000.0
NAVI,1593538,2021,93783828.0,80605000000.0,77997000000.0,,2597000000.0,,74488000000.0,717000000.0,1316000000.0
NAVI,1593538,2022,93783828.0,70795000000.0,67818000000.0,,2977000000.0,,61026000000.0,645000000.0,2102000000.0
NAVI,1593538,2023,93783828.0,61375000000.0,58615000000.0,,,,53402000000.0,228000000.0,3557000000.0
NAVI,1593538,2024,93783828.0,51789000000.0,49148000000.0,,,,43184000000.0,131000000.0,
NAVI,1593538,2025,93783828.0,48681000000.0,46282000000.0,,2399000000.0,,40633000000.0,-80000000.0,
NBHC,1475841,2015,44539547.0,4683908000.0,4066364000.0,3840677000.0,617544000.0,,,3340000.0,3563000.0
NBHC,1475841,2016,44539547.0,4573046000.0,4036857000.0,3868649000.0,536189000.0,,,9991000.0,3873000.0
NBHC,1475841,2017,44539547.0,4843465000.0,4311058000.0,3979559000.0,532407000.0,,,-10119000.0,4976000.0
NBHC,1475841,2018,44539547.0,5676666000.0,4981660000.0,4535621000.0,695006000.0,,,17235000.0,7148000.0
NBHC,1475841,2019,44539547.0,5895512000.0,5128592000.0,4737132000.0,766920000.0,,,19519000.0,9228000.0
NBHC,1475841,2020,44539547.0,6659950000.0,5839259000.0,5676232000.0,820691000.0,,,27169000.0,4732000.0
NBHC,1475841,2021,44539547.0,7214011000.0,6373905000.0,6228173000.0,840106000.0,,39478000.0,93606000.0,13821000.0
NBHC,1475841,2022,44539547.0,9573243000.0,8481041000.0,7872626000.0,1092202000.0,,53890000.0,71274000.0,17853000.0
NBHC,1475841,2023,44539547.0,9951064000.0,8738257000.0,8190391000.0,1212807000.0,,54200000.0,142048000.0,133464000.0
NBHC,1475841,2024,44539547.0,9807693000.0,8502618000.0,8237893000.0,1305075000.0,,54511000.0,118815000.0,
NBHC,1475841,2025,44539547.0,9883518000.0,8498404000.0,8292634000.0,1385114000.0,,54540000.0,109574000.0,
NBTB,790359,2015,51960061.0,8262646000.0,7380642000.0,6604843000.0,882004000.0,,130447000.0,76425000.0,20616000.0
NBTB,790359,2016,51960061.0,8867268000.0,7953952000.0,6973688000.0,913316000.0,,104087000.0,78409000.0,22506000.0
NBTB,790359,2017,51960061.0,9136812000.0,8178635000.0,7170636000.0,958177000.0,,88869000.0,82151000.0,25914000.0
NBTB,790359,2018,51960061.0,9556363000.0,8538454000.0,7368211000.0,1017909000.0,,73724000.0,112566000.0,38626000.0
NBTB,790359,2019,51960061.0,9715925000.0,8595528000.0,7587820000.0,1120397000.0,,,121021000.0,55979000.0
NBTB,790359,2020,51960061.0,10932906000.0,9745288000.0,9081692000.0,1187618000.0,,,104388000.0,32604000.0
NBTB,790359,2021,51960061.0,12012111000.0,10761658000.0,10234469000.0,1250453000.0,,,154885000.0,18788000.0
NBTB,790359,2022,51960061.0,11739296000.0,10565742000.0,9495933000.0,1173554000.0,,,151995000.0,21880000.0
NBTB,790359,2023,51960061.0,13309040000.0,11883349000.0,10968994000.0,1425691000.0,,,118782000.0,144570000.0
NBTB,790359,2024,51960061.0,13786666000.0,12260525000.0,11546761000.0,1526141000.0,,,140641000.0,
NBTB,790359,2025,51960061.0,15995121000.0,14098905000.0,13499193000.0,1896216000.0,,,169235000.0,
NCLH,1513761,2015,459187846.0,12264757000.0,8483877000.0,,3780880000.0,2366519000.0,6397537000.0,427137000.0,221909000.0
NCLH,1513761,2016,459187846.0,12973911000.0,8436185000.0,,,2312818000.0,,633085000.0,276900000.0
NCLH,1513761,2017,459187846.0,14094869000.0,8345103000.0,,,2490021000.0,,,267800000.0
NCLH,1513761,2018,459187846.0,15205970000.0,9242969000.0,,5963001000.0,3150500000.0,,,270400000.0
NCLH,1513761,2019,459187846.0,16684599000.0,10169020000.0,,6515579000.0,3584390000.0,,121297000.0,272900000.0
NCLH,1513761,2020,459187846.0,18399317000.0,14045212000.0,,4354105000.0,1913903000.0,1552480000.0,-738933000.0,93199000.0
NCLH,1513761,2021,459187846.0,18729837000.0,16297187000.0,,2432650000.0,3730432000.0,,-1572721000.0,2100000000.0
NCLH,1513761,2022,459187846.0,18557694000.0,18489103000.0,,68591000.0,5054851000.0,,-2269909000.0,800000000.0
NCLH,1513761,2023,459187846.0,19492990000.0,19192183000.0,,300807000.0,6038701000.0,,166178000.0,727500000.0
NCLH,1513761,2024,459187846.0,19969811000.0,18544372000.0,,1425439000.0,5780865000.0,,910257000.0,
NCLH,1513761,2025,459187846.0,22541401000.0,20331513000.0,,2209888000.0,5452577000.0,,423246000.0,
NDAQ,1120193,2015,558977372.0,11861000000.0,6252000000.0,,5609000000.0,2944000000.0,2364000000.0,428000000.0,111000000.0
NDAQ,1120193,2016,558977372.0,14150000000.0,8720000000.0,,5430000000.0,4082000000.0,3603000000.0,108000000.0,135000000.0
NDAQ,1120193,2017,558977372.0,15786000000.0,9899000000.0,,5887000000.0,5262000000.0,,734000000.0,143000000.0
NDAQ,1120193,2018,558977372.0,15700000000.0,10251000000.0,,5449000000.0,6570000000.0,2956000000.0,458000000.0,150000000.0
NDAQ,1120193,2019,558977372.0,13924000000.0,8285000000.0,,5639000000.0,4227000000.0,2996000000.0,774000000.0,124000000.0
NDAQ,1120193,2020,558977372.0,17979000000.0,11543000000.0,,6433000000.0,4924000000.0,5541000000.0,933000000.0,101000000.0
NDAQ,1120193,2021,558977372.0,20115000000.0,13710000000.0,,6395000000.0,7872000000.0,4812000000.0,1187000000.0,125000000.0
NDAQ,1120193,2022,558977372.0,20868000000.0,14704000000.0,,6151000000.0,8835000000.0,4735000000.0,1125000000.0,129000000.0
NDAQ,1120193,2023,558977372.0,32294000000.0,21467000000.0,,10816000000.0,9025000000.0,10163000000.0,1059000000.0,284000000.0
NDAQ,1120193,2024,558977372.0,30395000000.0,19195000000.0,,11191000000.0,7902000000.0,9081000000.0,1117000000.0,
NDAQ,1120193,2025,558977372.0,31053000000.0,18821000000.0,,12227000000.0,7961000000.0,8573000000.0,1788000000.0,
NEE,753308,2015,2085341456.0,82479000000.0,,,22574000000.0,10107000000.0,26681000000.0,507000000.0,
NEE,753308,2016,2085341456.0,89993000000.0,,,24341000000.0,10919000000.0,27818000000.0,966000000.0,
NEE,753308,2017,2085341456.0,97827000000.0,,,28208000000.0,11232000000.0,31463000000.0,2155000000.0,
NEE,753308,2018,2085341456.0,103702000000.0,,,34144000000.0,17563000000.0,26782000000.0,422000000.0,
NEE,753308,2019,2085341456.0,117691000000.0,,,37005000000.0,13853000000.0,37543000000.0,975000000.0,
NEE,753308,2020,2085341456.0,127684000000.0,82755000000.0,,36513000000.0,15558000000.0,41944000000.0,2919000000.0,
NEE,753308,2021,2085341456.0,140912000000.0,95243000000.0,,37202000000.0,17437000000.0,50960000000.0,3573000000.0,
NEE,753308,2022,2085341456.0,158935000000.0,109499000000.0,,39229000000.0,26695000000.0,55256000000.0,4147000000.0,
NEE,753308,2023,2085341456.0,177489000000.0,118465000000.0,,47468000000.0,27963000000.0,61405000000.0,7310000000.0,
NEE,753308,2024,2085341456.0,190144000000.0,129283000000.0,,50101000000.0,25355000000.0,72385000000.0,6946000000.0,
NEE,753308,2025,2085341456.0,212721000000.0,146242000000.0,,54608000000.0,22817000000.0,89556000000.0,6835000000.0,
NEN,746514,2015,3108860.0,202166216.0,232977169.0,,,,,1192704.0,9809293.0
NEN,746514,2016,3108860.0,190562066.0,224786792.0,,,,,1528755.0,10200393.0
NEN,746514,2017,3108860.0,226807236.0,262122413.0,,,,,1688270.0,11114146.0
NEN,746514,2018,3108860.0,247035340.0,282659350.0,,,,,1576877.0,12389680.0
NEN,746514,2019,3108860.0,294293649.0,332117437.0,,,,,1898513.0,12201966.0
NEN,746514,2020,3108860.0,291669602.0,333138647.0,,,,,-970022.0,13705415.0
NEN,746514,2021,3108860.0,356875579.0,406168186.0,,,,,-2900489.0,13629463.0
NEN,746514,2022,3108860.0,391820280.0,451689637.0,,,,414125000.0,2142646.0,15045477.0
NEN,746514,2023,3108860.0,385730690.0,451085074.0,,,,411439000.0,2299745.0,15723733.0
NEN,746514,2024,3108860.0,393508658.0,455942560.0,,,,408605000.0,4215867.0,
NEN,746514,2025,3108860.0,505331191.0,579546772.0,,,,531031000.0,-1392516.0,
NGS,1084991,2015,12898285.0,285553000.0,61572000.0,,223981000.0,4568000.0,,3277000.0,15000.0
NGS,1084991,2016,12898285.0,293524000.0,60570000.0,,232954000.0,6500000.0,,1160000.0,8000.0
NGS,1084991,2017,12898285.0,298310000.0,40991000.0,,257319000.0,7453000.0,,18702000.0,14000.0
NGS,1084991,2018,12898285.0,305401000.0,45220000.0,,260181000.0,10946000.0,,-282000.0,69000.0
NGS,1084991,2019,12898285.0,286577000.0,38884000.0,,247693000.0,5508000.0,,-1710000.0,15000.0
NGS,1084991,2020,12898285.0,306801000.0,55257000.0,,251544000.0,10861000.0,,1808000.0,14000.0
NGS,1084991,2021,12898285.0,298506000.0,62596000.0,,235910000.0,20278000.0,,-9183000.0,65000.0
NGS,1084991,2022,12898285.0,328246000.0,98170000.0,,230076000.0,30399000.0,,-569000.0,364000.0
NGS,1084991,2023,12898285.0,478729000.0,242835000.0,,235894000.0,32713000.0,,4747000.0,4082000.0
NGS,1084991,2024,12898285.0,492528000.0,237471000.0,,255057000.0,17358000.0,,17227000.0,
NGS,1084991,2025,12898285.0,586786000.0,312070000.0,,274716000.0,24510000.0,,19928000.0,
NIC,1174850,2015,20957513.0,1214439000.0,1104752000.0,1056417000.0,109501000.0,,,11428000.0,7213000.0
NIC,1174850,2016,20957513.0,2300879000.0,2024514000.0,1969986000.0,275947000.0,,1000000.0,18462000.0,7334000.0
NIC,1174850,2017,20957513.0,2932433000.0,2567554000.0,2471064000.0,364178000.0,,36509000.0,33150000.0,10511000.0
NIC,1174850,2018,20957513.0,3096535000.0,2709183000.0,2614138000.0,386609000.0,,77305000.0,41036000.0,18889000.0
NIC,1174850,2019,20957513.0,3577260000.0,3060270000.0,2954453000.0,516262000.0,,67629000.0,54641000.0,22510000.0
NIC,1174850,2020,20957513.0,4551789000.0,4012600000.0,3910399000.0,539189000.0,,53869000.0,60122000.0,19864000.0
NIC,1174850,2021,20957513.0,7695037000.0,6803146000.0,6465916000.0,891891000.0,,216915000.0,60652000.0,13604000.0
NIC,1174850,2022,20957513.0,8763969000.0,7791440000.0,,972529000.0,,225342000.0,94260000.0,33957000.0
NIC,1174850,2023,20957513.0,8468678000.0,7429671000.0,7197800000.0,1039007000.0,,166930000.0,61516000.0,141346000.0
NIC,1174850,2024,20957513.0,8796795000.0,7623897000.0,7403684000.0,1172898000.0,,161387000.0,124059000.0,
NIC,1174850,2025,20957513.0,9185107000.0,7927445000.0,7730771000.0,1257662000.0,,134860000.0,150686000.0,
NLOP,1952976,2023,14814075.0,1305089000.0,623659000.0,,677009000.0,,541979000.0,-131746000.0,42613000.0
NLOP,1952976,2024,14814075.0,805069000.0,219666000.0,,581228000.0,,169216000.0,-91471000.0,
NLOP,1952976,2025,14814075.0,453371000.0,155546000.0,,293911000.0,,21900000.0,-145262000.0,
NLY,1043219,2015,753714442.0,75190893000.0,63284971000.0,,11895974000.0,,338444000.0,669666000.0,118807000.0
NLY,1043219,2016,753714442.0,87905046000.0,75329074000.0,,12568180000.0,,314865000.0,1848483000.0,183396000.0
NLY,1043219,2017,753714442.0,101760050000.0,86888477000.0,,14865473000.0,,312500000.0,1569604000.0,318711000.0
NLY,1043219,2018,753714442.0,105787527000.0,91669726000.0,,14112112000.0,,516834000.0,54408000.0,586774000.0
NLY,1043219,2019,753714442.0,130295081000.0,114498737000.0,,15792017000.0,,490631000.0,-2162865000.0,620058000.0
NLY,1043219,2020,753714442.0,88455103000.0,74433307000.0,,14008316000.0,,429650000.0,-891163000.0,899112000.0
NLY,1043219,2021,753714442.0,76764064000.0,63568739000.0,,13169826000.0,,,2389896000.0,249243000.0
NLY,1043219,2022,753714442.0,81850712000.0,70481286000.0,,11270443000.0,,,1725325000.0,1309735000.0
NLY,1043219,2023,753714442.0,93227236000.0,81882145000.0,,11255793000.0,,,-1643171000.0,3842965000.0
NLY,1043219,2024,753714442.0,103556384000.0,90859432000.0,,12609241000.0,,,1001906000.0,4592238000.0
NLY,1043219,2025,753714442.0,135609838000.0,119449927000.0,,16090772000.0,,,2027262000.0,4823705000.0
NMIH,1547903,2015,75217851.0,662451000.0,259720000.0,,402731000.0,,143939000.0,-4821000.0,
NMIH,1547903,2016,75217851.0,841737000.0,364388000.0,,477349000.0,,144353000.0,61562000.0,
NMIH,1547903,2017,75217851.0,894848000.0,385771000.0,,509077000.0,,143882000.0,-1766000.0,3382000.0
NMIH,1547903,2018,75217851.0,1092043000.0,390543000.0,,701500000.0,,146757000.0,35520000.0,3028000.0
NMIH,1547903,2019,75217851.0,1364818000.0,434398000.0,,930420000.0,,145764000.0,50195000.0,2974000.0
NMIH,1547903,2020,75217851.0,2166666000.0,797075000.0,,1369591000.0,,393301000.0,48268000.0,7906000.0
NMIH,1547903,2021,75217851.0,2450581000.0,884795000.0,,1565786000.0,,394623000.0,60523000.0,8029000.0
NMIH,1547903,2022,75217851.0,2516030000.0,902303000.0,,1613727000.0,,396051000.0,72940000.0,8035000.0
NMIH,1547903,2023,75217851.0,2940507000.0,1014503000.0,,1926004000.0,,,83413000.0,8066000.0
NMIH,1547903,2024,75217851.0,3349973000.0,1132541000.0,,2217432000.0,,,360106000.0,
NMIH,1547903,2025,75217851.0,3841098000.0,1249112000.0,,2591986000.0,,,388926000.0,
NOA,1368519,2015,28821481.0,360694000.0,189076000.0,,171618000.0,62335000.0,42537000.0,-7470000.0,9880000.0
NOA,1368519,2016,28821481.0,350081000.0,191127000.0,,158954000.0,74028000.0,31266000.0,-445000.0,
NOA,1368519,2017,28821481.0,383644000.0,237720000.0,,145924000.0,79030000.0,70065000.0,5264000.0,
NOA,1368519,2018,28821481.0,689800000.0,539585000.0,,149721000.0,148895000.0,265962000.0,15286000.0,
NOA,1368519,2019,28821481.0,792652000.0,612533000.0,,180119000.0,157303000.0,313443000.0,36878000.0,
NOA,1368519,2020,28821481.0,838928000.0,590485000.0,,248443000.0,109198000.0,341547000.0,49208000.0,
NOA,1368519,2021,28821481.0,869278000.0,590815000.0,,278463000.0,161034000.0,306034000.0,51408000.0,
NOA,1368519,2022,28821481.0,979513000.0,673594000.0,,305919000.0,192303000.0,358137000.0,67372000.0,
NOA,1368519,2023,28821481.0,1546478000.0,1189824000.0,,356654000.0,324023000.0,,63141000.0,36948000.0
NOA,1368519,2024,28821481.0,1694264000.0,1305362000.0,,388902000.0,315857000.0,,44085000.0,
NOA,1368519,2025,28821481.0,1819753000.0,1363132000.0,,456621000.0,410859000.0,,33834000.0,
NOC,1133421,2015,142063026.0,24454000000.0,18932000000.0,,5522000000.0,5457000000.0,,459000000.0,
NOC,1133421,2016,142063026.0,25614000000.0,20355000000.0,,5259000000.0,5630000000.0,,525000000.0,
NOC,1133421,2017,142063026.0,34917000000.0,27869000000.0,,7048000000.0,6965000000.0,,178000000.0,
NOC,1133421,2018,142063026.0,37653000000.0,29466000000.0,,8187000000.0,8274000000.0,,356000000.0,
NOC,1133421,2019,142063026.0,41089000000.0,32270000000.0,,8819000000.0,9434000000.0,,-409000000.0,
NOC,1133421,2020,142063026.0,44469000000.0,33890000000.0,,10579000000.0,9580000000.0,14261000000.0,330000000.0,
NOC,1133421,2021,142063026.0,42579000000.0,29653000000.0,,12926000000.0,9530000000.0,12777000000.0,7005000000.0,
NOC,1133421,2022,142063026.0,43755000000.0,28443000000.0,,15312000000.0,11587000000.0,11805000000.0,4896000000.0,
NOC,1133421,2023,142063026.0,46544000000.0,31749000000.0,,14795000000.0,11942000000.0,13786000000.0,2056000000.0,
NOC,1133421,2024,142063026.0,49359000000.0,34069000000.0,,15290000000.0,14128000000.0,14692000000.0,4174000000.0,
NOC,1133421,2025,142063026.0,51377000000.0,34703000000.0,,16674000000.0,13882000000.0,15162000000.0,4182000000.0,
NRG,1013871,2015,210210483.0,32882000000.0,27117000000.0,,5434000000.0,4375000000.0,,-6314000000.0,1128000000.0
NRG,1013871,2016,210210483.0,30355000000.0,25863000000.0,,4446000000.0,4382000000.0,,-987000000.0,1061000000.0
NRG,1013871,2017,210210483.0,23318000000.0,21272000000.0,,1968000000.0,3317000000.0,,-1535000000.0,890000000.0
NRG,1013871,2018,210210483.0,10628000000.0,11843000000.0,,-1234000000.0,2398000000.0,,268000000.0,483000000.0
NRG,1013871,2019,210210483.0,12531000000.0,10853000000.0,,1658000000.0,2359000000.0,,4438000000.0,413000000.0
NRG,1013871,2020,210210483.0,14902000000.0,13222000000.0,,1680000000.0,1915000000.0,,510000000.0,401000000.0
NRG,1013871,2021,210210483.0,23182000000.0,19582000000.0,,3600000000.0,7915000000.0,,2187000000.0,485000000.0
NRG,1013871,2022,210210483.0,29146000000.0,25318000000.0,,3828000000.0,12982000000.0,,1221000000.0,417000000.0
NRG,1013871,2023,210210483.0,26038000000.0,23132000000.0,,2906000000.0,9500000000.0,,-202000000.0,667000000.0
NRG,1013871,2024,210210483.0,24022000000.0,21544000000.0,,2478000000.0,8813000000.0,,1125000000.0,
NRG,1013871,2025,210210483.0,29140000000.0,27459000000.0,,1681000000.0,8029000000.0,,864000000.0,
NTAP,1002047,2015,196419005.0,9401200000.0,5987100000.0,,3414100000.0,2709000000.0,1487500000.0,559900000.0,42000000.0
NTAP,1002047,2016,196419005.0,10037000000.0,7156000000.0,,2881000000.0,3662000000.0,1490000000.0,229000000.0,49000000.0
NTAP,1002047,2017,196419005.0,9493000000.0,6713000000.0,,2780000000.0,4122000000.0,744000000.0,509000000.0,52000000.0
NTAP,1002047,2018,196419005.0,9865000000.0,7798000000.0,,2067000000.0,3623000000.0,1541000000.0,76000000.0,62000000.0
NTAP,1002047,2019,196419005.0,8741000000.0,7651000000.0,,1090000000.0,3867000000.0,1144000000.0,1169000000.0,58000000.0
NTAP,1002047,2020,196419005.0,7522000000.0,7280000000.0,,242000000.0,3616000000.0,1146000000.0,819000000.0,55000000.0
NTAP,1002047,2021,196419005.0,9360000000.0,8675000000.0,,685000000.0,3452000000.0,2632000000.0,730000000.0,74000000.0
NTAP,1002047,2022,196419005.0,10026000000.0,9188000000.0,,838000000.0,3953000000.0,2386000000.0,937000000.0,73000000.0
NTAP,1002047,2023,196419005.0,9818000000.0,8659000000.0,,1159000000.0,3467000000.0,2389000000.0,1274000000.0,67000000.0
NTAP,1002047,2024,196419005.0,9887000000.0,8741000000.0,,1146000000.0,4106000000.0,1992000000.0,986000000.0,64000000.0
NTAP,1002047,2025,196419005.0,10823000000.0,9783000000.0,,1040000000.0,4662000000.0,2485000000.0,1186000000.0,
NTAP,1002047,2026,196419005.0,10744000000.0,9393000000.0,,1351000000.0,4021000000.0,2487000000.0,1276000000.0,
NTNX,1618732,2017,270570179.0,726073000.0,677871000.0,,48202000.0,374158000.0,,-90653000.0,
NTNX,1618732,2018,270570179.0,1599880000.0,1273101000.0,,326779000.0,458231000.0,,-87369000.0,
NTNX,1618732,2019,270570179.0,1786042000.0,1599149000.0,,186893000.0,599315000.0,,-194338000.0,
NTNX,1618732,2020,270570179.0,1768547000.0,2043524000.0,,-274977000.0,760203000.0,,-185348000.0,
NTNX,1618732,2021,270570179.0,2277496000.0,3289537000.0,,-1012041000.0,927888000.0,,-1034260000.0,
NTNX,1618732,2022,270570179.0,2365749000.0,3155917000.0,,-790168000.0,1150224000.0,,-797538000.0,
NTNX,1618732,2023,270570179.0,2526915000.0,3234334000.0,,-707419000.0,1136108000.0,,-254560000.0,
NTNX,1618732,2024,270570179.0,2143918000.0,2872066000.0,,-728148000.0,1244341000.0,,-124775000.0,
NTNX,1618732,2025,270570179.0,3283194000.0,3977714000.0,,-694520000.0,1413541000.0,,188366000.0,
NTNX,1618732,2026,270570179.0,5073685000.0,4371120000.0,,702565000.0,1684094000.0,,1506837000.0,
NTRS,73124,2015,182955653.0,116749600000.0,108043700000.0,96868900000.0,8705900000.0,,,973800000.0,153900000.0
NTRS,73124,2016,182955653.0,123926900000.0,114156500000.0,101651700000.0,9770400000.0,,,1032500000.0,182000000.0
NTRS,73124,2017,182955653.0,138590500000.0,128374300000.0,112390800000.0,10216200000.0,,,1199000000.0,340200000.0
NTRS,73124,2018,182955653.0,132212500000.0,121704200000.0,104496800000.0,10508300000.0,,,1556400000.0,698700000.0
NTRS,73124,2019,182955653.0,136828400000.0,125737400000.0,109120600000.0,11091000000.0,,,1492200000.0,822000000.0
NTRS,73124,2020,182955653.0,170003900000.0,158315600000.0,143878000000.0,11688300000.0,,,1209300000.0,200300000.0
NTRS,73124,2021,182955653.0,183889800000.0,171873000000.0,159928400000.0,12016800000.0,,,1545300000.0,23800000.0
NTRS,73124,2022,182955653.0,155036700000.0,143777200000.0,123932100000.0,11259500000.0,,,1336000000.0,990500000.0
NTRS,73124,2023,182955653.0,150783100000.0,138885200000.0,116164000000.0,11897900000.0,,,1107300000.0,5343000000.0
NTRS,73124,2024,182955653.0,155508400000.0,142720000000.0,122482700000.0,12788400000.0,,,2031100000.0,
NTRS,73124,2025,182955653.0,177132700000.0,164174800000.0,142797700000.0,12957900000.0,,,1736900000.0,
NVDA,1045810,2015,24100000000.0,7201368000.0,,,4417982000.0,896030000.0,,193128000.0,46133000.0
NVDA,1045810,2016,24100000000.0,7370000000.0,2814000000.0,,4469000000.0,2351000000.0,,207000000.0,47000000.0
NVDA,1045810,2017,24100000000.0,9841000000.0,4048000000.0,,5762000000.0,1788000000.0,,655000000.0,58000000.0
NVDA,1045810,2018,24100000000.0,11241000000.0,3770000000.0,,7471000000.0,1153000000.0,,1118000000.0,61000000.0
NVDA,1045810,2019,24100000000.0,13292000000.0,3950000000.0,,9342000000.0,1329000000.0,,567000000.0,58000000.0
NVDA,1045810,2020,24100000000.0,17315000000.0,5111000000.0,,12204000000.0,1784000000.0,,950000000.0,52000000.0
NVDA,1045810,2021,24100000000.0,28791000000.0,11898000000.0,,16893000000.0,3925000000.0,5964000000.0,4332000000.0,184000000.0
NVDA,1045810,2022,24100000000.0,44187000000.0,17575000000.0,,26612000000.0,4335000000.0,10946000000.0,9752000000.0,236000000.0
NVDA,1045810,2023,24100000000.0,41182000000.0,19081000000.0,,22101000000.0,6563000000.0,9703000000.0,4368000000.0,262000000.0
NVDA,1045810,2024,24100000000.0,65728000000.0,22750000000.0,,42978000000.0,10631000000.0,8459000000.0,29760000000.0,257000000.0
NVDA,1045810,2025,24100000000.0,111601000000.0,32274000000.0,,79327000000.0,18047000000.0,8463000000.0,72880000000.0,
NVDA,1045810,2026,24100000000.0,206803000000.0,49510000000.0,,157293000000.0,32163000000.0,7469000000.0,120067000000.0,
NVMI,1109345,2015,29278401.0,207269000.0,46209000.0,,161060000.0,37158000.0,,15725000.0,
NVMI,1109345,2016,29278401.0,218593000.0,43876000.0,,174717000.0,39034000.0,,9644000.0,
NVMI,1109345,2017,29278401.0,283285000.0,56549000.0,,226736000.0,52126000.0,,46459000.0,
NVMI,1109345,2018,29278401.0,333430000.0,52690000.0,,280740000.0,48078000.0,,54375000.0,
NVMI,1109345,2019,29278401.0,400443000.0,85904000.0,,314539000.0,46949000.0,,35171000.0,
NVMI,1109345,2020,29278401.0,655786000.0,284248000.0,,371538000.0,60934000.0,,47907000.0,
NVMI,1109345,2021,29278401.0,805154000.0,331400000.0,,473754000.0,287930000.0,,93101000.0,
NVMI,1109345,2022,29278401.0,984105000.0,397142000.0,,586963000.0,134068000.0,,140213000.0,
NVMI,1109345,2023,29278401.0,1133807000.0,383055000.0,,750752000.0,322811000.0,,136310000.0,
NVMI,1109345,2024,29278401.0,1390422000.0,462627000.0,,927795000.0,388230000.0,,183762000.0,
NVMI,1109345,2025,29278401.0,2360546000.0,1042298000.0,,1318248000.0,224535000.0,,259223000.0,
NWBI,1471265,2015,146459122.0,8951899000.0,7788736000.0,6612581000.0,1163163000.0,,,,14486000.0
NWBI,1471265,2016,146459122.0,9623640000.0,8452977000.0,7882321000.0,1170663000.0,,,,7091000.0
NWBI,1471265,2017,146459122.0,9363934000.0,8156210000.0,7826989000.0,1207724000.0,,,,7321000.0
NWBI,1471265,2018,146459122.0,9607773000.0,8350135000.0,7894179000.0,1257638000.0,,,,10937000.0
NWBI,1471265,2019,146459122.0,10493908000.0,9140623000.0,8592007000.0,1353285000.0,,,,14473000.0
NWBI,1471265,2020,146459122.0,13806268000.0,12267565000.0,11599233000.0,1538703000.0,,,,8841000.0
NWBI,1471265,2021,146459122.0,14501508000.0,12917937000.0,12301165000.0,1583571000.0,,,154323000.0,27246000.0
NWBI,1471265,2022,146459122.0,14113324000.0,12621838000.0,11464548000.0,1491486000.0,,,133666000.0,28117000.0
NWBI,1471265,2023,146459122.0,14419105000.0,12867788000.0,11979902000.0,1551317000.0,,,134957000.0,152239000.0
NWBI,1471265,2024,146459122.0,14408224000.0,12811368000.0,12144554000.0,1596856000.0,,,100278000.0,
NWBI,1471265,2025,146459122.0,16766617000.0,14876193000.0,13943017000.0,1890424000.0,,,126013000.0,
OFG,1030469,2015,42265494.0,7099149000.0,6202072000.0,4716859000.0,897077000.0,,,-2504000.0,69196000.0
OFG,1030469,2016,42265494.0,6501824000.0,5581413000.0,4664487000.0,920411000.0,,,59186000.0,57165000.0
OFG,1030469,2017,42265494.0,6189053000.0,5243946000.0,4799482000.0,945107000.0,,,52646000.0,41475000.0
OFG,1030469,2018,42265494.0,6583352000.0,5583475000.0,4908115000.0,999877000.0,,,84410000.0,44525000.0
OFG,1030469,2019,42265494.0,9297661000.0,8252183000.0,7698610000.0,1045478000.0,,,53841000.0,51002000.0
OFG,1030469,2020,42265494.0,9826011000.0,8740036000.0,8415640000.0,1085975000.0,,,74327000.0,64915000.0
OFG,1030469,2021,42265494.0,9899720000.0,8830560000.0,8603118000.0,1069160000.0,,,146151000.0,41829000.0
OFG,1030469,2022,42265494.0,9818780000.0,8776374000.0,8568364000.0,1042406000.0,,,166239000.0,33493000.0
OFG,1030469,2023,42265494.0,11344453000.0,10150973000.0,9762169000.0,1193480000.0,,,181872000.0,88010000.0
OFG,1030469,2024,42265494.0,11500734000.0,10246363000.0,9604786000.0,1254371000.0,,,198170000.0,
OFG,1030469,2025,42265494.0,12465657000.0,11075652000.0,10262752000.0,1390005000.0,,,205103000.0,
ON,1097864,2015,389311721.0,3869600000.0,2237700000.0,,1608200000.0,1239300000.0,850500000.0,54100000.0,49700000.0
ON,1097864,2016,389311721.0,6924400000.0,5046500000.0,,1823200000.0,1502600000.0,3068500000.0,110900000.0,145300000.0
ON,1097864,2017,389311721.0,7195100000.0,4394100000.0,,2778800000.0,1408900000.0,2703700000.0,529900000.0,141200000.0
ON,1097864,2018,389311721.0,7587600000.0,4393500000.0,,3171600000.0,1469300000.0,2627600000.0,165600000.0,128200000.0
ON,1097864,2019,389311721.0,8425500000.0,5101400000.0,,3301700000.0,1818400000.0,2876500000.0,56500000.0,148300000.0
ON,1097864,2020,389311721.0,8668000000.0,5109900000.0,,3538500000.0,1674500000.0,2959700000.0,89000000.0,168400000.0
ON,1097864,2021,389311721.0,9626000000.0,5021600000.0,,4585400000.0,1543400000.0,2913900000.0,1009600000.0,130400000.0
ON,1097864,2022,389311721.0,11978500000.0,5771500000.0,,6188500000.0,2061400000.0,3045700000.0,1902200000.0,94900000.0
ON,1097864,2023,389311721.0,13215200000.0,5414600000.0,,7782600000.0,2183600000.0,2542600000.0,2183700000.0,74800000.0
ON,1097864,2024,389311721.0,14089800000.0,5275300000.0,,8796400000.0,1334800000.0,3345900000.0,1572800000.0,
ON,1097864,2025,389311721.0,12524100000.0,4832200000.0,,7673300000.0,1287700000.0,2980500000.0,121000000.0,
ONB,707179,2015,,11991527000.0,10500357000.0,8400860000.0,1491170000.0,,1291747000.0,31985000.0,9038000.0
ONB,707179,2016,,14860237000.0,13045820000.0,10743253000.0,1814417000.0,,218939000.0,33456000.0,11932000.0
ONB,707179,2017,,17518292000.0,15363895000.0,12605764000.0,2154397000.0,,248782000.0,-18493000.0,16578000.0
ONB,707179,2018,,19728435000.0,17038865000.0,14349949000.0,2689570000.0,,,47498000.0,29009000.0
ONB,707179,2019,,20411667000.0,17559214000.0,14553397000.0,2852453000.0,,,49185000.0,27654000.0
ONB,707179,2020,,22960622000.0,19987966000.0,17037453000.0,2972656000.0,,,74120000.0,12170000.0
ONB,707179,2021,,24453564000.0,21441546000.0,18569195000.0,3012018000.0,,,277538000.0,42249000.0
ONB,707179,2022,,46763372000.0,41634777000.0,35000830000.0,5128595000.0,,,428287000.0,126266000.0
ONB,707179,2023,,49089836000.0,43526936000.0,37235180000.0,5562900000.0,,,581992000.0,703668000.0
ONB,707179,2024,,53552272000.0,47211922000.0,40823560000.0,6340350000.0,,,539188000.0,
ONB,707179,2025,,72151967000.0,63657179000.0,55088195000.0,8494788000.0,,,669257000.0,
ORI,74260,2015,241432922.0,17110500000.0,13229600000.0,,3880800000.0,,,90600000.0,
ORI,74260,2016,241432922.0,18591600000.0,14119900000.0,,4471600000.0,,,131900000.0,
ORI,74260,2017,241432922.0,19403500000.0,14670200000.0,,4733300000.0,,,299600000.0,
ORI,74260,2018,241432922.0,19327100000.0,14180800000.0,,5146200000.0,,,-106500000.0,
ORI,74260,2019,241432922.0,21076300000.0,15076100000.0,,6000100000.0,,,275800000.0,
ORI,74260,2020,241432922.0,22815200000.0,16628500000.0,,6186600000.0,,,519700000.0,
ORI,74260,2021,241432922.0,24981800000.0,18088600000.0,,6893200000.0,,,627000000.0,
ORI,74260,2022,241432922.0,25159400000.0,18993200000.0,,6166200000.0,,,512100000.0,
ORI,74260,2023,241432922.0,26501400000.0,20090700000.0,,6410700000.0,,,190600000.0,
ORI,74260,2024,241432922.0,27843100000.0,22224100000.0,,5618900000.0,,,105100000.0,
ORI,74260,2025,241432922.0,29862700000.0,23934200000.0,,5914000000.0,,,206300000.0,
ORN,1402829,2015,,465500000.0,237786000.0,,227714000.0,118295000.0,98188000.0,1439000.0,3148000.0
ORN,1402829,2016,,447676000.0,221472000.0,,226204000.0,117520000.0,82077000.0,-3620000.0,6175000.0
ORN,1402829,2017,,433285000.0,202019000.0,,231266000.0,121992000.0,63185000.0,400000.0,5731000.0
ORN,1402829,2018,,312870000.0,171285000.0,,141585000.0,86306000.0,76119000.0,-94422000.0,7943000.0
ORN,1402829,2019,,394844000.0,256823000.0,,,149752000.0,68029000.0,159000.0,6808000.0
ORN,1402829,2020,,414189000.0,254695000.0,,,180613000.0,29523000.0,3666000.0,4920000.0
ORN,1402829,2021,,351750000.0,203652000.0,,,161737000.0,259000.0,-14560000.0,5076000.0
ORN,1402829,2022,,367155000.0,229355000.0,,,189236000.0,716000.0,-12612000.0,4456000.0
ORN,1402829,2023,,416893000.0,295418000.0,,,215916000.0,23740000.0,-17875000.0,11659000.0
ORN,1402829,2024,,417317000.0,266638000.0,,,191173000.0,22751000.0,-1644000.0,
ORN,1402829,2025,,414652000.0,255620000.0,,,203907000.0,6085000.0,2488000.0,
PAYD,1017655,2015,8477659.0,498714.0,1130867.0,,-632153.0,1130867.0,,-1309497.0,
PAYD,1017655,2016,8477659.0,16645375.0,3264295.0,,13381080.0,1974993.0,,-347581.0,
PAYD,1017655,2017,8477659.0,17110993.0,3427063.0,,13683930.0,2134909.0,,-617020.0,
PAYD,1017655,2018,8477659.0,5211693.0,3295175.0,,1916518.0,2194753.0,,-11531526.0,
PAYD,1017655,2019,8477659.0,4991418.0,2296218.0,,2695200.0,1129590.0,,282011.0,
PAYD,1017655,2020,8477659.0,5787086.0,2804487.0,,2982599.0,1781746.0,,-2232553.0,
PAYD,1017655,2021,8477659.0,6496350.0,3587672.0,,2908678.0,2724173.0,,-696760.0,
PAYD,1017655,2022,8477659.0,6421724.0,3049612.0,,3372112.0,2076493.0,,652146.0,
PAYD,1017655,2023,8477659.0,7293032.0,2833925.0,,4459107.0,1932653.0,,353214.0,
PAYD,1017655,2024,8477659.0,8440058.0,3414891.0,,5025167.0,2538872.0,,763592.0,
PAYD,1017655,2025,8477659.0,8277764.0,2735504.0,,5542260.0,2085229.0,,-368243.0,
PAYO,1845815,2021,338850836.0,5078752000.0,4591679000.0,,487073000.0,4497828000.0,13665000.0,-18902000.0,
PAYO,1845815,2022,338850836.0,6594651000.0,6049395000.0,,545256000.0,5977512000.0,16138000.0,-11970000.0,
PAYO,1845815,2023,338850836.0,7283119000.0,6618846000.0,,664273000.0,6541975000.0,18411000.0,93333000.0,
PAYO,1845815,2024,338850836.0,7930380000.0,7205590000.0,,724790000.0,7131076000.0,,121163000.0,
PAYO,1845815,2025,338850836.0,8956589000.0,8252162000.0,,704427000.0,8083720000.0,,73192000.0,
PB,1068851,2015,120176771.0,22037216000.0,18574306000.0,17681119000.0,3462910000.0,,,286646000.0,39191000.0
PB,1068851,2016,120176771.0,22331072000.0,18688761000.0,17307302000.0,3642311000.0,,,274466000.0,43159000.0
PB,1068851,2017,120176771.0,22587292000.0,18763138000.0,17821460000.0,3824154000.0,,,272165000.0,60492000.0
PB,1068851,2018,120176771.0,22693402000.0,18640578000.0,17256558000.0,4052824000.0,,,321812000.0,97616000.0
PB,1068851,2019,120176771.0,32185708000.0,26214873000.0,24199732000.0,5970835000.0,,,332552000.0,137169000.0
PB,1068851,2020,120176771.0,34059275000.0,27928606000.0,27360492000.0,6130669000.0,,,528904000.0,113177000.0
PB,1068851,2021,120176771.0,37833970000.0,31406734000.0,30771762000.0,6427236000.0,,,519297000.0,53615000.0
PB,1068851,2022,120176771.0,37689829000.0,30990455000.0,28533531000.0,6699374000.0,,,524516000.0,89604000.0
PB,1068851,2023,120176771.0,38547877000.0,31468547000.0,27179809000.0,7079330000.0,,,419316000.0,488110000.0
PB,1068851,2024,120176771.0,39566738000.0,32128243000.0,28381338000.0,7438495000.0,,,479386000.0,
PB,1068851,2025,120176771.0,38463425000.0,30847285000.0,28482484000.0,7616140000.0,,,542843000.0,
PEP,77476,2015,1364891558.0,69667000000.0,57637000000.0,,12068000000.0,17578000000.0,29213000000.0,5452000000.0,970000000.0
PEP,77476,2016,1364891558.0,74129000000.0,62930000000.0,,11246000000.0,21135000000.0,30053000000.0,6329000000.0,1342000000.0
PEP,77476,2017,1364891558.0,79804000000.0,68823000000.0,,11045000000.0,20502000000.0,33796000000.0,4857000000.0,1151000000.0
PEP,77476,2018,1364891558.0,77648000000.0,63046000000.0,,14518000000.0,22138000000.0,28295000000.0,12515000000.0,1525000000.0
PEP,77476,2019,1364891558.0,78547000000.0,63679000000.0,,14786000000.0,20461000000.0,29148000000.0,1766000000.0,1135000000.0
PEP,77476,2020,1364891558.0,92918000000.0,79366000000.0,,13454000000.0,23372000000.0,40370000000.0,7120000000.0,1128000000.0
PEP,77476,2021,1364891558.0,92377000000.0,76226000000.0,,16043000000.0,26220000000.0,36026000000.0,7618000000.0,1863000000.0
PEP,77476,2022,1364891558.0,92187000000.0,74914000000.0,,17149000000.0,26785000000.0,35657000000.0,8910000000.0,939000000.0
PEP,77476,2023,1364891558.0,100495000000.0,81858000000.0,,18503000000.0,31647000000.0,37595000000.0,9074000000.0,819000000.0
PEP,77476,2024,1364891558.0,99467000000.0,81296000000.0,,18041000000.0,31536000000.0,37224000000.0,9578000000.0,919000000.0
PEP,77476,2025,1364891558.0,107399000000.0,86852000000.0,,20406000000.0,32764000000.0,42321000000.0,8240000000.0,1121000000.0
PFE,78003,2015,5699673589.0,167460000000.0,102463000000.0,,64720000000.0,29399000000.0,28818000000.0,6960000000.0,1199000000.0
PFE,78003,2016,5699673589.0,171615000000.0,111776000000.0,,59544000000.0,31115000000.0,31398000000.0,7215000000.0,1186000000.0
PFE,78003,2017,5699673589.0,171797000000.0,100141000000.0,,71308000000.0,30427000000.0,33538000000.0,21308000000.0,1270000000.0
PFE,78003,2018,5699673589.0,159422000000.0,95664000000.0,,63407000000.0,31858000000.0,32909000000.0,11153000000.0,1316000000.0
PFE,78003,2019,5699673589.0,167489000000.0,104042000000.0,,63143000000.0,37304000000.0,35955000000.0,16273000000.0,1574000000.0
PFE,78003,2020,5699673589.0,154229000000.0,90756000000.0,,63238000000.0,25920000000.0,37133000000.0,9616000000.0,1449000000.0
PFE,78003,2021,5699673589.0,181476000000.0,104013000000.0,,77201000000.0,42671000000.0,36195000000.0,21979000000.0,1291000000.0
PFE,78003,2022,5699673589.0,197205000000.0,101288000000.0,,95661000000.0,42138000000.0,32884000000.0,31372000000.0,1238000000.0
PFE,78003,2023,5699673589.0,226501000000.0,137213000000.0,,89014000000.0,47794000000.0,61538000000.0,2119000000.0,2209000000.0
PFE,78003,2024,5699673589.0,213396000000.0,124899000000.0,,88203000000.0,42995000000.0,57405000000.0,8031000000.0,3091000000.0
PFE,78003,2025,5699673589.0,208160000000.0,121385000000.0,,86476000000.0,36984000000.0,61641000000.0,7771000000.0,2671000000.0
PFG,1126328,2015,,218685900000.0,209222800000.0,,9311600000.0,,3290800000.0,1234000000.0,
PFG,1126328,2016,,228014300000.0,217623000000.0,,10227300000.0,,3125700000.0,1316500000.0,
PFG,1126328,2017,,253941200000.0,240918000000.0,,12849300000.0,,3178400000.0,2310400000.0,
PFG,1126328,2018,,243036100000.0,231188900000.0,,11390000000.0,,3259600000.0,236500000.0,
PFG,1126328,2019,,276087800000.0,261137100000.0,,14618000000.0,,3734100000.0,300900000.0,
PFG,1126328,2020,,296627700000.0,279754800000.0,,16558900000.0,,4279200000.0,472600000.0,
PFG,1126328,2021,,304657200000.0,288198900000.0,,16069400000.0,,4280200000.0,1710600000.0,
PFG,1126328,2022,,292239600000.0,281934800000.0,,10001700000.0,,3997000000.0,4811600000.0,
PFG,1126328,2023,,305046700000.0,293836100000.0,,10916000000.0,,3930900000.0,623200000.0,
PFG,1126328,2024,,313663600000.0,302194600000.0,,11086400000.0,,3955300000.0,1571000000.0,
PFG,1126328,2025,,341376500000.0,328985200000.0,,11883900000.0,,3926300000.0,1185100000.0,
PFGC,1618673,2016,157533032.0,3455400000.0,2652600000.0,,802800000.0,1316700000.0,1111600000.0,68300000.0,83900000.0
PFGC,1618673,2017,157533032.0,3804100000.0,2878600000.0,,925500000.0,1383300000.0,1241900000.0,96300000.0,54900000.0
PFGC,1618673,2018,157533032.0,4000900000.0,2865600000.0,,1135300000.0,1470000000.0,1123000000.0,198700000.0,60400000.0
PFGC,1618673,2019,157533032.0,4653500000.0,3355300000.0,,1298200000.0,1699300000.0,1202900000.0,166800000.0,65400000.0
PFGC,1618673,2020,157533032.0,7719700000.0,5709100000.0,,2010600000.0,2618700000.0,2249300000.0,-114100000.0,116900000.0
PFGC,1618673,2021,157533032.0,7845700000.0,5739600000.0,,2106100000.0,2527200000.0,2240500000.0,40700000.0,152400000.0
PFGC,1618673,2022,157533032.0,12378000000.0,9078500000.0,,3299500000.0,3633000000.0,3908800000.0,112500000.0,182900000.0
PFGC,1618673,2023,157533032.0,12499000000.0,8753500000.0,,3745500000.0,3553100000.0,3460100000.0,397200000.0,218000000.0
PFGC,1618673,2024,157533032.0,13392900000.0,9266000000.0,,4126900000.0,3758100000.0,3198500000.0,435900000.0,232200000.0
PFGC,1618673,2025,157533032.0,17881200000.0,13408800000.0,,4472400000.0,4517600000.0,5388800000.0,340200000.0,358400000.0
PFGC,1618673,2026,157533032.0,18849100000.0,13949800000.0,,4899300000.0,5158700000.0,5006800000.0,359300000.0,413700000.0
PFS,1178970,2015,130422618.0,8911657000.0,7715592000.0,5923987000.0,1196065000.0,,,21515000.0,10618000.0
PFS,1178970,2016,130422618.0,9500465000.0,8248684000.0,6553629000.0,1251781000.0,,,22567000.0,10874000.0
PFS,1178970,2017,130422618.0,9845274000.0,8546613000.0,6714166000.0,1298661000.0,,,19483000.0,11696000.0
PFS,1178970,2018,130422618.0,9725769000.0,8366789000.0,6830122000.0,1358980000.0,,,35763000.0,16589000.0
PFS,1178970,2019,130422618.0,9808578000.0,8394738000.0,7102609000.0,1413840000.0,,,25951000.0,17502000.0
PFS,1178970,2020,130422618.0,12919741000.0,11299944000.0,9837829000.0,1619797000.0,,,40567000.0,11412000.0
PFS,1178970,2021,130422618.0,13781202000.0,12084106000.0,11234012000.0,1697096000.0,,,167921000.0,36316000.0
PFS,1178970,2022,130422618.0,13783436000.0,12185733000.0,10563024000.0,1597703000.0,,,175648000.0,48629000.0
PFS,1178970,2023,130422618.0,14210810000.0,12520214000.0,10292514000.0,1690596000.0,,,128398000.0,216366000.0
PFS,1178970,2024,130422618.0,24051825000.0,21450618000.0,18623813000.0,2601207000.0,,,115525000.0,
PFS,1178970,2025,130422618.0,24980710000.0,22147498000.0,19278683000.0,2833212000.0,,,291160000.0,
PGR,80661,2015,581371770.0,29819300000.0,22065000000.0,,7289400000.0,,2707900000.0,1267600000.0,
PGR,80661,2016,581371770.0,33427500000.0,24986700000.0,,7957100000.0,,,1031000000.0,
PGR,80661,2017,581371770.0,38701200000.0,28912700000.0,,9284800000.0,,,1592200000.0,
PGR,80661,2018,581371770.0,46575000000.0,35538700000.0,,10821800000.0,,,2615300000.0,
PGR,80661,2019,581371770.0,54895300000.0,40996500000.0,,13673200000.0,,,3970300000.0,
PGR,80661,2020,581371770.0,64098300000.0,47059700000.0,,17038600000.0,,,5704600000.0,
PGR,80661,2021,581371770.0,71132300000.0,52900700000.0,,18231600000.0,,,3350900000.0,
PGR,80661,2022,581371770.0,75465000000.0,59574000000.0,,15891000000.0,,,721500000.0,
PGR,80661,2023,581371770.0,88690800000.0,68413700000.0,,20277100000.0,,,3902400000.0,
PGR,80661,2024,581371770.0,105745000000.0,80154000000.0,,25591000000.0,,,8480000000.0,
PGR,80661,2025,581371770.0,123039000000.0,92716000000.0,,30323000000.0,,,11308000000.0,
PIPR,1230245,2015,70670291.0,2138518000.0,1305698000.0,,783659000.0,,,13273000.0,
PIPR,1230245,2016,70670291.0,2125503000.0,1309237000.0,,759250000.0,,,-36985000.0,
PIPR,1230245,2017,70670291.0,2024683000.0,1283448000.0,,693332000.0,,,-46074000.0,
PIPR,1230245,2018,70670291.0,1345269000.0,614853000.0,,677444000.0,,,18184000.0,
PIPR,1230245,2019,70670291.0,1628719000.0,822191000.0,,731283000.0,,,38658000.0,
PIPR,1230245,2020,70670291.0,1997140000.0,1071058000.0,,829425000.0,,195000000.0,42160000.0,
PIPR,1230245,2021,70670291.0,2565307000.0,1338452000.0,,1062210000.0,,125000000.0,113513000.0,
PIPR,1230245,2022,70670291.0,2181557000.0,927529000.0,,1054073000.0,,125000000.0,38101000.0,
PIPR,1230245,2023,70670291.0,2140983000.0,841510000.0,,1085498000.0,,0.0,52025000.0,
PIPR,1230245,2024,70670291.0,2255936000.0,840163000.0,,1227830000.0,,,69059000.0,
PIPR,1230245,2025,70670291.0,2592646000.0,1009853000.0,,1371007000.0,,,113968000.0,
PJT,1626115,2015,24800541.0,467252000.0,125317000.0,,-110850000.0,,,-11184000.0,
PJT,1626115,2016,24800541.0,590476000.0,177060000.0,,-8560000.0,,,6745000.0,
PJT,1626115,2017,24800541.0,558965000.0,136511000.0,,-157278000.0,,,-37445000.0,
PJT,1626115,2018,24800541.0,671817000.0,184068000.0,,-86487000.0,,,7439000.0,
PJT,1626115,2019,24800541.0,952777000.0,378260000.0,,31390000.0,,,16810000.0,
PJT,1626115,2020,24800541.0,1171607000.0,483761000.0,,154259000.0,,,46112000.0,
PJT,1626115,2021,24800541.0,987625000.0,350053000.0,,120232000.0,,,106168000.0,
PJT,1626115,2022,24800541.0,1050652000.0,291094000.0,,185106000.0,,,90534000.0,
PJT,1626115,2023,24800541.0,1434978000.0,573814000.0,,244669000.0,,,81799000.0,
PJT,1626115,2024,24800541.0,1635334000.0,733691000.0,,187013000.0,,,134393000.0,
PJT,1626115,2025,24800541.0,1843250000.0,834207000.0,,308247000.0,,,180115000.0,
PLMR,1761312,2019,26317683.0,395462000.0,176906000.0,,218556000.0,,,10880000.0,1068000.0
PLMR,1761312,2020,26317683.0,729092000.0,365379000.0,,363713000.0,,,-1849000.0,1068000.0
PLMR,1761312,2021,26317683.0,925734000.0,531565000.0,,394169000.0,,,45847000.0,40000.0
PLMR,1761312,2022,26317683.0,1306450000.0,921696000.0,,384754000.0,,,52170000.0,873000.0
PLMR,1761312,2023,26317683.0,1708022000.0,1236770000.0,,471252000.0,,,79201000.0,3775000.0
PLMR,1761312,2024,26317683.0,2262220000.0,1533190000.0,,729030000.0,,,117573000.0,1138000.0
PLMR,1761312,2025,26317683.0,3050967000.0,2108300000.0,,942667000.0,,,197070000.0,392000.0
PLUS,1022408,2015,26090418.0,571546000.0,292284000.0,,279262000.0,258085000.0,,8910000.0,
PLUS,1022408,2016,26090418.0,616680000.0,297802000.0,,318878000.0,273446000.0,,9957000.0,
PLUS,1022408,2017,26090418.0,741720000.0,395802000.0,,345918000.0,376492000.0,,10490000.0,
PLUS,1022408,2018,26090418.0,758704000.0,386101000.0,,372603000.0,353300000.0,,8897000.0,
PLUS,1022408,2019,26090418.0,786198000.0,361945000.0,,424253000.0,328851000.0,,15052000.0,545000.0
PLUS,1022408,2020,26090418.0,909113000.0,422968000.0,,486145000.0,386639000.0,,13246000.0,676000.0
PLUS,1022408,2021,26090418.0,1076775000.0,514365000.0,,562410000.0,459364000.0,,74397000.0,2005000.0
PLUS,1022408,2022,26090418.0,1166203000.0,505465000.0,,660738000.0,460036000.0,,105600000.0,1903000.0
PLUS,1022408,2023,26090418.0,1414826000.0,632561000.0,,782265000.0,561326000.0,,119356000.0,4133000.0
PLUS,1022408,2024,26090418.0,1653469000.0,751690000.0,,901779000.0,656990000.0,,115776000.0,3777000.0
PLUS,1022408,2025,26090418.0,1884805000.0,907182000.0,,977623000.0,797883000.0,38773000.0,107978000.0,
PLUS,1022408,2026,26090418.0,1800952000.0,731982000.0,,1068970000.0,638143000.0,,132636000.0,
PM,1413329,2015,1558613439.0,33956000000.0,45432000000.0,,-13244000000.0,15386000000.0,,1249000000.0,1132000000.0
PM,1413329,2016,1558613439.0,36851000000.0,47751000000.0,,-12688000000.0,16467000000.0,,1711000000.0,1069000000.0
PM,1413329,2017,1558613439.0,42968000000.0,53198000000.0,,-12086000000.0,15962000000.0,,694000000.0,1096000000.0
PM,1413329,2018,1558613439.0,39801000000.0,50540000000.0,,-12459000000.0,17191000000.0,,1910000000.0,855000000.0
PM,1413329,2019,1558613439.0,42875000000.0,52474000000.0,,-11577000000.0,18833000000.0,,1616000000.0,796000000.0
PM,1413329,2020,1558613439.0,44815000000.0,55446000000.0,,-12567000000.0,19615000000.0,,1976000000.0,728000000.0
PM,1413329,2021,1558613439.0,41290000000.0,49498000000.0,,-10106000000.0,19255000000.0,,9109000000.0,737000000.0
PM,1413329,2022,1558613439.0,61681000000.0,67992000000.0,,-8957000000.0,27336000000.0,,9048000000.0,768000000.0
PM,1413329,2023,1558613439.0,65304000000.0,74750000000.0,,-11225000000.0,26383000000.0,,7813000000.0,1526000000.0
PM,1413329,2024,1558613439.0,61784000000.0,71654000000.0,,-11750000000.0,22915000000.0,,7057000000.0,
PM,1413329,2025,1558613439.0,69185000000.0,77213000000.0,,-9994000000.0,25427000000.0,,11348000000.0,
PNC,713676,2015,398943667.0,358493000000.0,312513000000.0,249002000000.0,44710000000.0,,,,1045000000.0
PNC,713676,2016,398943667.0,366380000000.0,319526000000.0,257164000000.0,45699000000.0,,,,1261000000.0
PNC,713676,2017,398943667.0,380768000000.0,333183000000.0,265053000000.0,47513000000.0,,,,1706000000.0
PNC,713676,2018,398943667.0,382315000000.0,334545000000.0,267839000000.0,47728000000.0,,,,2861000000.0
PNC,713676,2019,398943667.0,410295000000.0,360952000000.0,288540000000.0,49314000000.0,,,,3797000000.0
PNC,713676,2020,398943667.0,466679000000.0,412638000000.0,365345000000.0,54010000000.0,,,,1361000000.0
PNC,713676,2021,398943667.0,557191000000.0,501465000000.0,457278000000.0,55695000000.0,,,,487000000.0
PNC,713676,2022,398943667.0,557263000000.0,511451000000.0,436282000000.0,45774000000.0,,58726000000.0,,2422000000.0
PNC,713676,2023,398943667.0,561580000000.0,510439000000.0,421418000000.0,51105000000.0,,72737000000.0,,10392000000.0
PNC,713676,2024,398943667.0,560038000000.0,505569000000.0,426738000000.0,54425000000.0,,61673000000.0,,
PNC,713676,2025,398943667.0,573572000000.0,512936000000.0,440866000000.0,60585000000.0,,57101000000.0,,
PNFP,2082866,2025,151112640.0,57706053000.0,50662338000.0,,7043715000.0,,,641865000.0,
POOL,945841,2015,,936031000.0,677623000.0,,255743000.0,304845000.0,328015000.0,2486000.0,
POOL,945841,2016,,994095000.0,786598000.0,,205210000.0,296220000.0,436937000.0,2615000.0,
POOL,945841,2017,,1101062000.0,877916000.0,,223146000.0,321566000.0,508815000.0,25665000.0,
POOL,945841,2018,,1240871000.0,1017281000.0,,223590000.0,305610000.0,657593000.0,16811000.0,
POOL,945841,2019,,1483266000.0,1073086000.0,,410180000.0,390846000.0,499662000.0,261575000.0,
POOL,945841,2020,,1739670000.0,1100200000.0,,639470000.0,483249000.0,404149000.0,59174000.0,
POOL,945841,2021,,3230131000.0,2158738000.0,,1071393000.0,744416000.0,1171578000.0,107609000.0,
POOL,945841,2022,,3565437000.0,2330243000.0,,1235194000.0,675714000.0,1361761000.0,71863000.0,
POOL,945841,2023,,3428068000.0,2115281000.0,,1312787000.0,770766000.0,1015117000.0,51437000.0,
POOL,945841,2024,,3368184000.0,2094719000.0,,1273465000.0,844186000.0,900883000.0,434325000.0,
POOL,945841,2025,,3626126000.0,2440897000.0,,1185229000.0,880285000.0,1186424000.0,406404000.0,
POST,1530950,2015,43956805.0,9220400000.0,6244400000.0,,2976000000.0,611000000.0,4511400000.0,-72500000.0,287500000.0
POST,1530950,2016,43956805.0,9360600000.0,6352000000.0,,3008600000.0,634000000.0,4551200000.0,-37000000.0,306500000.0
POST,1530950,2017,43956805.0,11876800000.0,9087100000.0,,2780000000.0,704400000.0,7149100000.0,14200000.0,314800000.0
POST,1530950,2018,43956805.0,13057500000.0,9997000000.0,,3050400000.0,792100000.0,7232100000.0,-15600000.0,387300000.0
POST,1530950,2019,43956805.0,11951600000.0,9014300000.0,,2925900000.0,802900000.0,7066000000.0,-61100000.0,322400000.0
POST,1530950,2020,43956805.0,12146700000.0,9317700000.0,,2854500000.0,974400000.0,6959000000.0,57000000.0,388600000.0
POST,1530950,2021,43956805.0,12414700000.0,9355500000.0,,2742400000.0,1049200000.0,6922800000.0,166700000.0,375800000.0
POST,1530950,2022,43956805.0,11308000000.0,7735700000.0,,3254000000.0,823800000.0,5956600000.0,756600000.0,317800000.0
POST,1530950,2023,43956805.0,11646700000.0,7795400000.0,,3842100000.0,805300000.0,6039000000.0,301300000.0,279100000.0
POST,1530950,2024,43956805.0,13528400000.0,9764600000.0,,3753100000.0,1213100000.0,7421700000.0,335700000.0,361400000.0
POWW,1015383,2015,116015357.0,,,,-318815.0,318815.0,,-20031.0,-15861.0
POWW,1015383,2016,116015357.0,,625575.0,,-625575.0,625575.0,,-333488.0,-14094.0
POWW,1015383,2017,116015357.0,4917504.0,,,2503957.0,2413547.0,,-5788901.0,532752.0
POWW,1015383,2019,116015357.0,43587164.0,14058231.0,,29528933.0,4482375.0,,-11709412.0,
POWW,1015383,2020,116015357.0,41105736.0,21846943.0,,19258793.0,12225609.0,,-14556680.0,
POWW,1015383,2021,116015357.0,179379341.0,19031812.0,,160347529.0,12098493.0,,-7812294.0,
POWW,1015383,2022,116015357.0,414178313.0,39874747.0,,374303566.0,35823311.0,,33247436.0,
POWW,1015383,2023,116015357.0,412335387.0,39739302.0,,372596085.0,25463399.0,,-4596038.0,
POWW,1015383,2024,116015357.0,403039335.0,44989484.0,1600000.0,358049851.0,30975049.0,20000000.0,-5217802.0,
POWW,1015383,2025,116015357.0,297329629.0,75303066.0,,222026563.0,62092917.0,,-130833600.0,
POWW,1015383,2026,116015357.0,267483770.0,32528667.0,,234955103.0,20720534.0,,-3537641.0,
PRG,1808834,2020,39831633.0,1317404000.0,331268000.0,,986136000.0,,50000000.0,40818000.0,187000.0
PRG,1808834,2021,39831633.0,1621761000.0,942353000.0,,679408000.0,,589654000.0,243557000.0,5323000.0
PRG,1808834,2022,39831633.0,1491909000.0,921448000.0,,570461000.0,,590966000.0,98709000.0,37401000.0
PRG,1808834,2023,39831633.0,1491255000.0,899924000.0,,591331000.0,,592265000.0,138838000.0,
PRG,1808834,2024,39831633.0,1513767000.0,863486000.0,,650281000.0,,643563000.0,197249000.0,
PRG,1808834,2025,39831633.0,1610408000.0,863991000.0,,746417000.0,,594861000.0,146788000.0,
PRI,1475922,2015,30777350.0,10612119000.0,9466347000.0,,,,,,33507000.0
PRI,1475922,2016,30777350.0,11438943000.0,10217569000.0,,1221374000.0,,,56873000.0,28691000.0
PRI,1475922,2017,30777350.0,12460703000.0,11041602000.0,,1419101000.0,,,168443000.0,28488000.0
PRI,1475922,2018,30777350.0,12595048000.0,11133535000.0,,1461513000.0,,,86541000.0,28809000.0
PRI,1475922,2019,30777350.0,13688531000.0,12036040000.0,,1652491000.0,,,93557000.0,28811000.0
PRI,1475922,2020,30777350.0,14905285000.0,13069400000.0,,1835885000.0,,,386164000.0,28839000.0
PRI,1475922,2021,30777350.0,16123223000.0,14033440000.0,,2082512000.0,,,373357000.0,30618000.0
PRI,1475922,2022,30777350.0,15348877000.0,13627378000.0,,1721499000.0,,,373012000.0,27237000.0
PRI,1475922,2023,30777350.0,15027732000.0,12961765000.0,,2065967000.0,,,576601000.0,26594000.0
PRI,1475922,2024,30777350.0,14582022000.0,12322981000.0,,2259041000.0,,,470518000.0,
PRI,1475922,2025,30777350.0,15012336000.0,12566434000.0,,2445902000.0,,,,
PRK,805676,2015,18064161.0,7311354000.0,6597999000.0,5347642000.0,,,738105000.0,81012000.0,37442000.0
PRK,805676,2016,18064161.0,7467586000.0,6725346000.0,5521956000.0,,,694281000.0,86135000.0,38172000.0
PRK,805676,2017,18064161.0,7537620000.0,6781519000.0,5817326000.0,,,500000000.0,84242000.0,42665000.0
PRK,805676,2018,18064161.0,7804308000.0,6971802000.0,6260860000.0,,,400000000.0,110387000.0,43903000.0
PRK,805676,2019,18064161.0,8558377000.0,7589363000.0,7052612000.0,,,192500000.0,23936000.0,14820000.0
PRK,805676,2020,18064161.0,9279021000.0,8238765000.0,7572358000.0,,,32500000.0,45200000.0,5479000.0
PRK,805676,2021,18064161.0,9560254000.0,8449495000.0,7904528000.0,,,,153945000.0,15960000.0
PRK,805676,2022,18064161.0,9854993000.0,8785767000.0,8234715000.0,,,,148351000.0,31188000.0
PRK,805676,2023,18064161.0,9836453000.0,8691160000.0,8042566000.0,,,,126734000.0,98557000.0
PRK,805676,2024,18064161.0,9805350000.0,8561502000.0,8143526000.0,,,,151420000.0,
PRK,805676,2025,18064161.0,9805013000.0,8452220000.0,8243713000.0,,,,180073000.0,
PRU,1137774,2015,345000000.0,757388000000.0,715465000000.0,,41890000000.0,,19727000000.0,735000000.0,1306000000.0
PRU,1137774,2016,345000000.0,783962000000.0,737874000000.0,,45863000000.0,,18041000000.0,284000000.0,1320000000.0
PRU,1137774,2017,345000000.0,831921000000.0,777577000000.0,,54069000000.0,,17172000000.0,3765000000.0,1327000000.0
PRU,1137774,2018,345000000.0,815078000000.0,766047000000.0,,48617000000.0,,17378000000.0,842000000.0,1420000000.0
PRU,1137774,2019,345000000.0,896552000000.0,832833000000.0,,63115000000.0,,18646000000.0,1128000000.0,1550000000.0
PRU,1137774,2020,345000000.0,940722000000.0,872512000000.0,,67425000000.0,,19718000000.0,819000000.0,1574000000.0
PRU,1137774,2021,345000000.0,937582000000.0,874974000000.0,,61876000000.0,,18622000000.0,7724000000.0,1478000000.0
PRU,1137774,2022,345000000.0,689917000000.0,672709000000.0,,16250000000.0,,19908000000.0,-1438000000.0,1596000000.0
PRU,1137774,2023,345000000.0,721123000000.0,691336000000.0,,27820000000.0,,18882000000.0,1317000000.0,1762000000.0
PRU,1137774,2024,345000000.0,735587000000.0,705461000000.0,,27872000000.0,,19187000000.0,2727000000.0,2030000000.0
PRU,1137774,2025,345000000.0,773740000000.0,738159000000.0,,32438000000.0,,18856000000.0,3576000000.0,
PSIX,1137091,2015,23065450.0,359936000.0,253639000.0,,106297000.0,99262000.0,53820000.0,1704000.0,4327000.0
PSIX,1137091,2017,23065450.0,247019000.0,214847000.0,,32172000.0,126654000.0,54439000.0,-6130000.0,1703000.0
PSIX,1137091,2018,23065450.0,289882000.0,308460000.0,,-18578000.0,220631000.0,54712000.0,-9898000.0,2203000.0
PSIX,1137091,2019,23065450.0,313672000.0,285175000.0,,28497000.0,181587000.0,55657000.0,8248000.0,7871000.0
PSIX,1137091,2020,23065450.0,283977000.0,277880000.0,,6097000.0,239476000.0,781000.0,-22982000.0,5714000.0
PSIX,1137091,2021,23065450.0,300538000.0,342561000.0,,-42023000.0,283311000.0,25636000.0,-48472000.0,7307000.0
PSIX,1137091,2022,23065450.0,319913000.0,350285000.0,,-30372000.0,319267000.0,5029000.0,11270000.0,13028000.0
PSIX,1137091,2023,23065450.0,284303000.0,288220000.0,,-3917000.0,248301000.0,90000.0,26306000.0,17069000.0
PSIX,1137091,2024,23065450.0,328182000.0,262932000.0,,65250000.0,227567000.0,38000.0,69279000.0,
PSIX,1137091,2025,23065450.0,424745000.0,246136000.0,,178609000.0,92278000.0,10000.0,113987000.0,
PSX,1534701,2015,399020916.0,48580000000.0,24642000000.0,,23100000000.0,7531000000.0,1100000000.0,4227000000.0,
PSX,1534701,2016,399020916.0,51653000000.0,27928000000.0,,22390000000.0,9463000000.0,,163000000.0,
PSX,1534701,2017,399020916.0,54371000000.0,26943000000.0,,25085000000.0,10107000000.0,,3198000000.0,
PSX,1534701,2018,399020916.0,54302000000.0,27149000000.0,,24653000000.0,8935000000.0,,2240000000.0,
PSX,1534701,2019,399020916.0,58720000000.0,31551000000.0,,24910000000.0,11646000000.0,,736000000.0,
PSX,1534701,2020,399020916.0,54721000000.0,33198000000.0,,18984000000.0,9518000000.0,,-539000000.0,
PSX,1534701,2021,399020916.0,55594000000.0,33957000000.0,,19166000000.0,12801000000.0,,1317000000.0,
PSX,1534701,2022,399020916.0,76442000000.0,42336000000.0,,29494000000.0,15889000000.0,,11024000000.0,
PSX,1534701,2023,399020916.0,75501000000.0,43851000000.0,,30583000000.0,15856000000.0,,7015000000.0,
PSX,1534701,2024,399020916.0,72582000000.0,44119000000.0,,27408000000.0,15087000000.0,,2117000000.0,
PSX,1534701,2025,399020916.0,73680000000.0,43439000000.0,,29093000000.0,13326000000.0,,4403000000.0,
PYPL,1633917,2015,,28881000000.0,15122000000.0,,13759000000.0,13617000000.0,,367000000.0,
PYPL,1633917,2016,,33103000000.0,18391000000.0,,14712000000.0,16878000000.0,,390000000.0,
PYPL,1633917,2017,,40774000000.0,24780000000.0,,15994000000.0,22863000000.0,,620000000.0,
PYPL,1633917,2018,,43332000000.0,27946000000.0,,15386000000.0,25904000000.0,,584000000.0,77000000.0
PYPL,1633917,2019,,51333000000.0,34404000000.0,,16885000000.0,26919000000.0,4965000000.0,507000000.0,115000000.0
PYPL,1633917,2020,,70379000000.0,50316000000.0,,20019000000.0,38447000000.0,8939000000.0,1567000000.0,209000000.0
PYPL,1633917,2021,,75803000000.0,54076000000.0,,21727000000.0,43029000000.0,8049000000.0,4169000000.0,232000000.0
PYPL,1633917,2022,,78717000000.0,58443000000.0,,20274000000.0,45101000000.0,10417000000.0,2419000000.0,304000000.0
PYPL,1633917,2023,,82166000000.0,61115000000.0,,21051000000.0,48466000000.0,9676000000.0,4246000000.0,347000000.0
PYPL,1633917,2024,,81611000000.0,61194000000.0,,20417000000.0,48376000000.0,9879000000.0,4147000000.0,
PYPL,1633917,2025,,80173000000.0,59917000000.0,,20256000000.0,46443000000.0,9987000000.0,5233000000.0,
RCL,884887,2016,267452084.0,22310324000.0,,,9121412000.0,4441601000.0,,261086000.0,307370000.0
RCL,884887,2017,267452084.0,22296317000.0,,,10702303000.0,4790264000.0,,288039000.0,299982000.0
RCL,884887,2018,267452084.0,27698270000.0,16050789000.0,,11105461000.0,7112165000.0,,315703000.0,333672000.0
RCL,884887,2019,267452084.0,30320284000.0,17586457000.0,,12163846000.0,7952896000.0,,273136000.0,408513000.0
RCL,884887,2020,267452084.0,32465187000.0,23704518000.0,,8760669000.0,4537121000.0,,-1366935000.0,844238000.0
RCL,884887,2021,267452084.0,32258355000.0,27172799000.0,,5085556000.0,7285683000.0,,-5260499000.0,1291753000.0
RCL,884887,2022,267452084.0,33776361000.0,30907549000.0,,2868812000.0,8573464000.0,,-2155962000.0,1364162000.0
RCL,884887,2023,267452084.0,35131000000.0,30232000000.0,,4724000000.0,9401000000.0,,1697000000.0,1402000000.0
RCL,884887,2024,267452084.0,37070000000.0,29335000000.0,,7563000000.0,9817000000.0,,2877000000.0,
RCL,884887,2025,267452084.0,41619000000.0,31374000000.0,,10037000000.0,12055000000.0,,4268000000.0,
RDN,890926,2015,132301318.0,5642100000.0,3145169000.0,,2496931000.0,,1219454000.0,74528000.0,91102000.0
RDN,890926,2016,132301318.0,5863174000.0,2990888000.0,,2872286000.0,,1069537000.0,61089000.0,81132000.0
RDN,890926,2017,132301318.0,5900881000.0,2900843000.0,,3000038000.0,,1027074000.0,6816000.0,62761000.0
RDN,890926,2018,132301318.0,6314652000.0,2825937000.0,,3488715000.0,,,139779000.0,61490000.0
RDN,890926,2019,132301318.0,6808313000.0,2759590000.0,,4048723000.0,,,161184000.0,56310000.0
RDN,890926,2020,132301318.0,7948021000.0,3663668000.0,,4284353000.0,,,148013000.0,71150000.0
RDN,890926,2021,132301318.0,7839185000.0,3580389000.0,,4258796000.0,,,600671000.0,84344000.0
RDN,890926,2022,132301318.0,7063729000.0,3144402000.0,,3919327000.0,,,742934000.0,84454000.0
RDN,890926,2023,132301318.0,7593933000.0,3196128000.0,,4397805000.0,,,603119000.0,89695000.0
RDN,890926,2024,132301318.0,8663988000.0,4040130000.0,,4623858000.0,,,604440000.0,108014000.0
RDN,890926,2025,132301318.0,8122397000.0,3340883000.0,,4781514000.0,,,154843000.0,68290000.0
RELL,355948,2015,10796094.0,184994000.0,28342000.0,,156652000.0,25912000.0,,-2221000.0,
RELL,355948,2016,10796094.0,168130000.0,26455000.0,,141675000.0,24031000.0,,-155000.0,
RELL,355948,2017,10796094.0,157464000.0,25137000.0,,132327000.0,24244000.0,,-125000.0,
RELL,355948,2018,10796094.0,166329000.0,31148000.0,,135181000.0,29946000.0,,1739000.0,
RELL,355948,2019,10796094.0,153017000.0,29260000.0,,123757000.0,28216000.0,,-6377000.0,
RELL,355948,2020,10796094.0,150720000.0,32060000.0,,118660000.0,29181000.0,,-1280000.0,
RELL,355948,2021,10796094.0,156753000.0,35193000.0,,121560000.0,32227000.0,,1885000.0,
RELL,355948,2022,10796094.0,179819000.0,43972000.0,,135847000.0,41206000.0,,8283000.0,
RELL,355948,2023,10796094.0,198048000.0,38728000.0,,159320000.0,36589000.0,,4120000.0,
RELL,355948,2024,10796094.0,192445000.0,34493000.0,,157952000.0,32031000.0,,-119000.0,
RELL,355948,2025,10796094.0,195835000.0,39176000.0,,156659000.0,36786000.0,,1075000.0,
RELL,355948,2026,10796094.0,202017000.0,38316000.0,,163701000.0,36369000.0,,6383000.0,
RELY,1782170,2021,211684054.0,625664000.0,145336000.0,,480328000.0,141616000.0,,-38756000.0,1256000.0
RELY,1782170,2022,211684054.0,695953000.0,215866000.0,,480087000.0,209142000.0,,-114019000.0,1302000.0
RELY,1782170,2023,211684054.0,1036306000.0,506969000.0,,529337000.0,366839000.0,130000000.0,-117840000.0,2352000.0
RELY,1782170,2024,211684054.0,1012871000.0,347400000.0,,665471000.0,329008000.0,0.0,-36978000.0,
RELY,1782170,2025,211684054.0,1458713000.0,589924000.0,,868789000.0,399052000.0,155000000.0,67933000.0,
RF,1281761,2015,851929506.0,126050000000.0,109206000000.0,98430000000.0,16844000000.0,,8349000000.0,1062000000.0,268000000.0
RF,1281761,2016,851929506.0,125968000000.0,109304000000.0,99035000000.0,16664000000.0,,7763000000.0,1163000000.0,313000000.0
RF,1281761,2017,851929506.0,124294000000.0,108102000000.0,96889000000.0,16192000000.0,,8132000000.0,1263000000.0,373000000.0
RF,1281761,2018,851929506.0,125688000000.0,110598000000.0,94491000000.0,15090000000.0,,12424000000.0,1759000000.0,602000000.0
RF,1281761,2019,851929506.0,126240000000.0,109945000000.0,97475000000.0,16295000000.0,,7879000000.0,1582000000.0,851000000.0
RF,1281761,2020,851929506.0,147389000000.0,129278000000.0,122479000000.0,18111000000.0,,3569000000.0,1094000000.0,368000000.0
RF,1281761,2021,851929506.0,162938000000.0,144612000000.0,139072000000.0,18326000000.0,,2407000000.0,2521000000.0,167000000.0
RF,1281761,2022,851929506.0,155220000000.0,139269000000.0,131743000000.0,15947000000.0,,2284000000.0,2245000000.0,316000000.0
RF,1281761,2023,851929506.0,152194000000.0,134701000000.0,127788000000.0,17429000000.0,,2330000000.0,2074000000.0,1577000000.0
RF,1281761,2024,851929506.0,157302000000.0,139392000000.0,127603000000.0,17879000000.0,,5993000000.0,1893000000.0,
RF,1281761,2025,851929506.0,158814000000.0,139711000000.0,131128000000.0,19043000000.0,,4134000000.0,2156000000.0,
RGA,898174,2015,65301665.0,50383152000.0,44247771000.0,,6135381000.0,,2297548000.0,163127000.0,142863000.0
RGA,898174,2016,65301665.0,53097879000.0,46004797000.0,,7093082000.0,,3088635000.0,190149000.0,137623000.0
RGA,898174,2017,65301665.0,60514818000.0,50945283000.0,,9569535000.0,,2788365000.0,1216888000.0,146025000.0
RGA,898174,2018,65301665.0,64535245000.0,56084692000.0,,8450553000.0,,2787873000.0,110039000.0,147355000.0
RGA,898174,2019,65301665.0,76731000000.0,65130000000.0,,11601000000.0,,2981000000.0,235000000.0,173000000.0
RGA,898174,2020,65301665.0,84656000000.0,70304000000.0,,14352000000.0,,3573000000.0,132000000.0,170000000.0
RGA,898174,2021,65301665.0,92175000000.0,79161000000.0,,13014000000.0,,3667000000.0,156000000.0,127000000.0
RGA,898174,2022,65301665.0,84706000000.0,80471000000.0,,4145000000.0,,3961000000.0,623000000.0,184000000.0
RGA,898174,2023,65301665.0,97623000000.0,88452000000.0,,9081000000.0,,4427000000.0,902000000.0,257000000.0
RGA,898174,2024,65301665.0,118675000000.0,107769000000.0,,10816000000.0,,5042000000.0,717000000.0,304000000.0
RGA,898174,2025,65301665.0,156590000000.0,143039000000.0,,13461000000.0,,5710000000.0,1182000000.0,366000000.0
RITM,1556593,2015,558407031.0,15192722000.0,12206142000.0,,2795933000.0,,11305998000.0,,80605000.0
RITM,1556593,2016,558407031.0,18365035000.0,14896858000.0,,3260100000.0,,13208783000.0,,95023000.0
RITM,1556593,2017,558407031.0,22213562000.0,17417400000.0,,4690205000.0,,15760970000.0,,122201000.0
RITM,1556593,2018,558407031.0,31691013000.0,25602718000.0,,5997670000.0,,22673065000.0,,185324000.0
RITM,1556593,2019,558407031.0,44863454000.0,37627194000.0,,7157710000.0,,35650844000.0,,247013000.0
RITM,1556593,2020,558407031.0,33252114000.0,27822430000.0,,5321016000.0,,25769365000.0,,584469000.0
RITM,1556593,2021,558407031.0,39742190000.0,33072810000.0,,6604032000.0,,29823486000.0,,497308000.0
RITM,1556593,2022,558407031.0,32479336000.0,25469268000.0,,6943001000.0,,22010631000.0,,791001000.0
RITM,1556593,2023,558407031.0,39717084000.0,32616046000.0,,7006942000.0,,26962410000.0,,1421254000.0
RITM,1556593,2024,558407031.0,46048957000.0,38162647000.0,,7794974000.0,,32551279000.0,,
RITM,1556593,2025,558407031.0,53063126000.0,43808416000.0,,8430487000.0,,35443392000.0,697057000.0,
RJF,720005,2015,192361711.0,26479684000.0,21693586000.0,11919881000.0,4522031000.0,,,502140000.0,107954000.0
RJF,720005,2016,192361711.0,31593733000.0,26443817000.0,14262547000.0,4914096000.0,,,529350000.0,117077000.0
RJF,720005,2017,192361711.0,34883456000.0,29190105000.0,17732362000.0,5581713000.0,,,636235000.0,153778000.0
RJF,720005,2018,192361711.0,37412924000.0,30960578000.0,19941507000.0,6368461000.0,,,856695000.0,201503000.0
RJF,720005,2019,192361711.0,38830000000.0,32187000000.0,22281000000.0,6581000000.0,,,1034000000.0,283000000.0
RJF,720005,2020,192361711.0,47482000000.0,40306000000.0,26801000000.0,7114000000.0,,,818000000.0,178000000.0
RJF,720005,2021,192361711.0,61891000000.0,53588000000.0,32495000000.0,8245000000.0,,,1403000000.0,150000000.0
RJF,720005,2022,192361711.0,80951000000.0,71519000000.0,51357000000.0,9458000000.0,,,1509000000.0,305000000.0
RJF,720005,2023,192361711.0,78360000000.0,68173000000.0,54199000000.0,10214000000.0,,,1739000000.0,1373000000.0
RJF,720005,2024,192361711.0,82992000000.0,71325000000.0,56010000000.0,11673000000.0,,,2068000000.0,
RJF,720005,2025,192361711.0,88230000000.0,75726000000.0,58897000000.0,12503000000.0,,,2135000000.0,
RLBY,34285,2015,46707790.0,11924.0,65898.0,,-53974.0,15898.0,,-30175.0,
RLBY,34285,2016,46707790.0,30479.0,114479.0,,-84000.0,24479.0,,-30026.0,
RLBY,34285,2017,46707790.0,8043.0,121194.0,,-113151.0,7670.0,,-29151.0,9000.0
RLBY,34285,2018,46707790.0,8098.0,154043.0,,-145945.0,88825.0,,-32794.0,9558.0
RLBY,34285,2019,46707790.0,14276000.0,11999000.0,,2590000.0,10254000.0,,195000.0,438000.0
RLBY,34285,2020,46707790.0,12284000.0,10767000.0,,1517000.0,5517000.0,,-789000.0,281000.0
RLBY,34285,2021,46707790.0,14288000.0,4878000.0,,9410000.0,4878000.0,,7893000.0,39000.0
RLBY,34285,2022,46707790.0,13490000.0,,,8671000.0,4819000.0,,-739000.0,171000.0
RLBY,34285,2023,46707790.0,9786000.0,1855000.0,,7931000.0,1855000.0,,-740000.0,92000.0
RLBY,34285,2024,46707790.0,11556000.0,4219000.0,,7337000.0,4198000.0,,-594000.0,108000.0
RLBY,34285,2025,46707790.0,8845000.0,2172000.0,,6673000.0,2156000.0,,-664000.0,105000.0
RLI,84246,2015,91772970.0,2736579000.0,1913110000.0,,823469000.0,,,,
RLI,84246,2016,91772970.0,2777633000.0,1954061000.0,,823572000.0,,,,
RLI,84246,2017,91772970.0,2947244000.0,2093646000.0,,853598000.0,,,,
RLI,84246,2018,91772970.0,3105065000.0,2298223000.0,,806842000.0,,,-20660000.0,
RLI,84246,2019,91772970.0,3545721000.0,2550333000.0,,995388000.0,,,53378000.0,
RLI,84246,2020,91772970.0,3938485000.0,2802507000.0,,1135978000.0,,,157091000.0,
RLI,84246,2021,91772970.0,4508302000.0,3278941000.0,,1229361000.0,,199676000.0,279354000.0,
RLI,84246,2022,91772970.0,4767068000.0,3589727000.0,,1177341000.0,,,583411000.0,
RLI,84246,2023,91772970.0,5180221000.0,3766707000.0,,1413514000.0,,100000000.0,304611000.0,
RLI,84246,2024,91772970.0,5628802000.0,4106835000.0,,1521967000.0,,,345779000.0,
RLI,84246,2025,91772970.0,6161486000.0,4383290000.0,,1778196000.0,,,403337000.0,
RMCF,1616262,2015,9439587.0,34138213.0,,,19737855.0,8287372.0,5083479.0,1386772.0,243188.0
RMCF,1616262,2016,9439587.0,30315725.0,,,18478908.0,8005691.0,3831126.0,2442351.0,216600.0
RMCF,1616262,2017,9439587.0,29418356.0,,,18828857.0,8060259.0,2529240.0,731670.0,170351.0
RMCF,1616262,2018,9439587.0,28940635.0,,,19556603.0,8207616.0,1176416.0,470896.0,121244.0
RMCF,1616262,2019,9439587.0,26222141.0,,,20389832.0,4735831.0,1176416.0,385679.0,70787.0
RMCF,1616262,2020,9439587.0,27817388.0,,,19355511.0,5606822.0,,-524228.0,19016.0
RMCF,1616262,2021,9439587.0,24951152.0,,,18967569.0,3780320.0,,2167793.0,94506.0
RMCF,1616262,2022,9439587.0,26880761.0,,,19399926.0,5311732.0,,359211.0,0.0
RMCF,1616262,2023,9439587.0,21986827.0,,,14370164.0,5010226.0,,-1712672.0,10431.0
RMCF,1616262,2024,9439587.0,20577218.0,9941059.0,,10636159.0,8071796.0,,-4171883.0,53397.0
RMCF,1616262,2025,9439587.0,21175000.0,14200000.0,,6975000.0,6869000.0,,-6122000.0,454000.0
RMCF,1616262,2026,9439587.0,20212000.0,14983000.0,,5229000.0,6786000.0,,-4560000.0,840000.0
RNR,913144,2015,41551893.0,11560871000.0,5782723000.0,,4732184000.0,,966079000.0,97801000.0,10359000.0
RNR,913144,2016,41551893.0,12352082000.0,6309911000.0,,4866577000.0,,948663000.0,75031000.0,10534000.0
RNR,913144,2017,41551893.0,15226131000.0,9538250000.0,,4391375000.0,,989623000.0,2143000.0,11777000.0
RNR,913144,2018,41551893.0,18676196000.0,11579416000.0,,5045080000.0,,991127000.0,-74717000.0,11765000.0
RNR,913144,2019,41551893.0,26330094000.0,17287419000.0,,5971367000.0,,1384105000.0,42962000.0,15496000.0
RNR,913144,2020,41551893.0,30820580000.0,19872013000.0,,7560248000.0,,1136265000.0,197101000.0,11841000.0
RNR,913144,2021,41551893.0,33959502000.0,23781168000.0,,6624281000.0,,1168353000.0,-40155000.0,47536000.0
RNR,913144,2022,41551893.0,36552878000.0,26692215000.0,,5325274000.0,,1170442000.0,-1061203000.0,48335000.0
RNR,913144,2023,41551893.0,49007105000.0,33451316000.0,,9454958000.0,,1958655000.0,2561132000.0,73181000.0
RNR,913144,2024,41551893.0,50707550000.0,33155789000.0,,10574012000.0,,1886689000.0,1870360000.0,
RNR,913144,2025,41551893.0,53800390000.0,34589641000.0,,11608657000.0,,2329201000.0,2682334000.0,
RNST,715072,2015,91404465.0,7926496000.0,6889678000.0,6218602000.0,1036818000.0,,148217000.0,21160000.0,5437000.0
RNST,715072,2016,91404465.0,8699851000.0,7466968000.0,7059137000.0,1232883000.0,,202459000.0,23635000.0,7791000.0
RNST,715072,2017,91404465.0,9829981000.0,8314998000.0,7921075000.0,1514983000.0,,207546000.0,16511000.0,11325000.0
RNST,715072,2018,91404465.0,12934878000.0,10890965000.0,10128557000.0,2043913000.0,,263618000.0,44420000.0,21648000.0
RNST,715072,2019,91404465.0,13400618000.0,11274929000.0,10213168000.0,2125689000.0,,376507000.0,38415000.0,24263000.0
RNST,715072,2020,91404465.0,14929612000.0,12796879000.0,12059081000.0,2132733000.0,,474970000.0,31521000.0,13799000.0
RNST,715072,2021,91404465.0,16810311000.0,14600458000.0,13905724000.0,2209853000.0,,471209000.0,175892000.0,44684000.0
RNST,715072,2022,91404465.0,16988176000.0,14852160000.0,13486966000.0,2136016000.0,,428133000.0,166068000.0,60512000.0
RNST,715072,2023,91404465.0,17360535000.0,15063152000.0,14076785000.0,2297383000.0,,429400000.0,144678000.0,277992000.0
RNST,715072,2024,91404465.0,18034868000.0,15356550000.0,14572612000.0,2678318000.0,,430614000.0,195457000.0,
RNST,715072,2025,91404465.0,26751426000.0,22866521000.0,21473070000.0,3884905000.0,,499756000.0,181272000.0,
RS,861884,2015,,7121600000.0,,,3914100000.0,989700000.0,1427900000.0,,84300000.0
RS,861884,2016,,7411300000.0,,,4148800000.0,656000000.0,1846700000.0,,84600000.0
RS,861884,2017,,7751000000.0,,,4667100000.0,703700000.0,1809400000.0,,73900000.0
RS,861884,2018,,8044900000.0,,,4671600000.0,699100000.0,2138500000.0,,86200000.0
RS,861884,2019,,8131100000.0,,,5206600000.0,675300000.0,1523600000.0,,85000000.0
RS,861884,2020,,8106800000.0,,,5115400000.0,613000000.0,1638900000.0,,62900000.0
RS,861884,2021,,9536000000.0,,,6086500000.0,1065000000.0,1642000000.0,,62700000.0
RS,861884,2022,,10329900000.0,,,7087400000.0,1375300000.0,1139400000.0,,62300000.0
RS,861884,2023,,10480300000.0,2747500000.0,,7722300000.0,843600000.0,1141900000.0,,40100000.0
RS,861884,2024,,10021800000.0,2791200000.0,,7219600000.0,1213000000.0,742800000.0,,
RS,861884,2025,,10373300000.0,3193800000.0,,7170100000.0,848100000.0,1420200000.0,739400000.0,
RUN,1469367,2015,240846982.0,2738146000.0,1931447000.0,,554069000.0,253167000.0,532910000.0,-28246000.0,
RUN,1469367,2016,240846982.0,3572818000.0,2510725000.0,,672961000.0,244784000.0,883870000.0,91687000.0,
RUN,1469367,2017,240846982.0,3927874000.0,2638063000.0,,811998000.0,335031000.0,1273416000.0,124525000.0,
RUN,1469367,2018,240846982.0,4749787000.0,3340703000.0,,948707000.0,372191000.0,1713438000.0,-5888000.0,
RUN,1469367,2019,240846982.0,5806341000.0,4168344000.0,,964731000.0,530094000.0,2219592000.0,12500000.0,
RUN,1469367,2020,240846982.0,14382943000.0,7093572000.0,,6077911000.0,901356000.0,,-173394000.0,
RUN,1469367,2021,240846982.0,16483252000.0,8910665000.0,,6254736000.0,1012120000.0,,-79423000.0,
RUN,1469367,2022,240846982.0,19268805000.0,11089788000.0,,6708122000.0,1155451000.0,,173377000.0,
RUN,1469367,2023,240846982.0,20450237000.0,13536224000.0,,5230228000.0,1488159000.0,,-1604497000.0,
RUN,1469367,2024,240846982.0,19897884000.0,15733674000.0,,2554207000.0,1334482000.0,,-2846167000.0,
RUN,1469367,2025,240846982.0,22610596000.0,17626622000.0,,3132484000.0,1302515000.0,,449947000.0,
RYAN,1849253,2021,109903867.0,5458708000.0,4863931000.0,,,2918141000.0,1566627000.0,-7064000.0,79354000.0
RYAN,1849253,2022,109903867.0,6383743000.0,5565931000.0,,,3134369000.0,1951900000.0,61052000.0,104829000.0
RYAN,1849253,2023,109903867.0,7247209000.0,6267565000.0,,559754000.0,3744304000.0,1943837000.0,61037000.0,119507000.0
RYAN,1849253,2024,109903867.0,9649918000.0,8551633000.0,,627662000.0,4549088000.0,3231128000.0,94665000.0,
RYAN,1849253,2025,109903867.0,10564171000.0,9310120000.0,,648073000.0,5188748000.0,3291462000.0,63399000.0,
SAFT,1172052,2015,14680482.0,1703869000.0,1059370000.0,,644499000.0,,,,90000.0
SAFT,1172052,2016,14680482.0,1758246000.0,1087520000.0,,670726000.0,,,,90000.0
SAFT,1172052,2017,14680482.0,1807279000.0,1106263000.0,,701016000.0,,,11309000.0,90000.0
SAFT,1172052,2018,14680482.0,1856240000.0,1137596000.0,,718644000.0,,,18346000.0,90000.0
SAFT,1172052,2019,14680482.0,2022669000.0,1214263000.0,,808406000.0,,,28102000.0,90000.0
SAFT,1172052,2020,14680482.0,2054273000.0,1169594000.0,,884679000.0,,,52965000.0,440000.0
SAFT,1172052,2021,14680482.0,2117391000.0,1190218000.0,,927173000.0,,,130710000.0,522000.0
SAFT,1172052,2022,14680482.0,1972569000.0,1160570000.0,,811999000.0,,,46561000.0,524000.0
SAFT,1172052,2023,14680482.0,2094004000.0,1289737000.0,,804267000.0,,,18875000.0,818000.0
SAFT,1172052,2024,14680482.0,2270090000.0,1441626000.0,,828464000.0,,30000000.0,70734000.0,
SAFT,1172052,2025,14680482.0,2471108000.0,1578797000.0,,892311000.0,,50000000.0,99255000.0,
SBCF,730708,2015,96822799.0,3534780000.0,3181327000.0,2844387000.0,353453000.0,,,22141000.0,6930000.0
SBCF,730708,2016,96822799.0,4680932000.0,4245535000.0,3523245000.0,435397000.0,,,29202000.0,8467000.0
SBCF,730708,2017,96822799.0,5810129000.0,5120465000.0,4592720000.0,689664000.0,,,42865000.0,15300000.0
SBCF,730708,2018,96822799.0,6747659000.0,5883392000.0,5177240000.0,864267000.0,,,67275000.0,29883000.0
SBCF,730708,2019,96822799.0,7108511000.0,6122872000.0,5584753000.0,985639000.0,,,98739000.0,46205000.0
SBCF,730708,2020,96822799.0,8342392000.0,7211990000.0,6932561000.0,1130402000.0,,,77764000.0,24292000.0
SBCF,730708,2021,96822799.0,9681433000.0,8370697000.0,8067589000.0,1310736000.0,,,124403000.0,8219000.0
SBCF,730708,2022,96822799.0,12145762000.0,10537987000.0,9981595000.0,1607775000.0,,,106507000.0,14332000.0
SBCF,730708,2023,96822799.0,14580249000.0,12472163000.0,11776935000.0,2108086000.0,,106302000.0,104033000.0,200735000.0
SBCF,730708,2024,96822799.0,15176308000.0,12993065000.0,12242427000.0,2183243000.0,,,120986000.0,
SBCF,730708,2025,96822799.0,20842331000.0,17786544000.0,16256343000.0,2712662000.0,,,144878000.0,
SBGI,1971213,2023,,6085000000.0,5864000000.0,,285000000.0,1103000000.0,4148000000.0,-291000000.0,305000000.0
SBGI,1971213,2024,,5885000000.0,5369000000.0,,583000000.0,605000000.0,4087000000.0,310000000.0,
SBGI,1971213,2025,,5949000000.0,5579000000.0,,443000000.0,703000000.0,4350000000.0,-112000000.0,
SBSI,705432,2015,29807980.0,5162076000.0,4718014000.0,3455407000.0,444062000.0,,562592000.0,11692000.0,5267000.0
SBSI,705432,2016,29807980.0,5563767000.0,5045493000.0,3533076000.0,518274000.0,,601464000.0,11573000.0,9039000.0
SBSI,705432,2017,29807980.0,6498097000.0,5743957000.0,4515447000.0,754140000.0,,158489000.0,10331000.0,11798000.0
SBSI,705432,2018,29807980.0,6123494000.0,5392203000.0,4425030000.0,731291000.0,,158653000.0,17381000.0,15612000.0
SBSI,705432,2019,29807980.0,6748913000.0,5944333000.0,4702769000.0,804580000.0,,158826000.0,17335000.0,17357000.0
SBSI,705432,2020,29807980.0,7008227000.0,6132930000.0,4932322000.0,875297000.0,,257506000.0,29572000.0,8197000.0
SBSI,705432,2021,29807980.0,7259602000.0,6347430000.0,5722327000.0,912172000.0,,158794000.0,113401000.0,26430000.0
SBSI,705432,2022,29807980.0,7558636000.0,6812639000.0,6198019000.0,745997000.0,,158939000.0,105020000.0,40640000.0
SBSI,705432,2023,29807980.0,8284914000.0,7511626000.0,6549681000.0,773288000.0,,154147000.0,86692000.0,144714000.0
SBSI,705432,2024,29807980.0,8517448000.0,7705506000.0,6654248000.0,811942000.0,,152316000.0,88494000.0,
SBSI,705432,2025,29807980.0,8514590000.0,7666975000.0,6865159000.0,847615000.0,,299957000.0,69220000.0,
SCHW,316709,2015,1729335714.0,183718000000.0,170316000000.0,129502000000.0,13402000000.0,,,416000000.0,132000000.0
SCHW,316709,2016,1729335714.0,223383000000.0,206962000000.0,163454000000.0,16421000000.0,,,522000000.0,171000000.0
SCHW,316709,2017,1729335714.0,243274000000.0,224749000000.0,169656000000.0,18525000000.0,,,597000000.0,342000000.0
SCHW,316709,2018,1729335714.0,296482000000.0,275812000000.0,231423000000.0,20670000000.0,,,935000000.0,857000000.0
SCHW,316709,2019,1729335714.0,294005000000.0,272260000000.0,220094000000.0,21745000000.0,,7430000000.0,852000000.0,1064000000.0
SCHW,316709,2020,1729335714.0,549009000000.0,492949000000.0,358022000000.0,56060000000.0,,13632000000.0,1135000000.0,418000000.0
SCHW,316709,2021,1729335714.0,667270000000.0,611009000000.0,443778000000.0,56261000000.0,,18914000000.0,5855000000.0,476000000.0
SCHW,316709,2022,1729335714.0,551772000000.0,515164000000.0,366724000000.0,36608000000.0,,,7183000000.0,1545000000.0
SCHW,316709,2023,1729335714.0,493178000000.0,452220000000.0,289953000000.0,40958000000.0,,,5067000000.0,6684000000.0
SCHW,316709,2024,1729335714.0,479843000000.0,431468000000.0,259121000000.0,48375000000.0,,,5942000000.0,
SCHW,316709,2025,1729335714.0,490995000000.0,441570000000.0,255747000000.0,49425000000.0,,,8852000000.0,
SCND,87802,2015,11928599.0,7141400.0,1391000.0,,5750400.0,1130700.0,,8700.0,4200.0
SCND,87802,2016,11928599.0,7549300.0,1617300.0,,5932000.0,1335000.0,12500.0,165600.0,33900.0
SCND,87802,2017,11928599.0,6827700.0,999700.0,,5828000.0,812600.0,5800.0,-72600.0,2900.0
SCND,87802,2018,11928599.0,7325500.0,1623300.0,,5702200.0,1273300.0,0.0,-160500.0,1700.0
SCND,87802,2019,11928599.0,8276000.0,1935300.0,,6340700.0,1585300.0,,645600.0,1500.0
SCND,87802,2020,11928599.0,29006400.0,2781600.0,,26224800.0,2286800.0,,-3672500.0,0.0
SCND,87802,2022,11928599.0,29031600.0,3469800.0,,25561800.0,2230200.0,,-5644400.0,
SCND,87802,2023,11928599.0,16730500.0,2845100.0,,13885400.0,1837300.0,,-9086500.0,
SCND,87802,2024,11928599.0,11560800.0,2441400.0,,9119400.0,1747000.0,,-6445400.0,
SCND,87802,2025,11928599.0,12607600.0,1944600.0,,10663000.0,1349300.0,,-1220400.0,
SEIC,350894,2015,120019182.0,1588628000.0,298908000.0,,,224483000.0,,81379000.0,483000.0
SEIC,350894,2016,120019182.0,1636823000.0,333709000.0,,,249371000.0,,333817000.0,531000.0
SEIC,350894,2017,120019182.0,1853369000.0,376530000.0,,,275049000.0,,404389000.0,781000.0
SEIC,350894,2018,120019182.0,1971668000.0,378521000.0,,,295708000.0,,505868000.0,645000.0
SEIC,350894,2019,120019182.0,2151370000.0,412592000.0,,1738778000.0,293565000.0,,128737000.0,630000.0
SEIC,350894,2020,120019182.0,2167256000.0,427349000.0,,1739907000.0,317275000.0,,125882000.0,609000.0
SEIC,350894,2021,120019182.0,2354702000.0,493939000.0,,1860763000.0,355743000.0,,546593000.0,563000.0
SEIC,350894,2022,120019182.0,2383553000.0,429729000.0,,1953824000.0,397883000.0,,475467000.0,749000.0
SEIC,350894,2023,120019182.0,2520003000.0,388175000.0,,2131828000.0,353047000.0,,462258000.0,583000.0
SEIC,350894,2024,120019182.0,2684606000.0,432494000.0,,2252112000.0,380513000.0,,581191000.0,
SEIC,350894,2025,120019182.0,,,,2447784000.0,387211000.0,,715305000.0,
SEZL,1662991,2021,33675014.0,223403576.0,185611538.0,,37792038.0,107559445.0,,-75168363.0,5269284.0
SEZL,1662991,2022,33675014.0,172576538.0,163733292.0,,8843246.0,99194522.0,,-38093756.0,8600716.0
SEZL,1662991,2023,33675014.0,212645283.0,190550959.0,,22094324.0,187268687.0,,7098022.0,15968380.0
SEZL,1662991,2024,33675014.0,298372045.0,210536616.0,,87835429.0,105677243.0,,78522311.0,
SEZL,1662991,2025,33675014.0,400229000.0,230418000.0,,169811000.0,89766000.0,,133130000.0,
SF,720672,2015,69584449.0,13335915000.0,10843499000.0,6638356000.0,2492416000.0,,750000000.0,11172000.0,12485000.0
SF,720672,2016,69584449.0,19129356000.0,16390948000.0,11527483000.0,2738408000.0,,795891000.0,26880000.0,16118000.0
SF,720672,2017,69584449.0,21383953000.0,18522377000.0,13411935000.0,2861576000.0,,1014940000.0,-1988000.0,19865000.0
SF,720672,2018,69584449.0,24519598000.0,21322005000.0,15863613000.0,3167593000.0,,1015973000.0,114062000.0,57876000.0
SF,720672,2019,69584449.0,24610225000.0,20940435000.0,15332581000.0,3614791000.0,,1017010000.0,130690000.0,31448000.0
SF,720672,2020,69584449.0,26604254000.0,22365488000.0,17396497000.0,4238766000.0,,1112409000.0,503472000.0,14515000.0
SF,720672,2021,69584449.0,34049715000.0,29014756000.0,23280348000.0,,,1113478000.0,824858000.0,45998000.0
SF,720672,2022,69584449.0,37196124000.0,31867653000.0,27117111000.0,,,1114554000.0,662155000.0,201387000.0
SF,720672,2023,69584449.0,37727460000.0,32433029000.0,27334579000.0,,,1115629000.0,522536000.0,810336000.0
SF,720672,2024,69584449.0,39895540000.0,34208770000.0,29102227000.0,,,616618000.0,731379000.0,981366000.0
SF,720672,2025,69584449.0,41270782000.0,35293465000.0,29752063000.0,,,617443000.0,683779000.0,817803000.0
SFBS,1430723,2015,54672510.0,5095509000.0,4646362000.0,4223888000.0,448770000.0,,,63540000.0,5290000.0
SFBS,1430723,2016,54672510.0,6370448000.0,5847559000.0,5420311000.0,522512000.0,,,81479000.0,7091000.0
SFBS,1430723,2017,54672510.0,7082384000.0,6474780000.0,6091674000.0,607102000.0,,,93092000.0,10652000.0
SFBS,1430723,2018,54672510.0,8007382000.0,7292179000.0,6915708000.0,714701000.0,,,136940000.0,21306000.0
SFBS,1430723,2019,54672510.0,8947653000.0,8104971000.0,7530433000.0,842180000.0,,,149243000.0,22410000.0
SFBS,1430723,2020,54672510.0,11932654000.0,10939802000.0,9975724000.0,992352000.0,,,169569000.0,8984000.0
SFBS,1430723,2021,54672510.0,15448806000.0,14296791000.0,12452836000.0,1151515000.0,,,207734000.0,7804000.0
SFBS,1430723,2022,54672510.0,14595753000.0,13297857000.0,11546805000.0,1297396000.0,,,251504000.0,88423000.0
SFBS,1430723,2023,54672510.0,16129668000.0,14689263000.0,13273511000.0,1439905000.0,,,206853000.0,402309000.0
SFBS,1430723,2024,54672510.0,17351643000.0,15734871000.0,13543459000.0,1616272000.0,,,227242000.0,
SFBS,1430723,2025,54672510.0,17727190000.0,15876843000.0,14219034000.0,1849847000.0,,,276603000.0,
SFNC,90498,2015,144513789.0,7559658000.0,6482803000.0,6086096000.0,1076855000.0,,222859000.0,74364000.0,22353000.0
SFNC,90498,2016,144513789.0,8400056000.0,7248945000.0,6735219000.0,1151111000.0,,333556000.0,96814000.0,21799000.0
SFNC,90498,2017,144513789.0,15055806000.0,12971242000.0,11092875000.0,2084564000.0,,218587000.0,92940000.0,40074000.0
SFNC,90498,2018,144513789.0,16543337000.0,14296903000.0,12398752000.0,2246434000.0,,369400000.0,215713000.0,128135000.0
SFNC,90498,2019,144513789.0,21259143000.0,18270219000.0,16108940000.0,2988924000.0,,435859000.0,238167000.0,181370000.0
SFNC,90498,2020,144513789.0,22359752000.0,19383096000.0,16987026000.0,2976656000.0,,1724941000.0,254904000.0,119984000.0
SFNC,90498,2021,144513789.0,24724759000.0,21475918000.0,19366548000.0,3248841000.0,,1722104000.0,271156000.0,79529000.0
SFNC,90498,2022,144513789.0,27461061000.0,24191699000.0,22548094000.0,3269362000.0,,390285000.0,256412000.0,144419000.0
SFNC,90498,2023,144513789.0,27345674000.0,23919186000.0,22244978000.0,3426488000.0,,388507000.0,175057000.0,560035000.0
SFNC,90498,2024,144513789.0,26876049000.0,23347177000.0,21885750000.0,3528872000.0,,386665000.0,152693000.0,
SFNC,90498,2025,144513789.0,24540877000.0,21121637000.0,20184038000.0,3419240000.0,,334967000.0,-397553000.0,
SIG,832988,2015,38317243.0,6327600000.0,3517200000.0,,2810400000.0,1338300000.0,1363800000.0,381300000.0,36000000.0
SIG,832988,2016,38317243.0,6474400000.0,3413700000.0,,3060700000.0,1152900000.0,1328700000.0,467900000.0,45900000.0
SIG,832988,2017,38317243.0,6597800000.0,3495700000.0,,2490200000.0,1203700000.0,1317900000.0,287800000.0,49400000.0
SIG,832988,2018,38317243.0,5839600000.0,2726200000.0,,2499800000.0,1037200000.0,688200000.0,343000000.0,52700000.0
SIG,832988,2019,38317243.0,4420100000.0,2603200000.0,,1201600000.0,1033000000.0,649600000.0,-116200000.0,39700000.0
SIG,832988,2020,38317243.0,6299100000.0,4459500000.0,,1222600000.0,1652600000.0,515900000.0,178800000.0,35600000.0
SIG,832988,2021,38317243.0,6178900000.0,4346300000.0,,1190300000.0,1998700000.0,146700000.0,-15200000.0,32000000.0
SIG,832988,2022,38317243.0,6575100000.0,4359000000.0,,1564000000.0,2070700000.0,147100000.0,769900000.0,16900000.0
SIG,832988,2023,38317243.0,6620400000.0,4388000000.0,,1578600000.0,2248100000.0,147400000.0,376700000.0,13500000.0
SIG,832988,2024,38317243.0,6813200000.0,3991200000.0,,2166500000.0,1976000000.0,0.0,810400000.0,
SIG,832988,2025,38317243.0,5726600000.0,3874800000.0,,1851800000.0,1831500000.0,0.0,61200000.0,
SIG,832988,2026,38317243.0,5952100000.0,3985900000.0,,1966200000.0,1888800000.0,,294400000.0,
SIGI,230557,2015,59569119.0,6904433000.0,5506392000.0,,1398041000.0,,388192000.0,45389000.0,
SIGI,230557,2016,59569119.0,7355848000.0,5824478000.0,,1531370000.0,,438667000.0,39360000.0,
SIGI,230557,2017,59569119.0,7686431000.0,5973474000.0,,1712957000.0,,439116000.0,30242000.0,
SIGI,230557,2018,59569119.0,7952729000.0,6160927000.0,,1791802000.0,,439540000.0,45760000.0,
SIGI,230557,2019,59569119.0,8797150000.0,6602214000.0,,2194936000.0,,550597000.0,81859000.0,
SIGI,230557,2020,59569119.0,9687913000.0,6949024000.0,,2738889000.0,,550743000.0,127061000.0,
SIGI,230557,2021,59569119.0,10461389000.0,7478504000.0,,2982885000.0,,506050000.0,403837000.0,
SIGI,230557,2022,59569119.0,10802261000.0,8274697000.0,,2527564000.0,,504676000.0,224886000.0,
SIGI,230557,2023,59569119.0,11802546000.0,8848165000.0,,2954381000.0,,503946000.0,365238000.0,
SIGI,230557,2024,59569119.0,13514189000.0,10394113000.0,,3120076000.0,,507938000.0,207012000.0,
SIGI,230557,2025,59569119.0,15155710000.0,11546735000.0,,3608975000.0,,,466411000.0,
SLM,1032033,2015,187946958.0,15214098000.0,13117775000.0,11487707000.0,,,579101000.0,89845000.0,128619000.0
SLM,1032033,2016,187946958.0,18533003000.0,16185945000.0,13435667000.0,,,2167979000.0,70242000.0,185908000.0
SLM,1032033,2017,187946958.0,21779584000.0,19305328000.0,15505383000.0,,,3275270000.0,47003000.0,308082000.0
SLM,1032033,2018,187946958.0,26638173000.0,23665517000.0,18943158000.0,,,4284304000.0,147512000.0,522288000.0
SLM,1032033,2019,187946958.0,32686479000.0,29374643000.0,24283983000.0,,,4354037000.0,141352000.0,707717000.0
SLM,1032033,2020,187946958.0,30770423000.0,28207588000.0,22666039000.0,,,5189217000.0,432700000.0,541667000.0
SLM,1032033,2021,187946958.0,29221899000.0,27072188000.0,20828124000.0,,,5930990000.0,306265000.0,382078000.0
SLM,1032033,2022,187946958.0,28811029000.0,27084059000.0,21448071000.0,,,5235114000.0,-77043000.0,542799000.0
SLM,1032033,2023,187946958.0,29169468000.0,27288671000.0,21653188000.0,,,5227512000.0,168443000.0,1030090000.0
SLM,1032033,2024,187946958.0,30072110000.0,27912190000.0,21068568000.0,,,6440345000.0,608325000.0,
SLM,1032033,2025,187946958.0,29746295000.0,27294937000.0,21060151000.0,2451358000.0,,5362494000.0,744847000.0,
SLND,1883814,2021,54435257.0,281680206.0,9743301.0,,-8203095.0,83301.0,,-138439.0,
SLND,1883814,2022,54435257.0,283751241.0,9883035.0,,-9327236.0,223035.0,,1931302.0,
SLND,1883814,2023,54435257.0,1201068000.0,940504000.0,,249622000.0,583967000.0,251906000.0,-19253000.0,19471000.0
SLND,1883814,2024,54435257.0,1203649000.0,1028240000.0,,163658000.0,621142000.0,255625000.0,-105365000.0,
SLND,1883814,2025,54435257.0,989280000.0,1121786000.0,,-140934000.0,654985000.0,203971000.0,-306540000.0,
SNAP,1564408,2017,,3421566000.0,429239000.0,,2992327000.0,346256000.0,,-3445066000.0,3456000.0
SNAP,1564408,2018,,2714106000.0,403107000.0,,2310999000.0,292691000.0,,-1255911000.0,3894000.0
SNAP,1564408,2019,,4011924000.0,1752011000.0,,2259913000.0,499675000.0,,-1033660000.0,24994000.0
SNAP,1564408,2020,,5024238000.0,2694262000.0,,2329976000.0,667327000.0,,-944839000.0,97228000.0
SNAP,1564408,2021,,7536306000.0,3746138000.0,,3790168000.0,851786000.0,,-487955000.0,17676000.0
SNAP,1564408,2022,,8029538000.0,5448840000.0,,2580698000.0,1215599000.0,,-1429653000.0,21459000.0
SNAP,1564408,2023,,7967758000.0,5553646000.0,,2414112000.0,1134118000.0,,-1322485000.0,22024000.0
SNAP,1564408,2024,,7936348000.0,5485587000.0,,2450761000.0,1243548000.0,,-697856000.0,
SNAP,1564408,2025,,7677802000.0,5396307000.0,,2281495000.0,1286868000.0,3489860000.0,-460489000.0,
SNEX,913760,2015,120616735.0,5070000000.0,4672900000.0,,397100000.0,,,,5000000.0
SNEX,913760,2016,120616735.0,5951300000.0,5517500000.0,,433800000.0,,,,7500000.0
SNEX,913760,2017,120616735.0,6243400000.0,5793500000.0,,449900000.0,,,,12000000.0
SNEX,913760,2018,120616735.0,7824700000.0,7319400000.0,,505300000.0,,,,25300000.0
SNEX,913760,2019,120616735.0,9936100000.0,9341900000.0,,594200000.0,,,,40800000.0
SNEX,913760,2020,120616735.0,13474900000.0,12707400000.0,,767500000.0,,,77400000.0,10000000.0
SNEX,913760,2021,120616735.0,18839600000.0,17935600000.0,,904000000.0,,,116300000.0,49600000.0
SNEX,913760,2022,120616735.0,19859600000.0,18789500000.0,,1070100000.0,,,207100000.0,135500000.0
SNEX,913760,2023,120616735.0,21938700000.0,20559600000.0,,1379100000.0,,,238500000.0,802200000.0
SNEX,913760,2024,120616735.0,27466300000.0,25757200000.0,,1709100000.0,,,260800000.0,
SNEX,913760,2025,120616735.0,45268000000.0,42890600000.0,,2377400000.0,,,305900000.0,
SNX,1177394,2015,79958752.0,4444147000.0,2644250000.0,,1799381000.0,1918157000.0,,208525000.0,27935000.0
SNX,1177394,2016,79958752.0,5223263000.0,3247465000.0,,1975776000.0,2477828000.0,,234946000.0,31130000.0
SNX,1177394,2017,79958752.0,7698526000.0,5414831000.0,,2283695000.0,4041207000.0,1136089000.0,301173000.0,47367000.0
SNX,1177394,2018,79958752.0,11480434000.0,8048366000.0,,,4894441000.0,,300598000.0,
SNX,1177394,2019,79958752.0,11697960000.0,7909510000.0,,,4607122000.0,,500712000.0,
SNX,1177394,2020,79958752.0,13468590000.0,9129731000.0,,4338860000.0,5630092000.0,,529160000.0,
SNX,1177394,2021,79958752.0,27666380000.0,19760405000.0,,7905975000.0,14233455000.0,,395069000.0,
SNX,1177394,2022,79958752.0,29733998000.0,21708492000.0,,8025506000.0,16428721000.0,,651307000.0,
SNX,1177394,2023,79958752.0,29412814000.0,21229632000.0,,8183182000.0,16738762000.0,,626911000.0,
SNX,1177394,2024,79958752.0,30274479000.0,22239045000.0,,8035434000.0,17221235000.0,,689091000.0,
SNX,1177394,2025,79958752.0,34250898000.0,25800469000.0,,8450429000.0,20960840000.0,,827660000.0,
SO,92122,2015,1127301098.0,78318000000.0,56175000000.0,,20592000000.0,9129000000.0,,,
SO,92122,2016,1127301098.0,109697000000.0,82803000000.0,,24758000000.0,12917000000.0,,,
SO,92122,2017,1127301098.0,111005000000.0,85153000000.0,,24167000000.0,13594000000.0,,,
SO,92122,2018,1127301098.0,116914000000.0,87584000000.0,,24723000000.0,14286000000.0,,278000000.0,
SO,92122,2019,1127301098.0,118700000000.0,86650000000.0,,27505000000.0,12546000000.0,,440000000.0,
SO,92122,2020,1127301098.0,122935000000.0,90410000000.0,,27972000000.0,12079000000.0,,,
SO,92122,2021,1127301098.0,127534000000.0,94967000000.0,,27874000000.0,10921000000.0,,,
SO,92122,2022,1127301098.0,134891000000.0,100359000000.0,,30408000000.0,15724000000.0,,,
SO,92122,2023,1127301098.0,139331000000.0,104106000000.0,,31444000000.0,13467000000.0,,,
SO,92122,2024,1127301098.0,145180000000.0,108506000000.0,,33208000000.0,15993000000.0,,,
SO,92122,2025,1127301098.0,155720000000.0,116853000000.0,,36016000000.0,16888000000.0,,4341000000.0,
SOGP,1783407,2019,834829150.0,20207000.0,27596000.0,,-287057000.0,27596000.0,,-19097000.0,
SOGP,1783407,2020,834829150.0,71082000.0,45153000.0,,25929000.0,44234000.0,,-12595000.0,367000.0
SOGP,1783407,2021,834829150.0,100881000.0,60888000.0,,39993000.0,57509000.0,,-19969000.0,
SOGP,1783407,2022,834829150.0,112559000.0,55627000.0,,56934000.0,53866000.0,,,
SOGP,1783407,2023,834829150.0,79800000.0,38954000.0,,42179000.0,38400000.0,,,220000.0
SOGP,1783407,2024,834829150.0,71437000.0,42077000.0,,32235000.0,41471000.0,,,
SOGP,1783407,2025,834829150.0,107195000.0,53671000.0,,57351000.0,52246000.0,,,
SOLV,1964738,2024,170223729.0,14457000000.0,11498000000.0,,2959000000.0,2703000000.0,7810000000.0,479000000.0,
SOLV,1964738,2025,170223729.0,14294000000.0,9245000000.0,,5049000000.0,3136000000.0,5035000000.0,1556000000.0,
SONY,313838,2015,1250746867.0,16673390000000.0,13541502000000.0,,2463340000000.0,4830750000000.0,,147791000000.0,25286000000.0
SONY,313838,2016,1250746867.0,17660556000000.0,14513076000000.0,,2497246000000.0,5221739000000.0,,73289000000.0,14544000000.0
SONY,313838,2017,1250746867.0,19065538000000.0,15409171000000.0,,2967366000000.0,5620541000000.0,,490794000000.0,13566000000.0
SONY,313838,2018,1250746867.0,20981586000000.0,16536095000000.0,,3746377000000.0,6079815000000.0,,916271000000.0,12467000000.0
SONY,313838,2019,1250746867.0,23039343000000.0,18242041000000.0,,4125306000000.0,6240443000000.0,,582191000000.0,11090000000.0
SONY,313838,2021,1250746867.0,26354840000000.0,20725185000000.0,,5575839000000.0,7815424000000.0,,1171776000000.0,12185000000.0
SPGI,64040,2015,,8183000000.0,7020000000.0,,194000000.0,2908000000.0,3468000000.0,248000000.0,102000000.0
SPGI,64040,2016,,8669000000.0,6888000000.0,,650000000.0,2611000000.0,3564000000.0,537000000.0,181000000.0
SPGI,64040,2017,,9425000000.0,7307000000.0,,711000000.0,3214000000.0,3170000000.0,263000000.0,149000000.0
SPGI,64040,2018,,9458000000.0,7154000000.0,,628000000.0,2629000000.0,3662000000.0,512000000.0,134000000.0
SPGI,64040,2019,,11348000000.0,8544000000.0,,479000000.0,3093000000.0,3948000000.0,541000000.0,198000000.0
SPGI,64040,2020,,12537000000.0,9185000000.0,,509000000.0,3587000000.0,4110000000.0,454000000.0,141000000.0
SPGI,64040,2021,,15026000000.0,9490000000.0,,2032000000.0,3815000000.0,4114000000.0,3024000000.0,119000000.0
SPGI,64040,2022,,61784000000.0,22040000000.0,,36388000000.0,5999000000.0,10730000000.0,3248000000.0,304000000.0
SPGI,64040,2023,,60589000000.0,22489000000.0,,34200000000.0,6125000000.0,11412000000.0,2626000000.0,334000000.0
SPGI,64040,2025,,61200000000.0,25048000000.0,,31127000000.0,7637000000.0,12370000000.0,4471000000.0,
SPNT,1576018,2015,116165016.0,3545108000.0,2149225000.0,,1379726000.0,,,42193000.0,2074000.0
SPNT,1576018,2016,116165016.0,3895644000.0,2445919000.0,,1414051000.0,,,-46693000.0,2068000.0
SPNT,1576018,2017,116165016.0,4671794000.0,2902079000.0,,1656089000.0,,,44349000.0,2074000.0
SPNT,1576018,2018,116165016.0,3086234000.0,1881660000.0,,1204574000.0,,,-298012000.0,2074000.0
SPNT,1576018,2019,116165016.0,3439694000.0,2025620000.0,,1414074000.0,,,29738000.0,2074000.0
SPNT,1576018,2020,116165016.0,3725594000.0,2160308000.0,,1563925000.0,,,134396000.0,2068000.0
SPNT,1576018,2021,116165016.0,10618300000.0,8115000000.0,,2503700000.0,,816700000.0,-136300000.0,9600000.0
SPNT,1576018,2022,116165016.0,11036300000.0,8953700000.0,,2074700000.0,,778000000.0,-386800000.0,38600000.0
SPNT,1576018,2023,116165016.0,12871500000.0,10340900000.0,,2513900000.0,,786200000.0,354800000.0,64100000.0
SPNT,1576018,2024,116165016.0,12524900000.0,10586100000.0,,1937400000.0,,639100000.0,199900000.0,69600000.0
SPNT,1576018,2025,116165016.0,12569600000.0,10098700000.0,,2469800000.0,,688600000.0,459600000.0,79700000.0
SSB,764038,2015,96974534.0,8557348000.0,7497964000.0,7100428000.0,1059384000.0,,55158000.0,99473000.0,10328000.0
SSB,764038,2016,96974534.0,8900592000.0,7766004000.0,7334423000.0,1134588000.0,,55358000.0,101282000.0,8317000.0
SSB,764038,2017,96974534.0,14466589000.0,12157669000.0,11532766000.0,2308920000.0,,,87554000.0,17014000.0
SSB,764038,2018,96974534.0,14676328000.0,12310032000.0,11646933000.0,2366296000.0,,,178871000.0,53992000.0
SSB,764038,2019,96974534.0,15921092000.0,13548079000.0,12177096000.0,2373013000.0,,,186483000.0,86552000.0
SSB,764038,2020,96974534.0,37789873000.0,33141993000.0,30693882000.0,4647880000.0,,,120632000.0,83564000.0
SSB,764038,2021,96974534.0,41960032000.0,37157092000.0,35054829000.0,4802940000.0,,,475543000.0,51629000.0
SSB,764038,2022,96974534.0,43918696000.0,38843769000.0,36350623000.0,5074927000.0,,,496049000.0,61354000.0
SSB,764038,2023,96974534.0,44902024000.0,39368926000.0,37048909000.0,5533098000.0,,,494308000.0,491798000.0
SSB,764038,2024,96974534.0,46381204000.0,40490789000.0,38060866000.0,5890415000.0,,,534783000.0,
SSB,764038,2025,96974534.0,67197412000.0,58138304000.0,55145797000.0,9059108000.0,,,798667000.0,
STBA,719220,2015,35265492.0,6318354000.0,5526117000.0,4876611000.0,792237000.0,,,67081000.0,4468000.0
STBA,719220,2016,35265492.0,6943053000.0,6101097000.0,5272377000.0,841956000.0,,,71392000.0,6638000.0
STBA,719220,2017,35265492.0,7060255000.0,6176224000.0,5427891000.0,884031000.0,,,72968000.0,10027000.0
STBA,719220,2018,35265492.0,7252221000.0,6316460000.0,5673922000.0,935761000.0,,,105334000.0,16747000.0
STBA,719220,2019,35265492.0,8764649000.0,7572651000.0,7036576000.0,1191998000.0,,,98234000.0,18045000.0
STBA,719220,2020,35265492.0,8967897000.0,7813186000.0,7420538000.0,1154711000.0,,,24176000.0,5620000.0
STBA,719220,2021,35265492.0,9488529000.0,8282075000.0,7996524000.0,1206454000.0,,,110343000.0,13150000.0
STBA,719220,2022,35265492.0,9110567000.0,7925908000.0,7219970000.0,1184659000.0,,,135520000.0,24968000.0
STBA,719220,2023,35265492.0,9551526000.0,8268081000.0,7521769000.0,1283445000.0,,,144781000.0,128491000.0
STBA,719220,2024,35265492.0,9657972000.0,8277678000.0,7783117000.0,1380294000.0,,,131265000.0,
STBA,719220,2025,35265492.0,9870980000.0,8407103000.0,7958831000.0,1463877000.0,,,134230000.0,
STC,94344,2015,30522199.0,1321587000.0,684459000.0,,629281000.0,,,2605000.0,2096000.0
STC,94344,2016,30522199.0,1341724000.0,692876000.0,,641200000.0,,,16699000.0,3062000.0
STC,94344,2017,30522199.0,1405886000.0,727076000.0,,672211000.0,,,15060000.0,3458000.0
STC,94344,2018,30522199.0,1372930000.0,693093000.0,,673525000.0,,108036000.0,11373000.0,3875000.0
STC,94344,2019,30522199.0,1592785000.0,839026000.0,,747306000.0,,110632000.0,-31000.0,4341000.0
STC,94344,2020,30522199.0,1978575000.0,966169000.0,,1005112000.0,,101773000.0,154905000.0,2624000.0
STC,94344,2021,30522199.0,2813362000.0,1518627000.0,,1282009000.0,,483491000.0,323216000.0,5031000.0
STC,94344,2022,30522199.0,2737879000.0,1367614000.0,,1362151000.0,,447006000.0,162305000.0,18403000.0
STC,94344,2023,30522199.0,2702861000.0,1324312000.0,,1371411000.0,,445290000.0,30439000.0,19737000.0
STC,94344,2024,30522199.0,2730145000.0,1319056000.0,,1402142000.0,,445841000.0,73310000.0,
STC,94344,2025,30522199.0,3252805000.0,1602407000.0,,1641084000.0,,,115535000.0,
STEP,1796022,2021,,1320772000.0,661079000.0,,249408000.0,,0.0,62634000.0,7360000.0
STEP,1796022,2022,,4188125000.0,2363795000.0,,817625000.0,,62879000.0,193885000.0,1113000.0
STEP,1796022,2023,,3497403000.0,1844086000.0,,771567000.0,,98351000.0,-18398000.0,4189000.0
STEP,1796022,2024,,3788807000.0,1915673000.0,,324476000.0,,148822000.0,58091000.0,9331000.0
STEP,1796022,2025,,4586693000.0,2812321000.0,,179356000.0,,269268000.0,-179563000.0,
STEP,1796022,2026,,6762702000.0,5876676000.0,,-413559000.0,,,-535808000.0,
STHO,1953366,2023,12081333.0,669197000.0,235357000.0,,411554000.0,,192895000.0,-196356000.0,
STHO,1953366,2024,12081333.0,608655000.0,263659000.0,,324336000.0,,217349000.0,-86755000.0,
STHO,1953366,2025,12081333.0,570197000.0,304331000.0,,251766000.0,,268721000.0,-64249000.0,
STQN,847942,2017,46775000.0,249410.0,,,249410.0,,,-61865.0,
STQN,847942,2018,46775000.0,153829.0,,,153829.0,,,-95581.0,
STQN,847942,2019,46775000.0,66365.0,,,66365.0,,,-87464.0,
STQN,847942,2020,46775000.0,20030.0,205.0,,19825.0,205.0,,-46540.0,
STQN,847942,2021,46775000.0,39732.0,2000.0,,37732.0,2000.0,,-22093.0,
STQN,847942,2022,46775000.0,3786128.0,3177045.0,,609083.0,,1388576.0,248672.0,
STQN,847942,2023,46775000.0,5672340.0,5629653.0,,42687.0,,1388576.0,-162260.0,
STQN,847942,2024,46775000.0,24146.0,106173.0,,-82027.0,,,-124714.0,
STQN,847942,2025,46775000.0,5388.0,2319.0,,3069.0,2319.0,,-40223.0,0.0
STT,93751,2015,274701765.0,245192000000.0,224057000000.0,191627000000.0,21103000000.0,,11534000000.0,1980000000.0,400000000.0
STT,93751,2016,274701765.0,242698000000.0,221479000000.0,187163000000.0,21219000000.0,,,2143000000.0,428000000.0
STT,93751,2017,274701765.0,238425000000.0,216108000000.0,184896000000.0,22317000000.0,,,2177000000.0,604000000.0
STT,93751,2018,274701765.0,244626000000.0,219836000000.0,180360000000.0,24790000000.0,,,2599000000.0,991000000.0
STT,93751,2019,274701765.0,245610000000.0,221179000000.0,181872000000.0,24431000000.0,,,2242000000.0,1375000000.0
STT,93751,2020,274701765.0,314706000000.0,288506000000.0,239798000000.0,26200000000.0,,,2420000000.0,375000000.0
STT,93751,2021,274701765.0,314624000000.0,287261000000.0,255035000000.0,27363000000.0,,,2693000000.0,3000000.0
STT,93751,2022,274701765.0,301450000000.0,276259000000.0,235464000000.0,25191000000.0,,,2774000000.0,1544000000.0
STT,93751,2023,274701765.0,297258000000.0,273459000000.0,220970000000.0,23799000000.0,,,1944000000.0,6421000000.0
STT,93751,2024,274701765.0,353240000000.0,327914000000.0,261920000000.0,25326000000.0,,,2687000000.0,
STT,93751,2025,274701765.0,366047000000.0,338206000000.0,274350000000.0,27841000000.0,,,2945000000.0,
STWD,1465128,2015,370168950.0,85738138000.0,81567195000.0,,4140316000.0,,1325243000.0,96451000.0,202550000.0
STWD,1465128,2016,370168950.0,77256266000.0,72696193000.0,,4522274000.0,,2011544000.0,121290000.0,230799000.0
STWD,1465128,2017,370168950.0,62941289000.0,58362088000.0,,4478414000.0,,2125235000.0,92604000.0,295666000.0
STWD,1465128,2018,370168950.0,68262453000.0,63362264000.0,,4603432000.0,,1998831000.0,92132000.0,408188000.0
STWD,1465128,2019,370168950.0,78042336000.0,72905322000.0,,4700425000.0,,1928622000.0,171869000.0,508729000.0
STWD,1465128,2020,370168950.0,80873509000.0,76010933000.0,,4488898000.0,,1732520000.0,106968000.0,419763000.0
STWD,1465128,2021,370168950.0,83850397000.0,77201590000.0,,6072536000.0,,,447739000.0,445087000.0
STWD,1465128,2022,370168950.0,79043129000.0,71844422000.0,,6462438000.0,,,871475000.0,797121000.0
STWD,1465128,2023,370168950.0,69504196000.0,62481214000.0,,6251089000.0,,,339213000.0,1436107000.0
STWD,1465128,2024,370168950.0,62556497000.0,55363025000.0,,6437107000.0,,,359933000.0,
STWD,1465128,2025,370168950.0,63183357000.0,55693851000.0,,6795516000.0,,,411544000.0,
STX,1137789,2015,226644518.0,9845000000.0,6827000000.0,,3018000000.0,2343000000.0,,1742000000.0,207000000.0
STX,1137789,2016,226644518.0,8252000000.0,6659000000.0,,1593000000.0,2249000000.0,,248000000.0,193000000.0
STX,1137789,2017,226644518.0,9268000000.0,7904000000.0,,1364000000.0,2626000000.0,,772000000.0,222000000.0
STX,1137789,2018,226644518.0,9410000000.0,7745000000.0,,1665000000.0,3190000000.0,,1182000000.0,236000000.0
STX,1137789,2019,226644518.0,8885000000.0,6723000000.0,,2162000000.0,2232000000.0,4253000000.0,2012000000.0,224000000.0
STX,1137789,2020,226644518.0,8930000000.0,7143000000.0,,1787000000.0,2722000000.0,4156000000.0,1004000000.0,201000000.0
STX,1137789,2021,226644518.0,8675000000.0,8044000000.0,,631000000.0,2921000000.0,4894000000.0,1314000000.0,220000000.0
STX,1137789,2022,226644518.0,8944000000.0,8835000000.0,,109000000.0,3555000000.0,5062000000.0,1649000000.0,249000000.0
STX,1137789,2023,226644518.0,7556000000.0,8755000000.0,,-1199000000.0,2592000000.0,5388000000.0,-529000000.0,313000000.0
STX,1137789,2024,226644518.0,7739000000.0,9230000000.0,,-1491000000.0,3099000000.0,5195000000.0,335000000.0,332000000.0
STX,1137789,2026,226644518.0,9972000000.0,7805000000.0,,2167000000.0,3127000000.0,3380000000.0,3184000000.0,
STX,1137789,2027,226644518.0,8023000000.0,8476000000.0,,-453000000.0,2648000000.0,4995000000.0,1469000000.0,
SVAQ,2085659,2025,,201879569.0,8316797.0,,-6556409.0,316797.0,,-343073.0,
SYF,1601712,2015,325370840.0,84135000000.0,71531000000.0,43447000000.0,12604000000.0,,,547000000.0,301000000.0
SYF,1601712,2016,325370840.0,90207000000.0,76011000000.0,52055000000.0,14196000000.0,,20147000000.0,576000000.0,319000000.0
SYF,1601712,2017,325370840.0,95808000000.0,81574000000.0,56488000000.0,14234000000.0,,20799000000.0,385000000.0,375000000.0
SYF,1601712,2018,325370840.0,106792000000.0,92114000000.0,64019000000.0,14678000000.0,,23996000000.0,783000000.0,543000000.0
SYF,1601712,2019,325370840.0,104826000000.0,89738000000.0,65154000000.0,15088000000.0,,19866000000.0,731000000.0,556000000.0
SYF,1601712,2020,325370840.0,95948000000.0,83247000000.0,62782000000.0,12701000000.0,,15775000000.0,1385000000.0,1665000000.0
SYF,1601712,2021,325370840.0,95748000000.0,82093000000.0,62270000000.0,13655000000.0,,14507000000.0,4221000000.0,1032000000.0
SYF,1601712,2022,325370840.0,104564000000.0,91691000000.0,71735000000.0,12873000000.0,,14191000000.0,3016000000.0,1521000000.0
SYF,1601712,2023,325370840.0,117479000000.0,103576000000.0,81153000000.0,13903000000.0,,15982000000.0,2238000000.0,3711000000.0
SYF,1601712,2024,325370840.0,119463000000.0,102883000000.0,82062000000.0,16580000000.0,,15462000000.0,3499000000.0,
SYF,1601712,2025,325370840.0,119095000000.0,102329000000.0,81144000000.0,16766000000.0,,15182000000.0,3552000000.0,
SYK,310764,2015,383573046.0,16247000000.0,,,8511000000.0,3503000000.0,3253000000.0,522000000.0,
SYK,310764,2016,383573046.0,20435000000.0,10885000000.0,,9550000000.0,3148000000.0,6686000000.0,510000000.0,
SYK,310764,2017,383573046.0,22197000000.0,12217000000.0,,9966000000.0,3485000000.0,6590000000.0,-249000000.0,
SYK,310764,2018,383573046.0,27229000000.0,15499000000.0,,11730000000.0,4807000000.0,8486000000.0,2068000000.0,
SYK,310764,2019,383573046.0,30167000000.0,17360000000.0,,,4400000000.0,10231000000.0,725000000.0,
SYK,310764,2020,383573046.0,34330000000.0,21246000000.0,,,5041000000.0,13230000000.0,568000000.0,
SYK,310764,2021,383573046.0,34631000000.0,19754000000.0,,,4549000000.0,12472000000.0,662000000.0,
SYK,310764,2022,383573046.0,36884000000.0,20268000000.0,,,6303000000.0,11857000000.0,563000000.0,
SYK,310764,2023,383573046.0,39912000000.0,21319000000.0,,,7921000000.0,10901000000.0,1143000000.0,
SYK,310764,2024,383573046.0,42971000000.0,22337000000.0,,,7616000000.0,12188000000.0,546000000.0,
SYK,310764,2025,383573046.0,47844000000.0,25424000000.0,,,7794000000.0,14859000000.0,849000000.0,607000000.0
TAAG,1386044,2021,59608825.0,2132.0,351924.0,,-349792.0,254991.0,,-259478.0,14301.0
TAAG,1386044,2022,59608825.0,177.0,412647.0,,-412470.0,320444.0,,-61698.0,12620.0
TAAG,1386044,2023,59608825.0,588.0,412477.0,,-411889.0,286127.0,,-399918.0,11844.0
TAAG,1386044,2024,59608825.0,29049999.0,6369698.0,,29037452.0,6232754.0,,-256362.0,8620.0
TAAG,1386044,2025,59608825.0,32598184.0,30421785.0,,4354761.0,11470844.0,,-1083860.0,150436.0
TBBK,1295401,2015,40786809.0,4765823000.0,4445822000.0,4414757000.0,320001000.0,,,18619000.0,13599000.0
TBBK,1295401,2016,40786809.0,4858114000.0,4559151000.0,4238304000.0,298963000.0,,263099000.0,-28669000.0,12253000.0
TBBK,1295401,2017,40786809.0,4708147000.0,4383998000.0,4260842000.0,324149000.0,,42323000.0,-12435000.0,15340000.0
TBBK,1295401,2018,40786809.0,4437911000.0,4031135000.0,3935714000.0,406776000.0,,41674000.0,7119000.0,27111000.0
TBBK,1295401,2019,40786809.0,5656963000.0,5172466000.0,5052030000.0,484497000.0,,,1854000.0,38281000.0
TBBK,1295401,2020,40786809.0,6276841000.0,5695677000.0,5462060000.0,581164000.0,,40300000.0,24171000.0,15916000.0
TBBK,1295401,2021,40786809.0,6843239000.0,6190785000.0,5976911000.0,652454000.0,,39500000.0,110653000.0,11239000.0
TBBK,1295401,2022,40786809.0,7903000000.0,7208969000.0,7030113000.0,694031000.0,,10000000.0,130213000.0,59454000.0
TBBK,1295401,2023,40786809.0,7705695000.0,6898414000.0,6680910000.0,807281000.0,,38600000.0,192296000.0,155455000.0
TBBK,1295401,2024,40786809.0,8727543000.0,7937760000.0,7746046000.0,789783000.0,,14100000.0,217540000.0,
TBBK,1295401,2025,40786809.0,9352425000.0,8662629000.0,8165496000.0,689796000.0,,,228213000.0,
TCBI,1077428,2015,43474369.0,18909139000.0,17285606000.0,15084619000.0,1623533000.0,,,34753000.0,12632000.0
TCBI,1077428,2016,43474369.0,21697134000.0,19687577000.0,17016831000.0,2009557000.0,,,48386000.0,17448000.0
TCBI,1077428,2017,43474369.0,25075645000.0,22872924000.0,19123180000.0,2202721000.0,,,44742000.0,38870000.0
TCBI,1077428,2018,43474369.0,28257767000.0,25757373000.0,20606113000.0,2500394000.0,,,71891000.0,81045000.0
TCBI,1077428,2019,43474369.0,32548069000.0,29715811000.0,26478593000.0,2832258000.0,,,73917000.0,89372000.0
TCBI,1077428,2020,43474369.0,37726096000.0,34854872000.0,30996589000.0,2871224000.0,,,60176000.0,32153000.0
TCBI,1077428,2021,43474369.0,34731738000.0,31522122000.0,28109365000.0,3209616000.0,,928738000.0,65130000.0,25860000.0
TCBI,1077428,2022,43474369.0,28414642000.0,25359291000.0,22856880000.0,3055351000.0,,931442000.0,217251000.0,123687000.0
TCBI,1077428,2023,43474369.0,28356266000.0,25157124000.0,22371839000.0,3199142000.0,,859147000.0,189141000.0,715800000.0
TCBI,1077428,2024,43474369.0,30731883000.0,27363947000.0,25238599000.0,3367936000.0,,660346000.0,77508000.0,
TCBI,1077428,2025,43474369.0,31540274000.0,27908892000.0,26448767000.0,3631382000.0,,620575000.0,330244000.0,
TFC,92230,2015,1221626188.0,209947000000.0,182607000000.0,149124000000.0,,,23769000000.0,,735000000.0
TFC,92230,2016,1221626188.0,219276000000.0,189350000000.0,160234000000.0,,,21965000000.0,,745000000.0
TFC,92230,2017,1221626188.0,221642000000.0,191947000000.0,157371000000.0,,,23648000000.0,,839000000.0
TFC,92230,2018,1221626188.0,225697000000.0,195519000000.0,161199000000.0,,,23709000000.0,,1438000000.0
TFC,92230,2019,1221626188.0,473078000000.0,406520000000.0,334727000000.0,,,41339000000.0,,2096000000.0
TFC,92230,2020,1221626188.0,509228000000.0,438316000000.0,381077000000.0,,,39597000000.0,,1722000000.0
TFC,92230,2021,1221626188.0,541241000000.0,471970000000.0,416488000000.0,,,35913000000.0,,768000000.0
TFC,92230,2022,1221626188.0,555255000000.0,494718000000.0,413495000000.0,,,43203000000.0,,2321000000.0
TFC,92230,2023,1221626188.0,535349000000.0,476096000000.0,395865000000.0,,,38918000000.0,,9856000000.0
TFC,92230,2024,1221626188.0,531176000000.0,467497000000.0,390524000000.0,,,34956000000.0,,
TFC,92230,2025,1221626188.0,547538000000.0,482349000000.0,400398000000.0,65189000000.0,,41963000000.0,,
TFIN,1539638,2015,23894537.0,1691313000.0,1423275000.0,1248950000.0,,,,29133000.0,2231000.0
TFIN,1539638,2016,23894537.0,2641067000.0,2351722000.0,2015785000.0,289345000.0,,,20700000.0,4230000.0
TFIN,1539638,2017,23894537.0,3499033000.0,3107335000.0,2621348000.0,391698000.0,,,6305000.0,6421000.0
TFIN,1539638,2018,23894537.0,4559779000.0,3923172000.0,3450349000.0,636607000.0,,,18085000.0,10969000.0
TFIN,1539638,2019,23894537.0,5060297000.0,4423707000.0,3789906000.0,636590000.0,,,16709000.0,14763000.0
TFIN,1539638,2020,23894537.0,5935791000.0,5209010000.0,4716600000.0,726781000.0,,191860000.0,32130000.0,6341000.0
TFIN,1539638,2021,23894537.0,5956250000.0,5097386000.0,4646679000.0,858864000.0,,27144000.0,112974000.0,18425000.0
TFIN,1539638,2022,23894537.0,5333783000.0,4444812000.0,4171336000.0,888971000.0,,,102311000.0,18747000.0
TFIN,1539638,2023,23894537.0,5347334000.0,4482934000.0,3977478000.0,864400000.0,,,41081000.0,54342000.0
TFIN,1539638,2024,23894537.0,5948975000.0,5058056000.0,4820820000.0,890919000.0,,,16090000.0,
TFIN,1539638,2025,23894537.0,6380588000.0,5438817000.0,4950216000.0,941771000.0,,,25359000.0,
THG,944695,2015,34820221.0,13790900000.0,10946500000.0,,2844400000.0,,812800000.0,77600000.0,
THG,944695,2016,34820221.0,14220400000.0,11362900000.0,,2857500000.0,,786400000.0,-13500000.0,
THG,944695,2017,34820221.0,15469600000.0,12471900000.0,,2997700000.0,,786900000.0,51500000.0,
THG,944695,2018,34820221.0,12399700000.0,9445000000.0,,2954700000.0,,777900000.0,123600000.0,
THG,944695,2019,34820221.0,12490500000.0,9574300000.0,,2916200000.0,,653400000.0,109800000.0,
THG,944695,2020,34820221.0,13443700000.0,10241500000.0,,3202200000.0,,,164600000.0,
THG,944695,2021,34820221.0,14254300000.0,11109400000.0,,3144900000.0,,,418700000.0,
THG,944695,2022,34820221.0,13997200000.0,11671600000.0,,2325600000.0,,,116000000.0,
THG,944695,2023,34820221.0,14612600000.0,12147000000.0,,2465600000.0,,,35300000.0,
THG,944695,2024,34820221.0,15274500000.0,12432700000.0,,2841800000.0,,722300000.0,426000000.0,
THG,944695,2025,34820221.0,16945900000.0,13374400000.0,,3571500000.0,,843300000.0,662500000.0,
TILE,715787,2015,57800460.0,756549000.0,414183000.0,,342366000.0,153017000.0,202281000.0,18247000.0,6401000.0
TILE,715787,2016,57800460.0,839573000.0,498844000.0,,340729000.0,159083000.0,255347000.0,4707000.0,6130000.0
TILE,715787,2017,57800460.0,800600000.0,470509000.0,,330091000.0,176646000.0,214928000.0,4322000.0,7128000.0
TILE,715787,2018,57800460.0,1284644000.0,929981000.0,,354663000.0,223587000.0,587266000.0,6395000.0,15436000.0
TILE,715787,2019,57800460.0,1423049000.0,1054847000.0,,368202000.0,263275000.0,565178000.0,16432000.0,25656000.0
TILE,715787,2020,57800460.0,1306011000.0,979473000.0,,326538000.0,193300000.0,561251000.0,19616000.0,29244000.0
TILE,715787,2021,57800460.0,1330057000.0,966659000.0,,363398000.0,261812000.0,503056000.0,55234000.0,29681000.0
TILE,715787,2022,57800460.0,1266503000.0,904966000.0,,361537000.0,220470000.0,510003000.0,19560000.0,29929000.0
TILE,715787,2023,57800460.0,1230095000.0,804148000.0,,425947000.0,214721000.0,408641000.0,44517000.0,31787000.0
TILE,715787,2024,57800460.0,1170816000.0,681668000.0,,489148000.0,216717000.0,302275000.0,86946000.0,23205000.0
TILE,715787,2025,57800460.0,1206522000.0,565848000.0,,640674000.0,237064000.0,172801000.0,116098000.0,19546000.0
TISI,318833,2015,4583209.0,523833000.0,188458000.0,,329341000.0,91224000.0,78484000.0,15369000.0,
TISI,318833,2016,4583209.0,1147418000.0,611781000.0,,535637000.0,147721000.0,346911000.0,-9377000.0,
TISI,318833,2017,4583209.0,1055835000.0,598367000.0,,457468000.0,147784000.0,387749000.0,-39000.0,
TISI,318833,2018,4583209.0,977821000.0,520721000.0,,457100000.0,139951000.0,,3985000.0,
TISI,318833,2019,4583209.0,985217000.0,548547000.0,,436670000.0,150536000.0,,-7234000.0,
TISI,318833,2020,4583209.0,730975000.0,516372000.0,,214603000.0,133004000.0,,-14875000.0,
TISI,318833,2021,4583209.0,704485000.0,652618000.0,,51867000.0,184125000.0,,-186019000.0,
TISI,318833,2022,4583209.0,616645000.0,498885000.0,,117760000.0,448864000.0,,70079000.0,
TISI,318833,2023,4583209.0,565744000.0,520148000.0,,45596000.0,174938000.0,,-75722000.0,
TISI,318833,2024,4583209.0,528365000.0,526627000.0,,1738000.0,171248000.0,,-38266000.0,47808000.0
TISI,318833,2025,4583209.0,485453000.0,457983000.0,,-24481000.0,120055000.0,,-49210000.0,44676000.0
TLSS,1463208,2015,5889437474.0,759986.0,157261.0,,602725.0,157261.0,,-1003625.0,
TLSS,1463208,2016,5889437474.0,11628.0,204960.0,,-193332.0,204960.0,,-1263257.0,
TLSS,1463208,2017,5889437474.0,361389.0,1136526.0,,-775137.0,1136526.0,,-744805.0,
TLSS,1463208,2018,5889437474.0,7192820.0,14930114.0,,-7737294.0,14506095.0,,-14478157.0,
TLSS,1463208,2019,5889437474.0,4327688.0,17214112.0,,-12886424.0,15773854.0,,-44864462.0,
TLSS,1463208,2020,5889437474.0,3533696.0,19547112.0,,-16013416.0,18006901.0,,-42781958.0,
TLSS,1463208,2021,5889437474.0,9534689.0,1018562.0,,8516127.0,1006107.0,,6254790.0,
TLSS,1463208,2022,5889437474.0,21292126.0,15792064.0,,5500062.0,8546628.0,5784577.0,-8076066.0,
TLSS,1463208,2023,5889437474.0,2159766.0,10157202.0,,-7997436.0,10157202.0,,-14264646.0,
TLSS,1463208,2024,5889437474.0,178936.0,12070953.0,,-11892017.0,12070953.0,,-3824470.0,
TLSS,1463208,2025,5889437474.0,17335.0,7951430.0,,-20080735.0,7951430.0,,33833.0,
TM,1094517,2020,13033931974.0,,,,,,10692898000000.0,,
TMP,1005817,2015,14382905.0,5689995000.0,5173529000.0,4395306000.0,515014000.0,,,13854000.0,5128000.0
TMP,1005817,2016,14382905.0,6236756000.0,5687351000.0,4625139000.0,547953000.0,,,15118000.0,5562000.0
TMP,1005817,2017,14382905.0,6648290000.0,6072088000.0,4837807000.0,574780000.0,,,2457000.0,7060000.0
TMP,1005817,2018,14382905.0,6758436000.0,6137565000.0,4888959000.0,619459000.0,,,18911000.0,12089000.0
TMP,1005817,2019,14382905.0,6725623000.0,6062569000.0,5212921000.0,661642000.0,,,21080000.0,11343000.0
TMP,1005817,2020,14382905.0,7622171000.0,6904482000.0,6437752000.0,716277000.0,,,77588000.0,28991000.0
TMP,1005817,2021,14382905.0,7819982000.0,7091041000.0,6791435000.0,727529000.0,,,89264000.0,17526000.0
TMP,1005817,2022,14382905.0,7670686000.0,7053296000.0,6602295000.0,615978000.0,,,85030000.0,21043000.0
TMP,1005817,2023,14382905.0,7819749000.0,7149815000.0,6399847000.0,668522000.0,,,9505000.0,87844000.0
TMP,1005817,2024,14382905.0,8109080000.0,7395636000.0,6471805000.0,713444000.0,,,70850000.0,
TMP,1005817,2025,14382905.0,8668268000.0,7729891000.0,6937762000.0,,,,161071000.0,
TOST,1650164,2021,,1735000000.0,644000000.0,,1091000000.0,352000000.0,0.0,-487000000.0,12000000.0
TOST,1650164,2022,,1761000000.0,663000000.0,,1098000000.0,496000000.0,,-275000000.0,
TOST,1650164,2023,,1958000000.0,764000000.0,,1194000000.0,663000000.0,,-246000000.0,
TOST,1650164,2024,,2408000000.0,863000000.0,,1545000000.0,811000000.0,,19000000.0,
TOST,1650164,2025,,3145000000.0,1021000000.0,,2124000000.0,969000000.0,,342000000.0,
TPR,1116132,2015,199391678.0,4666900000.0,2177000000.0,,2489900000.0,834700000.0,888700000.0,11700000.0,
TPR,1116132,2016,199391678.0,4892700000.0,2209800000.0,,2682900000.0,826700000.0,870000000.0,81500000.0,
TPR,1116132,2017,199391678.0,5831600000.0,2829700000.0,,3001900000.0,753800000.0,1600000000.0,151700000.0,
TPR,1116132,2018,199391678.0,6678300000.0,3433700000.0,,3244600000.0,938200000.0,1617400000.0,211700000.0,
TPR,1116132,2019,199391678.0,6877300000.0,3363900000.0,,3513400000.0,918000000.0,1616700000.0,148900000.0,
TPR,1116132,2020,199391678.0,7924200000.0,5647800000.0,,2276400000.0,1742100000.0,1600000000.0,-293800000.0,
TPR,1116132,2021,199391678.0,8382400000.0,5123100000.0,,3259300000.0,1425800000.0,1600000000.0,199800000.0,
TPR,1116132,2022,199391678.0,7265300000.0,4979800000.0,,2285500000.0,1468800000.0,1668800000.0,856300000.0,
TPR,1116132,2023,199391678.0,7116800000.0,4839000000.0,,2277800000.0,1286500000.0,1643800000.0,936000000.0,
TPR,1116132,2024,199391678.0,13396300000.0,10499400000.0,,2896900000.0,1711600000.0,7003400000.0,816000000.0,
TPR,1116132,2025,199391678.0,6580500000.0,5722700000.0,,857800000.0,1556900000.0,2396600000.0,183200000.0,
TPR,1116132,2026,199391678.0,6691700000.0,5999600000.0,,692100000.0,1645000000.0,2396600000.0,1527700000.0,
TRCK,1045942,2015,41335187.0,54030451.0,39662338.0,,14368113.0,5865069.0,30189188.0,-5668701.0,2690404.0
TRCK,1045942,2016,41335187.0,52319323.0,43628707.0,,8690616.0,9993025.0,30345803.0,,2829003.0
TRCK,1045942,2017,41335187.0,49147132.0,43171374.0,,5975758.0,39690657.0,3480717.0,,2820924.0
TRCK,1045942,2018,41335187.0,48356284.0,46717918.0,,1638366.0,43288943.0,3428975.0,,3004983.0
TRCK,1045942,2019,41335187.0,49382190.0,50284388.0,,-902198.0,50284388.0,0.0,,2403047.0
TRCK,1045942,2020,41335187.0,47734907.0,48655530.0,,-920623.0,48072468.0,418575.0,,2503542.0
TRCK,1045942,2021,41335187.0,53523242.0,51154012.0,,2369230.0,7698146.0,43452216.0,3442406.0,2192108.0
TRCK,1045942,2022,41335187.0,44680840.0,49735567.0,,-5054727.0,6358039.0,42979243.0,-7390362.0,1991302.0
TRCK,1045942,2023,41335187.0,40244559.0,48737492.0,,-8492933.0,5676968.0,42801165.0,-3391508.0,1960488.0
TRCK,1045942,2024,41335187.0,37670006.0,49279417.0,,-11609411.0,6453813.0,42639197.0,-3081414.0,
TRCK,1045942,2025,41335187.0,40303520.0,51846465.0,,-11542945.0,8596256.0,42720944.0,-1883753.0,
TRMB,864749,2015,233179848.0,3680700000.0,1460100000.0,,2219700000.0,660900000.0,611400000.0,24000000.0,
TRMB,864749,2016,233179848.0,3673800000.0,1368100000.0,,2305800000.0,688200000.0,489600000.0,37700000.0,
TRMB,864749,2017,233179848.0,4298200000.0,1932200000.0,,2366000000.0,809200000.0,785500000.0,-35000000.0,
TRMB,864749,2018,233179848.0,5776400000.0,3101600000.0,,2674400000.0,1055200000.0,1712300000.0,282800000.0,
TRMB,864749,2019,233179848.0,6640700000.0,3520300000.0,,3119000000.0,1190300000.0,1624200000.0,279300000.0,
TRMB,864749,2020,233179848.0,6876900000.0,3278300000.0,,3596900000.0,1311300000.0,1291400000.0,389900000.0,
TRMB,864749,2021,233179848.0,7099600000.0,3154900000.0,,3944700000.0,1188600000.0,1293200000.0,492700000.0,
TRMB,864749,2022,233179848.0,7269000000.0,3218800000.0,,4050200000.0,1462100000.0,,449700000.0,
TRMB,864749,2023,233179848.0,9539300000.0,5039200000.0,,4500100000.0,1829300000.0,2536200000.0,311300000.0,
TRMB,864749,2024,233179848.0,9488300000.0,3743000000.0,,5745300000.0,1788000000.0,1390600000.0,1504400000.0,
TRMB,864749,2025,233179848.0,9312000000.0,3475800000.0,,5836200000.0,1503400000.0,1392200000.0,424000000.0,
TRMK,36146,2015,58070577.0,12678896000.0,11205839000.0,9588230000.0,1473057000.0,,,116038000.0,20460000.0
TRMK,36146,2016,58070577.0,13352333000.0,11832125000.0,10056012000.0,1520208000.0,,,108411000.0,24547000.0
TRMK,36146,2017,58070577.0,13797953000.0,12226252000.0,10577512000.0,1571701000.0,,,105630000.0,42245000.0
TRMK,36146,2018,58070577.0,13286460000.0,11695007000.0,11364411000.0,1591453000.0,,,149584000.0,66192000.0
TRMK,36146,2019,58070577.0,13497877000.0,11837175000.0,11245557000.0,1660702000.0,,,150460000.0,83903000.0
TRMK,36146,2020,58070577.0,16551840000.0,14810723000.0,14048764000.0,1741117000.0,,,160025000.0,41798000.0
TRMK,36146,2021,58070577.0,17595636000.0,15854325000.0,15087160000.0,1741311000.0,,,147365000.0,24160000.0
TRMK,36146,2022,58070577.0,18015478000.0,16523210000.0,14437648000.0,1492268000.0,,,71887000.0,47125000.0
TRMK,36146,2023,58070577.0,18722189000.0,17060342000.0,15569763000.0,1661847000.0,,,165489000.0,325954000.0
TRMK,36146,2024,58070577.0,18152422000.0,16190095000.0,15108175000.0,1962327000.0,,,223009000.0,
TRMK,36146,2025,58070577.0,18925211000.0,16803534000.0,15499784000.0,2121677000.0,,,224135000.0,
TRN,99780,2015,79669486.0,8885900000.0,4837200000.0,,3653900000.0,,,200000000.0,194700000.0
TRN,99780,2016,79669486.0,9125300000.0,4814200000.0,,3918500000.0,,,67600000.0,181900000.0
TRN,99780,2017,79669486.0,9543200000.0,4685200000.0,,4501100000.0,,,538500000.0,184000000.0
TRN,99780,2018,79669486.0,7989200000.0,5427200000.0,,2210800000.0,,,27300000.0,179300000.0
TRN,99780,2019,79669486.0,8701400000.0,6322500000.0,,2030100000.0,,,21600000.0,221800000.0
TRN,99780,2020,79669486.0,8701800000.0,6685800000.0,,1738800000.0,,,-147300000.0,219200000.0
TRN,99780,2021,79669486.0,8235900000.0,6939100000.0,,1029800000.0,,,134000000.0,
TRN,99780,2022,79669486.0,8724300000.0,7454700000.0,,1012400000.0,,,31300000.0,
TRN,99780,2023,79669486.0,8906500000.0,7631000000.0,,1037100000.0,,,106000000.0,
TRN,99780,2024,79669486.0,8832200000.0,7525000000.0,,1058900000.0,,,28900000.0,
TRN,99780,2025,79669486.0,8424400000.0,7279100000.0,,1077200000.0,,,186600000.0,
TROW,1113169,2015,213315850.0,5106900000.0,344900000.0,,4762000000.0,,,303200000.0,
TROW,1113169,2016,213315850.0,6225000000.0,529200000.0,,5008600000.0,,,379800000.0,
TROW,1113169,2017,213315850.0,7534700000.0,717500000.0,,5824400000.0,,,347100000.0,
TROW,1113169,2018,213315850.0,7689300000.0,824700000.0,,6124300000.0,,,351900000.0,
TROW,1113169,2019,213315850.0,9330400000.0,1107300000.0,,7102100000.0,,,545300000.0,
TROW,1113169,2020,213315850.0,10659000000.0,1390300000.0,,7707000000.0,,,783400000.0,
TROW,1113169,2021,213315850.0,12509000000.0,2255300000.0,,9022700000.0,,,3082900000.0,
TROW,1113169,2022,213315850.0,11643300000.0,1956400000.0,,8839500000.0,,,1557900000.0,
TROW,1113169,2023,213315850.0,12278800000.0,1987600000.0,,9505100000.0,,,1788700000.0,
TROW,1113169,2024,213315850.0,13472000000.0,2021900000.0,,10345400000.0,,,2100100000.0,
TROW,1113169,2025,213315850.0,14341800000.0,2288600000.0,,10860100000.0,,,2087100000.0,
TRST,357301,2015,17027740.0,4734992000.0,4321682000.0,4100378000.0,413310000.0,,,42238000.0,16197000.0
TRST,357301,2016,17027740.0,4868806000.0,4436120000.0,4196163000.0,432686000.0,,,42601000.0,15304000.0
TRST,357301,2017,17027740.0,4908008000.0,4449700000.0,4173326000.0,458308000.0,,,43145000.0,14592000.0
TRST,357301,2018,17027740.0,4958913000.0,4469042000.0,4274247000.0,489871000.0,,,61445000.0,20228000.0
TRST,357301,2019,17027740.0,5221322000.0,4683065000.0,4450016000.0,538257000.0,,,57840000.0,36321000.0
TRST,357301,2020,17027740.0,5901796000.0,5333635000.0,5037193000.0,568161000.0,,,52452000.0,24708000.0
TRST,357301,2021,17027740.0,6196546000.0,5595418000.0,5268129000.0,601128000.0,,,61519000.0,7574000.0
TRST,357301,2022,17027740.0,6000052000.0,5400065000.0,5192810000.0,599987000.0,,,75234000.0,6467000.0
TRST,357301,2023,17027740.0,6168191000.0,5522906000.0,5350777000.0,645285000.0,,,58646000.0,54361000.0
TRST,357301,2024,17027740.0,6238744000.0,5562401000.0,5390983000.0,676343000.0,,,48833000.0,
TRST,357301,2025,17027740.0,6440700000.0,5754111000.0,5557417000.0,686589000.0,,,61137000.0,
TRU,1552033,2015,,4446700000.0,3076800000.0,,1231400000.0,296000000.0,2164600000.0,19200000.0,134200000.0
TRU,1552033,2016,,4781200000.0,3308200000.0,,1362800000.0,373300000.0,2325200000.0,49500000.0,85500000.0
TRU,1552033,2017,,5118500000.0,3293900000.0,,1728700000.0,458400000.0,2345300000.0,245100000.0,87600000.0
TRU,1552033,2018,,7039800000.0,5057600000.0,,1889700000.0,548500000.0,3976400000.0,102100000.0,137500000.0
TRU,1552033,2019,,7113200000.0,4773800000.0,,2245400000.0,571400000.0,3598300000.0,82900000.0,173600000.0
TRU,1552033,2020,,7311600000.0,4675500000.0,,2540200000.0,664500000.0,3398700000.0,101700000.0,126300000.0
TRU,1552033,2021,,12635000000.0,8628800000.0,,3908100000.0,1357000000.0,6251300000.0,1017400000.0,112600000.0
TRU,1552033,2022,,11666300000.0,7396900000.0,,4169900000.0,905500000.0,5555500000.0,269500000.0,230900000.0
TRU,1552033,2023,,11105100000.0,6999600000.0,,4008200000.0,1002700000.0,,6100000.0,288200000.0
TRU,1552033,2024,,10984800000.0,6666000000.0,,4217000000.0,1059600000.0,,284400000.0,
TRU,1552033,2025,,11112900000.0,6567600000.0,,4439200000.0,1154400000.0,,455400000.0,
TRUP,1371285,2015,43872611.0,70917000.0,25561000.0,,45356000.0,23617000.0,0.0,,325000.0
TRUP,1371285,2016,43872611.0,82345000.0,37630000.0,,44715000.0,30657000.0,4767000.0,,218000.0
TRUP,1371285,2017,43872611.0,105859000.0,57425000.0,,48434000.0,45866000.0,9324000.0,,533000.0
TRUP,1371285,2018,43872611.0,207510000.0,78337000.0,,129173000.0,63203000.0,12862000.0,,1198000.0
TRUP,1371285,2019,43872611.0,257200000.0,120440000.0,,136760000.0,91625000.0,26086000.0,,1349000.0
TRUP,1371285,2020,43872611.0,498250000.0,158311000.0,,339939000.0,150399000.0,0.0,,1381000.0
TRUP,1371285,2021,43872611.0,562582000.0,230382000.0,,332200000.0,223696000.0,,,10000.0
TRUP,1371285,2022,43872611.0,671627000.0,366330000.0,,305297000.0,289616000.0,,,4267000.0
TRUP,1371285,2023,43872611.0,782948000.0,479226000.0,,303722000.0,344474000.0,,,12077000.0
TRUP,1371285,2024,43872611.0,806853000.0,483585000.0,,323268000.0,349626000.0,,,14498000.0
TRUP,1371285,2025,43872611.0,915044000.0,531108000.0,,383936000.0,409810000.0,,,13759000.0
TRV,86312,2015,208575022.0,100184000000.0,76586000000.0,,23598000000.0,,,866000000.0,373000000.0
TRV,86312,2016,208575022.0,100245000000.0,77024000000.0,,23221000000.0,,,943000000.0,363000000.0
TRV,86312,2017,208575022.0,103483000000.0,79752000000.0,,23731000000.0,,,551000000.0,369000000.0
TRV,86312,2018,208575022.0,104233000000.0,81339000000.0,,22894000000.0,,,621000000.0,352000000.0
TRV,86312,2019,208575022.0,110122000000.0,84179000000.0,,25943000000.0,,,873000000.0,344000000.0
TRV,86312,2020,208575022.0,116764000000.0,87563000000.0,,29201000000.0,,,1310000000.0,339000000.0
TRV,86312,2021,208575022.0,120466000000.0,91579000000.0,,28887000000.0,,,3662000000.0,340000000.0
TRV,86312,2022,208575022.0,115717000000.0,94157000000.0,,21560000000.0,,,2842000000.0,351000000.0
TRV,86312,2023,208575022.0,125978000000.0,101057000000.0,,24921000000.0,,,2991000000.0,376000000.0
TRV,86312,2024,208575022.0,133189000000.0,105325000000.0,,27864000000.0,,,4999000000.0,392000000.0
TRV,86312,2025,208575022.0,143708000000.0,110814000000.0,,32894000000.0,,,6288000000.0,425000000.0
TSLA,1318605,2015,3949547394.0,8092460000.0,6961471000.0,,1088944000.0,2816274000.0,,-320397000.0,118851000.0
TSLA,1318605,2016,3949547394.0,22664076000.0,16750167000.0,,4752911000.0,5827005000.0,,-121337000.0,198810000.0
TSLA,1318605,2017,3949547394.0,28655372000.0,23022980000.0,,4237242000.0,7674670000.0,,-675350000.0,471259000.0
TSLA,1318605,2018,3949547394.0,29739614000.0,23426010000.0,,4923243000.0,9992136000.0,,139483000.0,663071000.0
TSLA,1318605,2019,3949547394.0,34309000000.0,26199000000.0,,6618000000.0,10667000000.0,,105000000.0,685000000.0
TSLA,1318605,2020,3949547394.0,52148000000.0,28418000000.0,,22225000000.0,14248000000.0,,270000000.0,748000000.0
TSLA,1318605,2021,3949547394.0,62131000000.0,30548000000.0,,30189000000.0,19705000000.0,,5519000000.0,371000000.0
TSLA,1318605,2022,3949547394.0,82338000000.0,36440000000.0,,44704000000.0,26709000000.0,,12556000000.0,191000000.0
TSLA,1318605,2023,3949547394.0,106618000000.0,43009000000.0,,62634000000.0,28748000000.0,,14997000000.0,156000000.0
TSLA,1318605,2024,3949547394.0,122070000000.0,48390000000.0,,72913000000.0,28821000000.0,,7091000000.0,
TSLA,1318605,2025,3949547394.0,137806000000.0,54941000000.0,,82137000000.0,31714000000.0,,3794000000.0,
TVE,1376986,2015,0.0,48825000000.0,41622000000.0,,,3935000000.0,23930000000.0,502000000.0,1133000000.0
TVE,1376986,2016,0.0,50494000000.0,42074000000.0,,,5862000000.0,22148000000.0,661000000.0,1136000000.0
TVE,1376986,2017,0.0,50017000000.0,40884000000.0,,,6401000000.0,21438000000.0,139000000.0,1346000000.0
TVE,1376986,2018,0.0,48667000000.0,38384000000.0,,,4854000000.0,21307000000.0,-101000000.0,1243000000.0
TVE,1376986,2019,0.0,50467000000.0,38842000000.0,,,4312000000.0,20183000000.0,588000000.0,
TVE,1376986,2020,0.0,52825000000.0,39893000000.0,,,4711000000.0,19004000000.0,700000000.0,
TVE,1376986,2021,0.0,52456000000.0,,,,4979000000.0,18463000000.0,1512000000.0,
TVE,1376986,2022,0.0,51188000000.0,,,,4645000000.0,18794000000.0,1108000000.0,
TVE,1376986,2023,0.0,51344000000.0,,,,4873000000.0,18777000000.0,500000000.0,
TVE,1376986,2024,0.0,57703000000.0,,,,5873000000.0,18764000000.0,1135000000.0,
TVE,1376986,2025,0.0,60882000000.0,,,,5607000000.0,22093000000.0,1360000000.0,
TWI,899751,2015,64542352.0,1275191000.0,853334000.0,,345059000.0,270097000.0,480404000.0,-51160000.0,34032000.0
TWI,899751,2016,64542352.0,1262951000.0,868208000.0,,293872000.0,366104000.0,408760000.0,-12984000.0,32539000.0
TWI,899751,2017,64542352.0,1290112000.0,866835000.0,,320929000.0,372922000.0,407171000.0,-30278000.0,30229000.0
TWI,899751,2018,64542352.0,1251256000.0,861346000.0,,279048000.0,375068000.0,409572000.0,-12291000.0,30456000.0
TWI,899751,2019,64542352.0,1114307000.0,850319000.0,,234851000.0,327153000.0,,-24835000.0,33137000.0
TWI,899751,2020,64542352.0,1031884000.0,830619000.0,,179264000.0,329711000.0,,-60388000.0,30554000.0
TWI,899751,2021,64542352.0,1182685000.0,955513000.0,,229300000.0,450813000.0,,49586000.0,32221000.0
TWI,899751,2022,64542352.0,1284630000.0,901492000.0,,381236000.0,446161000.0,,176302000.0,29796000.0
TWI,899751,2023,64542352.0,1289245000.0,821830000.0,,467060000.0,372375000.0,,78760000.0,18785000.0
TWI,899751,2024,64542352.0,1584953000.0,1091297000.0,,496073000.0,387358000.0,,-5560000.0,
TWI,899751,2025,64542352.0,1672660000.0,1151043000.0,,514380000.0,428244000.0,,-63494000.0,
TXN,97476,2015,913247686.0,16230000000.0,6284000000.0,,9946000000.0,2555000000.0,3120000000.0,836000000.0,
TXN,97476,2016,913247686.0,16431000000.0,5958000000.0,,10473000000.0,2264000000.0,2978000000.0,1047000000.0,
TXN,97476,2017,913247686.0,17642000000.0,7305000000.0,,10337000000.0,2258000000.0,3577000000.0,344000000.0,
TXN,97476,2018,913247686.0,17137000000.0,8143000000.0,,8994000000.0,2474000000.0,4319000000.0,1239000000.0,
TXN,97476,2019,913247686.0,18018000000.0,9111000000.0,,8907000000.0,2123000000.0,5303000000.0,1070000000.0,
TXN,97476,2020,913247686.0,19351000000.0,10164000000.0,,9187000000.0,2390000000.0,6248000000.0,1688000000.0,
TXN,97476,2021,913247686.0,24676000000.0,11343000000.0,,13333000000.0,2569000000.0,7241000000.0,7769000000.0,
TXN,97476,2022,913247686.0,27207000000.0,12630000000.0,,14577000000.0,2985000000.0,8235000000.0,8749000000.0,
TXN,97476,2023,913247686.0,32348000000.0,15451000000.0,,16897000000.0,3320000000.0,10624000000.0,6510000000.0,
TXN,97476,2024,913247686.0,35509000000.0,18606000000.0,,16903000000.0,3643000000.0,12846000000.0,4799000000.0,
TXN,97476,2025,913247686.0,34585000000.0,18312000000.0,,16273000000.0,3159000000.0,13548000000.0,5001000000.0,
TXT,217346,2015,171986917.0,14708000000.0,9744000000.0,,4964000000.0,,,226000000.0,169000000.0
TXT,217346,2016,171986917.0,15358000000.0,9784000000.0,,5574000000.0,,,214000000.0,174000000.0
TXT,217346,2017,171986917.0,15340000000.0,9693000000.0,,5647000000.0,,,-106000000.0,174000000.0
TXT,217346,2018,171986917.0,14264000000.0,9072000000.0,,5192000000.0,,,246000000.0,166000000.0
TXT,217346,2019,171986917.0,15018000000.0,9500000000.0,,5518000000.0,,,815000000.0,171000000.0
TXT,217346,2020,171986917.0,15443000000.0,9598000000.0,,5845000000.0,,,309000000.0,166000000.0
TXT,217346,2021,171986917.0,15827000000.0,9012000000.0,,6815000000.0,,,746000000.0,142000000.0
TXT,217346,2022,171986917.0,16293000000.0,9180000000.0,,7113000000.0,,,861000000.0,
TXT,217346,2023,171986917.0,16856000000.0,9869000000.0,,6987000000.0,,,921000000.0,
TXT,217346,2024,171986917.0,16838000000.0,9634000000.0,,7204000000.0,,,824000000.0,
TXT,217346,2025,171986917.0,18129000000.0,10254000000.0,,7875000000.0,,,921000000.0,
UBSI,729986,2015,136212571.0,12577944000.0,10865309000.0,9341527000.0,1712635000.0,,1015249000.0,33476000.0,10085000.0
UBSI,729986,2016,136212571.0,14508892000.0,12273145000.0,10796867000.0,2235747000.0,,1172026000.0,39106000.0,12368000.0
UBSI,729986,2017,136212571.0,19058959000.0,15818429000.0,13830591000.0,3240530000.0,,1363977000.0,17975000.0,21662000.0
UBSI,729986,2018,136212571.0,19250498000.0,15998874000.0,13994749000.0,3251624000.0,,1499103000.0,63950000.0,40795000.0
UBSI,729986,2019,136212571.0,19662324000.0,16298491000.0,13852421000.0,3363833000.0,,1838029000.0,63285000.0,42586000.0
UBSI,729986,2020,136212571.0,26184247000.0,21886627000.0,20585160000.0,4297620000.0,,864369000.0,92370000.0,16925000.0
UBSI,729986,2021,136212571.0,29328902000.0,24610274000.0,23350263000.0,4718628000.0,,817394000.0,73852000.0,11516000.0
UBSI,729986,2022,136212571.0,29489380000.0,24973187000.0,22303166000.0,4516193000.0,,2197656000.0,99765000.0,58337000.0
UBSI,729986,2023,136212571.0,29926482000.0,25155242000.0,22819319000.0,4771240000.0,,1789103000.0,79390000.0,139485000.0
UBSI,729986,2024,136212571.0,30023545000.0,25030322000.0,23961859000.0,4993223000.0,,540420000.0,94408000.0,143426000.0
UBSI,729986,2025,136212571.0,33660281000.0,28164298000.0,27060939000.0,5495983000.0,,531817000.0,128828000.0,142596000.0
UCB,857855,2015,120575503.0,9626108000.0,8607823000.0,7881089000.0,1018285000.0,,,71578000.0,21109000.0
UCB,857855,2016,120575503.0,10708655000.0,9632920000.0,8637558000.0,1075735000.0,,-4976000.0,100656000.0,25236000.0
UCB,857855,2017,120575503.0,11915460000.0,10612126000.0,9807697000.0,1303334000.0,,,67821000.0,33735000.0
UCB,857855,2018,120575503.0,12573192000.0,11115638000.0,10534513000.0,1457554000.0,,,166111000.0,61330000.0
UCB,857855,2019,120575503.0,12916016000.0,11280324000.0,10897244000.0,1635692000.0,,,185721000.0,83312000.0
UCB,857855,2020,120575503.0,17794374000.0,15786844000.0,15232358000.0,2007530000.0,,,164089000.0,56237000.0
UCB,857855,2021,120575503.0,20946771000.0,18724526000.0,18241179000.0,2222245000.0,,,269801000.0,29760000.0
UCB,857855,2022,120575503.0,24008884000.0,21308210000.0,19876507000.0,2700674000.0,,,277472000.0,60798000.0
UCB,857855,2023,120575503.0,27297251000.0,24035726000.0,23310611000.0,3261525000.0,,,187544000.0,419342000.0
UCB,857855,2024,120575503.0,27720258000.0,24288131000.0,23460975000.0,3432127000.0,,,252397000.0,
UCB,857855,2025,120575503.0,28002554000.0,24363868000.0,23798430000.0,3638686000.0,,,328095000.0,
UFCS,101199,2015,25705439.0,3890376000.0,3011479000.0,,878897000.0,,,30895000.0,0.0
UFCS,101199,2016,25705439.0,4054758000.0,3112874000.0,,941884000.0,,,11995000.0,0.0
UFCS,101199,2017,25705439.0,4183431000.0,3210058000.0,,973373000.0,,,51023000.0,0.0
UFCS,101199,2018,25705439.0,2816698000.0,1928323000.0,,888375000.0,,,27650000.0,0.0
UFCS,101199,2019,25705439.0,3013472000.0,2103000000.0,,910472000.0,,,14820000.0,0.0
UFCS,101199,2020,25705439.0,3069678000.0,2244529000.0,,825149000.0,,,-112706000.0,
UFCS,101199,2021,25705439.0,3012721000.0,2133600000.0,,879121000.0,,,80594000.0,3187000.0
UFCS,101199,2022,25705439.0,2882286000.0,2142172000.0,,740114000.0,,,15031000.0,3188000.0
UFCS,101199,2023,25705439.0,3144190000.0,2410445000.0,,733745000.0,,,-29700000.0,3260000.0
UFCS,101199,2024,25705439.0,3488469000.0,2706938000.0,,781531000.0,,,61957000.0,7281000.0
UFCS,101199,2025,25705439.0,3840789000.0,2899619000.0,,941170000.0,,,118191000.0,11267000.0
ULCC,1670076,2021,,4235000000.0,3705000000.0,,530000000.0,1326000000.0,287000000.0,-102000000.0,
ULCC,1670076,2022,,4499000000.0,3990000000.0,,509000000.0,1555000000.0,272000000.0,-37000000.0,
ULCC,1670076,2023,,4993000000.0,4486000000.0,,507000000.0,1658000000.0,219000000.0,-11000000.0,
ULCC,1670076,2024,,6153000000.0,5549000000.0,,604000000.0,1852000000.0,241000000.0,85000000.0,36000000.0
ULCC,1670076,2025,,7220000000.0,6729000000.0,,491000000.0,2103000000.0,313000000.0,-137000000.0,46000000.0
ULTA,1403568,2015,42757471.0,2230918000.0,788032000.0,,1442886000.0,396227000.0,,107823000.0,
ULTA,1403568,2016,42757471.0,2551878000.0,1001660000.0,,1550218000.0,529343000.0,,140218000.0,
ULTA,1403568,2017,42757471.0,2908687000.0,1134470000.0,,1774217000.0,642166000.0,,208173000.0,
ULTA,1403568,2018,42757471.0,3191172000.0,1370954000.0,,1820218000.0,823736000.0,,214674000.0,
ULTA,1403568,2019,42757471.0,4863872000.0,2961778000.0,,1902094000.0,1137261000.0,,222719000.0,
ULTA,1403568,2020,42757471.0,5089969000.0,3090420000.0,,1999549000.0,1343713000.0,,171494000.0,
ULTA,1403568,2021,42757471.0,4764379000.0,3229006000.0,,1535373000.0,1558010000.0,,985837000.0,
ULTA,1403568,2022,42757471.0,5370411000.0,3410600000.0,,1959811000.0,1681775000.0,,1242408000.0,
ULTA,1403568,2023,42757471.0,5707011000.0,3427683000.0,,2279328000.0,1658191000.0,,1291005000.0,
ULTA,1403568,2024,42757471.0,6001693000.0,3513340000.0,,2488353000.0,1779478000.0,,1201118000.0,
ULTA,1403568,2025,42757471.0,6999294000.0,4195843000.0,,2803451000.0,2224342000.0,,1153479000.0,
UMBF,101382,2015,75950030.0,19094245000.0,17200551000.0,15092752000.0,1893694000.0,,86070000.0,29643000.0,5161000.0
UMBF,101382,2016,75950030.0,20682532000.0,18720148000.0,16570614000.0,1962384000.0,,76772000.0,42934000.0,7554000.0
UMBF,101382,2017,75950030.0,21771583000.0,19590052000.0,18023000000.0,2181531000.0,,79281000.0,247105000.0,16770000.0
UMBF,101382,2018,75950030.0,23351119000.0,21122649000.0,19281260000.0,2228470000.0,,82671000.0,195513000.0,40911000.0
UMBF,101382,2019,75950030.0,26561355000.0,23954915000.0,21603244000.0,2606440000.0,,97490000.0,243600000.0,43457000.0
UMBF,101382,2020,75950030.0,33127504000.0,30110556000.0,27051251000.0,3016948000.0,,269595000.0,286502000.0,12617000.0
UMBF,101382,2021,75950030.0,42693484000.0,39548060000.0,35599927000.0,3145424000.0,,271544000.0,353018000.0,46001000.0
UMBF,101382,2022,75950030.0,38512461000.0,35845368000.0,32639133000.0,2667093000.0,,381311000.0,431682000.0,223723000.0
UMBF,101382,2023,75950030.0,44011674000.0,40911255000.0,35792859000.0,3100419000.0,,383247000.0,350024000.0,918589000.0
UMBF,101382,2024,75950030.0,50409664000.0,46943123000.0,43142029000.0,3466541000.0,,385292000.0,441243000.0,
UMBF,101382,2025,75950030.0,73094090000.0,65400522000.0,60656790000.0,7693568000.0,,474229000.0,702398000.0,
UNM,5513,2015,158306798.0,60589700000.0,51925800000.0,,8663900000.0,,2475100000.0,226100000.0,
UNM,5513,2016,158306798.0,61941500000.0,52973500000.0,,8968000000.0,,2999400000.0,248000000.0,
UNM,5513,2017,158306798.0,64013100000.0,54438200000.0,,9574900000.0,,2738400000.0,266900000.0,
UNM,5513,2018,158306798.0,61875600000.0,53253800000.0,,8621800000.0,,2971300000.0,249100000.0,
UNM,5513,2019,158306798.0,67013400000.0,57048400000.0,,9965000000.0,,2926900000.0,296200000.0,
UNM,5513,2020,158306798.0,70625800000.0,59754800000.0,,10871000000.0,,3345700000.0,135400000.0,
UNM,5513,2021,158306798.0,70115600000.0,58699200000.0,,11416400000.0,,3442200000.0,824200000.0,
UNM,5513,2022,158306798.0,61434900000.0,52237400000.0,,9197500000.0,,3427800000.0,1314200000.0,
UNM,5513,2023,158306798.0,63255200000.0,53603800000.0,,9651400000.0,,3430400000.0,1283800000.0,
UNM,5513,2024,158306798.0,61959300000.0,50998200000.0,,10961100000.0,,3465200000.0,1779100000.0,
UNM,5513,2025,158306798.0,63519400000.0,52400300000.0,,11119100000.0,,3767600000.0,738500000.0,
UNP,100885,2015,594075498.0,54600000000.0,33898000000.0,,20702000000.0,3206000000.0,14201000000.0,1117000000.0,622000000.0
UNP,100885,2016,594075498.0,55718000000.0,35786000000.0,,19932000000.0,3640000000.0,15007000000.0,1144000000.0,698000000.0
UNP,100885,2017,594075498.0,57806000000.0,32950000000.0,,24856000000.0,3939000000.0,16944000000.0,7278000000.0,719000000.0
UNP,100885,2018,594075498.0,59147000000.0,38724000000.0,,20423000000.0,4626000000.0,22391000000.0,1554000000.0,870000000.0
UNP,100885,2019,594075498.0,61673000000.0,43545000000.0,,18128000000.0,4351000000.0,25200000000.0,1403000000.0,1050000000.0
UNP,100885,2020,594075498.0,62398000000.0,45440000000.0,,16958000000.0,4173000000.0,26729000000.0,1380000000.0,1141000000.0
UNP,100885,2021,594075498.0,63525000000.0,49364000000.0,,14161000000.0,5744000000.0,29729000000.0,6523000000.0,1157000000.0
UNP,100885,2022,594075498.0,65449000000.0,53286000000.0,,12163000000.0,5520000000.0,33326000000.0,6998000000.0,1271000000.0
UNP,100885,2023,594075498.0,67132000000.0,52344000000.0,,14788000000.0,5106000000.0,32579000000.0,6379000000.0,1340000000.0
UNP,100885,2024,594075498.0,67715000000.0,50825000000.0,,16890000000.0,5254000000.0,31192000000.0,6747000000.0,
UNP,100885,2025,594075498.0,69698000000.0,51231000000.0,,18467000000.0,5014000000.0,31814000000.0,7138000000.0,
USB,36104,2015,1558051446.0,421853000000.0,375036000000.0,300400000000.0,46131000000.0,,32078000000.0,5879000000.0,1401000000.0
USB,36104,2016,1558051446.0,445964000000.0,398031000000.0,334590000000.0,47298000000.0,,33323000000.0,5888000000.0,1639000000.0
USB,36104,2017,1558051446.0,462040000000.0,412374000000.0,347215000000.0,49040000000.0,,32259000000.0,6218000000.0,2144000000.0
USB,36104,2018,1558051446.0,467374000000.0,415717000000.0,345475000000.0,51029000000.0,,41340000000.0,7096000000.0,3254000000.0
USB,36104,2019,1558051446.0,495426000000.0,442943000000.0,361916000000.0,51853000000.0,,40167000000.0,6914000000.0,4442000000.0
USB,36104,2020,1558051446.0,553905000000.0,500180000000.0,429770000000.0,53095000000.0,,41297000000.0,4959000000.0,2015000000.0
USB,36104,2021,1558051446.0,573284000000.0,517897000000.0,456083000000.0,54918000000.0,,32125000000.0,7963000000.0,993000000.0
USB,36104,2022,1558051446.0,674805000000.0,623573000000.0,524976000000.0,50766000000.0,,39829000000.0,5825000000.0,3217000000.0
USB,36104,2023,1558051446.0,663491000000.0,607720000000.0,512312000000.0,55306000000.0,,,5429000000.0,12611000000.0
USB,36104,2024,1558051446.0,678318000000.0,619278000000.0,518309000000.0,58578000000.0,,,6299000000.0,
USB,36104,2025,1558051446.0,692345000000.0,626694000000.0,522216000000.0,65193000000.0,,,7570000000.0,
USFD,1665918,2016,216330723.0,8944450000.0,6406800000.0,,2537650000.0,1969285000.0,3705751000.0,76864000.0,39320000.0
USFD,1665918,2017,216330723.0,9037158000.0,6285795000.0,,2751363000.0,2002882000.0,,256469000.0,43482000.0
USFD,1665918,2018,216330723.0,9186000000.0,5957000000.0,,3229000000.0,2076000000.0,,100000000.0,42000000.0
USFD,1665918,2019,216330723.0,11288000000.0,7579000000.0,,3709000000.0,2362000000.0,,92000000.0,57000000.0
USFD,1665918,2020,216330723.0,12423000000.0,8374000000.0,,3530000000.0,1982000000.0,,-226000000.0,238000000.0
USFD,1665918,2021,216330723.0,12521000000.0,8252000000.0,,3735000000.0,2550000000.0,,164000000.0,213000000.0
USFD,1665918,2022,216330723.0,12773000000.0,8278000000.0,,3961000000.0,2796000000.0,,265000000.0,255000000.0
USFD,1665918,2023,216330723.0,13187000000.0,8438000000.0,,4749000000.0,3112000000.0,,506000000.0,324000000.0
USFD,1665918,2024,216330723.0,13436000000.0,8908000000.0,,4528000000.0,3296000000.0,,494000000.0,
USFD,1665918,2025,216330723.0,13943000000.0,9636000000.0,,4307000000.0,3591000000.0,,676000000.0,
USL,1405528,2015,900000.0,70729815.0,196218.0,83701240.0,,,,-12165314.0,
USL,1405528,2016,900000.0,141659167.0,15271359.0,87370598.0,,,,11191454.0,
USL,1405528,2017,900000.0,99322114.0,7768212.0,69230084.0,,,,12931746.0,
USL,1405528,2018,900000.0,50958591.0,159961.0,66728725.0,,,,-26778673.0,
USL,1405528,2019,900000.0,55230277.0,153238.0,38606975.0,,,,6967640.0,
USL,1405528,2020,900000.0,219497639.0,23043098.0,162355168.0,,,,26000109.0,
USL,1405528,2021,900000.0,149225740.0,11561138.0,0.0,,,,4212534.0,
USL,1405528,2022,900000.0,87222657.0,3914325.0,,,,,8620334.0,
USL,1405528,2023,900000.0,67162488.0,225707.0,,,,,-9845043.0,
USL,1405528,2024,900000.0,49635690.0,219506.0,,,,,2941456.0,
USL,1405528,2025,900000.0,36815860.0,172220.0,,,,,-2499311.0,
V,1403161,2015,469280842.0,40236000000.0,10394000000.0,,,5374000000.0,,6328000000.0,
V,1403161,2016,469280842.0,64035000000.0,31123000000.0,,,8046000000.0,,5991000000.0,
V,1403161,2017,469280842.0,67977000000.0,35217000000.0,,,9994000000.0,,6699000000.0,
V,1403161,2018,469280842.0,69225000000.0,35219000000.0,,,11305000000.0,,10301000000.0,
V,1403161,2019,469280842.0,72574000000.0,37890000000.0,,,13415000000.0,,12080000000.0,
V,1403161,2020,469280842.0,80919000000.0,44709000000.0,,,14510000000.0,21071000000.0,10866000000.0,
V,1403161,2021,469280842.0,82896000000.0,45307000000.0,,,15739000000.0,19978000000.0,12311000000.0,
V,1403161,2022,469280842.0,85501000000.0,49920000000.0,,,20853000000.0,20200000000.0,14957000000.0,
V,1403161,2023,469280842.0,90499000000.0,51766000000.0,,,23098000000.0,20463000000.0,17273000000.0,
V,1403161,2024,469280842.0,94511000000.0,55374000000.0,,,26517000000.0,20836000000.0,19743000000.0,
V,1403161,2025,469280842.0,99627000000.0,61718000000.0,,,35048000000.0,19602000000.0,20058000000.0,
VCTR,1570827,2017,61509572.0,792622000.0,561439000.0,,231183000.0,,483225000.0,11209000.0,
VCTR,1570827,2018,61509572.0,801511000.0,345963000.0,,455548000.0,,268857000.0,13915000.0,
VCTR,1570827,2019,61509572.0,1753309000.0,1215438000.0,,537871000.0,,924539000.0,37589000.0,
VCTR,1570827,2020,61509572.0,1730729000.0,1023188000.0,,707541000.0,,769009000.0,54895000.0,
VCTR,1570827,2021,61509572.0,2579746000.0,1649819000.0,,929927000.0,,1127924000.0,278389000.0,
VCTR,1570827,2022,61509572.0,2540899000.0,1475489000.0,,1065410000.0,,985514000.0,275511000.0,
VCTR,1570827,2023,61509572.0,2542616000.0,1489615000.0,,1053001000.0,,989269000.0,213157000.0,
VCTR,1570827,2024,61509572.0,2547591000.0,1425954000.0,,1121637000.0,,963862000.0,288864000.0,
VCTR,1570827,2025,61509572.0,4247850000.0,1823121000.0,,2424729000.0,,970014000.0,330062000.0,
VIRT,1592386,2015,,3391930000.0,2834060000.0,,130708000.0,,,20887000.0,
VIRT,1592386,2016,,3692390000.0,3157978000.0,,145673000.0,,564957000.0,32980000.0,
VIRT,1592386,2017,,7320006000.0,6168428000.0,,830569000.0,,1388548000.0,2939000.0,
VIRT,1592386,2018,,7380978000.0,5886279000.0,,1051896000.0,,907037000.0,289441000.0,
VIRT,1592386,2019,,9609370000.0,8380434000.0,,931374000.0,,1917866000.0,-58595000.0,
VIRT,1592386,2020,,9965798000.0,8110760000.0,,1468540000.0,,1639280000.0,649197000.0,
VIRT,1592386,2021,,10319971000.0,8456353000.0,,1549388000.0,,1605132000.0,476878000.0,
VIRT,1592386,2022,,10583241000.0,8931814000.0,,1341899000.0,,1795952000.0,265026000.0,
VIRT,1592386,2023,,14466384000.0,13061028000.0,,1202727000.0,,1727205000.0,142036000.0,
VIRT,1592386,2024,,15361743000.0,13874366000.0,,1254174000.0,,1740467000.0,276415000.0,
VIRT,1592386,2025,,20150736000.0,18177333000.0,,1582279000.0,,2039463000.0,468361000.0,
VLY,714310,2015,552605226.0,21612616000.0,19405525000.0,16253551000.0,2207091000.0,,1810728000.0,4671000.0,37548000.0
VLY,714310,2016,552605226.0,22864439000.0,20487283000.0,17730708000.0,2377156000.0,,1433906000.0,50090000.0,36700000.0
VLY,714310,2017,552605226.0,24002306000.0,21469141000.0,18153462000.0,2533165000.0,,2315819000.0,26098000.0,48537000.0
VLY,714310,2018,552605226.0,31863088000.0,28512634000.0,24452974000.0,3350454000.0,,1654268000.0,77102000.0,92541000.0
VLY,714310,2019,552605226.0,37436020000.0,33051832000.0,29185837000.0,4384188000.0,,,38104000.0,105232000.0
VLY,714310,2020,552605226.0,40686076000.0,36093956000.0,31935602000.0,4592120000.0,,,390606000.0,264815000.0
VLY,714310,2021,552605226.0,43446443000.0,38362377000.0,35632412000.0,5084066000.0,,,473840000.0,124325000.0
VLY,714310,2022,552605226.0,57462749000.0,51061947000.0,47636914000.0,6400802000.0,,,568851000.0,321043000.0
VLY,714310,2023,552605226.0,60934974000.0,54233583000.0,49242829000.0,6701391000.0,,,498511000.0,1473413000.0
VLY,714310,2024,552605226.0,62491691000.0,55056564000.0,50075857000.0,7435127000.0,,,380271000.0,
VLY,714310,2025,552605226.0,64132725000.0,56325027000.0,52183093000.0,7807698000.0,,,597983000.0,
VOYA,1535929,2015,90596349.0,218249600000.0,201973800000.0,,13435800000.0,,3485900000.0,-106800000.0,196500000.0
VOYA,1535929,2016,90596349.0,214235100000.0,200268000000.0,,12993900000.0,,3549500000.0,-533000000.0,288000000.0
VOYA,1535929,2017,90596349.0,222532000000.0,211493000000.0,,10009000000.0,,3123000000.0,-3165000000.0,184000000.0
VOYA,1535929,2018,90596349.0,154682000000.0,145741000000.0,,8213000000.0,,3136000000.0,121000000.0,221000000.0
VOYA,1535929,2019,90596349.0,169051000000.0,158821000000.0,,9408000000.0,,3042000000.0,-772000000.0,176000000.0
VOYA,1535929,2020,90596349.0,180518000000.0,169340000000.0,,10110000000.0,,3044000000.0,261000000.0,
VOYA,1535929,2021,90596349.0,171262000000.0,161441000000.0,,8253000000.0,,2595000000.0,2126000000.0,
VOYA,1535929,2022,90596349.0,147652000000.0,141535000000.0,,4469000000.0,,2094000000.0,510000000.0,
VOYA,1535929,2023,90596349.0,157085000000.0,151032000000.0,,4193000000.0,,2097000000.0,625000000.0,
VOYA,1535929,2024,90596349.0,163889000000.0,157882000000.0,,4005000000.0,,2103000000.0,667000000.0,
VOYA,1535929,2025,90596349.0,178859000000.0,171820000000.0,,4953000000.0,,1518000000.0,654000000.0,
VRTS,883237,2015,6622690.0,859729000.0,276408000.0,,509624000.0,,,30671000.0,523000.0
VRTS,883237,2016,6622690.0,824388000.0,465449000.0,,321673000.0,,,48763000.0,
VRTS,883237,2017,6622690.0,2590799000.0,1981397000.0,,588557000.0,,,37012000.0,
VRTS,883237,2018,6622690.0,2870535000.0,2169187000.0,,629909000.0,,,75529000.0,
VRTS,883237,2019,6622690.0,3204634000.0,2454532000.0,,675699000.0,,,95649000.0,
VRTS,883237,2020,6622690.0,3466943000.0,2630490000.0,,711141000.0,,,79957000.0,
VRTS,883237,2021,6622690.0,3934181000.0,2958589000.0,,828277000.0,,266346000.0,208131000.0,
VRTS,883237,2022,6622690.0,3952934000.0,3016280000.0,,817019000.0,,255025000.0,,
VRTS,883237,2023,6622690.0,3678629000.0,2705471000.0,,863926000.0,,253412000.0,,
VRTS,883237,2024,6622690.0,3994494000.0,2985576000.0,,897493000.0,,232130000.0,,
VRTS,883237,2025,6622690.0,4291200000.0,3253421000.0,,934043000.0,,389957000.0,,
WABC,311094,2015,23111153.0,5168875000.0,4636670000.0,4540659000.0,532205000.0,,,14578000.0,2424000.0
WABC,311094,2016,23111153.0,5366083000.0,4804716000.0,4704741000.0,561367000.0,,,14453000.0,2116000.0
WABC,311094,2017,23111153.0,5513046000.0,4922807000.0,4827613000.0,590239000.0,,,4160000.0,1900000.0
WABC,311094,2018,23111153.0,5568526000.0,4952935000.0,4866839000.0,615591000.0,,,19055000.0,1959000.0
WABC,311094,2019,23111153.0,5619555000.0,4888138000.0,4812621000.0,731417000.0,,,20728000.0,1888000.0
WABC,311094,2020,23111153.0,6747931000.0,5903122000.0,5687979000.0,844809000.0,,,23838000.0,1824000.0
WABC,311094,2021,23111153.0,7461026000.0,6633924000.0,6413956000.0,827102000.0,,,21720000.0,1955000.0
WABC,311094,2022,23111153.0,6950317000.0,6348207000.0,6225290000.0,602110000.0,,,39344000.0,1925000.0
WABC,311094,2023,23111153.0,6364592000.0,5591698000.0,5474267000.0,772894000.0,,,39468000.0,3890000.0
WABC,311094,2024,23111153.0,6076274000.0,5186317000.0,5011850000.0,889957000.0,,,138636000.0,
WABC,311094,2025,23111153.0,5960180000.0,5026671000.0,4840019000.0,933509000.0,,,116173000.0,
WAFD,936528,2015,73995238.0,14568324000.0,12612645000.0,,1955679000.0,,,42498000.0,28486000.0
WAFD,936528,2016,73995238.0,14888063000.0,12912332000.0,,1975731000.0,,,44224000.0,30056000.0
WAFD,936528,2017,73995238.0,15253580000.0,13247892000.0,,2005688000.0,,,46104000.0,29808000.0
WAFD,936528,2018,73995238.0,15865724000.0,13868816000.0,11387146000.0,1996908000.0,,,51515000.0,37901000.0
WAFD,936528,2019,73995238.0,16474910000.0,14441915000.0,11990764000.0,2032995000.0,,,52362000.0,49264000.0
WAFD,936528,2020,73995238.0,18794055000.0,16779922000.0,13779624000.0,2014133000.0,,,34343000.0,32281000.0
WAFD,936528,2021,73995238.0,19650574000.0,17524510000.0,15542112000.0,2126064000.0,,,183615000.0,86501000.0
WAFD,936528,2022,73995238.0,20772131000.0,18497871000.0,16029570000.0,2274260000.0,,,236330000.0,71770000.0
WAFD,936528,2023,73995238.0,22474675000.0,20048249000.0,16070329000.0,2426426000.0,,,257426000.0,352721000.0
WAFD,936528,2024,73995238.0,28060330000.0,25060030000.0,21373970000.0,3000300000.0,,,200041000.0,
WAFD,936528,2025,73995238.0,26699699000.0,23660124000.0,21437636000.0,3039575000.0,,,226068000.0,
WAL,1212545,2015,109100864.0,14275089000.0,12683587000.0,12030624000.0,1591502000.0,,0.0,58526000.0,7988000.0
WAL,1212545,2016,109100864.0,17200842000.0,15309313000.0,14549863000.0,1891529000.0,,,259798000.0,12142000.0
WAL,1212545,2017,109100864.0,20329100000.0,18099387000.0,16972532000.0,2229698000.0,,,325492000.0,17430000.0
WAL,1212545,2018,109100864.0,23109486000.0,20495752000.0,19177447000.0,2613734000.0,,,119086000.0,38455000.0
WAL,1212545,2019,109100864.0,26821948000.0,23805200000.0,22796493000.0,3016748000.0,,,128065000.0,43447000.0
WAL,1212545,2020,109100864.0,36461000000.0,33047500000.0,31930500000.0,3413500000.0,,,193600000.0,16800000.0
WAL,1212545,2021,109100864.0,55982600000.0,51020000000.0,47612000000.0,4962600000.0,,,899200000.0,109900000.0
WAL,1212545,2022,109100864.0,67734000000.0,62378000000.0,53644000000.0,5356000000.0,,,1057300000.0,475500000.0
WAL,1212545,2023,109100864.0,70862000000.0,64784000000.0,55333000000.0,6078400000.0,,,722400000.0,1696400000.0
WAL,1212545,2024,109100864.0,80934000000.0,74227000000.0,66341000000.0,6707500000.0,,,787700000.0,
WAL,1212545,2025,109100864.0,92774000000.0,84828000000.0,77159000000.0,7653000000.0,,,969000000.0,
WCC,929008,2015,48732854.0,4587425000.0,2813554000.0,,1776672000.0,947801000.0,1456761000.0,48412000.0,
WCC,929008,2016,48732854.0,4490984000.0,2480972000.0,,2013281000.0,896797000.0,1363135000.0,47348000.0,
WCC,929008,2017,48732854.0,4735468000.0,2619325000.0,,2119739000.0,1040969000.0,1313261000.0,22546000.0,
WCC,929008,2018,48732854.0,4605036000.0,2475310000.0,,2135310000.0,1061946000.0,1167311000.0,58133000.0,
WCC,929008,2019,48732854.0,5017635000.0,2758964000.0,,2265483000.0,1084059000.0,1257067000.0,53098000.0,
WCC,929008,2020,48732854.0,11880214000.0,8543825000.0,,3343722000.0,2986995000.0,4369953000.0,100560000.0,
WCC,929008,2021,48732854.0,12617699000.0,8841488000.0,,3782524000.0,3049808000.0,4701542000.0,465382000.0,
WCC,929008,2022,48732854.0,14811686000.0,10362114000.0,,4454234000.0,3817347000.0,5345973000.0,860471000.0,
WCC,929008,2023,48732854.0,15060900000.0,10029000000.0,,5037100000.0,3388400000.0,5313100000.0,765500000.0,
WCC,929008,2024,48732854.0,15061400000.0,10095900000.0,,4970700000.0,3804000000.0,5045500000.0,717600000.0,
WCC,929008,2025,48732854.0,16494900000.0,11468500000.0,,5031600000.0,4296800000.0,5756400000.0,640200000.0,
WD,1497770,2015,34325745.0,3514991000.0,3022642000.0,,487900000.0,,,,
WD,1497770,2016,34325745.0,3052432000.0,2437358000.0,,610216000.0,,,,
WD,1497770,2017,34325745.0,2208427000.0,1393446000.0,,809416000.0,,,98961000.0,
WD,1497770,2018,34325745.0,2782057000.0,1874865000.0,,902124000.0,,,45750000.0,
WD,1497770,2019,34325745.0,2675199000.0,1632914000.0,,1035689000.0,,,42916000.0,
WD,1497770,2020,34325745.0,4650975000.0,3454753000.0,,1196222000.0,,,246177000.0,
WD,1497770,2021,34325745.0,5205989000.0,3627782000.0,,1550152000.0,,,265762000.0,
WD,1497770,2022,34325745.0,4045359000.0,2328530000.0,,1689426000.0,,,213820000.0,
WD,1497770,2023,34325745.0,4052347000.0,2306218000.0,,1723750000.0,,,107357000.0,50338000.0
WD,1497770,2024,34325745.0,4381993000.0,2622130000.0,,1747863000.0,,,108167000.0,
WD,1497770,2025,34325745.0,5059478000.0,3313616000.0,,1735034000.0,,,56247000.0,
WDAY,1327811,2015,220000000.0,2358633000.0,1232658000.0,,1125975000.0,641265000.0,,-247982000.0,31060000.0
WDAY,1327811,2016,220000000.0,2730094000.0,1593937000.0,,1136157000.0,922679000.0,,-289918000.0,31932000.0
WDAY,1327811,2017,220000000.0,3166424000.0,2003518000.0,,1162906000.0,1296448000.0,,-408278000.0,30103000.0
WDAY,1327811,2018,220000000.0,4947424000.0,3367059000.0,,1580365000.0,2058874000.0,,-321222000.0,44549000.0
WDAY,1327811,2019,220000000.0,5520746000.0,3562304000.0,,1958442000.0,2430691000.0,,-418258000.0,60209000.0
WDAY,1327811,2020,220000000.0,6816365000.0,4329814000.0,,2486551000.0,2969404000.0,,-480674000.0,58685000.0
WDAY,1327811,2021,220000000.0,8718411000.0,5440577000.0,,3277834000.0,4282648000.0,691913000.0,-71707000.0,68806000.0
WDAY,1327811,2022,220000000.0,10498505000.0,5963423000.0,,4535082000.0,5067855000.0,617354000.0,29373000.0,16602000.0
WDAY,1327811,2023,220000000.0,13486238000.0,7900670000.0,,5585568000.0,4628166000.0,2975934000.0,-366749000.0,102353000.0
WDAY,1327811,2024,220000000.0,16452000000.0,8370000000.0,,8082000000.0,5055000000.0,2980000000.0,1381000000.0,114000000.0
WDAY,1327811,2025,220000000.0,17977000000.0,8943000000.0,,9034000000.0,5548000000.0,2984000000.0,526000000.0,
WDAY,1327811,2026,220000000.0,18074000000.0,10269000000.0,,7805000000.0,6378000000.0,2987000000.0,693000000.0,
WDC,106040,2015,360540944.0,15181000000.0,5962000000.0,,9219000000.0,3242000000.0,2156000000.0,220000000.0,
WDC,106040,2016,360540944.0,32862000000.0,21717000000.0,,11145000000.0,6949000000.0,13660000000.0,-366000000.0,266000000.0
WDC,106040,2017,360540944.0,29860000000.0,18442000000.0,,11418000000.0,4344000000.0,12918000000.0,280000000.0,847000000.0
WDC,106040,2018,360540944.0,29235000000.0,17704000000.0,,11531000000.0,4456000000.0,10993000000.0,756000000.0,676000000.0
WDC,106040,2019,360540944.0,26370000000.0,16403000000.0,,9967000000.0,3817000000.0,10246000000.0,-197000000.0,469000000.0
WDC,106040,2020,360540944.0,25662000000.0,16111000000.0,,9551000000.0,4406000000.0,9289000000.0,148000000.0,413000000.0
WDC,106040,2021,360540944.0,26132000000.0,15411000000.0,,10721000000.0,4870000000.0,8474000000.0,821000000.0,326000000.0
WDC,106040,2022,360540944.0,26259000000.0,14038000000.0,,12221000000.0,5237000000.0,7022000000.0,1500000000.0,304000000.0
WDC,106040,2023,360540944.0,24429000000.0,12706000000.0,,10847000000.0,5434000000.0,5857000000.0,-1706000000.0,312000000.0
WDC,106040,2024,360540944.0,24188000000.0,13141000000.0,,10818000000.0,6087000000.0,5684000000.0,-798000000.0,312000000.0
WDC,106040,2025,360540944.0,14002000000.0,8462000000.0,,5311000000.0,5418000000.0,2485000000.0,282000000.0,
WDC,106040,2026,360540944.0,13861000000.0,4997000000.0,,8864000000.0,4240000000.0,0.0,9424000000.0,
WEX,1309108,2015,34081611.0,3857946000.0,2762265000.0,870518000.0,1095681000.0,,,20901000.0,
WEX,1309108,2016,34081611.0,5997097000.0,4491350000.0,1118823000.0,,,,5288000.0,
WEX,1309108,2017,34081611.0,6739175000.0,5018617000.0,1293854000.0,1711338000.0,,,79804000.0,
WEX,1309108,2018,34081611.0,6770595000.0,4974671000.0,1272675000.0,1785697000.0,2311571000.0,2133923000.0,56644000.0,
WEX,1309108,2019,34081611.0,8298418000.0,6205017000.0,1454212000.0,1926947000.0,3049943000.0,2686513000.0,156323000.0,
WEX,1309108,2020,34081611.0,8183361000.0,6148225000.0,1059986000.0,1904895000.0,2740853000.0,2874113000.0,-283950000.0,157080000.0
WEX,1309108,2021,34081611.0,10306828000.0,8213949000.0,2678634000.0,1838773000.0,4399699000.0,2695365000.0,135293000.0,128422000.0
WEX,1309108,2022,34081611.0,11529229000.0,9879716000.0,3478785000.0,1649513000.0,6294067000.0,2522206000.0,167193000.0,130690000.0
WEX,1309108,2023,34081611.0,13882100000.0,12061500000.0,4072600000.0,1820600000.0,8519200000.0,2827500000.0,266600000.0,
WEX,1309108,2024,34081611.0,13321600000.0,11832800000.0,4452700000.0,1488800000.0,8327300000.0,3082100000.0,309600000.0,
WEX,1309108,2025,34081611.0,14399500000.0,13165000000.0,,1234500000.0,9286600000.0,3532000000.0,304100000.0,
WFC,72971,2015,3023999336.0,1787632000000.0,1593741000000.0,1223312000000.0,192998000000.0,,199536000000.0,22894000000.0,3976000000.0
WFC,72971,2016,3023999336.0,1930115000000.0,1729618000000.0,1306079000000.0,199581000000.0,,255077000000.0,21938000000.0,5909000000.0
WFC,72971,2017,3023999336.0,1951757000000.0,1743678000000.0,1335991000000.0,206936000000.0,,225020000000.0,22183000000.0,9352000000.0
WFC,72971,2018,3023999336.0,1895883000000.0,1698817000000.0,1286170000000.0,196166000000.0,,229044000000.0,22393000000.0,14652000000.0
WFC,72971,2019,3023999336.0,1927555000000.0,1739571000000.0,1322626000000.0,187146000000.0,,228191000000.0,19549000000.0,18852000000.0
WFC,72971,2020,3023999336.0,1955163000000.0,1769243000000.0,1404381000000.0,184887000000.0,,212950000000.0,3301000000.0,7963000000.0
WFC,72971,2021,3023999336.0,1948068000000.0,1757958000000.0,1482479000000.0,187606000000.0,,160689000000.0,21548000000.0,3915000000.0
WFC,72971,2022,3023999336.0,1881016000000.0,1699141000000.0,1383985000000.0,179889000000.0,,174870000000.0,13182000000.0,9074000000.0
WFC,72971,2023,3023999336.0,1932468000000.0,1745025000000.0,1358173000000.0,185735000000.0,,207588000000.0,19142000000.0,32743000000.0
WFC,72971,2024,3023999336.0,1929845000000.0,1748779000000.0,1371804000000.0,179120000000.0,,173078000000.0,19722000000.0,
WFC,72971,2025,3023999336.0,2148631000000.0,1965593000000.0,1426207000000.0,181117000000.0,,174712000000.0,21338000000.0,
WLDS,1887673,2022,2882802.0,11224000.0,1244000.0,,9980000.0,1150000.0,,-6496000.0,
WLDS,1887673,2023,2882802.0,7592000.0,2066000.0,,5526000.0,1788000.0,,-7814000.0,
WLDS,1887673,2024,2882802.0,5976000.0,2116000.0,,3860000.0,2095000.0,,-7879000.0,
WLDS,1887673,2025,2882802.0,19990000.0,1437000.0,,18553000.0,1380000.0,,-8107000.0,
WLKP,1604665,2015,35245879.0,1290349000.0,443182000.0,,,57694000.0,,91175000.0,
WLKP,1604665,2016,35245879.0,1555228000.0,634265000.0,,,37777000.0,,10851000.0,
WLKP,1604665,2017,35245879.0,1515276000.0,516527000.0,,,40240000.0,,15546000.0,
WLKP,1604665,2018,35245879.0,1462125000.0,528044000.0,,,48772000.0,,11883000.0,
WLKP,1604665,2019,35245879.0,1393456000.0,441321000.0,,,38849000.0,,17371000.0,
WLKP,1604665,2020,35245879.0,1356488000.0,441351000.0,,,39754000.0,,15025000.0,
WLKP,1604665,2021,35245879.0,1480698000.0,508000000.0,,,106796000.0,,82547000.0,
WLKP,1604665,2022,35245879.0,1371979000.0,468271000.0,,,66941000.0,,64173000.0,
WLKP,1604665,2023,35245879.0,1316842000.0,460592000.0,,,56335000.0,,54283000.0,
WLKP,1604665,2024,35245879.0,1287956000.0,458642000.0,,,55372000.0,,62392000.0,25701000.0
WLKP,1604665,2025,35245879.0,1256533000.0,454181000.0,,,51301000.0,,48698000.0,22899000.0
WRB,11544,2015,371227529.0,21730967000.0,17097759000.0,,4600246000.0,,,109745000.0,130946000.0
WRB,11544,2016,371227529.0,23364844000.0,18283710000.0,,5047208000.0,,,152790000.0,140896000.0
WRB,11544,2017,371227529.0,24299917000.0,18848754000.0,,5411344000.0,,,154589000.0,147297000.0
WRB,11544,2018,371227529.0,24895977000.0,19416179000.0,,5437851000.0,,,132357000.0,157185000.0
WRB,11544,2019,371227529.0,26643428000.0,20525086000.0,,6074939000.0,,,119306000.0,153409000.0
WRB,11544,2020,371227529.0,33861099000.0,27092938000.0,,6748332000.0,,,1381062000.0,130374000.0
WRB,11544,2023,371227529.0,37202015000.0,29732778000.0,,7455431000.0,,,1381359000.0,127459000.0
WRB,11544,2024,371227529.0,40567268000.0,32159829000.0,,8395111000.0,,,1756115000.0,126907000.0
WRB,11544,2025,371227529.0,44071071000.0,34359177000.0,,9700818000.0,,,1779403000.0,126892000.0
WRLD,108385,2015,4663180.0,806218863.0,414317282.0,,391901581.0,,374685000.0,29826000.0,6959000.0
WRLD,108385,2016,4663180.0,800588775.0,339525198.0,,461063577.0,,295136200.0,31851000.0,5125000.0
WRLD,108385,2017,4663180.0,840987037.0,299879185.0,,541107852.0,,244900000.0,29143000.0,5052000.0
WRLD,108385,2018,4663180.0,854988073.0,302871448.0,,552116625.0,,251940000.0,37940000.0,4914000.0
WRLD,108385,2019,4663180.0,1030086435.0,618123368.0,,411963067.0,,451100000.0,23303000.0,8035000.0
WRLD,108385,2021,4663180.0,954269164.0,549341723.0,,404927441.0,,405007500.0,44884000.0,6940000.0
WRLD,108385,2022,4663180.0,1218296589.0,845272161.0,,373024428.0,,696972746.0,18382000.0,11044000.0
WRLD,108385,2023,4663180.0,1117318141.0,732091404.0,,385226737.0,,598770824.0,25643000.0,12185000.0
WRLD,108385,2024,4663180.0,1056351043.0,631923827.0,,424427216.0,,498419132.0,35058000.0,11757000.0
WRLD,108385,2025,4663180.0,1007627647.0,568147183.0,,439480464.0,,447857475.0,44278000.0,11190000.0
WRLD,108385,2026,4663180.0,1054120644.0,703115353.0,,351005291.0,,587228801.0,35290000.0,12684000.0
WSBC,203596,2015,95905889.0,8470298000.0,7348166000.0,6066299000.0,1122132000.0,,,23002000.0,7040000.0
WSBC,203596,2016,95905889.0,9790877000.0,8449469000.0,7040879000.0,1341408000.0,,,24218000.0,9131000.0
WSBC,203596,2017,95905889.0,9816178000.0,8420857000.0,7043588000.0,1395321000.0,,,15897000.0,11669000.0
WSBC,203596,2018,95905889.0,12458632000.0,10479805000.0,8831633000.0,1978827000.0,,,43928000.0,19620000.0
WSBC,203596,2019,95905889.0,15720112000.0,13126191000.0,11004006000.0,2593921000.0,,,36376000.0,84349000.0
WSBC,203596,2020,95905889.0,16425610000.0,13668873000.0,12429373000.0,2756737000.0,,,52854000.0,61797000.0
WSBC,203596,2021,95905889.0,16927125000.0,14233959000.0,13565863000.0,2693166000.0,,,242260000.0,27034000.0
WSBC,203596,2022,95905889.0,16931905000.0,14505243000.0,13131090000.0,2426662000.0,,,192113000.0,39343000.0
WSBC,203596,2023,95905889.0,17712374000.0,15179312000.0,13168704000.0,2533062000.0,,,159032000.0,230178000.0
WSBC,203596,2024,95905889.0,18684298000.0,15894017000.0,14133717000.0,2790281000.0,,,151510000.0,
WSBC,203596,2025,95905889.0,27696333000.0,23664420000.0,21668840000.0,4031913000.0,,,223105000.0,
WSFS,828944,2015,51090605.0,5585962000.0,5005491000.0,4016566000.0,580471000.0,,,13984000.0,3917000.0
WSFS,828944,2016,51090605.0,6765270000.0,6077934000.0,4738438000.0,687336000.0,,,18110000.0,6738000.0
WSFS,828944,2017,51090605.0,6999540000.0,6275195000.0,5247604000.0,724345000.0,,,50244000.0,33455000.0
WSFS,828944,2018,51090605.0,7248870000.0,6427950000.0,5640431000.0,820920000.0,,,29718000.0,13120000.0
WSFS,828944,2019,51090605.0,12256302000.0,10406811000.0,9586857000.0,1850306000.0,,,45704000.0,19781000.0
WSFS,828944,2020,51090605.0,14333914000.0,12544434000.0,11856664000.0,1791726000.0,,,59813000.0,8296000.0
WSFS,828944,2021,51090605.0,15777327000.0,13840311000.0,13240062000.0,1939099000.0,,,271442000.0,22720000.0
WSFS,828944,2022,51090605.0,19914755000.0,17712869000.0,16203569000.0,2205113000.0,,,222375000.0,40925000.0
WSFS,828944,2023,51090605.0,20594672000.0,18124857000.0,16474086000.0,2477636000.0,,,269156000.0,251419000.0
WSFS,828944,2024,51090605.0,20814303000.0,18234927000.0,17029808000.0,2589752000.0,,,263671000.0,
WSFS,828944,2025,51090605.0,21314076000.0,18586001000.0,17642488000.0,2738545000.0,,,287349000.0,
WT,880631,2015,151512111.0,292693000.0,58191000.0,,234502000.0,49094000.0,,80052000.0,
WT,880631,2016,151512111.0,249767000.0,48423000.0,,201344000.0,43527000.0,,26155000.0,
WT,880631,2017,151512111.0,254985000.0,62034000.0,,192951000.0,57348000.0,,27199000.0,
WT,880631,2018,151512111.0,937518000.0,446614000.0,,358335000.0,62801000.0,194592000.0,36633000.0,7962000.0
WT,880631,2019,151512111.0,935207000.0,465226000.0,,337412000.0,79041000.0,175956000.0,-25880000.0,11240000.0
WT,880631,2020,151512111.0,896692000.0,497858000.0,,266265000.0,73999000.0,0.0,-13497000.0,9668000.0
WT,880631,2021,151512111.0,1037860000.0,635867000.0,,269424000.0,83667000.0,318624000.0,11187000.0,12332000.0
WT,880631,2022,151512111.0,1033819000.0,595639000.0,,305611000.0,148434000.0,321216000.0,50684000.0,14935000.0
WT,880631,2023,151512111.0,944137000.0,402432000.0,,409136000.0,103216000.0,,102546000.0,15242000.0
WT,880631,2024,151512111.0,1033540000.0,633560000.0,,399980000.0,109197000.0,,66693000.0,
WT,880631,2025,151512111.0,1512941000.0,1099269000.0,,413672000.0,282056000.0,,109133000.0,
WTFC,1015328,2015,67465967.0,22917166000.0,20564892000.0,18639634000.0,2352274000.0,,,35512000.0,20281000.0
WTFC,1015328,2016,67465967.0,25668553000.0,22972936000.0,21658632000.0,2695617000.0,,,54608000.0,24235000.0
WTFC,1015328,2017,67465967.0,27915970000.0,24939031000.0,23183347000.0,2976939000.0,,,68781000.0,32741000.0
WTFC,1015328,2018,67465967.0,31244849000.0,27977279000.0,26094678000.0,3267570000.0,,,79657000.0,66508000.0
WTFC,1015328,2019,67465967.0,36620583000.0,32929333000.0,30107138000.0,3691250000.0,,,85964000.0,87852000.0
WTFC,1015328,2020,67465967.0,45080768000.0,40964773000.0,37092651000.0,4115995000.0,,,101204000.0,48584000.0
WTFC,1015328,2021,67465967.0,50142143000.0,45643455000.0,42095585000.0,4498688000.0,,,466151000.0,150527000.0
WTFC,1015328,2022,67465967.0,52949649000.0,48152811000.0,42902544000.0,4796838000.0,,,509682000.0,252081000.0
WTFC,1015328,2023,67465967.0,56259934000.0,50860408000.0,45397170000.0,5399526000.0,,,622626000.0,1055250000.0
WTFC,1015328,2024,67465967.0,64879668000.0,58535371000.0,52512349000.0,6344297000.0,,,695045000.0,1515062000.0
WTFC,1015328,2025,67465967.0,71142046000.0,63883331000.0,57717191000.0,7258715000.0,,,823844000.0,1503981000.0
WTW,1140536,2015,92871937.0,18839000000.0,16426000000.0,,2229000000.0,12801000000.0,2278000000.0,-24000000.0,142000000.0
WTW,1140536,2016,92871937.0,30253000000.0,20019000000.0,,10065000000.0,13370000000.0,3357000000.0,142000000.0,184000000.0
WTW,1140536,2017,92871937.0,32458000000.0,22181000000.0,,10126000000.0,14755000000.0,4450000000.0,245000000.0,188000000.0
WTW,1140536,2018,92871937.0,32385000000.0,22388000000.0,,9852000000.0,15301000000.0,4389000000.0,378000000.0,208000000.0
WTW,1140536,2019,92871937.0,35426000000.0,25057000000.0,,10249000000.0,16070000000.0,5301000000.0,544000000.0,234000000.0
WTW,1140536,2020,92871937.0,38531000000.0,27599000000.0,,10820000000.0,19332000000.0,4664000000.0,996000000.0,244000000.0
WTW,1140536,2021,92871937.0,29090000000.0,19497000000.0,,9520000000.0,12630000000.0,4567000000.0,1055000000.0,235000000.0
WTW,1140536,2024,92871937.0,27681000000.0,19664000000.0,,7940000000.0,12598000000.0,5309000000.0,-98000000.0,263000000.0
WTW,1140536,2025,92871937.0,29530000000.0,21478000000.0,,7976000000.0,14004000000.0,5756000000.0,1605000000.0,260000000.0
WU,1365135,2015,311878981.0,9458900000.0,8054000000.0,,,,,,
WU,1365135,2016,311878981.0,9419600000.0,8517400000.0,,,,,,
WU,1365135,2017,311878981.0,9231400000.0,9722800000.0,,,,,,
WU,1365135,2018,311878981.0,8996800000.0,9306600000.0,,,,,212100000.0,
WU,1365135,2019,311878981.0,8758500000.0,8798000000.0,,,,,135400000.0,
WU,1365135,2020,311878981.0,9496300000.0,9309700000.0,,,,,744300000.0,
WU,1365135,2021,311878981.0,8823500000.0,8467900000.0,,,,2750000000.0,805800000.0,
WU,1365135,2022,311878981.0,8496300000.0,8018500000.0,,,,2450000000.0,910600000.0,
WU,1365135,2023,311878981.0,8198800000.0,7719800000.0,,,,2150000000.0,626000000.0,
WU,1365135,2024,311878981.0,8370500000.0,7401600000.0,,,,2950000000.0,934200000.0,
WU,1365135,2025,311878981.0,8305900000.0,7348100000.0,,,,2884900000.0,499600000.0,
WY,106535,2015,720736000.0,12486000000.0,7617000000.0,,4869000000.0,875000000.0,4891000000.0,506000000.0,347000000.0
WY,106535,2016,720736000.0,19243000000.0,10063000000.0,,,1206000000.0,6329000000.0,551000000.0,431000000.0
WY,106535,2017,720736000.0,18059000000.0,9160000000.0,,,1165000000.0,5930000000.0,271000000.0,393000000.0
WY,106535,2018,720736000.0,17249000000.0,8203000000.0,,,1939000000.0,5419000000.0,-93000000.0,375000000.0
WY,106535,2019,720736000.0,16406000000.0,8229000000.0,,,1006000000.0,6147000000.0,-14000000.0,378000000.0
WY,106535,2020,720736000.0,16311000000.0,7580000000.0,,8731000000.0,950000000.0,5325000000.0,797000000.0,443000000.0
WY,106535,2021,720736000.0,17652000000.0,6885000000.0,,10767000000.0,954000000.0,5099000000.0,2607000000.0,313000000.0
WY,106535,2022,720736000.0,17340000000.0,6591000000.0,,10749000000.0,1740000000.0,4071000000.0,1880000000.0,270000000.0
WY,106535,2023,720736000.0,16983000000.0,6747000000.0,,10236000000.0,788000000.0,5069000000.0,839000000.0,280000000.0
WY,106535,2024,720736000.0,16536000000.0,6815000000.0,,9721000000.0,977000000.0,4866000000.0,396000000.0,269000000.0
WY,106535,2025,720736000.0,16613000000.0,7187000000.0,,9426000000.0,1278000000.0,5050000000.0,324000000.0,273000000.0
XYZ,1512673,2016,,1211362000.0,635209000.0,,576153000.0,577464000.0,0.0,-171590000.0,
XYZ,1512673,2017,,2187270000.0,1400937000.0,,786333000.0,972827000.0,358572000.0,-62813000.0,
XYZ,1512673,2018,,3281023000.0,2160522000.0,,1120501000.0,1018541000.0,899695000.0,-38453000.0,
XYZ,1512673,2019,,4551258000.0,2836208000.0,,1715050000.0,1694085000.0,938832000.0,375446000.0,
XYZ,1512673,2020,,9869550000.0,7187981000.0,,2681569000.0,4126104000.0,2586924000.0,213105000.0,75200000.0
XYZ,1512673,2021,,13925764000.0,10612175000.0,,3272855000.0,5435104000.0,4559208000.0,166284000.0,58100000.0
XYZ,1512673,2022,,31364340000.0,14112985000.0,,17222879000.0,8434516000.0,4109829000.0,-540747000.0,
XYZ,1512673,2023,,34069893000.0,15377057000.0,,18695256000.0,9921629000.0,,9772000.0,
XYZ,1512673,2024,,36777595000.0,15542633000.0,,21267932000.0,8546798000.0,,2897047000.0,
XYZ,1512673,2025,,39549887000.0,17380005000.0,,22204278000.0,10384460000.0,,1305636000.0,
ZION,109380,2015,145953355.0,59669525000.0,52162006000.0,50374091000.0,,,817348000.0,,118211000.0
ZION,109380,2016,145953355.0,63239165000.0,55604859000.0,53235830000.0,,,534850000.0,,86966000.0
ZION,109380,2017,145953355.0,66288000000.0,58609000000.0,52621000000.0,,,383000000.0,,127000000.0
ZION,109380,2018,145953355.0,68746000000.0,61168000000.0,54101000000.0,,,724000000.0,,251000000.0
ZION,109380,2019,145953355.0,69172000000.0,61819000000.0,57085000000.0,,,1723000000.0,,411000000.0
ZION,109380,2020,145953355.0,81479000000.0,73593000000.0,69653000000.0,7886000000.0,,1336000000.0,284000000.0,152000000.0
ZION,109380,2021,145953355.0,93200000000.0,85737000000.0,82789000000.0,7463000000.0,,1012000000.0,213000000.0,59000000.0
ZION,109380,2022,145953355.0,89545000000.0,84652000000.0,71652000000.0,4893000000.0,,651000000.0,284000000.0,185000000.0
ZION,109380,2023,145953355.0,87203000000.0,81512000000.0,74961000000.0,5691000000.0,,542000000.0,126000000.0,1509000000.0
ZION,109380,2024,145953355.0,88775000000.0,82651000000.0,76223000000.0,6124000000.0,,946000000.0,216000000.0,
ZION,109380,2025,145953355.0,88990000000.0,81810000000.0,75644000000.0,7180000000.0,,,263000000.0,
