ticker,year,price
KIM,2015,15.74
KIM,2016,15.53
KIM,2017,11.86
KIM,2018,10.28
KIM,2019,15.4
KIM,2020,11.71
KIM,2021,19.85
KIM,2022,17.71
KIM,2023,18.78
KIM,2024,21.6
KIM,2025,19.6
KIM,2026,23.43
OKE,2015,12.73
OKE,2016,31.78
OKE,2017,31.11
OKE,2018,33.06
OKE,2019,48.85
OKE,2020,27.63
OKE,2021,45.49
OKE,2022,54.07
OKE,2023,61.21
OKE,2024,91.88
OKE,2025,70.8
OKE,2026,96.01
TPL,2015,12.8
TPL,2016,29.08
TPL,2017,43.96
TPL,2018,53.72
TPL,2019,78.13
TPL,2020,75.63
TPL,2021,131.03
TPL,2022,250.65
TPL,2023,169.44
TPL,2024,364.84
TPL,2025,285.99
TPL,2026,373.74
A,2015,38.44
A,2016,42.35
A,2017,62.81
A,2018,63.86
A,2019,81.44
A,2020,113.85
A,2021,154.27
A,2022,145.75
A,2023,136.4
A,2024,132.71
A,2025,135.26
A,2026,153.56
AAPL,2015,23.67
AAPL,2016,26.62
AAPL,2017,39.52
AAPL,2018,37.39
AAPL,2019,70.66
AAPL,2020,128.82
AAPL,2021,173.45
AAPL,2022,127.65
AAPL,2023,190.21
AAPL,2024,248.62
AAPL,2025,271.12
AAPL,2026,316.85
ABBV,2015,38.18
ABBV,2016,41.92
ABBV,2017,67.11
ABBV,2018,66.47
ABBV,2019,67.44
ABBV,2020,86.14
ABBV,2021,114.07
ABBV,2022,141.45
ABBV,2023,141.12
ABBV,2024,167.73
ABBV,2025,223.21
ABBV,2026,256.42
ABNB,2020,146.8
ABNB,2021,166.49
ABNB,2022,85.5
ABNB,2023,136.14
ABNB,2024,131.41
ABNB,2025,135.72
ABNB,2026,183.22
ABT,2015,36.52
ABT,2016,32.02
ABT,2017,48.68
ABT,2018,62.83
ABT,2019,76.7
ABT,2020,98.21
ABT,2021,128.19
ABT,2022,101.68
ABT,2023,103.98
ABT,2024,108.98
ABT,2025,123.0
ABT,2026,110.36
ACGL,2015,22.11
ACGL,2016,27.35
ACGL,2017,28.77
ACGL,2018,25.41
ACGL,2019,40.78
ACGL,2020,34.3
ACGL,2021,42.27
ACGL,2022,59.7
ACGL,2023,70.62
ACGL,2024,92.35
ACGL,2025,95.92
ACGL,2026,98.07
ACN,2015,87.42
ACN,2016,99.97
ACN,2017,133.29
ACN,2018,124.99
ACN,2019,189.01
ACN,2020,238.22
ACN,2021,382.74
ACN,2022,249.73
ACN,2023,333.62
ACN,2024,339.84
ACN,2025,262.88
ACN,2026,189.76
ADBE,2015,93.94
ADBE,2016,102.95
ADBE,2017,175.24
ADBE,2018,226.24
ADBE,2019,329.81
ADBE,2020,500.12
ADBE,2021,567.06
ADBE,2022,336.53
ADBE,2023,596.6
ADBE,2024,444.68
ADBE,2025,349.99
ADBE,2026,292.79
ADI,2015,44.99
ADI,2016,60.72
ADI,2017,76.09
ADI,2018,74.84
ADI,2019,105.76
ADI,2020,134.18
ADI,2021,162.3
ADI,2022,154.33
ADI,2023,190.38
ADI,2024,207.16
ADI,2025,268.8
ADI,2026,361.04
ADM,2015,26.67
ADM,2016,34.24
ADM,2017,31.0
ADM,2018,32.63
ADM,2019,38.21
ADM,2020,42.97
ADM,2021,59.01
ADM,2022,82.6
ADM,2023,65.73
ADM,2024,47.64
ADM,2025,56.33
ADM,2026,81.29
ADP,2015,66.82
ADP,2016,83.05
ADP,2017,96.79
ADP,2018,110.58
ADP,2019,146.75
ADP,2020,155.35
ADP,2021,221.53
ADP,2022,218.68
ADP,2023,218.13
ADP,2024,280.1
ADP,2025,251.59
ADP,2026,284.34
ADSK,2015,60.93
ADSK,2016,74.01
ADSK,2017,104.83
ADSK,2018,128.61
ADSK,2019,183.46
ADSK,2020,305.34
ADSK,2021,281.19
ADSK,2022,186.87
ADSK,2023,243.48
ADSK,2024,295.57
ADSK,2025,296.01
ADSK,2026,258.53
AEE,2015,31.56
AEE,2016,39.66
AEE,2017,45.98
AEE,2018,52.42
AEE,2019,63.33
AEE,2020,66.02
AEE,2021,77.31
AEE,2022,79.27
AEE,2023,66.54
AEE,2024,84.81
AEE,2025,97.8
AEE,2026,105.26
AEP,2015,40.01
AEP,2016,44.78
AEP,2017,54.16
AEP,2018,57.08
AEP,2019,74.49
AEP,2020,67.78
AEP,2021,75.02
AEP,2022,82.81
AEP,2023,73.72
AEP,2024,87.12
AEP,2025,112.72
AEP,2026,122.43
AES,2015,6.35
AES,2016,8.03
AES,2017,7.81
AES,2018,10.86
AES,2019,15.44
AES,2020,18.86
AES,2021,19.98
AES,2022,24.31
AES,2023,16.8
AES,2024,11.7
AES,2025,13.83
AES,2026,14.74
AFL,2015,23.32
AFL,2016,27.77
AFL,2017,35.83
AFL,2018,38.06
AFL,2019,45.11
AFL,2020,38.98
AFL,2021,52.45
AFL,2022,66.3
AFL,2023,77.81
AFL,2024,99.66
AFL,2025,108.58
AFL,2026,115.85
AIG,2015,47.32
AIG,2016,51.0
AIG,2017,47.5
AIG,2018,32.26
AIG,2019,43.09
AIG,2020,33.14
AIG,2021,51.01
AIG,2022,58.03
AIG,2023,63.71
AIG,2024,69.93
AIG,2025,83.93
AIG,2026,75.86
AIZ,2015,65.29
AIZ,2016,77.17
AIZ,2017,85.64
AIZ,2018,77.78
AIZ,2019,116.5
AIZ,2020,123.6
AIZ,2021,143.94
AIZ,2022,117.55
AIZ,2023,161.64
AIZ,2024,207.79
AIZ,2025,238.32
AIZ,2026,281.86
AJG,2015,34.17
AJG,2016,44.8
AJG,2017,56.02
AJG,2018,66.76
AJG,2019,87.98
AJG,2020,116.25
AJG,2021,161.61
AJG,2022,181.71
AJG,2023,218.98
AJG,2024,278.85
AJG,2025,256.46
AJG,2026,261.45
AKAM,2015,52.63
AKAM,2016,66.68
AKAM,2017,65.04
AKAM,2018,61.08
AKAM,2019,86.38
AKAM,2020,104.99
AKAM,2021,117.04
AKAM,2022,84.3
AKAM,2023,118.35
AKAM,2024,95.65
AKAM,2025,87.25
AKAM,2026,108.62
ALB,2015,48.41
ALB,2016,75.61
ALB,2017,113.58
ALB,2018,69.41
ALB,2019,67.13
ALB,2020,137.88
ALB,2021,220.27
ALB,2022,205.67
ALB,2023,138.22
ALB,2024,83.63
ALB,2025,140.26
ALB,2026,134.52
ALGN,2015,65.85
ALGN,2016,96.13
ALGN,2017,222.19
ALGN,2018,209.43
ALGN,2019,279.04
ALGN,2020,534.38
ALGN,2021,657.18
ALGN,2022,210.9
ALGN,2023,274.0
ALGN,2024,208.51
ALGN,2025,156.15
ALGN,2026,159.79
ALL,2015,49.1
ALL,2016,59.77
ALL,2017,85.86
ALL,2018,69.1
ALL,2019,95.92
ALL,2020,95.81
ALL,2021,105.26
ALL,2022,124.61
ALL,2023,132.54
ALL,2024,186.37
ALL,2025,205.16
ALL,2026,257.8
ALLE,2015,58.21
ALLE,2016,56.93
ALLE,2017,71.34
ALLE,2018,72.18
ALLE,2019,113.96
ALLE,2020,107.8
ALLE,2021,124.03
ALLE,2022,100.14
ALLE,2023,122.49
ALLE,2024,128.19
ALLE,2025,157.41
ALLE,2026,154.7
AMAT,2015,16.56
AMAT,2016,29.1
AMAT,2017,46.52
AMAT,2018,30.27
AMAT,2019,57.47
AMAT,2020,82.35
AMAT,2021,151.23
AMAT,2022,94.45
AMAT,2023,158.66
AMAT,2024,160.45
AMAT,2025,256.08
AMAT,2026,458.39
AMCR,2015,29.19
AMCR,2016,33.51
AMCR,2017,38.77
AMCR,2018,31.86
AMCR,2019,39.22
AMCR,2020,44.48
AMCR,2021,47.23
AMCR,2022,48.74
AMCR,2023,41.45
AMCR,2024,42.53
AMCR,2025,39.91
AMCR,2026,45.24
AMD,2015,2.87
AMD,2016,11.34
AMD,2017,10.28
AMD,2018,18.46
AMD,2019,45.86
AMD,2020,91.71
AMD,2021,143.9
AMD,2022,64.77
AMD,2023,147.41
AMD,2024,120.79
AMD,2025,214.16
AMD,2026,470.72
AME,2015,49.88
AME,2016,45.57
AME,2017,68.35
AME,2018,64.32
AME,2019,95.37
AME,2020,116.54
AME,2021,142.55
AME,2022,136.38
AME,2023,162.02
AME,2024,178.24
AME,2025,204.38
AME,2026,234.83
AMGN,2015,118.17
AMGN,2016,109.24
AMGN,2017,133.57
AMGN,2018,153.91
AMGN,2019,196.4
AMGN,2020,192.49
AMGN,2021,194.17
AMGN,2022,233.84
AMGN,2023,265.33
AMGN,2024,247.36
AMGN,2025,320.75
AMGN,2026,429.88
AMP,2015,85.23
AMP,2016,91.83
AMP,2017,143.63
AMP,2018,90.73
AMP,2019,148.77
AMP,2020,178.25
AMP,2021,281.49
AMP,2022,295.49
AMP,2023,366.38
AMP,2024,520.61
AMP,2025,485.6
AMP,2026,553.11
AMT,2015,74.42
AMT,2016,82.77
AMT,2017,113.99
AMT,2018,129.18
AMT,2019,191.01
AMT,2020,190.09
AMT,2021,252.6
AMT,2022,187.76
AMT,2023,197.84
AMT,2024,173.78
AMT,2025,172.19
AMT,2026,175.7
AMZN,2015,33.79
AMZN,2016,37.49
AMZN,2017,58.47
AMZN,2018,75.1
AMZN,2019,92.39
AMZN,2020,162.85
AMZN,2021,166.72
AMZN,2022,84.0
AMZN,2023,151.94
AMZN,2024,219.39
AMZN,2025,230.82
AMZN,2026,259.77
ANET,2015,4.86
ANET,2016,6.05
ANET,2017,14.72
ANET,2018,13.17
ANET,2019,12.71
ANET,2020,18.16
ANET,2021,35.94
ANET,2022,30.34
ANET,2023,58.88
ANET,2024,110.53
ANET,2025,131.03
ANET,2026,195.69
AON,2015,83.58
AON,2016,102.39
AON,2017,124.39
AON,2018,136.76
AON,2019,197.85
AON,2020,202.54
AON,2021,290.42
AON,2022,292.19
AON,2023,285.46
AON,2024,355.26
AON,2025,351.15
AON,2026,321.52
AOS,2015,31.93
AOS,2016,39.94
AOS,2017,52.24
AOS,2018,36.91
AOS,2019,41.94
AOS,2020,49.27
AOS,2021,78.47
AOS,2022,53.3
AOS,2023,78.18
AOS,2024,65.73
AOS,2025,65.78
AOS,2026,59.13
APA,2015,33.92
APA,2016,49.41
APA,2017,33.54
APA,2018,21.33
APA,2019,21.57
APA,2020,12.14
APA,2021,23.17
APA,2022,40.87
APA,2023,32.19
APA,2024,21.43
APA,2025,23.9
APA,2026,43.15
APD,2015,93.07
APD,2016,113.97
APD,2017,133.39
APD,2018,133.74
APD,2019,200.64
APD,2020,238.39
APD,2021,271.18
APD,2022,281.79
APD,2023,256.56
APD,2024,277.31
APD,2025,242.2
APD,2026,309.46
APH,2015,5.92
APH,2016,7.69
APH,2017,10.14
APH,2018,9.44
APH,2019,12.74
APH,2020,15.56
APH,2021,20.99
APH,2022,18.48
APH,2023,24.3
APH,2024,34.34
APH,2025,67.34
APH,2026,79.28
APO,2015,9.76
APO,2016,13.41
APO,2017,24.84
APO,2018,19.37
APO,2019,39.99
APO,2020,43.19
APO,2021,66.18
APO,2022,59.84
APO,2023,89.42
APO,2024,160.84
APO,2025,142.96
APO,2026,136.58
APP,2021,94.26
APP,2022,10.53
APP,2023,39.85
APP,2024,323.83
APP,2025,673.82
APP,2026,312.06
APTV,2015,68.42
APTV,2016,54.72
APTV,2017,83.33
APTV,2018,60.77
APTV,2019,94.73
APTV,2020,130.29
APTV,2021,164.95
APTV,2022,93.13
APTV,2023,89.72
APTV,2024,60.48
APTV,2025,76.09
APTV,2026,44.76
ARE,2015,61.79
ARE,2016,78.45
ARE,2017,94.88
ARE,2018,86.37
ARE,2019,124.4
ARE,2020,140.91
ARE,2021,180.49
ARE,2022,121.61
ARE,2023,110.53
ARE,2024,89.05
ARE,2025,47.55
ARE,2026,51.29
ARES,2015,8.22
ARES,2016,12.88
ARES,2017,14.37
ARES,2018,13.57
ARES,2019,28.52
ARES,2020,39.17
ARES,2021,69.63
ARES,2022,60.75
ARES,2023,109.05
ARES,2024,166.5
ARES,2025,156.22
ARES,2026,141.67
ATO,2015,48.88
ATO,2016,58.88
ATO,2017,69.71
ATO,2018,76.96
ATO,2019,94.77
ATO,2020,82.71
ATO,2021,93.25
ATO,2022,102.23
ATO,2023,108.54
ATO,2024,133.88
ATO,2025,164.77
ATO,2026,166.13
AVGO,2015,11.06
AVGO,2016,13.67
AVGO,2017,20.26
AVGO,2018,20.99
AVGO,2019,27.09
AVGO,2020,39.24
AVGO,2021,61.41
AVGO,2022,53.26
AVGO,2023,108.75
AVGO,2024,228.92
AVGO,2025,344.83
AVGO,2026,370.34
AVY,2015,51.29
AVY,2016,58.77
AVY,2017,97.99
AVY,2018,78.13
AVY,2019,116.05
AVY,2020,140.27
AVY,2021,198.35
AVY,2022,168.48
AVY,2023,191.49
AVY,2024,180.1
AVY,2025,178.79
AVY,2026,173.1
AWK,2015,48.27
AWK,2016,59.65
AWK,2017,76.95
AWK,2018,77.97
AWK,2019,107.44
AWK,2020,136.31
AWK,2021,170.16
AWK,2022,139.71
AWK,2023,123.4
AWK,2024,119.04
AWK,2025,127.85
AWK,2026,138.23
AXON,2015,17.29
AXON,2016,24.24
AXON,2017,26.5
AXON,2018,43.75
AXON,2019,73.28
AXON,2020,122.53
AXON,2021,157.0
AXON,2022,165.93
AXON,2023,258.33
AXON,2024,594.32
AXON,2025,567.93
AXON,2026,566.56
AXP,2015,59.75
AXP,2016,64.88
AXP,2017,88.38
AXP,2018,86.06
AXP,2019,114.05
AXP,2020,112.75
AXP,2021,154.34
AXP,2022,141.19
AXP,2023,181.67
AXP,2024,291.26
AXP,2025,366.96
AXP,2026,330.17
AZO,2015,741.91
AZO,2016,789.79
AZO,2017,711.37
AZO,2018,838.34
AZO,2019,1191.31
AZO,2020,1185.44
AZO,2021,2096.39
AZO,2022,2466.18
AZO,2023,2585.61
AZO,2024,3202.0
AZO,2025,3391.5
AZO,2026,2991.24
BA,2015,129.67
BA,2016,144.34
BA,2017,281.05
BA,2018,313.37
BA,2019,323.83
BA,2020,214.06
BA,2021,201.32
BA,2022,190.49
BA,2023,260.66
BA,2024,177.0
BA,2025,217.12
BA,2026,207.78
BAC,2015,13.3
BAC,2016,17.74
BAC,2017,24.08
BAC,2018,20.47
BAC,2019,29.92
BAC,2020,26.44
BAC,2021,39.55
BAC,2022,30.13
BAC,2023,31.58
BAC,2024,42.28
BAC,2025,54.13
BAC,2026,61.63
BALL,2015,32.44
BALL,2016,33.72
BALL,2017,34.32
BALL,2018,42.09
BALL,2019,59.7
BALL,2020,86.68
BALL,2021,90.25
BALL,2022,48.53
BALL,2023,55.39
BALL,2024,53.76
BALL,2025,52.45
BALL,2026,62.77
BAX,2015,32.43
BAX,2016,38.13
BAX,2017,56.17
BAX,2018,57.79
BAX,2019,74.2
BAX,2020,72.01
BAX,2021,78.11
BAX,2022,47.19
BAX,2023,36.86
BAX,2024,28.6
BAX,2025,19.08
BAX,2026,26.0
BBY,2015,20.37
BBY,2016,29.85
BBY,2017,49.1
BBY,2018,38.97
BBY,2019,66.44
BBY,2020,77.54
BBY,2021,80.98
BBY,2022,66.82
BBY,2023,68.5
BBY,2024,78.33
BBY,2025,64.38
BBY,2026,79.32
BDX,2015,99.73
BDX,2016,108.93
BDX,2017,142.96
BDX,2018,152.42
BDX,2019,186.26
BDX,2020,173.68
BDX,2021,176.95
BDX,2022,185.94
BDX,2023,180.98
BDX,2024,171.25
BDX,2025,149.66
BDX,2026,187.01
BEN,2015,22.17
BEN,2016,24.33
BEN,2017,27.15
BEN,2018,20.82
BEN,2019,18.88
BEN,2020,19.16
BEN,2021,26.61
BEN,2022,21.95
BEN,2023,25.67
BEN,2024,18.69
BEN,2025,23.31
BEN,2026,34.15
BF-B,2015,32.38
BF-B,2016,29.72
BF-B,2017,46.07
BF-B,2018,41.16
BF-B,2019,59.18
BF-B,2020,70.23
BF-B,2021,65.97
BF-B,2022,60.13
BF-B,2023,52.97
BF-B,2024,35.9
BF-B,2025,25.38
BF-B,2026,26.35
BG,2015,49.87
BG,2016,54.2
BG,2017,51.62
BG,2018,42.34
BG,2019,47.32
BG,2020,56.27
BG,2021,82.08
BG,2022,89.7
BG,2023,93.1
BG,2024,73.79
BG,2025,87.49
BG,2026,116.21
BIIB,2015,306.35
BIIB,2016,283.58
BIIB,2017,318.57
BIIB,2018,300.92
BIIB,2019,296.73
BIIB,2020,244.86
BIIB,2021,239.92
BIIB,2022,276.92
BIIB,2023,258.77
BIIB,2024,152.92
BIIB,2025,175.99
BIIB,2026,216.65
BKNG,2015,49.82
BKNG,2016,57.28
BKNG,2017,67.9
BKNG,2018,67.3
BKNG,2019,80.25
BKNG,2020,87.03
BKNG,2021,93.75
BKNG,2022,78.74
BKNG,2023,138.6
BKNG,2024,195.86
BKNG,2025,212.68
BKNG,2026,198.61
BKR,2015,24.63
BKR,2016,35.18
BKR,2017,25.0
BKR,2018,17.39
BKR,2019,21.39
BKR,2020,18.15
BKR,2021,21.61
BKR,2022,27.22
BKR,2023,32.27
BKR,2024,39.73
BKR,2025,45.05
BKR,2026,63.55
BLDR,2015,11.08
BLDR,2016,10.97
BLDR,2017,21.79
BLDR,2018,10.91
BLDR,2019,25.41
BLDR,2020,40.81
BLDR,2021,85.71
BLDR,2022,64.88
BLDR,2023,166.94
BLDR,2024,142.93
BLDR,2025,102.89
BLDR,2026,66.4
BLK,2015,261.16
BLK,2016,299.39
BLK,2017,413.75
BLK,2018,324.38
BLK,2019,427.74
BLK,2020,629.66
BLK,2021,814.72
BLK,2022,648.54
BLK,2023,764.39
BLK,2024,988.29
BLK,2025,1053.05
BLK,2026,1149.71
BMY,2015,47.82
BMY,2016,41.37
BMY,2017,44.56
BMY,2018,38.81
BMY,2019,49.58
BMY,2020,49.78
BMY,2021,51.22
BMY,2022,60.94
BMY,2023,45.01
BMY,2024,52.12
BMY,2025,52.18
BMY,2026,66.81
BNY,2015,31.48
BNY,2016,36.85
BNY,2017,42.62
BNY,2018,38.0
BNY,2019,41.63
BNY,2020,36.26
BNY,2021,50.96
BNY,2022,41.21
BNY,2023,48.83
BNY,2024,74.18
BNY,2025,114.57
BNY,2026,161.28
BR,2015,44.44
BR,2016,55.93
BR,2017,77.8
BR,2018,83.91
BR,2019,109.58
BR,2020,138.39
BR,2021,167.61
BR,2022,125.27
BR,2023,195.71
BR,2024,218.52
BR,2025,219.11
BR,2026,181.26
BRK-B,2015,132.04
BRK-B,2016,162.98
BRK-B,2017,198.22
BRK-B,2018,204.18
BRK-B,2019,226.5
BRK-B,2020,231.87
BRK-B,2021,299.0
BRK-B,2022,308.9
BRK-B,2023,356.66
BRK-B,2024,453.28
BRK-B,2025,502.65
BRK-B,2026,504.03
BRO,2015,14.56
BRO,2016,20.65
BRO,2017,23.98
BRO,2018,25.98
BRO,2019,37.58
BRO,2020,45.49
BRO,2021,67.93
BRO,2022,55.44
BRO,2023,69.71
BRO,2024,100.6
BRO,2025,79.1
BRO,2026,72.17
BSX,2015,18.44
BSX,2016,21.63
BSX,2017,24.79
BSX,2018,35.34
BSX,2019,45.22
BSX,2020,35.95
BSX,2021,42.48
BSX,2022,46.27
BSX,2023,57.81
BSX,2024,89.32
BSX,2025,95.35
BSX,2026,48.3
BX,2015,17.91
BX,2016,17.64
BX,2017,22.46
BX,2018,22.48
BX,2019,44.14
BX,2020,52.87
BX,2021,109.5
BX,2022,65.7
BX,2023,120.06
BX,2024,162.16
BX,2025,149.45
BX,2026,143.24
BXP,2015,83.29
BXP,2016,83.9
BXP,2017,88.85
BXP,2018,79.2
BXP,2019,99.87
BXP,2020,71.58
BXP,2021,90.34
BXP,2022,55.5
BXP,2023,61.59
BXP,2024,69.16
BXP,2025,65.87
BXP,2026,67.99
C,2015,38.08
C,2016,44.14
C,2017,56.07
C,2018,40.09
C,2019,63.28
C,2020,50.81
C,2021,51.28
C,2022,39.95
C,2023,47.54
C,2024,67.47
C,2025,114.95
C,2026,131.62
CAH,2015,66.85
CAH,2016,55.13
CAH,2017,48.16
CAH,2018,36.36
CAH,2019,42.92
CAH,2020,47.25
CAH,2021,47.06
CAH,2022,72.52
CAH,2023,97.28
CAH,2024,115.77
CAH,2025,204.05
CAH,2026,234.62
CARR,2020,34.95
CARR,2021,50.79
CARR,2022,39.27
CARR,2023,55.56
CARR,2024,66.81
CARR,2025,52.24
CARR,2026,58.22
CASY,2015,111.69
CASY,2016,111.09
CASY,2017,105.54
CASY,2018,122.0
CASY,2019,152.64
CASY,2020,172.85
CASY,2021,192.28
CASY,2022,220.14
CASY,2023,271.38
CASY,2024,393.53
CASY,2025,551.4
CASY,2026,752.21
CAT,2015,52.87
CAT,2016,75.13
CAT,2017,131.5
CAT,2018,108.41
CAT,2019,129.57
CAT,2020,164.51
CAT,2021,190.75
CAT,2022,226.23
CAT,2023,284.93
CAT,2024,355.19
CAT,2025,569.39
CAT,2026,797.47
CB,2015,96.74
CB,2016,111.82
CB,2017,126.16
CB,2018,114.0
CB,2019,140.15
CB,2020,142.13
CB,2021,181.71
CB,2022,210.73
CB,2023,219.58
CB,2024,272.02
CB,2025,309.3
CB,2026,337.58
CBOE,2015,56.64
CBOE,2016,65.43
CBOE,2017,111.55
CBOE,2018,88.57
CBOE,2019,109.97
CBOE,2020,86.68
CBOE,2021,123.29
CBOE,2022,120.62
CBOE,2023,174.14
CBOE,2024,192.85
CBOE,2025,249.17
CBOE,2026,300.2
CBRE,2015,34.58
CBRE,2016,31.49
CBRE,2017,43.31
CBRE,2018,40.04
CBRE,2019,61.29
CBRE,2020,62.72
CBRE,2021,108.51
CBRE,2022,76.96
CBRE,2023,93.09
CBRE,2024,131.29
CBRE,2025,160.79
CBRE,2026,145.81
CCI,2015,54.93
CCI,2016,57.41
CCI,2017,76.34
CCI,2018,77.68
CCI,2019,105.21
CCI,2020,121.51
CCI,2021,164.14
CCI,2022,110.68
CCI,2023,99.34
CCI,2024,83.06
CCI,2025,85.52
CCI,2026,75.05
CCL,2015,46.8
CCL,2016,45.98
CCL,2017,60.12
CCL,2018,46.06
CCL,2019,49.45
CCL,2020,21.32
CCL,2021,19.8
CCL,2022,7.93
CCL,2023,18.25
CCL,2024,24.53
CCL,2025,30.06
CCL,2026,23.89
CDNS,2015,20.81
CDNS,2016,25.22
CDNS,2017,41.82
CDNS,2018,43.48
CDNS,2019,69.36
CDNS,2020,136.43
CDNS,2021,186.35
CDNS,2022,160.64
CDNS,2023,272.37
CDNS,2024,300.46
CDNS,2025,312.58
CDNS,2026,338.78
CDW,2015,36.8
CDW,2016,46.1
CDW,2017,62.19
CDW,2018,73.37
CDW,2019,130.76
CDW,2020,122.2
CDW,2021,191.69
CDW,2022,169.17
CDW,2023,217.97
CDW,2024,168.78
CDW,2025,134.08
CDW,2026,151.58
CEG,2022,83.74
CEG,2023,114.93
CEG,2024,221.48
CEG,2025,351.71
CEG,2026,274.77
CF,2015,30.26
CF,2016,24.44
CF,2017,34.27
CF,2018,36.03
CF,2019,40.61
CF,2020,34.21
CF,2021,64.04
CF,2022,78.31
CF,2023,74.59
CF,2024,82.11
CF,2025,76.22
CF,2026,130.03
CFG,2015,17.72
CFG,2016,24.6
CFG,2017,29.5
CFG,2018,21.41
CFG,2019,30.36
CFG,2020,28.32
CFG,2021,38.8
CFG,2022,33.61
CFG,2023,29.91
CFG,2024,41.28
CFG,2025,57.22
CFG,2026,68.87
CHD,2015,36.87
CHD,2016,38.99
CHD,2017,44.96
CHD,2018,59.9
CHD,2019,64.91
CHD,2020,81.44
CHD,2021,96.83
CHD,2022,77.06
CHD,2023,91.49
CHD,2024,102.43
CHD,2025,83.07
CHD,2026,99.78
CHRW,2015,48.45
CHRW,2016,58.62
CHRW,2017,73.02
CHRW,2018,70.37
CHRW,2019,67.05
CHRW,2020,82.44
CHRW,2021,96.62
CHRW,2022,83.96
CHRW,2023,81.36
CHRW,2024,99.98
CHRW,2025,158.98
CHRW,2026,149.02
CHTR,2015,183.1
CHTR,2016,287.92
CHTR,2017,335.96
CHTR,2018,284.97
CHTR,2019,485.08
CHTR,2020,661.55
CHTR,2021,651.97
CHTR,2022,339.1
CHTR,2023,388.68
CHTR,2024,342.77
CHTR,2025,208.75
CHTR,2026,152.44
CI,2015,131.48
CI,2016,119.88
CI,2017,182.57
CI,2018,170.77
CI,2019,183.92
CI,2020,187.28
CI,2021,210.29
CI,2022,308.46
CI,2023,283.86
CI,2024,266.07
CI,2025,270.64
CI,2026,274.56
CIEN,2015,20.69
CIEN,2016,24.41
CIEN,2017,20.93
CIEN,2018,33.91
CIEN,2019,42.69
CIEN,2020,52.85
CIEN,2021,76.97
CIEN,2022,50.98
CIEN,2023,45.01
CIEN,2024,84.81
CIEN,2025,233.87
CIEN,2026,382.8
CINF,2015,44.77
CINF,2016,58.88
CINF,2017,60.26
CINF,2018,64.03
CINF,2019,88.92
CINF,2020,76.34
CINF,2021,101.75
CINF,2022,93.72
CINF,2023,97.47
CINF,2024,138.88
CINF,2025,161.48
CINF,2026,169.9
CL,2015,51.74
CL,2016,51.96
CL,2017,61.26
CL,2018,49.5
CL,2019,58.71
CL,2020,74.66
CL,2021,76.21
CL,2022,72.06
CL,2023,74.79
CL,2024,87.18
CL,2025,77.61
CL,2026,89.82
CLX,2015,92.16
CLX,2016,89.4
CLX,2017,113.66
CLX,2018,121.11
CLX,2019,123.81
CLX,2020,166.47
CLX,2021,147.33
CLX,2022,122.28
CLX,2023,128.38
CLX,2024,151.13
CLX,2025,97.35
CLX,2026,97.68
CMCSA,2015,20.12
CMCSA,2016,25.14
CMCSA,2017,29.53
CMCSA,2018,25.78
CMCSA,2019,34.56
CMCSA,2020,41.17
CMCSA,2021,40.25
CMCSA,2022,28.71
CMCSA,2023,37.06
CMCSA,2024,32.67
CMCSA,2025,27.0
CMCSA,2026,26.62
CME,2015,60.54
CME,2016,81.09
CME,2017,107.31
CME,2018,141.81
CME,2019,155.52
CME,2020,145.65
CME,2021,188.58
CME,2022,145.41
CME,2023,190.96
CME,2024,220.39
CME,2025,264.09
CME,2026,284.17
CMG,2015,9.6
CMG,2016,7.55
CMG,2017,5.78
CMG,2018,8.64
CMG,2019,16.74
CMG,2020,27.73
CMG,2021,34.97
CMG,2022,27.75
CMG,2023,45.74
CMG,2024,60.3
CMG,2025,37.0
CMG,2026,38.03
CMI,2015,66.49
CMI,2016,106.83
CMI,2017,141.8
CMI,2018,110.52
CMI,2019,152.55
CMI,2020,199.09
CMI,2021,195.74
CMI,2022,223.32
CMI,2023,227.16
CMI,2024,338.29
CMI,2025,505.27
CMI,2026,564.4
CMS,2015,26.2
CMS,2016,31.14
CMS,2017,36.44
CMS,2018,39.45
CMS,2019,51.3
CMS,2020,51.14
CMS,2021,56.1
CMS,2022,56.2
CMS,2023,53.27
CMS,2024,63.18
CMS,2025,68.32
CMS,2026,68.06
CNC,2015,32.9
CNC,2016,28.25
CNC,2017,50.44
CNC,2018,57.65
CNC,2019,62.87
CNC,2020,60.03
CNC,2021,82.4
CNC,2022,82.01
CNC,2023,74.21
CNC,2024,60.58
CNC,2025,41.15
CNC,2026,64.34
CNP,2015,12.97
CNP,2016,18.27
CNP,2017,21.85
CNP,2018,22.66
CNP,2019,22.8
CNP,2020,18.7
CNP,2021,24.76
CNP,2022,27.23
CNP,2023,26.66
CNP,2024,30.46
CNP,2025,37.7
CNP,2026,39.6
COF,2015,59.55
COF,2016,73.69
COF,2017,85.71
COF,2018,66.19
COF,2019,91.76
COF,2020,89.32
COF,2021,133.37
COF,2022,87.23
COF,2023,125.9
COF,2024,174.04
COF,2025,239.56
COF,2026,214.51
COHR,2015,18.56
COHR,2016,29.65
COHR,2017,46.95
COHR,2018,32.46
COHR,2019,33.67
COHR,2020,75.96
COHR,2021,68.33
COHR,2022,35.1
COHR,2023,43.53
COHR,2024,94.73
COHR,2025,184.57
COHR,2026,277.83
COIN,2021,252.37
COIN,2022,35.39
COIN,2023,173.92
COIN,2024,248.3
COIN,2025,226.14
COIN,2026,188.12
COO,2015,33.49
COO,2016,43.67
COO,2017,54.41
COO,2018,63.57
COO,2019,80.27
COO,2020,90.79
COO,2021,104.7
COO,2022,82.65
COO,2023,94.61
COO,2024,91.93
COO,2025,81.96
COO,2026,70.09
COP,2015,33.61
COP,2016,37.02
COP,2017,41.44
COP,2018,47.92
COP,2019,51.09
COP,2020,32.68
COP,2021,60.98
COP,2022,104.7
COP,2023,106.78
COP,2024,93.79
COP,2025,91.59
COP,2026,132.49
COR,2015,76.52
COR,2016,58.67
COR,2017,70.12
COR,2018,57.8
COR,2019,71.39
COR,2020,88.07
COR,2021,126.9
COR,2022,160.23
COR,2023,200.81
COR,2024,221.64
COR,2025,335.75
COR,2026,323.6
COST,2015,135.3
COST,2016,135.67
COST,2017,166.02
COST,2018,183.62
COST,2019,267.54
COST,2020,354.93
COST,2021,538.86
COST,2022,436.21
COST,2023,649.97
COST,2024,907.51
COST,2025,858.55
COST,2026,943.89
CPAY,2015,142.93
CPAY,2016,141.52
CPAY,2017,192.43
CPAY,2018,185.72
CPAY,2019,287.72
CPAY,2020,272.83
CPAY,2021,223.84
CPAY,2022,183.68
CPAY,2023,282.61
CPAY,2024,338.42
CPAY,2025,300.93
CPAY,2026,404.3
CPRT,2015,4.75
CPRT,2016,6.93
CPRT,2017,10.8
CPRT,2018,11.94
CPRT,2019,22.74
CPRT,2020,31.81
CPRT,2021,37.9
CPRT,2022,30.44
CPRT,2023,49.0
CPRT,2024,57.39
CPRT,2025,39.15
CPRT,2026,32.99
CPT,2015,50.97
CPT,2016,60.81
CPT,2017,68.92
CPT,2018,68.25
CPT,2019,84.77
CPT,2020,82.83
CPT,2021,151.74
CPT,2022,97.75
CPT,2023,90.28
CPT,2024,109.52
CPT,2025,107.9
CPT,2026,105.8
CRH,2015,21.78
CRH,2016,26.62
CRH,2017,28.53
CRH,2018,21.34
CRH,2019,33.52
CRH,2020,36.46
CRH,2021,46.34
CRH,2022,36.83
CRH,2023,66.79
CRH,2024,90.78
CRH,2025,123.42
CRH,2026,94.29
CRL,2015,80.39
CRL,2016,76.19
CRL,2017,109.45
CRL,2018,113.18
CRL,2019,152.76
CRL,2020,249.86
CRL,2021,376.78
CRL,2022,217.9
CRL,2023,236.4
CRL,2024,184.6
CRL,2025,199.48
CRL,2026,288.24
CRM,2015,76.93
CRM,2016,67.18
CRM,2017,100.31
CRM,2018,134.4
CRM,2019,159.59
CRM,2020,218.36
CRM,2021,249.37
CRM,2022,130.11
CRM,2023,258.21
CRM,2024,329.9
CRM,2025,263.11
CRM,2026,257.09
CRWD,2019,12.47
CRWD,2020,52.96
CRWD,2021,51.19
CRWD,2022,26.32
CRWD,2023,63.83
CRWD,2024,85.54
CRWD,2025,117.19
CRWD,2026,231.0
CSCO,2015,19.67
CSCO,2016,22.64
CSCO,2017,29.72
CSCO,2018,34.65
CSCO,2019,39.43
CSCO,2020,38.06
CSCO,2021,55.47
CSCO,2022,43.01
CSCO,2023,47.01
CSCO,2024,56.88
CSCO,2025,75.92
CSCO,2026,110.49
CSGP,2015,20.67
CSGP,2016,18.85
CSGP,2017,29.69
CSGP,2018,33.73
CSGP,2019,59.83
CSGP,2020,92.43
CSGP,2021,79.03
CSGP,2022,77.28
CSGP,2023,87.39
CSGP,2024,71.59
CSGP,2025,67.24
CSGP,2026,32.07
CSX,2015,7.39
CSX,2016,10.5
CSX,2017,16.32
CSX,2018,18.68
CSX,2019,22.05
CSX,2020,28.03
CSX,2021,35.23
CSX,2022,29.39
CSX,2023,33.36
CSX,2024,31.47
CSX,2025,35.92
CSX,2026,50.51
CTAS,2015,20.42
CTAS,2016,26.25
CTAS,2017,35.79
CTAS,2018,39.02
CTAS,2019,63.11
CTAS,2020,83.77
CTAS,2021,105.97
CTAS,2022,109.12
CTAS,2023,147.12
CTAS,2024,179.84
CTAS,2025,186.64
CTAS,2026,201.79
CTSH,2015,52.26
CTSH,2016,48.79
CTSH,2017,62.24
CTSH,2018,56.23
CTSH,2019,55.63
CTSH,2020,74.5
CTSH,2021,81.68
CTSH,2022,53.47
CTSH,2023,71.85
CTSH,2024,74.33
CTSH,2025,81.52
CTSH,2026,64.58
CTVA,2019,27.26
CTVA,2020,36.39
CTVA,2021,44.96
CTVA,2022,56.46
CTVA,2023,46.58
CTVA,2024,56.01
CTVA,2025,66.58
CTVA,2026,84.45
CVNA,2017,3.82
CVNA,2018,6.54
CVNA,2019,18.41
CVNA,2020,47.91
CVNA,2021,46.36
CVNA,2022,0.95
CVNA,2023,10.59
CVNA,2024,40.67
CVNA,2025,84.4
CVNA,2026,73.46
CVS,2015,70.88
CVS,2016,58.24
CVS,2017,54.89
CVS,2018,51.03
CVS,2019,59.83
CVS,2020,56.76
CVS,2021,87.9
CVS,2022,81.2
CVS,2023,71.02
CVS,2024,42.07
CVS,2025,77.55
CVS,2026,93.91
CVX,2015,57.05
CVX,2016,77.97
CVX,2017,86.23
CVX,2018,77.82
CVX,2019,89.71
CVX,2020,66.43
CVX,2021,97.14
CVX,2022,153.94
CVX,2023,132.95
CVX,2024,134.66
CVX,2025,148.27
CVX,2026,206.14
D,2015,42.59
D,2016,50.12
D,2017,55.08
D,2018,50.9
D,2019,61.85
D,2020,58.54
D,2021,63.29
D,2022,51.19
D,2023,41.4
D,2024,49.86
D,2025,56.82
D,2026,65.35
DAL,2015,44.47
DAL,2016,43.87
DAL,2017,50.99
DAL,2018,46.57
DAL,2019,56.06
DAL,2020,38.81
DAL,2021,37.72
DAL,2022,31.72
DAL,2023,39.02
DAL,2024,59.32
DAL,2025,68.86
DAL,2026,78.0
DASH,2020,142.75
DASH,2021,148.9
DASH,2022,48.82
DASH,2023,98.89
DASH,2024,167.75
DASH,2025,226.48
DASH,2026,231.74
DD,2015,72.71
DD,2016,83.68
DD,2017,106.99
DD,2018,82.21
DD,2019,70.7
DD,2020,80.09
DD,2021,92.43
DD,2022,80.09
DD,2023,91.58
DD,2024,92.54
DD,2025,119.12
DD,2026,134.59
DDOG,2019,37.78
DDOG,2020,98.44
DDOG,2021,178.11
DDOG,2022,73.5
DDOG,2023,121.38
DDOG,2024,142.89
DDOG,2025,135.99
DDOG,2026,237.04
DE,2015,64.22
DE,2016,89.23
DE,2017,138.15
DE,2018,134.15
DE,2019,158.7
DE,2020,250.67
DE,2021,323.01
DE,2022,408.89
DE,2023,386.48
DE,2024,415.69
DE,2025,463.01
DE,2026,654.91
DECK,2015,7.87
DECK,2016,9.23
DECK,2017,13.38
DECK,2018,21.33
DECK,2019,28.14
DECK,2020,47.8
DECK,2021,61.05
DECK,2022,66.53
DECK,2023,111.4
DECK,2024,203.09
DECK,2025,103.67
DECK,2026,87.08
DELL,2016,14.01
DELL,2017,20.72
DELL,2018,22.5
DELL,2019,23.66
DELL,2020,33.74
DELL,2021,51.03
DELL,2022,37.44
DELL,2023,73.32
DELL,2024,112.16
DELL,2025,124.74
DELL,2026,456.01
DG,2015,62.37
DG,2016,65.09
DG,2017,82.61
DG,2018,97.11
DG,2019,141.49
DG,2020,192.28
DG,2021,217.29
DG,2022,229.4
DG,2023,128.15
DG,2024,72.89
DG,2025,130.91
DG,2026,126.75
DGX,2015,57.45
DGX,2016,75.78
DGX,2017,82.71
DGX,2018,71.26
DGX,2019,93.45
DGX,2020,106.63
DGX,2021,157.67
DGX,2022,145.38
DGX,2023,130.77
DGX,2024,146.15
DGX,2025,171.29
DGX,2026,240.3
DHI,2015,28.4
DHI,2016,24.52
DHI,2017,46.35
DHI,2018,31.86
DHI,2019,49.16
DHI,2020,65.0
DHI,2021,103.18
DHI,2022,85.81
DHI,2023,147.65
DHI,2024,136.96
DHI,2025,142.76
DHI,2026,144.56
DHR,2015,38.01
DHR,2016,65.78
DHR,2017,78.95
DHR,2018,88.26
DHR,2019,132.0
DHR,2020,191.85
DHR,2021,285.02
DHR,2022,230.81
DHR,2023,227.95
DHR,2024,227.16
DHR,2025,227.96
DHR,2026,213.56
DIS,2015,96.12
DIS,2016,96.77
DIS,2017,101.37
DIS,2018,105.03
DIS,2019,140.23
DIS,2020,175.67
DIS,2021,150.18
DIS,2022,84.24
DIS,2023,87.83
DIS,2024,109.29
DIS,2025,112.9
DIS,2026,107.55
DLR,2015,52.31
DLR,2016,70.55
DLR,2017,84.52
DLR,2018,81.98
DLR,2019,95.52
DLR,2020,114.98
DLR,2021,150.24
DLR,2022,88.64
DLR,2023,124.05
DLR,2024,168.58
DLR,2025,151.61
DLR,2026,184.33
DLTR,2015,77.22
DLTR,2016,77.18
DLTR,2017,107.31
DLTR,2018,90.32
DLTR,2019,94.05
DLTR,2020,108.04
DLTR,2021,140.52
DLTR,2022,141.44
DLTR,2023,142.05
DLTR,2024,74.94
DLTR,2025,123.01
DLTR,2026,126.59
DOC,2015,19.54
DOC,2016,17.69
DOC,2017,16.33
DOC,2018,18.56
DOC,2019,23.98
DOC,2020,22.13
DOC,2021,27.39
DOC,2022,19.85
DOC,2023,16.59
DOC,2024,18.05
DOC,2025,15.32
DOC,2026,20.72
DOV,2015,41.42
DOV,2016,51.93
DOV,2017,71.49
DOV,2018,63.55
DOV,2019,105.37
DOV,2020,117.52
DOV,2021,171.26
DOV,2022,129.58
DOV,2023,149.3
DOV,2024,184.15
DOV,2025,193.8
DOV,2026,194.23
DOW,2019,37.9
DOW,2020,40.89
DOW,2021,43.68
DOW,2022,40.77
DOW,2023,46.77
DOW,2024,36.11
DOW,2025,22.61
DOW,2026,30.52
DPZ,2015,97.89
DPZ,2016,141.63
DPZ,2017,169.71
DPZ,2018,224.64
DPZ,2019,268.74
DPZ,2020,353.73
DPZ,2021,524.92
DPZ,2022,326.08
DPZ,2023,393.55
DPZ,2024,406.06
DPZ,2025,409.64
DPZ,2026,339.96
DRI,2015,46.65
DRI,2016,55.13
DRI,2017,74.98
DRI,2018,80.14
DRI,2019,89.99
DRI,2020,99.4
DRI,2021,128.7
DRI,2022,122.47
DRI,2023,150.42
DRI,2024,177.05
DRI,2025,179.81
DRI,2026,214.26
DTE,2015,48.26
DTE,2016,61.27
DTE,2017,70.21
DTE,2018,73.17
DTE,2019,88.81
DTE,2020,86.28
DTE,2021,102.98
DTE,2022,104.25
DTE,2023,101.31
DTE,2024,114.98
DTE,2025,126.96
DTE,2026,135.63
DUK,2015,46.12
DUK,2016,52.31
DUK,2017,59.09
DUK,2018,63.47
DUK,2019,70.01
DUK,2020,73.35
DUK,2021,87.36
DUK,2022,89.13
DUK,2023,87.68
DUK,2024,101.33
DUK,2025,114.22
DUK,2026,119.91
DVA,2015,69.71
DVA,2016,64.2
DVA,2017,72.25
DVA,2018,51.46
DVA,2019,75.03
DVA,2020,117.4
DVA,2021,113.76
DVA,2022,74.67
DVA,2023,104.76
DVA,2024,149.55
DVA,2025,113.61
DVA,2026,176.01
DVN,2015,21.83
DVN,2016,31.63
DVN,2017,28.87
DVN,2018,15.85
DVN,2019,18.52
DVN,2020,11.97
DVN,2021,35.43
DVN,2022,53.45
DVN,2023,41.79
DVN,2024,31.25
DVN,2025,35.95
DVN,2026,48.2
DXCM,2015,20.48
DXCM,2016,14.93
DXCM,2017,14.35
DXCM,2018,29.95
DXCM,2019,54.69
DXCM,2020,92.43
DXCM,2021,134.24
DXCM,2022,113.24
DXCM,2023,124.09
DXCM,2024,77.77
DXCM,2025,66.37
DXCM,2026,91.06
EBAY,2015,24.23
EBAY,2016,26.18
EBAY,2017,33.28
EBAY,2018,24.75
EBAY,2019,32.33
EBAY,2020,45.63
EBAY,2021,61.06
EBAY,2022,38.79
EBAY,2023,41.76
EBAY,2024,60.46
EBAY,2025,86.31
EBAY,2026,103.56
ECHO,2015,31.69
ECHO,2016,41.65
ECHO,2017,48.54
ECHO,2018,29.76
ECHO,2019,43.31
ECHO,2020,21.19
ECHO,2021,26.35
ECHO,2022,16.68
ECHO,2023,16.57
ECHO,2024,22.9
ECHO,2025,108.7
ECHO,2026,86.44
ECL,2015,101.73
ECL,2016,105.55
ECL,2017,122.23
ECL,2018,135.76
ECL,2019,179.56
ECL,2020,203.21
ECL,2021,222.28
ECL,2022,139.82
ECL,2023,192.87
ECL,2024,230.07
ECL,2025,260.41
ECL,2026,282.45
ED,2015,43.76
ED,2016,52.03
ED,2017,62.07
ED,2018,57.96
ED,2019,71.02
ED,2020,58.96
ED,2021,72.49
ED,2022,83.84
ED,2023,82.9
ED,2024,84.18
ED,2025,96.93
ED,2026,107.02
EFX,2015,100.41
EFX,2016,107.79
EFX,2017,108.81
EFX,2018,87.1
EFX,2019,132.66
EFX,2020,184.39
EFX,2021,281.82
EFX,2022,188.56
EFX,2023,241.7
EFX,2024,250.58
EFX,2025,215.03
EFX,2026,189.16
EG,2015,145.82
EG,2016,176.6
EG,2017,184.43
EG,2018,184.56
EG,2019,240.24
EG,2020,208.93
EG,2021,250.31
EG,2022,309.72
EG,2023,336.65
EG,2024,352.09
EG,2025,333.43
EG,2026,372.62
EIX,2015,38.25
EIX,2016,47.79
EIX,2017,43.26
EIX,2018,40.38
EIX,2019,55.57
EIX,2020,48.49
EIX,2021,55.07
EIX,2022,53.65
EIX,2023,62.98
EIX,2024,72.58
EIX,2025,57.76
EIX,2026,53.98
EL,2015,76.7
EL,2016,67.57
EL,2017,113.99
EL,2018,117.84
EL,2019,188.94
EL,2020,245.2
EL,2021,343.36
EL,2022,232.41
EL,2023,139.14
EL,2024,72.92
EL,2025,103.64
EL,2026,102.3
ELV,2015,119.68
ELV,2016,125.84
ELV,2017,199.74
ELV,2018,235.91
ELV,2019,274.45
ELV,2020,295.7
ELV,2021,432.06
ELV,2022,483.17
ELV,2023,449.88
ELV,2024,356.67
ELV,2025,345.49
ELV,2026,390.84
EME,2015,45.98
EME,2016,68.17
EME,2017,79.13
EME,2018,58.02
EME,2019,84.23
EME,2020,89.69
EME,2021,125.5
EME,2022,146.59
EME,2023,214.07
EME,2024,452.28
EME,2025,610.81
EME,2026,734.54
EMR,2015,36.43
EMR,2016,44.09
EMR,2017,56.89
EMR,2018,50.14
EMR,2019,65.95
EMR,2020,71.63
EMR,2021,84.66
EMR,2022,89.52
EMR,2023,92.88
EMR,2024,120.49
EMR,2025,131.23
EMR,2026,152.44
EOG,2015,50.91
EOG,2016,73.33
EOG,2017,78.82
EOG,2018,64.11
EOG,2019,62.3
EOG,2020,38.23
EOG,2021,72.11
EOG,2022,113.13
EOG,2023,110.83
EOG,2024,115.6
EOG,2025,102.46
EOG,2026,144.96
EQIX,2015,245.43
EQIX,2016,296.22
EQIX,2017,382.7
EQIX,2018,304.58
EQIX,2019,514.32
EQIX,2020,638.88
EQIX,2021,768.43
EQIX,2022,606.09
EQIX,2023,760.06
EQIX,2024,907.9
EQIX,2025,754.65
EQIX,2026,1046.72
EQT,2015,25.87
EQT,2016,32.51
EQT,2017,28.35
EQT,2018,17.35
EQT,2019,10.09
EQT,2020,11.83
EQT,2021,20.31
EQT,2022,32.01
EQT,2023,37.2
EQT,2024,45.17
EQT,2025,53.13
EQT,2026,54.18
ERIE,2015,75.73
ERIE,2016,91.06
ERIE,2017,101.28
ERIE,2018,113.98
ERIE,2019,144.84
ERIE,2020,220.73
ERIE,2021,176.63
ERIE,2022,233.2
ERIE,2023,320.31
ERIE,2024,399.33
ERIE,2025,281.91
ERIE,2026,255.56
ES,2015,35.45
ES,2016,39.62
ES,2017,46.74
ES,2018,49.73
ES,2019,66.88
ES,2020,69.86
ES,2021,75.58
ES,2022,71.75
ES,2023,54.95
ES,2024,53.59
ES,2025,65.84
ES,2026,70.14
ESS,2015,169.24
ESS,2016,169.09
ESS,2017,180.63
ESS,2018,189.34
ESS,2019,238.42
ESS,2020,195.29
ESS,2021,297.62
ESS,2022,185.24
ESS,2023,225.94
ESS,2024,267.42
ESS,2025,254.1
ESS,2026,282.96
ETN,2015,41.06
ETN,2016,54.95
ETN,2017,66.79
ETN,2018,59.05
ETN,2019,84.3
ETN,2020,109.49
ETN,2021,160.62
ETN,2022,149.09
ETN,2023,232.91
ETN,2024,324.93
ETN,2025,315.87
ETN,2026,401.88
ETR,2015,22.7
ETR,2016,25.55
ETR,2017,29.61
ETR,2018,32.75
ETR,2019,47.26
ETR,2020,40.77
ETR,2021,47.76
ETR,2022,49.45
ETR,2023,46.44
ETR,2024,72.43
ETR,2025,90.79
ETR,2026,106.31
EVRG,2015,28.92
EVRG,2016,39.57
EVRG,2017,38.2
EVRG,2018,42.38
EVRG,2019,50.17
EVRG,2020,44.32
EVRG,2021,56.72
EVRG,2022,53.95
EVRG,2023,46.78
EVRG,2024,57.74
EVRG,2025,70.7
EVRG,2026,81.02
EW,2015,26.33
EW,2016,31.23
EW,2017,37.57
EW,2018,51.06
EW,2019,77.76
EW,2020,91.23
EW,2021,129.55
EW,2022,74.61
EW,2023,76.25
EW,2024,74.03
EW,2025,85.25
EW,2026,90.75
EXC,2015,13.55
EXC,2016,17.98
EXC,2017,20.69
EXC,2018,24.49
EXC,2019,25.53
EXC,2020,24.55
EXC,2021,34.73
EXC,2022,37.61
EXC,2023,32.36
EXC,2024,35.34
EXC,2025,42.41
EXC,2026,43.31
EXE,2021,51.47
EXE,2022,83.56
EXE,2023,71.21
EXE,2024,94.84
EXE,2025,108.45
EXE,2026,98.16
EXPD,2015,39.56
EXPD,2016,47.19
EXPD,2017,58.49
EXPD,2018,62.3
EXPD,2019,72.37
EXPD,2020,89.36
EXPD,2021,127.34
EXPD,2022,99.73
EXPD,2023,123.52
EXPD,2024,108.88
EXPD,2025,148.25
EXPD,2026,189.65
EXPE,2015,117.41
EXPE,2016,107.96
EXPE,2017,115.15
EXPE,2018,109.44
EXPE,2019,106.27
EXPE,2020,130.59
EXPE,2021,178.25
EXPE,2022,86.4
EXPE,2023,149.71
EXPE,2024,183.78
EXPE,2025,281.69
EXPE,2026,317.12
EXR,2015,58.73
EXR,2016,53.33
EXR,2017,62.84
EXR,2018,67.42
EXR,2019,81.38
EXR,2020,92.48
EXR,2021,185.87
EXR,2022,124.87
EXR,2023,142.18
EXR,2024,138.18
EXR,2025,125.86
EXR,2026,139.46
F,2015,7.87
F,2016,7.25
F,2017,7.88
F,2018,5.17
F,2019,6.71
F,2020,6.45
F,2021,15.31
F,2022,8.85
F,2023,10.25
F,2024,8.91
F,2025,12.68
F,2026,13.94
FANG,2015,50.86
FANG,2016,76.84
FANG,2017,95.99
FANG,2018,70.7
FANG,2019,71.34
FANG,2020,38.53
FANG,2021,87.65
FANG,2022,118.62
FANG,2023,141.95
FANG,2024,156.63
FANG,2025,147.81
FANG,2026,200.48
FAST,2015,7.7
FAST,2016,9.12
FAST,2017,10.92
FAST,2018,10.74
FAST,2019,15.58
FAST,2020,21.29
FAST,2021,28.54
FAST,2022,21.59
FAST,2023,30.51
FAST,2024,34.64
FAST,2025,39.48
FAST,2026,49.31
FCX,2015,6.1
FCX,2016,11.88
FCX,2017,17.08
FCX,2018,9.37
FCX,2019,12.15
FCX,2020,24.18
FCX,2021,39.03
FCX,2022,36.16
FCX,2023,41.11
FCX,2024,37.24
FCX,2025,50.43
FCX,2026,75.74
FDS,2015,144.53
FDS,2016,147.06
FDS,2017,175.65
FDS,2018,184.47
FDS,2019,249.97
FDS,2020,312.78
FDS,2021,461.32
FDS,2022,384.05
FDS,2023,460.81
FDS,2024,468.26
FDS,2025,286.22
FDS,2026,313.55
FDX,2015,101.64
FDX,2016,128.14
FDX,2017,173.26
FDX,2018,113.18
FDX,2019,107.77
FDX,2020,187.82
FDX,2021,189.17
FDX,2022,129.32
FDX,2023,192.85
FDX,2024,218.88
FDX,2025,230.05
FDX,2026,326.12
FDXF,2026,133.74
FE,2015,20.27
FE,2016,20.67
FE,2017,21.41
FE,2018,27.38
FE,2019,36.72
FE,2020,24.17
FE,2021,34.27
FE,2022,35.91
FE,2023,32.73
FE,2024,37.06
FE,2025,43.46
FE,2026,45.86
FERG,2015,45.67
FERG,2016,51.04
FERG,2017,62.2
FERG,2018,52.98
FERG,2019,79.24
FERG,2020,104.54
FERG,2021,163.52
FERG,2022,119.09
FERG,2023,184.71
FERG,2024,168.79
FERG,2025,219.25
FERG,2026,224.51
FFIV,2015,96.96
FFIV,2016,144.72
FFIV,2017,131.22
FFIV,2018,162.03
FFIV,2019,139.65
FFIV,2020,175.94
FFIV,2021,244.71
FFIV,2022,143.51
FFIV,2023,178.98
FFIV,2024,251.47
FFIV,2025,255.26
FFIV,2026,407.13
FICO,2015,94.1
FICO,2016,119.2
FICO,2017,153.2
FICO,2018,187.0
FICO,2019,374.68
FICO,2020,511.04
FICO,2021,433.67
FICO,2022,598.58
FICO,2023,1164.01
FICO,2024,1990.93
FICO,2025,1690.62
FICO,2026,1147.21
FIS,2015,49.44
FIS,2016,62.62
FIS,2017,78.92
FIS,2018,87.07
FIS,2019,119.45
FIS,2020,122.69
FIS,2021,95.82
FIS,2022,60.88
FIS,2023,55.88
FIS,2024,76.53
FIS,2025,64.41
FIS,2026,40.3
FISV,2015,45.73
FISV,2016,53.14
FISV,2017,65.57
FISV,2018,73.49
FISV,2019,115.63
FISV,2020,113.86
FISV,2021,103.79
FISV,2022,101.07
FISV,2023,132.84
FISV,2024,205.42
FISV,2025,67.17
FISV,2026,53.31
FITB,2015,13.95
FITB,2016,19.23
FITB,2017,22.12
FITB,2018,17.63
FITB,2019,23.83
FITB,2020,22.54
FITB,2021,36.62
FITB,2022,28.58
FITB,2023,31.56
FITB,2024,40.14
FITB,2025,46.06
FITB,2026,53.77
FIX,2015,26.57
FIX,2016,31.42
FIX,2017,41.52
FIX,2018,41.82
FIX,2019,48.13
FIX,2020,51.37
FIX,2021,97.07
FIX,2022,113.55
FIX,2023,203.96
FIX,2024,421.96
FIX,2025,931.96
FIX,2026,1545.62
FLEX,2015,8.45
FLEX,2016,10.83
FLEX,2017,13.56
FLEX,2018,5.73
FLEX,2019,9.51
FLEX,2020,13.55
FLEX,2021,13.81
FLEX,2022,16.17
FLEX,2023,22.95
FLEX,2024,38.39
FLEX,2025,60.42
FLEX,2026,109.25
FOX,2019,33.06
FOX,2020,26.64
FOX,2021,32.02
FOX,2022,26.96
FOX,2023,26.63
FOX,2024,44.81
FOX,2025,64.27
FOX,2026,59.92
FOXA,2019,33.89
FOXA,2020,27.03
FOXA,2021,34.67
FOXA,2022,28.91
FOXA,2023,28.67
FOXA,2024,47.68
FOXA,2025,72.39
FOXA,2026,67.05
FRT,2015,98.22
FRT,2016,98.0
FRT,2017,94.49
FRT,2018,86.83
FRT,2019,97.7
FRT,2020,67.75
FRT,2021,112.44
FRT,2022,86.96
FRT,2023,92.65
FRT,2024,103.84
FRT,2025,97.71
FRT,2026,116.03
FSLR,2015,65.99
FSLR,2016,32.09
FSLR,2017,67.52
FSLR,2018,42.46
FSLR,2019,55.96
FSLR,2020,98.92
FSLR,2021,87.16
FSLR,2022,149.79
FSLR,2023,172.28
FSLR,2024,176.24
FSLR,2025,261.23
FSLR,2026,201.9
FTNT,2015,6.23
FTNT,2016,6.02
FTNT,2017,8.74
FTNT,2018,14.09
FTNT,2019,21.35
FTNT,2020,29.71
FTNT,2021,71.88
FTNT,2022,48.89
FTNT,2023,58.53
FTNT,2024,94.48
FTNT,2025,79.41
FTNT,2026,170.93
FTV,2016,32.49
FTV,2017,44.02
FTV,2018,41.31
FTV,2019,46.82
FTV,2020,52.08
FTV,2021,56.32
FTV,2022,47.64
FTV,2023,54.83
FTV,2024,56.08
FTV,2025,55.03
FTV,2026,58.77
GD,2015,108.76
GD,2016,139.71
GD,2017,167.45
GD,2018,131.72
GD,2019,151.21
GD,2020,131.34
GD,2021,188.83
GD,2022,229.78
GD,2023,246.16
GD,2024,254.83
GD,2025,332.28
GD,2026,371.35
GDDY,2015,32.06
GDDY,2016,34.95
GDDY,2017,50.28
GDDY,2018,65.62
GDDY,2019,67.92
GDDY,2020,82.95
GDDY,2021,84.86
GDDY,2022,74.82
GDDY,2023,106.16
GDDY,2024,197.37
GDDY,2025,124.08
GDDY,2026,97.88
GE,2015,131.56
GE,2016,137.63
GE,2017,78.57
GE,2018,35.05
GE,2019,53.95
GE,2020,52.48
GE,2021,57.56
GE,2022,51.27
GE,2023,100.35
GE,2024,165.4
GE,2025,307.2
GE,2026,335.71
GEHC,2022,58.03
GEHC,2023,76.95
GEHC,2024,77.92
GEHC,2025,81.9
GEHC,2026,71.23
GEN,2015,7.99
GEN,2016,11.5
GEN,2017,13.65
GEN,2018,9.32
GEN,2019,12.78
GEN,2020,18.44
GEN,2021,23.53
GEN,2022,19.81
GEN,2023,21.65
GEN,2024,26.5
GEN,2025,26.78
GEN,2026,31.0
GEV,2024,327.79
GEV,2025,652.36
GEV,2026,898.53
GILD,2015,69.88
GILD,2016,50.6
GILD,2017,52.1
GILD,2018,46.93
GILD,2019,50.63
GILD,2020,47.23
GILD,2021,61.38
GILD,2022,75.89
GILD,2023,74.37
GILD,2024,88.27
GILD,2025,120.57
GILD,2026,145.52
GIS,2015,38.68
GIS,2016,42.66
GIS,2017,42.38
GIS,2018,29.0
GIS,2019,41.51
GIS,2020,47.16
GIS,2021,55.89
GIS,2022,71.59
GIS,2023,57.3
GIS,2024,58.13
GIS,2025,44.33
GIS,2026,41.2
GL,2015,52.24
GL,2016,68.05
GL,2017,84.34
GL,2018,69.81
GL,2019,99.36
GL,2020,90.5
GL,2021,90.06
GL,2022,116.8
GL,2023,118.87
GL,2024,109.91
GL,2025,139.0
GL,2026,172.67
GLW,2015,13.93
GLW,2016,18.98
GLW,2017,25.56
GLW,2018,24.72
GLW,2019,24.47
GLW,2020,31.21
GLW,2021,33.06
GLW,2022,29.24
GLW,2023,28.88
GLW,2024,46.39
GLW,2025,87.1
GLW,2026,148.73
GM,2015,27.18
GM,2016,29.21
GM,2017,35.78
GM,2018,30.4
GM,2019,34.66
GM,2020,39.91
GM,2021,56.2
GM,2022,32.39
GM,2023,34.95
GM,2024,52.38
GM,2025,80.79
GM,2026,86.14
GNRC,2015,29.77
GNRC,2016,40.74
GNRC,2017,49.52
GNRC,2018,49.7
GNRC,2019,100.59
GNRC,2020,227.41
GNRC,2021,351.92
GNRC,2022,100.66
GNRC,2023,129.24
GNRC,2024,155.05
GNRC,2025,136.37
GNRC,2026,185.38
GOOG,2015,37.59
GOOG,2016,38.23
GOOG,2017,51.83
GOOG,2018,51.29
GOOG,2019,66.22
GOOG,2020,86.77
GOOG,2021,143.32
GOOG,2022,87.9
GOOG,2023,139.61
GOOG,2024,189.33
GOOG,2025,313.19
GOOG,2026,335.19
GOOGL,2015,38.53
GOOGL,2016,39.25
GOOGL,2017,52.17
GOOGL,2018,51.76
GOOGL,2019,66.34
GOOGL,2020,86.81
GOOGL,2021,143.49
GOOGL,2022,87.4
GOOGL,2023,138.37
GOOGL,2024,188.2
GOOGL,2025,312.39
GOOGL,2026,339.13
GPC,2015,62.62
GPC,2016,71.58
GPC,2017,73.33
GPC,2018,76.35
GPC,2019,87.07
GPC,2020,85.16
GPC,2021,122.11
GPC,2022,154.86
GPC,2023,126.8
GPC,2024,110.03
GPC,2025,119.6
GPC,2026,134.62
GPN,2015,60.72
GPN,2016,65.37
GPN,2017,94.45
GPN,2018,97.21
GPN,2019,172.31
GPN,2020,204.21
GPN,2021,128.83
GPN,2022,95.45
GPN,2023,123.15
GPN,2024,109.64
GPN,2025,76.64
GPN,2026,90.79
GRMN,2015,27.84
GRMN,2016,38.03
GRMN,2017,48.53
GRMN,2018,53.3
GRMN,2019,84.29
GRMN,2020,106.08
GRMN,2021,122.95
GRMN,2022,85.83
GRMN,2023,122.83
GRMN,2024,200.53
GRMN,2025,200.41
GRMN,2026,283.01
GS,2015,144.76
GS,2016,195.32
GS,2017,210.42
GS,2018,139.88
GS,2019,196.5
GS,2020,230.8
GS,2021,340.68
GS,2022,313.87
GS,2023,363.79
GS,2024,553.07
GS,2025,866.32
GS,2026,1020.9
GWW,2015,171.81
GWW,2016,201.48
GWW,2017,210.24
GWW,2018,255.83
GWW,2019,312.75
GWW,2020,384.21
GWW,2021,494.86
GWW,2022,538.14
GWW,2023,810.09
GWW,2024,1038.59
GWW,2025,1003.15
GWW,2026,1309.49
HAL,2015,27.67
HAL,2016,44.73
HAL,2017,41.07
HAL,2018,22.74
HAL,2019,21.63
HAL,2020,17.04
HAL,2021,20.78
HAL,2022,36.26
HAL,2023,33.91
HAL,2024,26.05
HAL,2025,27.88
HAL,2026,36.68
HAS,2015,47.18
HAS,2016,55.85
HAS,2017,66.78
HAS,2018,61.31
HAS,2019,81.79
HAS,2020,74.9
HAS,2021,83.81
HAS,2022,52.02
HAS,2023,45.81
HAS,2024,52.57
HAS,2025,80.18
HAS,2026,94.1
HBAN,2015,7.13
HBAN,2016,8.76
HBAN,2017,9.9
HBAN,2018,8.39
HBAN,2019,11.05
HBAN,2020,9.83
HBAN,2021,12.49
HBAN,2022,11.94
HBAN,2023,11.38
HBAN,2024,15.22
HBAN,2025,16.85
HBAN,2026,16.53
HCA,2015,62.53
HCA,2016,68.44
HCA,2017,81.22
HCA,2018,116.44
HCA,2019,140.02
HCA,2020,156.66
HCA,2021,246.87
HCA,2022,232.94
HCA,2023,265.17
HCA,2024,296.33
HCA,2025,464.38
HCA,2026,413.69
HD,2015,102.01
HD,2016,105.62
HD,2017,152.74
HD,2018,141.6
HD,2019,184.87
HD,2020,230.16
HD,2021,367.13
HD,2022,286.45
HD,2023,323.02
HD,2024,371.46
HD,2025,336.79
HD,2026,325.43
HIG,2015,34.6
HIG,2016,38.69
HIG,2017,46.52
HIG,2018,37.57
HIG,2019,52.49
HIG,2020,43.58
HIG,2021,62.85
HIG,2022,70.59
HIG,2023,76.62
HIG,2024,106.15
HIG,2025,135.97
HIG,2026,136.78
HII,2015,103.6
HII,2016,152.47
HII,2017,197.42
HII,2018,161.47
HII,2019,216.37
HII,2020,150.47
HII,2021,168.7
HII,2022,213.11
HII,2023,245.42
HII,2024,182.43
HII,2025,335.99
HII,2026,291.2
HLT,2015,41.71
HLT,2016,53.67
HLT,2017,77.53
HLT,2018,70.24
HLT,2019,109.22
HLT,2020,109.73
HLT,2021,153.84
HLT,2022,125.05
HLT,2023,180.92
HLT,2024,246.25
HLT,2025,286.85
HLT,2026,316.28
HON,2015,78.23
HON,2016,89.92
HON,2017,121.48
HON,2018,111.44
HON,2019,152.33
HON,2020,187.33
HON,2021,186.78
HON,2022,195.94
HON,2023,195.97
HON,2024,215.6
HON,2025,201.87
HON,2026,213.53
HONA,2026,158.11
HOOD,2021,17.76
HOOD,2022,8.14
HOOD,2023,12.74
HOOD,2024,37.26
HOOD,2025,113.1
HOOD,2026,104.81
HPE,2015,6.62
HPE,2016,10.2
HPE,2017,11.08
HPE,2018,10.46
HPE,2019,12.94
HPE,2020,10.1
HPE,2021,13.88
HPE,2022,14.5
HPE,2023,15.91
HPE,2024,20.54
HPE,2025,23.74
HPE,2026,52.11
HPQ,2015,8.19
HPQ,2016,10.66
HPQ,2017,15.53
HPQ,2018,15.5
HPQ,2019,16.1
HPQ,2020,19.98
HPQ,2021,31.41
HPQ,2022,23.12
HPQ,2023,26.84
HPQ,2024,30.08
HPQ,2025,21.45
HPQ,2026,29.73
HRL,2015,29.81
HRL,2016,26.65
HRL,2017,28.44
HRL,2018,34.04
HRL,2019,36.71
HRL,2020,38.69
HRL,2021,41.39
HRL,2022,39.46
HRL,2023,28.61
HRL,2024,28.96
HRL,2025,22.8
HRL,2026,21.85
HSIC,2015,62.04
HSIC,2016,59.49
HSIC,2017,54.81
HSIC,2018,61.58
HSIC,2019,66.72
HSIC,2020,66.86
HSIC,2021,77.53
HSIC,2022,79.87
HSIC,2023,75.71
HSIC,2024,69.2
HSIC,2025,75.58
HSIC,2026,89.8
HST,2015,9.82
HST,2016,12.71
HST,2017,14.01
HST,2018,12.3
HST,2019,14.35
HST,2020,11.52
HST,2021,13.7
HST,2022,13.07
HST,2023,16.67
HST,2024,15.76
HST,2025,16.9
HST,2026,21.93
HSY,2015,68.8
HSY,2016,81.71
HSY,2017,91.78
HSY,2018,89.11
HSY,2019,124.93
HSY,2020,132.3
HSY,2021,171.43
HSY,2022,208.91
HSY,2023,171.56
HSY,2024,160.4
HSY,2025,178.01
HSY,2026,176.21
HUBB,2015,81.01
HUBB,2016,95.89
HUBB,2017,113.95
HUBB,2018,85.91
HUBB,2019,131.34
HUBB,2020,143.01
HUBB,2021,193.92
HUBB,2022,223.17
HUBB,2023,317.8
HUBB,2024,409.77
HUBB,2025,440.22
HUBB,2026,453.0
HUM,2015,163.49
HUM,2016,187.77
HUM,2017,230.22
HUM,2018,267.68
HUM,2019,345.14
HUM,2020,389.0
HUM,2021,442.67
HUM,2022,492.05
HUM,2023,443.15
HUM,2024,248.36
HUM,2025,254.24
HUM,2026,383.23
HWM,2016,13.63
HWM,2017,20.23
HWM,2018,12.66
HWM,2019,23.23
HWM,2020,28.11
HWM,2021,31.39
HWM,2022,38.98
HWM,2023,53.73
HWM,2024,108.92
HWM,2025,204.71
HWM,2026,244.95
IBKR,2015,10.13
IBKR,2016,8.57
IBKR,2017,14.04
IBKR,2018,13.04
IBKR,2019,11.21
IBKR,2020,14.77
IBKR,2021,19.36
IBKR,2022,17.74
IBKR,2023,20.43
IBKR,2024,43.8
IBKR,2025,64.12
IBKR,2026,97.2
IBM,2015,84.33
IBM,2016,105.59
IBM,2017,101.38
IBM,2018,78.51
IBM,2019,97.02
IBM,2020,95.89
IBM,2021,111.86
IBM,2022,123.76
IBM,2023,150.8
IBM,2024,210.01
IBM,2025,290.3
IBM,2026,233.87
ICE,2015,44.66
ICE,2016,49.8
ICE,2017,63.05
ICE,2018,68.16
ICE,2019,84.84
ICE,2020,107.03
ICE,2021,128.37
ICE,2022,97.67
ICE,2023,124.16
ICE,2024,145.84
ICE,2025,160.31
ICE,2026,160.17
IDXX,2015,72.92
IDXX,2016,117.27
IDXX,2017,156.38
IDXX,2018,186.02
IDXX,2019,261.13
IDXX,2020,499.87
IDXX,2021,658.46
IDXX,2022,407.96
IDXX,2023,555.05
IDXX,2024,413.44
IDXX,2025,676.53
IDXX,2026,556.69
IEX,2015,66.7
IEX,2016,79.71
IEX,2017,118.39
IEX,2018,114.65
IEX,2019,158.16
IEX,2020,185.39
IEX,2021,222.13
IEX,2022,217.19
IEX,2023,208.94
IEX,2024,204.02
IEX,2025,176.09
IEX,2026,228.64
IFF,2015,92.77
IFF,2016,93.14
IFF,2017,122.91
IFF,2018,110.5
IFF,2019,108.63
IFF,2020,94.14
IFF,2021,133.25
IFF,2022,95.48
IFF,2023,76.88
IFF,2024,81.7
IFF,2025,66.64
IFF,2026,86.33
INCY,2015,108.45
INCY,2016,100.27
INCY,2017,94.71
INCY,2018,63.59
INCY,2019,87.32
INCY,2020,86.98
INCY,2021,73.4
INCY,2022,80.32
INCY,2023,62.79
INCY,2024,69.07
INCY,2025,98.77
INCY,2026,123.22
INTC,2015,27.23
INTC,2016,29.61
INTC,2017,38.75
INTC,2018,40.39
INTC,2019,52.79
INTC,2020,45.04
INTC,2021,47.76
INTC,2022,25.49
INTC,2023,49.59
INTC,2024,20.05
INTC,2025,36.9
INTC,2026,89.51
INTU,2015,88.39
INTU,2016,106.21
INTU,2017,147.86
INTU,2018,186.1
INTU,2019,249.58
INTU,2020,364.7
INTU,2021,620.95
INTU,2022,378.03
INTU,2023,611.5
INTU,2024,618.57
INTU,2025,656.26
INTU,2026,359.3
INVH,2017,18.6
INVH,2018,16.16
INVH,2019,24.61
INVH,2020,24.91
INVH,2021,38.75
INVH,2022,25.95
INVH,2023,31.06
INVH,2024,30.09
INVH,2025,27.18
INVH,2026,29.14
IP,2015,22.39
IP,2016,32.9
IP,2017,37.22
IP,2018,26.9
IP,2019,32.14
IP,2020,36.59
IP,2021,37.87
IP,2022,29.14
IP,2023,32.11
IP,2024,49.88
IP,2025,37.99
IP,2026,37.93
IQV,2015,68.66
IQV,2016,76.05
IQV,2017,97.9
IQV,2018,116.17
IQV,2019,154.51
IQV,2020,179.17
IQV,2021,282.14
IQV,2022,204.89
IQV,2023,231.38
IQV,2024,196.51
IQV,2025,225.41
IQV,2026,261.19
IR,2017,31.38
IR,2018,18.91
IR,2019,36.47
IR,2020,45.3
IR,2021,61.53
IR,2022,52.05
IR,2023,77.14
IR,2024,90.3
IR,2025,79.16
IR,2026,77.05
IRM,2015,15.07
IRM,2016,19.21
IRM,2017,23.74
IRM,2018,21.84
IRM,2019,23.13
IRM,2020,23.35
IRM,2021,43.85
IRM,2022,43.81
IRM,2023,64.2
IRM,2024,99.18
IRM,2025,81.09
IRM,2026,114.46
ISRG,2015,60.68
ISRG,2016,70.46
ISRG,2017,121.65
ISRG,2018,159.64
ISRG,2019,197.05
ISRG,2020,272.7
ISRG,2021,359.3
ISRG,2022,265.35
ISRG,2023,337.36
ISRG,2024,521.96
ISRG,2025,566.36
ISRG,2026,376.86
IT,2015,90.7
IT,2016,101.07
IT,2017,123.15
IT,2018,127.84
IT,2019,154.1
IT,2020,160.19
IT,2021,334.32
IT,2022,336.14
IT,2023,451.11
IT,2024,484.47
IT,2025,252.28
IT,2026,198.11
ITW,2015,72.41
ITW,2016,97.77
ITW,2017,135.83
ITW,2018,105.81
ITW,2019,154.06
ITW,2020,179.37
ITW,2021,221.69
ITW,2022,202.94
ITW,2023,246.7
ITW,2024,244.32
ITW,2025,243.28
ITW,2026,275.37
IVZ,2015,20.76
IVZ,2016,19.54
IVZ,2017,24.37
IVZ,2018,11.68
IVZ,2019,13.43
IVZ,2020,13.84
IVZ,2021,18.76
IVZ,2022,15.25
IVZ,2023,15.89
IVZ,2024,16.37
IVZ,2025,25.69
IVZ,2026,32.78
J,2015,31.86
J,2016,43.29
J,2017,50.64
J,2018,45.28
J,2019,70.19
J,2020,85.88
J,2021,110.45
J,2022,95.96
J,2023,104.62
J,2024,129.97
J,2025,131.38
J,2026,149.05
JBHT,2015,66.4
JBHT,2016,88.82
JBHT,2017,106.23
JBHT,2018,86.68
JBHT,2019,109.88
JBHT,2020,129.78
JBHT,2021,195.5
JBHT,2022,168.28
JBHT,2023,194.51
JBHT,2024,167.77
JBHT,2025,193.27
JBHT,2026,265.47
JBL,2015,21.51
JBL,2016,22.22
JBL,2017,24.92
JBL,2018,23.82
JBL,2019,40.14
JBL,2020,41.7
JBL,2021,69.39
JBL,2022,67.63
JBL,2023,126.75
JBL,2024,143.54
JBL,2025,227.85
JBL,2026,305.26
JCI,2015,23.48
JCI,2016,33.37
JCI,2017,31.67
JCI,2018,25.38
JCI,2019,35.76
JCI,2020,42.09
JCI,2021,74.68
JCI,2022,60.28
JCI,2023,55.68
JCI,2024,77.84
JCI,2025,119.05
JCI,2026,138.24
JKHY,2015,68.43
JKHY,2016,78.85
JKHY,2017,105.15
JKHY,2018,115.01
JKHY,2019,133.92
JKHY,2020,150.49
JKHY,2021,156.99
JKHY,2022,166.78
JKHY,2023,157.34
JKHY,2024,170.95
JKHY,2025,180.35
JKHY,2026,167.3
JNJ,2015,76.64
JNJ,2016,88.39
JNJ,2017,109.98
JNJ,2018,104.33
JNJ,2019,121.26
JNJ,2020,134.38
JNJ,2021,149.75
JNJ,2022,158.7
JNJ,2023,145.08
JNJ,2024,138.1
JNJ,2025,203.67
JNJ,2026,265.85
JPM,2015,49.68
JPM,2016,66.83
JPM,2017,84.72
JPM,2018,79.1
JPM,2019,116.49
JPM,2020,110.04
JPM,2021,140.57
JPM,2022,122.8
JPM,2023,160.41
JPM,2024,231.45
JPM,2025,317.71
JPM,2026,356.02
KDP,2015,11.69
KDP,2016,11.64
KDP,2017,12.78
KDP,2018,21.21
KDP,2019,24.48
KDP,2020,27.67
KDP,2021,32.51
KDP,2022,32.11
KDP,2023,30.75
KDP,2024,30.43
KDP,2025,27.34
KDP,2026,31.86
KEY,2015,8.5
KEY,2016,12.08
KEY,2017,13.62
KEY,2018,10.27
KEY,2019,14.66
KEY,2020,12.53
KEY,2021,18.29
KEY,2022,14.32
KEY,2023,12.67
KEY,2024,15.88
KEY,2025,20.05
KEY,2026,21.41
KEYS,2015,28.33
KEYS,2016,36.57
KEYS,2017,41.6
KEYS,2018,62.08
KEYS,2019,102.63
KEYS,2020,132.09
KEYS,2021,206.51
KEYS,2022,171.07
KEYS,2023,159.09
KEYS,2024,160.63
KEYS,2025,203.19
KEYS,2026,322.7
KHC,2015,44.6
KHC,2016,55.06
KHC,2017,50.45
KHC,2018,29.13
KHC,2019,22.96
KHC,2020,26.12
KHC,2021,28.21
KHC,2022,33.33
KHC,2023,31.65
KHC,2024,27.55
KHC,2025,23.06
KHC,2026,25.27
KKR,2015,12.82
KKR,2016,13.27
KKR,2017,18.82
KKR,2018,18.01
KKR,2019,27.3
KKR,2020,38.53
KKR,2021,71.57
KKR,2022,45.1
KKR,2023,81.41
KKR,2024,146.24
KKR,2025,126.76
KKR,2026,109.72
KLAC,2015,5.78
KLAC,2016,6.77
KLAC,2017,9.26
KLAC,2018,8.1
KLAC,2019,16.52
KLAC,2020,24.44
KLAC,2021,41.07
KLAC,2022,36.47
KLAC,2023,56.92
KLAC,2024,62.25
KLAC,2025,121.06
KLAC,2026,175.45
KMB,2015,87.2
KMB,2016,80.5
KMB,2017,87.78
KMB,2018,85.97
KMB,2019,107.1
KMB,2020,108.11
KMB,2021,118.56
KMB,2022,116.69
KMB,2023,108.43
KMB,2024,121.21
KMB,2025,97.14
KMB,2026,106.67
KMI,2015,8.76
KMI,2016,12.51
KMI,2017,11.18
KMI,2018,9.93
KMI,2019,14.35
KMI,2020,9.93
KMI,2021,12.29
KMI,2022,14.9
KMI,2023,15.52
KMI,2024,25.51
KMI,2025,26.73
KMI,2026,32.24
KO,2015,30.78
KO,2016,30.67
KO,2017,35.08
KO,2018,37.45
KO,2019,45.17
KO,2020,46.28
KO,2021,51.55
KO,2022,57.01
KO,2023,54.49
KO,2024,59.32
KO,2025,68.58
KO,2026,88.14
KR,2015,33.62
KR,2016,28.1
KR,2017,22.77
KR,2018,23.25
KR,2019,25.08
KR,2020,28.07
KR,2021,40.81
KR,2022,40.99
KR,2023,43.03
KR,2024,58.92
KR,2025,61.42
KR,2026,57.54
KVUE,2023,19.21
KVUE,2024,19.81
KVUE,2025,16.67
KVUE,2026,18.88
L,2015,36.58
L,2016,44.89
L,2017,48.21
L,2018,44.09
L,2019,51.1
L,2020,44.11
L,2021,56.85
L,2022,57.65
L,2023,69.06
L,2024,84.32
L,2025,105.13
L,2026,108.29
LDOS,2015,34.74
LDOS,2016,44.1
LDOS,2017,56.95
LDOS,2018,47.43
LDOS,2019,89.56
LDOS,2020,97.58
LDOS,2021,83.72
LDOS,2022,100.51
LDOS,2023,105.03
LDOS,2024,141.29
LDOS,2025,178.74
LDOS,2026,139.76
LEN,2015,41.69
LEN,2016,36.73
LEN,2017,55.19
LEN,2018,34.27
LEN,2019,48.99
LEN,2020,67.59
LEN,2021,104.09
LEN,2022,82.6
LEN,2023,137.88
LEN,2024,127.78
LEN,2025,101.2
LEN,2026,84.11
LH,2015,100.72
LH,2016,104.58
LH,2017,129.94
LH,2018,102.94
LH,2019,137.81
LH,2020,165.82
LH,2021,255.97
LH,2022,193.49
LH,2023,220.24
LH,2024,225.13
LH,2025,249.03
LH,2026,332.66
LHX,2015,70.78
LHX,2016,85.43
LHX,2017,120.28
LHX,2018,116.22
LHX,2019,173.41
LHX,2020,168.64
LHX,2021,193.9
LHX,2022,192.97
LHX,2023,200.05
LHX,2024,203.81
LHX,2025,289.98
LHX,2026,264.98
LII,2015,110.4
LII,2016,136.93
LII,2017,188.18
LII,2018,200.1
LII,2019,225.66
LII,2020,256.79
LII,2021,307.39
LII,2022,230.71
LII,2023,437.31
LII,2024,600.28
LII,2025,483.0
LII,2026,382.64
LIN,2015,85.06
LIN,2016,99.95
LIN,2017,135.07
LIN,2018,139.14
LIN,2019,193.46
LIN,2020,243.53
LIN,2021,324.84
LIN,2022,310.57
LIN,2023,396.47
LIN,2024,409.08
LIN,2025,422.23
LIN,2026,487.97
LITE,2015,22.02
LITE,2016,38.65
LITE,2017,48.9
LITE,2018,42.01
LITE,2019,79.3
LITE,2020,94.8
LITE,2021,105.77
LITE,2022,52.17
LITE,2023,52.42
LITE,2024,83.95
LITE,2025,368.59
LITE,2026,914.76
LLY,2015,70.63
LLY,2016,63.31
LLY,2017,74.6
LLY,2018,104.77
LLY,2019,121.68
LLY,2020,159.46
LLY,2021,264.82
LLY,2022,355.54
LLY,2023,572.09
LLY,2024,762.6
LLY,2025,1069.51
LLY,2026,1156.73
LMT,2015,163.29
LMT,2016,193.29
LMT,2017,254.69
LMT,2018,213.06
LMT,2019,325.01
LMT,2020,303.91
LMT,2021,313.49
LMT,2022,440.37
LMT,2023,421.4
LMT,2024,463.63
LMT,2025,475.07
LMT,2026,557.78
LNT,2015,22.23
LNT,2016,27.89
LNT,2017,32.36
LNT,2018,33.13
LNT,2019,44.2
LNT,2020,42.81
LNT,2021,52.59
LNT,2022,48.68
LNT,2023,46.81
LNT,2024,55.96
LNT,2025,63.52
LNT,2026,67.98
LOW,2015,62.28
LOW,2016,59.24
LOW,2017,78.96
LOW,2018,79.92
LOW,2019,105.69
LOW,2020,144.16
LOW,2021,235.47
LOW,2022,184.88
LOW,2023,210.83
LOW,2024,238.25
LOW,2025,237.47
LOW,2026,204.7
LRCX,2015,6.88
LRCX,2016,9.3
LRCX,2017,16.4
LRCX,2018,12.39
LRCX,2019,27.19
LRCX,2020,44.63
LRCX,2021,68.59
LRCX,2022,40.66
LRCX,2023,76.69
LRCX,2024,71.44
LRCX,2025,170.85
LRCX,2026,301.49
LULU,2015,52.47
LULU,2016,64.99
LULU,2017,78.59
LULU,2018,121.61
LULU,2019,231.67
LULU,2020,348.03
LULU,2021,391.45
LULU,2022,320.38
LULU,2023,511.29
LULU,2024,382.41
LULU,2025,207.81
LULU,2026,120.26
LUV,2015,37.78
LUV,2016,44.12
LUV,2017,58.42
LUV,2018,41.94
LUV,2019,49.37
LUV,2020,42.79
LUV,2021,39.33
LUV,2022,30.91
LUV,2023,27.26
LUV,2024,32.47
LUV,2025,40.78
LUV,2026,38.35
LVS,2015,33.16
LVS,2016,42.65
LVS,2017,58.08
LVS,2018,45.52
LVS,2019,63.52
LVS,2020,55.93
LVS,2021,35.32
LVS,2022,45.11
LVS,2023,46.53
LVS,2024,49.42
LVS,2025,63.97
LVS,2026,43.81
LYB,2015,47.76
LYB,2016,49.14
LYB,2017,65.72
LYB,2018,51.46
LYB,2019,61.45
LYB,2020,63.07
LYB,2021,66.27
LYB,2022,65.62
LYB,2023,79.2
LYB,2024,65.43
LYB,2025,41.91
LYB,2026,65.08
LYV,2015,24.57
LYV,2016,26.6
LYV,2017,42.57
LYV,2018,49.25
LYV,2019,71.47
LYV,2020,73.48
LYV,2021,119.69
LYV,2022,69.74
LYV,2023,93.6
LYV,2024,129.5
LYV,2025,142.5
LYV,2026,179.89
MA,2015,91.23
MA,2016,97.53
MA,2017,144.04
MA,2018,180.51
MA,2019,287.29
MA,2020,345.28
MA,2021,349.29
MA,2022,340.0
MA,2023,419.58
MA,2024,521.01
MA,2025,568.09
MA,2026,589.31
MAA,2015,61.89
MAA,2016,69.07
MAA,2017,73.4
MAA,2018,72.63
MAA,2019,103.5
MAA,2020,102.84
MAA,2021,191.15
MAA,2022,134.28
MAA,2023,119.42
MAA,2024,143.24
MAA,2025,134.13
MAA,2026,128.85
MAR,2015,60.57
MAR,2016,75.94
MAR,2017,126.24
MAR,2018,102.2
MAR,2019,144.6
MAR,2020,126.47
MAR,2021,158.42
MAR,2022,143.62
MAR,2023,219.82
MAR,2024,274.61
MAR,2025,308.4
MAR,2026,341.76
MAS,2015,24.03
MAS,2016,27.19
MAS,2017,38.22
MAS,2018,25.72
MAS,2019,42.77
MAS,2020,49.52
MAS,2021,64.18
MAS,2022,43.58
MAS,2023,63.87
MAS,2024,70.29
MAS,2025,62.61
MAS,2026,72.16
MCD,2015,90.83
MCD,2016,96.47
MCD,2017,139.92
MCD,2018,148.01
MCD,2019,168.69
MCD,2020,187.75
MCD,2021,239.92
MCD,2022,241.14
MCD,2023,277.46
MCD,2024,277.84
MCD,2025,299.75
MCD,2026,261.68
MCHP,2015,18.85
MCHP,2016,26.7
MCHP,2017,37.24
MCHP,2018,31.02
MCHP,2019,45.91
MCHP,2020,61.4
MCHP,2021,78.28
MCHP,2022,64.21
MCHP,2023,84.05
MCHP,2024,54.66
MCHP,2025,62.65
MCHP,2026,73.45
MCK,2015,181.91
MCK,2016,130.42
MCK,2017,146.01
MCK,2018,104.53
MCK,2019,132.47
MCK,2020,168.31
MCK,2021,242.75
MCK,2022,368.55
MCK,2023,457.5
MCK,2024,565.81
MCK,2025,817.83
MCK,2026,884.38
MCO,2015,90.28
MCO,2016,86.16
MCO,2017,136.59
MCO,2018,130.99
MCO,2019,224.33
MCO,2020,276.51
MCO,2021,374.88
MCO,2022,269.91
MCO,2023,381.99
MCO,2024,466.67
MCO,2025,507.46
MCO,2026,504.64
MDLZ,2015,35.09
MDLZ,2016,35.28
MDLZ,2017,34.73
MDLZ,2018,33.24
MDLZ,2019,46.68
MDLZ,2020,50.69
MDLZ,2021,58.74
MDLZ,2022,60.45
MDLZ,2023,67.21
MDLZ,2024,56.93
MDLZ,2025,52.92
MDLZ,2026,62.07
MDT,2015,58.65
MDT,2016,55.46
MDT,2017,64.28
MDT,2018,73.67
MDT,2019,93.81
MDT,2020,99.15
MDT,2021,89.45
MDT,2022,69.28
MDT,2023,75.91
MDT,2024,76.12
MDT,2025,94.43
MDT,2026,90.65
MET,2015,29.93
MET,2016,34.68
MET,2017,37.6
MET,2018,31.67
MET,2019,40.81
MET,2020,39.41
MET,2021,54.16
MET,2022,64.58
MET,2023,61.03
MET,2024,77.92
MET,2025,77.3
MET,2026,95.17
META,2015,103.75
META,2016,114.05
META,2017,174.92
META,2018,129.95
META,2019,203.46
META,2020,270.78
META,2021,333.42
META,2022,119.29
META,2023,350.88
META,2024,582.63
META,2025,658.91
META,2026,572.34
MGM,2015,21.46
MGM,2016,27.23
MGM,2017,31.99
MGM,2018,23.62
MGM,2019,32.99
MGM,2020,31.49
MGM,2021,44.86
MGM,2022,33.53
MGM,2023,44.68
MGM,2024,34.65
MGM,2025,36.49
MGM,2026,41.36
MKC,2015,34.86
MKC,2016,38.72
MKC,2017,43.11
MKC,2018,59.92
MKC,2019,74.1
MKC,2020,84.68
MKC,2021,86.94
MKC,2022,75.94
MKC,2023,64.03
MKC,2024,72.98
MKC,2025,66.9
MKC,2026,54.22
MLM,2015,126.02
MLM,2016,206.26
MLM,2017,207.43
MLM,2018,162.74
MLM,2019,267.19
MLM,2020,274.06
MLM,2021,427.83
MLM,2022,330.57
MLM,2023,491.28
MLM,2024,511.34
MLM,2025,620.0
MLM,2026,517.86
MMM,2015,89.31
MMM,2016,108.71
MMM,2017,146.65
MMM,2018,121.87
MMM,2019,116.64
MMM,2020,119.86
MMM,2021,125.68
MMM,2022,88.44
MMM,2023,85.5
MMM,2024,124.94
MMM,2025,157.87
MMM,2026,171.83
MNST,2015,12.41
MNST,2016,11.09
MNST,2017,15.82
MNST,2018,12.31
MNST,2019,15.89
MNST,2020,23.12
MNST,2021,24.01
MNST,2022,25.38
MNST,2023,28.81
MNST,2024,26.28
MNST,2025,38.33
MNST,2026,45.92
MO,2015,28.48
MO,2016,34.3
MO,2017,37.54
MO,2018,27.35
MO,2019,29.5
MO,2020,26.49
MO,2021,32.89
MO,2022,34.33
MO,2023,33.06
MO,2024,46.54
MO,2025,55.0
MO,2026,67.4
MOS,2015,22.14
MOS,2016,24.51
MOS,2017,21.96
MOS,2018,25.09
MOS,2019,18.75
MOS,2020,20.17
MOS,2021,34.72
MOS,2022,39.17
MOS,2023,32.73
MOS,2024,23.19
MOS,2025,23.45
MOS,2026,23.92
MPC,2015,37.39
MPC,2016,37.66
MPC,2017,50.76
MPC,2018,46.58
MPC,2019,49.4
MPC,2020,35.87
MPC,2021,57.75
MPC,2022,107.78
MPC,2023,140.61
MPC,2024,134.9
MPC,2025,160.76
MPC,2026,373.32
MPWR,2015,58.33
MPWR,2016,75.87
MPWR,2017,104.87
MPWR,2018,109.58
MPWR,2019,169.63
MPWR,2020,351.96
MPWR,2021,476.86
MPWR,2022,344.39
MPWR,2023,619.13
MPWR,2024,584.77
MPWR,2025,903.17
MPWR,2026,1267.77
MRK,2015,36.25
MRK,2016,41.71
MRK,2017,41.09
MRK,2018,57.51
MRK,2019,70.32
MRK,2020,65.25
MRK,2021,66.39
MRK,2022,99.21
MRK,2023,100.21
MRK,2024,93.94
MRK,2025,103.13
MRK,2026,146.89
MRNA,2018,15.27
MRNA,2019,19.56
MRNA,2020,104.47
MRNA,2021,253.98
MRNA,2022,179.62
MRNA,2023,99.45
MRNA,2024,41.58
MRNA,2025,29.49
MRNA,2026,140.34
MRSH,2015,46.08
MRSH,2016,57.39
MRSH,2017,70.43
MRSH,2018,70.33
MRSH,2019,100.1
MRSH,2020,106.96
MRSH,2021,161.33
MRSH,2022,155.76
MRSH,2023,180.92
MRSH,2024,205.78
MRSH,2025,182.61
MRSH,2026,189.8
MRVL,2015,8.1
MRVL,2016,13.01
MRVL,2017,20.41
MRVL,2018,15.58
MRVL,2019,25.83
MRVL,2020,46.56
MRVL,2021,85.96
MRVL,2022,36.55
MRVL,2023,59.82
MRVL,2024,109.94
MRVL,2025,84.86
MRVL,2026,211.66
MS,2015,23.58
MS,2016,32.08
MS,2017,40.62
MS,2018,31.37
MS,2019,41.62
MS,2020,57.48
MS,2021,84.29
MS,2022,75.58
MS,2023,86.1
MS,2024,120.31
MS,2025,174.65
MS,2026,213.32
MSCI,2015,63.98
MSCI,2016,70.78
MSCI,2017,115.11
MSCI,2018,135.77
MSCI,2019,240.57
MSCI,2020,419.53
MSCI,2021,579.53
MSCI,2022,444.29
MSCI,2023,546.04
MSCI,2024,585.94
MSCI,2025,567.39
MSCI,2026,570.64
MSFT,2015,48.27
MSFT,2016,55.55
MSFT,2017,78.18
MSFT,2018,94.43
MSFT,2019,148.79
MSFT,2020,212.08
MSFT,2021,323.37
MSFT,2022,232.74
MSFT,2023,368.18
MSFT,2024,415.78
MSFT,2025,480.57
MSFT,2026,507.29
MSI,2015,58.09
MSI,2016,71.97
MSI,2017,80.2
MSI,2018,103.97
MSI,2019,147.84
MSI,2020,158.72
MSI,2021,256.97
MSI,2022,247.17
MSI,2023,304.11
MSI,2024,453.49
MSI,2025,380.18
MSI,2026,484.05
MTB,2015,89.41
MTB,2016,118.17
MTB,2017,131.58
MTB,2018,112.39
MTB,2019,136.73
MTB,2020,106.43
MTB,2021,132.27
MTB,2022,128.38
MTB,2023,126.22
MTB,2024,178.8
MTB,2025,197.42
MTB,2026,232.44
MTD,2015,339.13
MTD,2016,418.56
MTD,2017,619.52
MTD,2018,565.58
MTD,2019,793.28
MTD,2020,1139.68
MTD,2021,1697.21
MTD,2022,1445.45
MTD,2023,1212.96
MTD,2024,1223.68
MTD,2025,1394.19
MTD,2026,1405.14
MU,2015,13.81
MU,2016,21.38
MU,2017,40.1
MU,2018,30.94
MU,2019,52.44
MU,2020,73.31
MU,2021,91.06
MU,2022,49.24
MU,2023,84.65
MU,2024,83.84
MU,2025,285.25
MU,2026,958.73
NCLH,2015,58.6
NCLH,2016,42.53
NCLH,2017,53.25
NCLH,2018,42.39
NCLH,2019,58.41
NCLH,2020,25.43
NCLH,2021,20.74
NCLH,2022,12.24
NCLH,2023,20.04
NCLH,2024,25.73
NCLH,2025,22.32
NCLH,2026,16.14
NDAQ,2015,16.34
NDAQ,2016,19.2
NDAQ,2017,22.42
NDAQ,2018,24.26
NDAQ,2019,32.48
NDAQ,2020,40.92
NDAQ,2021,65.53
NDAQ,2022,58.19
NDAQ,2023,56.06
NDAQ,2024,75.6
NDAQ,2025,96.15
NDAQ,2026,98.28
NDSN,2015,57.17
NDSN,2016,101.07
NDSN,2017,133.25
NDSN,2018,109.73
NDSN,2019,151.3
NDSN,2020,188.3
NDSN,2021,241.19
NDSN,2022,226.9
NDSN,2023,255.0
NDSN,2024,203.63
NDSN,2025,238.3
NDSN,2026,320.76
NEE,2015,19.68
NEE,2016,23.3
NEE,2017,31.32
NEE,2018,35.8
NEE,2019,51.08
NEE,2020,66.44
NEE,2021,81.98
NEE,2022,74.98
NEE,2023,56.01
NEE,2024,68.04
NEE,2025,78.57
NEE,2026,82.34
NEM,2015,14.03
NEM,2016,26.66
NEM,2017,29.57
NEM,2018,27.75
NEM,2019,36.22
NEM,2020,50.82
NEM,2021,54.58
NEM,2022,43.24
NEM,2023,39.45
NEM,2024,36.36
NEM,2025,99.21
NEM,2026,125.8
NFLX,2015,11.44
NFLX,2016,12.38
NFLX,2017,19.2
NFLX,2018,26.77
NFLX,2019,32.36
NFLX,2020,54.07
NFLX,2021,60.24
NFLX,2022,29.49
NFLX,2023,48.69
NFLX,2024,89.13
NFLX,2025,93.76
NFLX,2026,81.05
NI,2015,13.9
NI,2016,16.22
NI,2017,19.35
NI,2018,19.73
NI,2019,22.3
NI,2020,18.98
NI,2021,23.68
NI,2022,24.31
NI,2023,24.43
NI,2024,35.05
NI,2025,40.94
NI,2026,40.92
NKE,2015,53.59
NKE,2016,44.11
NKE,2017,55.0
NKE,2018,65.93
NKE,2019,91.05
NKE,2020,128.35
NKE,2021,152.35
NKE,2022,108.11
NKE,2023,101.6
NKE,2024,72.03
NKE,2025,62.07
NKE,2026,38.65
NOC,2015,158.77
NOC,2016,198.78
NOC,2017,266.13
NOC,2018,215.69
NOC,2019,307.77
NOC,2020,277.24
NOC,2021,358.45
NOC,2022,512.66
NOC,2023,447.08
NOC,2024,455.72
NOC,2025,563.34
NOC,2026,539.7
NOW,2015,17.31
NOW,2016,14.87
NOW,2017,26.08
NOW,2018,35.61
NOW,2019,56.46
NOW,2020,110.09
NOW,2021,129.82
NOW,2022,77.65
NOW,2023,141.3
NOW,2024,212.02
NOW,2025,153.19
NOW,2026,147.99
NRG,2015,9.39
NRG,2016,9.99
NRG,2017,23.36
NRG,2018,32.6
NRG,2019,32.83
NRG,2020,32.12
NRG,2021,38.08
NRG,2022,29.14
NRG,2023,49.36
NRG,2024,88.15
NRG,2025,157.7
NRG,2026,110.12
NSC,2015,67.62
NSC,2016,88.9
NSC,2017,121.66
NSC,2018,128.02
NSC,2019,169.48
NSC,2020,211.45
NSC,2021,269.09
NSC,2022,227.14
NSC,2023,223.43
NSC,2024,226.89
NSC,2025,285.08
NSC,2026,342.79
NTAP,2015,20.3
NTAP,2016,27.72
NTAP,2017,44.33
NTAP,2018,48.62
NTAP,2019,52.23
NTAP,2020,57.95
NTAP,2021,82.55
NTAP,2022,55.38
NTAP,2023,83.71
NTAP,2024,112.3
NTAP,2025,105.71
NTAP,2026,185.29
NTRS,2015,54.15
NTRS,2016,68.29
NTRS,2017,77.98
NTRS,2018,66.53
NTRS,2019,86.88
NTRS,2020,78.8
NTRS,2021,103.75
NTRS,2022,79.04
NTRS,2023,78.23
NTRS,2024,98.28
NTRS,2025,134.57
NTRS,2026,184.69
NUE,2015,31.91
NUE,2016,48.57
NUE,2017,53.23
NUE,2018,44.52
NUE,2019,49.79
NUE,2020,48.92
NUE,2021,106.86
NUE,2022,125.44
NUE,2023,167.78
NUE,2024,114.17
NUE,2025,162.16
NUE,2026,249.64
NVDA,2015,0.8
NVDA,2016,2.62
NVDA,2017,4.77
NVDA,2018,3.3
NVDA,2019,5.84
NVDA,2020,12.99
NVDA,2021,29.29
NVDA,2022,14.57
NVDA,2023,49.38
NVDA,2024,133.94
NVDA,2025,186.06
NVDA,2026,220.53
NVR,2015,1643.0
NVR,2016,1669.0
NVR,2017,3508.22
NVR,2018,2436.99
NVR,2019,3808.41
NVR,2020,4079.86
NVR,2021,5908.87
NVR,2022,4612.58
NVR,2023,7000.45
NVR,2024,8178.9
NVR,2025,7292.77
NVR,2026,6315.23
NWS,2015,12.31
NWS,2016,10.57
NWS,2017,15.1
NWS,2018,10.65
NWS,2019,13.58
NWS,2020,16.9
NWS,2021,21.58
NWS,2022,17.87
NWS,2023,25.2
NWS,2024,30.04
NWS,2025,29.43
NWS,2026,34.31
NWSA,2015,11.73
NWSA,2016,10.23
NWSA,2017,14.7
NWSA,2018,10.44
NWSA,2019,13.2
NWSA,2020,17.05
NWSA,2021,21.35
NWSA,2022,17.6
NWSA,2023,24.01
NWSA,2024,27.14
NWSA,2025,25.92
NWSA,2026,30.61
NXPI,2015,73.9
NXPI,2016,85.97
NXPI,2017,102.7
NXPI,2018,64.65
NXPI,2019,113.61
NXPI,2020,143.83
NXPI,2021,208.31
NXPI,2022,147.45
NXPI,2023,218.81
NXPI,2024,201.37
NXPI,2025,214.25
NXPI,2026,223.63
O,2015,30.31
O,2016,35.09
O,2017,36.38
O,2018,42.19
O,2019,51.16
O,2020,45.23
O,2021,56.07
O,2022,51.93
O,2023,49.57
O,2024,48.53
O,2025,54.46
O,2026,61.28
ODFL,2015,18.85
ODFL,2016,27.38
ODFL,2017,42.15
ODFL,2018,39.71
ODFL,2019,61.29
ODFL,2020,94.89
ODFL,2021,174.74
ODFL,2022,138.95
ODFL,2023,199.33
ODFL,2024,174.4
ODFL,2025,156.14
ODFL,2026,199.65
OMC,2015,52.78
OMC,2016,60.92
OMC,2017,53.66
OMC,2018,55.77
OMC,2019,63.78
OMC,2020,51.29
OMC,2021,62.52
OMC,2022,72.34
OMC,2023,79.26
OMC,2024,81.24
OMC,2025,79.11
OMC,2026,87.53
ON,2015,9.8
ON,2016,12.76
ON,2017,20.94
ON,2018,16.51
ON,2019,24.38
ON,2020,32.73
ON,2021,67.92
ON,2022,62.37
ON,2023,83.53
ON,2024,63.05
ON,2025,54.15
ON,2026,74.09
ORCL,2015,31.1
ORCL,2016,33.25
ORCL,2017,41.54
ORCL,2018,40.3
ORCL,2019,48.1
ORCL,2020,59.76
ORCL,2021,81.81
ORCL,2022,78.01
ORCL,2023,102.15
ORCL,2024,163.42
ORCL,2025,193.05
ORCL,2026,149.12
ORLY,2015,16.89
ORLY,2016,18.56
ORLY,2017,16.04
ORLY,2018,22.96
ORLY,2019,29.22
ORLY,2020,30.17
ORLY,2021,47.08
ORLY,2022,56.27
ORLY,2023,63.34
ORLY,2024,79.05
ORLY,2025,91.21
ORLY,2026,88.8
OTIS,2020,61.62
OTIS,2021,80.36
OTIS,2022,73.32
OTIS,2023,85.08
OTIS,2024,89.48
OTIS,2025,85.91
OTIS,2026,71.13
OXY,2015,49.86
OXY,2016,54.83
OXY,2017,59.48
OXY,2018,51.72
OXY,2019,37.09
OXY,2020,16.09
OXY,2021,26.98
OXY,2022,59.11
OXY,2023,56.7
OXY,2024,47.68
OXY,2025,40.55
OXY,2026,59.91
PANW,2015,29.36
PANW,2016,20.84
PANW,2017,24.16
PANW,2018,31.39
PANW,2019,38.54
PANW,2020,59.23
PANW,2021,92.79
PANW,2022,69.77
PANW,2023,147.44
PANW,2024,181.96
PANW,2025,184.2
PANW,2026,382.13
PAYX,2015,37.81
PAYX,2016,44.99
PAYX,2017,51.92
PAYX,2018,51.36
PAYX,2019,69.1
PAYX,2020,78.25
PAYX,2021,117.51
PAYX,2022,102.05
PAYX,2023,108.39
PAYX,2024,131.48
PAYX,2025,108.49
PAYX,2026,127.34
PCAR,2015,21.72
PCAR,2016,30.05
PCAR,2017,34.5
PCAR,2018,29.22
PCAR,2019,42.38
PCAR,2020,47.36
PCAR,2021,50.02
PCAR,2022,58.52
PCAR,2023,90.72
PCAR,2024,100.52
PCAR,2025,108.6
PCAR,2026,124.13
PCG,2015,49.5
PCG,2016,58.37
PCG,2017,44.06
PCG,2018,23.34
PCG,2019,10.68
PCG,2020,12.25
PCG,2021,11.93
PCG,2022,15.98
PCG,2023,17.73
PCG,2024,19.9
PCG,2025,15.98
PCG,2026,13.27
PEG,2015,26.7
PEG,2016,31.45
PEG,2017,38.3
PEG,2018,40.09
PEG,2019,46.94
PEG,2020,48.05
PEG,2021,56.87
PEG,2022,53.97
PEG,2023,55.93
PEG,2024,79.77
PEG,2025,78.26
PEG,2026,72.67
PEP,2015,71.73
PEP,2016,77.33
PEP,2017,91.1
PEP,2018,86.72
PEP,2019,110.46
PEP,2020,123.35
PEP,2021,148.71
PEP,2022,158.8
PEP,2023,153.57
PEP,2024,141.9
PEP,2025,139.28
PEP,2026,138.86
PFE,2015,18.92
PFE,2016,19.76
PFE,2017,22.9
PFE,2018,28.59
PFE,2019,26.61
PFE,2020,27.43
PFE,2021,45.72
PFE,2022,40.96
PFE,2023,24.06
PFE,2024,23.53
PFE,2025,23.68
PFE,2026,28.46
PFG,2015,30.24
PFG,2016,40.25
PFG,2017,50.53
PFG,2018,32.86
PFG,2019,42.63
PFG,2020,40.41
PFG,2021,61.17
PFG,2022,73.46
PFG,2023,71.38
PFG,2024,72.72
PFG,2025,86.08
PFG,2026,109.33
PG,2015,59.0
PG,2016,64.53
PG,2017,72.72
PG,2018,75.31
PG,2019,105.21
PG,2020,120.1
PG,2021,144.75
PG,2022,137.45
PG,2023,136.27
PG,2024,159.78
PG,2025,140.19
PG,2026,145.12
PGR,2015,23.41
PGR,2016,26.9
PGR,2017,43.46
PGR,2018,47.54
PGR,2019,59.49
PGR,2020,84.17
PGR,2021,93.29
PGR,2022,118.3
PGR,2023,145.7
PGR,2024,220.58
PGR,2025,213.91
PGR,2026,218.08
PH,2015,82.13
PH,2016,121.21
PH,2017,175.65
PH,2018,133.5
PH,2019,187.9
PH,2020,253.26
PH,2021,299.62
PH,2022,278.91
PH,2023,448.52
PH,2024,626.04
PH,2025,873.59
PH,2026,979.44
PHM,2015,15.68
PHM,2016,16.48
PHM,2017,30.23
PHM,2018,23.96
PHM,2019,36.25
PHM,2020,40.8
PHM,2021,54.69
PHM,2022,44.17
PHM,2023,101.05
PHM,2024,107.34
PHM,2025,116.51
PHM,2026,126.04
PKG,2015,46.01
PKG,2016,63.99
PKG,2017,93.11
PKG,2018,66.25
PKG,2019,91.65
PKG,2020,116.58
PKG,2021,118.39
PKG,2022,115.29
PKG,2023,152.06
PKG,2024,215.47
PKG,2025,202.37
PKG,2026,232.44
PLD,2015,31.48
PLD,2016,40.09
PLD,2017,50.49
PLD,2018,47.33
PLD,2019,73.78
PLD,2020,84.65
PLD,2021,145.88
PLD,2022,100.18
PLD,2023,121.8
PLD,2024,99.73
PLD,2025,124.74
PLD,2026,138.82
PLTR,2020,23.55
PLTR,2021,18.21
PLTR,2022,6.42
PLTR,2023,17.17
PLTR,2024,75.63
PLTR,2025,177.75
PLTR,2026,186.38
PM,2015,52.59
PM,2016,57.09
PM,2017,68.42
PM,2018,45.64
PM,2019,61.62
PM,2020,63.89
PM,2021,77.17
PM,2022,86.67
PM,2023,85.06
PM,2024,114.27
PM,2025,157.67
PM,2026,187.3
PNC,2015,67.43
PNC,2016,84.84
PNC,2017,106.85
PNC,2018,88.71
PNC,2019,125.0
PNC,2020,121.53
PNC,2021,167.94
PNC,2022,136.71
PNC,2023,140.42
PNC,2024,181.69
PNC,2025,203.94
PNC,2026,239.63
PNR,2015,27.88
PNR,2016,32.34
PNR,2017,41.61
PNR,2018,33.76
PNR,2019,41.75
PNR,2020,49.22
PNR,2021,68.54
PNR,2022,42.92
PNR,2023,70.46
PNR,2024,98.65
PNR,2025,103.11
PNR,2026,60.46
PNW,2015,42.29
PNW,2016,53.02
PNW,2017,59.74
PNW,2018,61.88
PNW,2019,67.48
PNW,2020,62.3
PNW,2021,57.46
PNW,2022,64.93
PNW,2023,64.16
PNW,2024,79.21
PNW,2025,86.28
PNW,2026,97.64
PODD,2015,37.81
PODD,2016,37.68
PODD,2017,69.0
PODD,2018,79.32
PODD,2019,171.2
PODD,2020,255.63
PODD,2021,266.07
PODD,2022,294.39
PODD,2023,216.98
PODD,2024,261.07
PODD,2025,284.24
PODD,2026,148.66
PPG,2015,80.85
PPG,2016,78.75
PPG,2017,98.62
PPG,2018,87.77
PPG,2019,116.57
PPG,2020,128.31
PPG,2021,155.62
PPG,2022,115.61
PPG,2023,140.11
PPG,2024,114.25
PPG,2025,100.59
PPG,2026,112.17
PPL,2015,21.39
PPL,2016,22.27
PPL,2017,21.12
PPL,2018,20.48
PPL,2019,27.33
PPL,2020,22.72
PPL,2021,25.64
PPL,2022,25.73
PPL,2023,24.76
PPL,2024,30.7
PPL,2025,34.2
PPL,2026,33.85
PRU,2015,50.08
PRU,2016,66.35
PRU,2017,75.41
PRU,2018,55.46
PRU,2019,66.61
PRU,2020,59.02
PRU,2021,85.76
PRU,2022,82.45
PRU,2023,90.76
PRU,2024,108.42
PRU,2025,108.62
PRU,2026,117.6
PSA,2015,161.89
PSA,2016,150.76
PSA,2017,146.4
PSA,2018,147.31
PSA,2019,160.51
PSA,2020,180.88
PSA,2021,301.4
PSA,2022,240.52
PSA,2023,273.24
PSA,2024,278.96
PSA,2025,251.94
PSA,2026,303.87
PSKY,2015,37.55
PSKY,2016,51.31
PSKY,2017,48.15
PSKY,2018,36.17
PSKY,2019,35.33
PSKY,2020,32.65
PSKY,2021,27.04
PSKY,2022,15.74
PSKY,2023,14.1
PSKY,2024,10.16
PSKY,2025,13.21
PSKY,2026,10.86
PSX,2015,55.0
PSX,2016,59.93
PSX,2017,72.49
PSX,2018,63.58
PSX,2019,85.19
PSX,2020,56.35
PSX,2021,61.14
PSX,2022,91.46
PSX,2023,121.71
PSX,2024,107.56
PSX,2025,126.39
PSX,2026,246.58
PTC,2015,34.63
PTC,2016,46.27
PTC,2017,60.77
PTC,2018,82.9
PTC,2019,74.89
PTC,2020,119.61
PTC,2021,121.15
PTC,2022,120.04
PTC,2023,174.96
PTC,2024,183.87
PTC,2025,174.21
PTC,2026,155.74
PWR,2015,19.86
PWR,2016,34.17
PWR,2017,38.35
PWR,2018,29.55
PWR,2019,40.15
PWR,2020,71.36
PWR,2021,113.82
PWR,2022,141.85
PWR,2023,215.19
PWR,2024,315.48
PWR,2025,421.8
PWR,2026,607.09
PYPL,2015,35.8
PYPL,2016,39.03
PYPL,2017,72.81
PYPL,2018,83.16
PYPL,2019,106.98
PYPL,2020,231.62
PYPL,2021,186.5
PYPL,2022,70.43
PYPL,2023,60.73
PYPL,2024,84.41
PYPL,2025,57.87
PYPL,2026,52.54
Q,2025,81.5
Q,2026,119.43
QCOM,2015,37.14
QCOM,2016,50.17
QCOM,2017,51.19
QCOM,2018,47.31
QCOM,2019,76.05
QCOM,2020,134.68
QCOM,2021,164.65
QCOM,2022,101.12
QCOM,2023,136.59
QCOM,2024,147.94
QCOM,2025,168.42
QCOM,2026,169.56
RCL,2015,88.62
RCL,2016,73.47
RCL,2017,108.89
RCL,2018,91.32
RCL,2019,127.8
RCL,2020,72.21
RCL,2021,74.34
RCL,2022,47.79
RCL,2023,125.18
RCL,2024,224.06
RCL,2025,274.38
RCL,2026,267.15
RDDT,2024,163.44
RDDT,2025,229.87
RDDT,2026,147.81
REG,2015,45.04
REG,2016,46.84
REG,2017,48.53
REG,2018,42.71
REG,2019,47.59
REG,2020,36.23
REG,2021,62.1
REG,2022,53.66
REG,2023,60.02
REG,2024,68.96
REG,2025,67.04
REG,2026,74.02
REGN,2015,537.79
REGN,2016,363.66
REGN,2017,372.45
REGN,2018,370.01
REGN,2019,371.97
REGN,2020,478.59
REGN,2021,625.62
REGN,2022,714.75
REGN,2023,870.08
REGN,2024,705.67
REGN,2025,768.9
REGN,2026,799.08
RF,2015,6.52
RF,2016,10.0
RF,2017,12.3
RF,2018,9.77
RF,2019,13.02
RF,2020,12.81
RF,2021,17.86
RF,2022,18.28
RF,2023,17.24
RF,2024,21.89
RF,2025,26.32
RF,2026,29.58
RJF,2015,33.1
RJF,2016,40.15
RJF,2017,52.19
RJF,2018,44.02
RJF,2019,54.06
RJF,2020,58.76
RJF,2021,93.71
RJF,2022,101.5
RJF,2023,107.72
RJF,2024,151.7
RJF,2025,158.89
RJF,2026,178.17
RL,2015,90.75
RL,2016,75.13
RL,2017,88.31
RL,2018,89.91
RL,2019,104.36
RL,2020,93.27
RL,2021,108.8
RL,2022,99.66
RL,2023,139.34
RL,2024,226.92
RL,2025,351.78
RL,2026,346.9
RMD,2015,47.34
RMD,2016,55.86
RMD,2017,77.68
RMD,2018,105.94
RMD,2019,146.04
RMD,2020,202.02
RMD,2021,249.31
RMD,2022,200.77
RMD,2023,167.55
RMD,2024,224.83
RMD,2025,238.92
RMD,2026,240.1
ROK,2015,83.73
ROK,2016,112.58
ROK,2017,167.6
ROK,2018,131.09
ROK,2019,180.7
ROK,2020,228.0
ROK,2021,321.96
ROK,2022,242.19
ROK,2023,297.01
ROK,2024,278.5
ROK,2025,385.34
ROK,2026,424.43
ROL,2015,10.02
ROL,2016,13.3
ROL,2017,18.56
ROL,2018,21.85
ROL,2019,20.33
ROL,2020,36.28
ROL,2021,32.13
ROL,2022,34.74
ROL,2023,42.1
ROL,2024,45.28
ROL,2025,59.35
ROL,2026,36.07
ROP,2015,177.63
ROP,2016,172.51
ROP,2017,245.64
ROP,2018,254.27
ROP,2019,339.87
ROP,2020,415.96
ROP,2021,477.07
ROP,2022,421.53
ROP,2023,535.02
ROP,2024,513.01
ROP,2025,441.98
ROP,2026,424.64
ROST,2015,48.48
ROST,2016,59.64
ROST,2017,73.67
ROST,2018,77.19
ROST,2019,109.11
ROST,2020,115.45
ROST,2021,108.48
ROST,2022,111.67
ROST,2023,134.72
ROST,2024,148.71
ROST,2025,179.06
ROST,2026,228.1
RSG,2015,36.97
RSG,2016,49.12
RSG,2017,59.41
RSG,2018,64.67
RSG,2019,81.89
RSG,2020,89.7
RSG,2021,131.88
RSG,2022,123.75
RSG,2023,160.43
RSG,2024,197.37
RSG,2025,210.09
RSG,2026,220.92
RTX,2015,47.18
RTX,2016,55.27
RTX,2017,65.84
RTX,2018,56.19
RTX,2019,80.82
RTX,2020,63.08
RTX,2021,77.75
RTX,2022,93.31
RTX,2023,79.84
RTX,2024,112.38
RTX,2025,181.43
RTX,2026,207.73
RVTY,2015,51.84
RVTY,2016,50.74
RVTY,2017,71.47
RVTY,2018,77.04
RVTY,2019,95.54
RVTY,2020,141.59
RVTY,2021,198.75
RVTY,2022,138.87
RVTY,2023,108.5
RVTY,2024,111.07
RVTY,2025,96.56
RVTY,2026,128.67
SBAC,2015,95.16
SBAC,2016,93.52
SBAC,2017,147.95
SBAC,2018,146.62
SBAC,2019,218.9
SBAC,2020,257.88
SBAC,2021,358.34
SBAC,2022,260.51
SBAC,2023,239.27
SBAC,2024,195.78
SBAC,2025,189.66
SBAC,2026,189.66
SBUX,2015,47.9
SBUX,2016,44.96
SBUX,2017,47.37
SBUX,2018,54.35
SBUX,2019,75.6
SBUX,2020,93.88
SBUX,2021,104.35
SBUX,2022,90.6
SBUX,2023,89.52
SBUX,2024,87.3
SBUX,2025,82.71
SBUX,2026,106.25
SCHW,2015,28.76
SCHW,2016,34.8
SCHW,2017,45.64
SCHW,2018,37.23
SCHW,2019,43.32
SCHW,2020,49.2
SCHW,2021,78.84
SCHW,2022,78.92
SCHW,2023,66.32
SCHW,2024,72.4
SCHW,2025,98.93
SCHW,2026,109.82
SHW,2015,78.27
SHW,2016,82.02
SHW,2017,126.4
SHW,2018,122.32
SHW,2019,183.11
SHW,2020,232.65
SHW,2021,337.1
SHW,2022,229.35
SHW,2023,304.41
SHW,2024,334.54
SHW,2025,321.74
SHW,2026,338.81
SJM,2015,88.45
SJM,2016,93.79
SJM,2017,93.33
SJM,2018,72.26
SJM,2019,83.02
SJM,2020,95.06
SJM,2021,115.07
SJM,2022,138.15
SJM,2023,113.56
SJM,2024,102.65
SJM,2025,94.89
SJM,2026,131.16
SLB,2015,51.63
SLB,2016,63.78
SLB,2017,52.7
SLB,2018,29.17
SLB,2019,34.34
SLB,2020,19.29
SLB,2021,26.93
SLB,2022,48.79
SLB,2023,48.41
SLB,2024,36.56
SLB,2025,37.76
SLB,2026,59.79
SMCI,2015,2.45
SMCI,2016,2.81
SMCI,2017,2.09
SMCI,2018,1.38
SMCI,2019,2.4
SMCI,2020,3.17
SMCI,2021,4.39
SMCI,2022,8.21
SMCI,2023,28.43
SMCI,2024,30.48
SMCI,2025,29.27
SMCI,2026,37.28
SNA,2015,132.49
SNA,2016,134.51
SNA,2017,139.41
SNA,2018,118.69
SNA,2019,141.88
SNA,2020,147.59
SNA,2021,190.15
SNA,2022,207.09
SNA,2023,268.61
SNA,2024,324.14
SNA,2025,338.0
SNA,2026,386.31
SNDK,2025,237.38
SNDK,2026,1566.7
SNPS,2015,45.61
SNPS,2016,58.86
SNPS,2017,85.24
SNPS,2018,84.24
SNPS,2019,139.2
SNPS,2020,259.24
SNPS,2021,368.5
SNPS,2022,319.29
SNPS,2023,514.91
SNPS,2024,485.36
SNPS,2025,469.72
SNPS,2026,439.59
SO,2015,30.01
SO,2016,32.99
SO,2017,33.79
SO,2018,32.52
SO,2019,49.31
SO,2020,49.62
SO,2021,57.73
SO,2022,62.49
SO,2023,63.87
SO,2024,77.74
SO,2025,85.11
SO,2026,88.0
SOLV,2024,66.06
SOLV,2025,79.24
SOLV,2026,91.06
SPG,2015,112.94
SPG,2016,106.73
SPG,2017,107.78
SPG,2018,110.53
SPG,2019,103.08
SPG,2020,63.25
SPG,2021,123.78
SPG,2022,96.67
SPG,2023,124.94
SPG,2024,158.57
SPG,2025,179.09
SPG,2026,210.07
SPGI,2015,84.24
SPGI,2016,93.13
SPGI,2017,148.38
SPGI,2018,150.41
SPGI,2019,244.07
SPGI,2020,296.29
SPGI,2021,428.69
SPGI,2022,307.01
SPGI,2023,407.69
SPGI,2024,464.5
SPGI,2025,491.01
SPGI,2026,435.84
SRE,2015,33.86
SRE,2016,37.3
SRE,2017,40.81
SRE,2018,42.64
SRE,2019,61.41
SRE,2020,53.56
SRE,2021,57.52
SRE,2022,69.2
SRE,2023,69.16
SRE,2024,83.75
SRE,2025,87.06
SRE,2026,81.7
STE,2015,67.2
STE,2016,61.06
STE,2017,80.43
STE,2018,99.45
STE,2019,143.3
STE,2020,179.84
STE,2021,232.85
STE,2022,178.29
STE,2023,214.29
STE,2024,202.28
STE,2025,251.36
STE,2026,231.93
STLD,2015,14.48
STLD,2016,29.46
STLD,2017,36.33
STLD,2018,25.79
STLD,2019,30.11
STLD,2020,33.87
STLD,2021,58.05
STLD,2022,92.96
STLD,2023,114.12
STLD,2024,111.84
STLD,2025,168.54
STLD,2026,232.62
STT,2015,49.25
STT,2016,59.01
STT,2017,75.43
STT,2018,49.81
STT,2019,64.43
STT,2020,61.36
STT,2021,80.4
STT,2022,69.34
STT,2023,71.8
STT,2024,93.47
STT,2025,126.69
STT,2026,191.38
STX,2015,22.96
STX,2016,26.04
STX,2017,30.38
STX,2018,29.5
STX,2019,47.83
STX,2020,52.68
STX,2021,98.78
STX,2022,47.99
STX,2023,81.16
STX,2024,84.46
STX,2025,274.71
STX,2026,828.38
STZ,2015,120.31
STZ,2016,130.74
STZ,2017,197.01
STZ,2018,140.42
STZ,2019,168.28
STZ,2020,197.58
STZ,2021,229.43
STZ,2022,214.68
STZ,2023,227.2
STZ,2024,211.05
STZ,2025,135.09
STZ,2026,130.62
SW,2015,17.72
SW,2016,16.21
SW,2017,24.38
SW,2018,19.37
SW,2019,29.12
SW,2020,38.38
SW,2021,45.04
SW,2022,32.42
SW,2023,36.99
SW,2024,50.91
SW,2025,37.56
SW,2026,46.9
SWK,2015,79.96
SWK,2016,87.67
SWK,2017,131.94
SWK,2018,94.82
SWK,2019,133.86
SWK,2020,146.88
SWK,2021,157.58
SWK,2022,64.73
SWK,2023,87.74
SWK,2024,74.42
SWK,2025,72.06
SWK,2026,95.54
SWKS,2015,61.1
SWKS,2016,60.36
SWKS,2017,77.68
SWKS,2018,55.69
SWKS,2019,102.53
SWKS,2020,131.61
SWKS,2021,135.2
SWKS,2022,81.19
SWKS,2023,102.74
SWKS,2024,83.36
SWKS,2025,62.12
SWKS,2026,67.01
SYF,2015,23.97
SYF,2016,28.85
SYF,2017,31.26
SYF,2018,19.43
SYF,2019,30.6
SYF,2020,30.58
SYF,2021,41.7
SYF,2022,30.27
SYF,2023,36.25
SYF,2024,63.08
SYF,2025,82.4
SYF,2026,77.08
SYK,2015,82.64
SYK,2016,108.0
SYK,2017,141.31
SYK,2018,144.75
SYK,2019,195.89
SYK,2020,231.47
SYK,2021,255.14
SYK,2022,236.21
SYK,2023,292.43
SYK,2024,354.84
SYK,2025,349.59
SYK,2026,323.8
SYY,2015,31.03
SYY,2016,43.06
SYY,2017,48.43
SYY,2018,51.08
SYY,2019,71.33
SYY,2020,63.92
SYY,2021,69.21
SYY,2022,68.99
SYY,2023,67.81
SYY,2024,72.84
SYY,2025,72.12
SYY,2026,81.08
T,2015,12.31
T,2016,16.25
T,2017,15.85
T,2018,12.56
T,2019,18.64
T,2020,14.98
T,2021,14.1
T,2022,15.01
T,2023,14.6
T,2024,21.04
T,2025,23.98
T,2026,25.89
TAP,2015,70.96
TAP,2016,74.78
TAP,2017,64.23
TAP,2018,45.04
TAP,2019,44.84
TAP,2020,38.03
TAP,2021,39.59
TAP,2022,45.29
TAP,2023,55.33
TAP,2024,53.43
TAP,2025,45.13
TAP,2026,39.76
TDG,2015,142.77
TDG,2016,170.08
TDG,2017,203.83
TDG,2018,252.4
TDG,2019,465.44
TDG,2020,514.35
TDG,2021,528.84
TDG,2022,538.22
TDG,2023,896.49
TDG,2024,1185.75
TDG,2025,1329.85
TDG,2026,1171.74
TDY,2015,88.7
TDY,2016,123.0
TDY,2017,181.15
TDY,2018,207.07
TDY,2019,346.54
TDY,2020,391.98
TDY,2021,436.89
TDY,2022,399.91
TDY,2023,446.29
TDY,2024,464.13
TDY,2025,510.73
TDY,2026,612.95
TECH,2015,21.0
TECH,2016,24.31
TECH,2017,30.97
TECH,2018,34.88
TECH,2019,53.24
TECH,2020,77.42
TECH,2021,126.5
TECH,2022,81.35
TECH,2023,76.07
TECH,2024,71.32
TECH,2025,58.56
TECH,2026,72.31
TEL,2015,53.33
TEL,2016,58.54
TEL,2017,81.89
TEL,2018,66.43
TEL,2019,85.94
TEL,2020,110.82
TEL,2021,149.74
TEL,2022,108.32
TEL,2023,134.99
TEL,2024,139.73
TEL,2025,225.06
TEL,2026,205.25
TER,2015,19.42
TER,2016,24.14
TER,2017,40.11
TER,2018,30.33
TER,2019,66.4
TER,2020,117.35
TER,2021,160.55
TER,2022,86.14
TER,2023,107.48
TER,2024,125.23
TER,2025,193.33
TER,2026,349.7
TFC,2015,24.56
TFC,2016,31.54
TFC,2017,34.28
TFC,2018,30.77
TFC,2019,41.4
TFC,2020,36.78
TFC,2021,46.37
TFC,2022,35.46
TFC,2023,32.41
TFC,2024,40.1
TFC,2025,47.74
TFC,2026,49.58
TGT,2015,52.52
TGT,2016,53.95
TGT,2017,50.81
TGT,2018,53.18
TGT,2019,106.45
TGT,2020,149.53
TGT,2021,198.73
TGT,2022,130.69
TGT,2023,128.92
TGT,2024,126.0
TGT,2025,95.13
TGT,2026,160.88
TJX,2015,30.53
TJX,2016,32.78
TJX,2017,33.91
TJX,2018,40.34
TJX,2019,55.97
TJX,2020,62.83
TJX,2021,70.89
TJX,2022,75.66
TJX,2023,90.56
TJX,2024,118.23
TJX,2025,152.2
TJX,2026,133.91
TKO,2015,15.3
TKO,2016,16.19
TKO,2017,27.47
TKO,2018,67.68
TKO,2019,59.15
TKO,2020,44.32
TKO,2021,45.91
TKO,2022,64.22
TKO,2023,79.6
TKO,2024,138.67
TKO,2025,206.51
TKO,2026,181.87
TMO,2015,137.46
TMO,2016,137.3
TMO,2017,185.4
TMO,2018,219.16
TMO,2019,318.98
TMO,2020,458.44
TMO,2021,658.04
TMO,2022,544.3
TMO,2023,526.03
TMO,2024,516.97
TMO,2025,577.86
TMO,2026,616.63
TMUS,2015,37.2
TMUS,2016,54.68
TMUS,2017,60.39
TMUS,2018,60.48
TMUS,2019,74.56
TMUS,2020,128.22
TMUS,2021,110.27
TMUS,2022,133.11
TMUS,2023,153.11
TMUS,2024,213.9
TMUS,2025,199.82
TMUS,2026,180.44
TPR,2015,24.37
TPR,2016,27.0
TPR,2017,35.23
TPR,2018,27.7
TPR,2019,23.27
TPR,2020,27.2
TPR,2021,35.98
TPR,2022,34.79
TPR,2023,34.84
TPR,2024,63.7
TPR,2025,126.59
TPR,2026,122.92
TRGP,2015,16.36
TRGP,2016,37.76
TRGP,2017,35.09
TRGP,2018,28.11
TRGP,2019,34.85
TRGP,2020,23.53
TRGP,2021,47.1
TRGP,2022,67.68
TRGP,2023,81.9
TRGP,2024,172.09
TRGP,2025,181.82
TRGP,2026,293.65
TRMB,2015,21.45
TRMB,2016,30.15
TRMB,2017,40.64
TRMB,2018,32.91
TRMB,2019,41.69
TRMB,2020,66.77
TRMB,2021,87.19
TRMB,2022,50.56
TRMB,2023,53.2
TRMB,2024,70.66
TRMB,2025,78.35
TRMB,2026,59.94
TROW,2015,47.95
TROW,2016,52.01
TROW,2017,74.57
TROW,2018,67.3
TROW,2019,91.27
TROW,2020,116.92
TROW,2021,157.74
TROW,2022,91.11
TROW,2023,94.16
TROW,2024,103.28
TROW,2025,98.46
TROW,2026,109.91
TRV,2015,89.64
TRV,2016,99.47
TRV,2017,112.76
TRV,2018,101.89
TRV,2019,119.21
TRV,2020,125.54
TRV,2021,143.07
TRV,2022,175.15
TRV,2023,182.03
TRV,2024,234.38
TRV,2025,286.82
TRV,2026,364.68
TSCO,2015,14.41
TSCO,2016,12.92
TSCO,2017,12.96
TSCO,2018,14.69
TSCO,2019,16.68
TSCO,2020,25.41
TSCO,2021,43.6
TSCO,2022,41.87
TSCO,2023,40.8
TSCO,2024,51.18
TSCO,2025,49.05
TSCO,2026,34.9
TSLA,2015,16.0
TSLA,2016,14.25
TSLA,2017,20.76
TSLA,2018,22.19
TSLA,2019,27.89
TSLA,2020,235.22
TSLA,2021,352.26
TSLA,2022,123.18
TSLA,2023,248.48
TSLA,2024,403.84
TSLA,2025,449.72
TSLA,2026,367.95
TSN,2015,40.8
TSN,2016,47.68
TSN,2017,63.6
TSN,2018,42.72
TSN,2019,74.3
TSN,2020,53.98
TSN,2021,74.75
TSN,2022,54.64
TSN,2023,48.94
TSN,2024,54.06
TSN,2025,57.13
TSN,2026,54.63
TT,2015,36.25
TT,2016,50.23
TT,2017,60.91
TT,2018,63.6
TT,2019,94.33
TT,2020,135.28
TT,2021,190.76
TT,2022,161.5
TT,2023,238.04
TT,2024,364.12
TT,2025,386.47
TT,2026,443.35
TTD,2016,2.77
TTD,2017,4.57
TTD,2018,11.61
TTD,2019,25.98
TTD,2020,80.1
TTD,2021,91.64
TTD,2022,44.83
TTD,2023,71.96
TTD,2024,117.53
TTD,2025,37.96
TTD,2026,13.72
TTWO,2015,34.84
TTWO,2016,49.29
TTWO,2017,109.78
TTWO,2018,102.94
TTWO,2019,122.43
TTWO,2020,207.79
TTWO,2021,177.72
TTWO,2022,104.13
TTWO,2023,160.95
TTWO,2024,184.08
TTWO,2025,256.03
TTWO,2026,219.7
TXN,2015,40.91
TXN,2016,55.93
TXN,2017,82.07
TXN,2018,76.19
TXN,2019,106.33
TXN,2020,140.04
TXN,2021,164.59
TXN,2022,148.36
TXN,2023,157.87
TXN,2024,178.61
TXN,2025,170.62
TXN,2026,260.91
TXT,2015,41.39
TXT,2016,47.94
TXT,2017,55.96
TXT,2018,45.54
TXT,2019,44.23
TXT,2020,48.04
TXT,2021,76.82
TXT,2022,70.54
TXT,2023,80.21
TXT,2024,76.36
TXT,2025,87.11
TXT,2026,80.54
TYL,2015,174.32
TYL,2016,142.77
TYL,2017,177.05
TYL,2018,185.82
TYL,2019,300.02
TYL,2020,436.52
TYL,2021,537.95
TYL,2022,322.41
TYL,2023,418.12
TYL,2024,576.64
TYL,2025,453.95
TYL,2026,372.22
UAL,2015,57.3
UAL,2016,72.88
UAL,2017,67.4
UAL,2018,83.73
UAL,2019,88.09
UAL,2020,43.25
UAL,2021,43.78
UAL,2022,37.7
UAL,2023,41.26
UAL,2024,97.1
UAL,2025,111.82
UAL,2026,107.99
UBER,2019,29.74
UBER,2020,51.0
UBER,2021,41.93
UBER,2022,24.73
UBER,2023,61.57
UBER,2024,60.32
UBER,2025,81.71
UBER,2026,75.65
UDR,2015,25.37
UDR,2016,25.43
UDR,2017,27.75
UDR,2018,29.53
UDR,2019,35.87
UDR,2020,30.66
UDR,2021,49.4
UDR,2022,32.88
UDR,2023,33.91
UDR,2024,40.11
UDR,2025,35.39
UDR,2026,36.8
UHS,2015,114.14
UHS,2016,101.95
UHS,2017,109.01
UHS,2018,112.46
UHS,2019,139.03
UHS,2020,133.46
UHS,2021,126.57
UHS,2022,138.43
UHS,2023,150.66
UHS,2024,178.05
UHS,2025,217.25
UHS,2026,170.13
ULTA,2015,185.0
ULTA,2016,254.94
ULTA,2017,223.66
ULTA,2018,244.84
ULTA,2019,253.14
ULTA,2020,287.16
ULTA,2021,412.34
ULTA,2022,469.07
ULTA,2023,489.99
ULTA,2024,434.93
ULTA,2025,605.01
ULTA,2026,537.1
UNH,2015,98.28
UNH,2016,136.03
UNH,2017,190.21
UNH,2018,217.84
UNH,2019,261.42
UNH,2020,316.97
UNH,2021,460.25
UNH,2022,492.17
UNH,2023,496.09
UNH,2024,484.13
UNH,2025,323.71
UNH,2026,387.03
UNP,2015,61.58
UNP,2016,83.73
UNP,2017,110.78
UNP,2018,116.61
UNP,2019,155.9
UNP,2020,183.4
UNP,2021,226.15
UNP,2022,190.12
UNP,2023,231.2
UNP,2024,219.4
UNP,2025,227.87
UNP,2026,300.67
UPS,2015,63.73
UPS,2016,78.2
UPS,2017,83.79
UPS,2018,70.82
UPS,2019,87.98
UPS,2020,130.78
UPS,2021,170.04
UPS,2022,142.48
UPS,2023,133.99
UPS,2024,112.64
UPS,2025,94.69
UPS,2026,104.23
URI,2015,69.83
URI,2016,101.64
URI,2017,165.49
URI,2018,98.7
URI,2019,160.55
URI,2020,223.25
URI,2021,319.89
URI,2022,342.15
URI,2023,559.82
URI,2024,693.99
URI,2025,804.45
URI,2026,1038.0
USB,2015,29.16
USB,2016,35.98
USB,2017,38.36
USB,2018,33.62
USB,2019,44.93
USB,2020,36.9
USB,2021,45.88
USB,2022,37.1
USB,2023,38.88
USB,2024,44.96
USB,2025,52.37
USB,2026,61.58
V,2015,71.87
V,2016,72.86
V,2017,107.23
V,2018,124.91
V,2019,179.02
V,2020,209.68
V,2021,209.02
V,2022,201.9
V,2023,255.02
V,2024,311.94
V,2025,348.62
V,2026,379.37
VEEV,2015,28.85
VEEV,2016,40.7
VEEV,2017,55.28
VEEV,2018,89.32
VEEV,2019,140.66
VEEV,2020,272.25
VEEV,2021,255.48
VEEV,2022,161.38
VEEV,2023,192.52
VEEV,2024,210.25
VEEV,2025,223.23
VEEV,2026,285.69
VICI,2018,12.29
VICI,2019,17.6
VICI,2020,18.66
VICI,2021,23.09
VICI,2022,26.1
VICI,2023,27.03
VICI,2024,26.2
VICI,2025,26.7
VICI,2026,25.17
VLO,2015,46.7
VLO,2016,47.01
VLO,2017,65.81
VLO,2018,55.46
VLO,2019,72.24
VLO,2020,46.46
VLO,2021,65.16
VLO,2022,114.0
VLO,2023,120.68
VLO,2024,117.11
VLO,2025,160.42
VLO,2026,358.92
VLTO,2023,81.33
VLTO,2024,101.08
VLTO,2025,99.48
VLTO,2026,98.57
VMC,2015,86.65
VMC,2016,115.0
VMC,2017,118.94
VMC,2018,92.44
VMC,2019,136.01
VMC,2020,141.65
VMC,2021,199.85
VMC,2022,170.14
VMC,2023,222.46
VMC,2024,253.88
VMC,2025,283.59
VMC,2026,269.58
VMRK,2015,47.62
VMRK,2016,45.45
VMRK,2017,46.45
VMRK,2018,49.74
VMRK,2019,62.76
VMRK,2020,47.94
VMRK,2021,75.43
VMRK,2022,50.94
VMRK,2023,55.19
VMRK,2024,66.68
VMRK,2025,60.97
VMRK,2026,65.14
VRSK,2015,72.9
VRSK,2016,76.97
VRSK,2017,91.03
VRSK,2018,103.39
VRSK,2019,142.6
VRSK,2020,199.47
VRSK,2021,221.12
VRSK,2022,171.74
VRSK,2023,233.97
VRSK,2024,271.41
VRSK,2025,221.92
VRSK,2026,193.26
VRSN,2015,85.8
VRSN,2016,74.71
VRSN,2017,112.4
VRSN,2018,145.65
VRSN,2019,189.25
VRSN,2020,212.54
VRSN,2021,249.3
VRSN,2022,201.78
VRSN,2023,202.29
VRSN,2024,203.27
VRSN,2025,240.7
VRSN,2026,288.28
VRT,2018,9.75
VRT,2019,10.97
VRT,2020,18.58
VRT,2021,24.85
VRT,2022,13.61
VRT,2023,47.87
VRT,2024,113.37
VRT,2025,161.9
VRT,2026,258.66
VRTX,2015,125.83
VRTX,2016,73.67
VRTX,2017,149.86
VRTX,2018,165.71
VRTX,2019,218.95
VRTX,2020,236.34
VRTX,2021,219.6
VRTX,2022,288.78
VRTX,2023,406.89
VRTX,2024,402.7
VRTX,2025,453.36
VRTX,2026,544.52
VST,2016,13.22
VST,2017,15.63
VST,2018,19.53
VST,2019,20.01
VST,2020,17.63
VST,2021,21.08
VST,2022,22.15
VST,2023,37.82
VST,2024,136.74
VST,2025,160.88
VST,2026,137.37
VTR,2015,36.17
VTR,2016,42.01
VTR,2017,42.3
VTR,2018,43.76
VTR,2019,45.26
VTR,2020,40.82
VTR,2021,43.98
VTR,2022,40.23
VTR,2023,46.29
VTR,2024,56.58
VTR,2025,76.44
VTR,2026,91.17
VTRS,2015,43.18
VTRS,2016,30.47
VTRS,2017,33.79
VTRS,2018,21.88
VTRS,2019,16.05
VTRS,2020,14.97
VTRS,2021,11.06
VTRS,2022,9.48
VTRS,2023,9.67
VTRS,2024,11.58
VTRS,2025,12.16
VTRS,2026,16.51
VZ,2015,26.12
VZ,2016,31.52
VZ,2017,32.78
VZ,2018,36.47
VZ,2019,41.51
VZ,2020,41.46
VZ,2021,38.33
VZ,2022,30.65
VZ,2023,31.49
VZ,2024,35.62
VZ,2025,38.78
VZ,2026,50.02
WAB,2015,66.87
WAB,2016,78.45
WAB,2017,77.38
WAB,2018,67.12
WAB,2019,74.81
WAB,2020,70.9
WAB,2021,89.71
WAB,2022,97.84
WAB,2023,125.21
WAB,2024,187.98
WAB,2025,212.71
WAB,2026,285.93
WAT,2015,134.58
WAT,2016,134.39
WAT,2017,193.19
WAT,2018,188.65
WAT,2019,233.65
WAT,2020,247.42
WAT,2021,372.6
WAT,2022,342.58
WAT,2023,329.23
WAT,2024,370.98
WAT,2025,379.83
WAT,2026,414.63
WBD,2015,26.68
WBD,2016,27.41
WBD,2017,22.38
WBD,2018,24.74
WBD,2019,32.74
WBD,2020,30.09
WBD,2021,23.54
WBD,2022,9.48
WBD,2023,11.38
WBD,2024,10.57
WBD,2025,28.82
WBD,2026,28.53
WDAY,2015,79.68
WDAY,2016,66.09
WDAY,2017,101.74
WDAY,2018,159.68
WDAY,2019,164.45
WDAY,2020,239.61
WDAY,2021,273.18
WDAY,2022,167.33
WDAY,2023,276.06
WDAY,2024,258.03
WDAY,2025,214.78
WDAY,2026,197.45
WDC,2015,38.98
WDC,2016,45.79
WDC,2017,54.87
WDC,2018,26.39
WDC,2019,46.75
WDC,2020,41.66
WDC,2021,49.05
WDC,2022,23.73
WDC,2023,39.39
WDC,2024,44.85
WDC,2025,172.09
WDC,2026,450.41
WEC,2015,36.19
WEC,2016,42.77
WEC,2017,50.09
WEC,2018,54.03
WEC,2019,74.05
WEC,2020,75.89
WEC,2021,82.46
WEC,2022,82.09
WEC,2023,76.34
WEC,2024,88.64
WEC,2025,102.79
WEC,2026,106.17
WELL,2015,45.96
WELL,2016,47.51
WELL,2017,47.62
WELL,2018,54.91
WELL,2019,67.56
WELL,2020,55.94
WELL,2021,76.64
WELL,2022,60.41
WELL,2023,85.65
WELL,2024,122.54
WELL,2025,183.63
WELL,2026,236.24
WFC,2015,40.33
WFC,2016,42.2
WFC,2017,47.77
WFC,2018,37.34
WFC,2019,45.35
WFC,2020,26.46
WFC,2021,42.64
WFC,2022,37.56
WFC,2023,46.17
WFC,2024,67.63
WFC,2025,91.69
WFC,2026,86.39
WM,2015,43.76
WM,2016,59.68
WM,2017,74.28
WM,2018,78.23
WM,2019,102.05
WM,2020,107.63
WM,2021,154.79
WM,2022,147.84
WM,2023,171.78
WM,2024,196.32
WM,2025,216.94
WM,2026,217.96
WMB,2015,14.36
WMB,2016,18.84
WMB,2017,19.22
WMB,2018,14.63
WMB,2019,16.7
WMB,2020,15.34
WMB,2021,21.22
WMB,2022,28.18
WMB,2023,31.53
WMB,2024,51.18
WMB,2025,58.82
WMB,2026,74.51
WMT,2015,16.92
WMT,2016,19.64
WMT,2017,28.78
WMT,2018,27.79
WMT,2019,36.17
WMT,2020,44.61
WMT,2021,45.49
WMT,2022,45.28
WMT,2023,51.11
WMT,2024,88.93
WMT,2025,110.71
WMT,2026,104.87
WRB,2015,12.78
WRB,2016,15.94
WRB,2017,17.57
WRB,2018,18.62
WRB,2019,26.78
WRB,2020,25.93
WRB,2021,33.04
WRB,2022,44.25
WRB,2023,44.36
WRB,2024,56.42
WRB,2025,69.41
WRB,2026,67.56
WSM,2015,22.7
WSM,2016,19.34
WSM,2017,21.31
WSM,2018,21.44
WSM,2019,32.17
WSM,2020,45.81
WSM,2021,77.23
WSM,2022,53.68
WSM,2023,96.76
WSM,2024,180.51
WSM,2025,176.73
WSM,2026,228.25
WST,2015,57.76
WST,2016,81.94
WST,2017,95.88
WST,2018,95.81
WST,2019,147.67
WST,2020,279.18
WST,2021,463.09
WST,2022,232.94
WST,2023,349.33
WST,2024,325.74
WST,2025,274.5
WST,2026,341.11
WTW,2015,111.02
WTW,2016,107.2
WTW,2017,134.05
WTW,2018,137.3
WTW,2019,185.09
WTW,2020,195.88
WTW,2021,223.62
WTW,2022,233.75
WTW,2023,233.95
WTW,2024,307.6
WTW,2025,326.32
WTW,2026,338.55
WY,2015,19.77
WY,2016,20.67
WY,2017,25.14
WY,2018,16.22
WY,2019,23.62
WY,2020,26.7
WY,2021,33.89
WY,2022,26.96
WY,2023,31.82
WY,2024,26.54
WY,2025,23.07
WY,2026,23.16
WYNN,2015,60.47
WYNN,2016,77.34
WYNN,2017,153.21
WYNN,2018,91.65
WYNN,2019,132.89
WYNN,2020,108.88
WYNN,2021,82.06
WYNN,2022,79.58
WYNN,2023,88.61
WYNN,2024,84.71
WYNN,2025,119.46
WYNN,2026,91.28
XEL,2015,25.78
XEL,2016,30.19
XEL,2017,36.81
XEL,2018,38.97
XEL,2019,51.59
XEL,2020,55.6
XEL,2021,58.05
XEL,2022,61.79
XEL,2023,56.43
XEL,2024,63.38
XEL,2025,72.19
XEL,2026,75.08
XOM,2015,49.31
XOM,2016,59.12
XOM,2017,56.87
XOM,2018,48.28
XOM,2019,51.78
XOM,2020,33.03
XOM,2021,52.04
XOM,2022,97.53
XOM,2023,91.43
XOM,2024,101.72
XOM,2025,117.97
XOM,2026,160.95
XYL,2015,31.93
XYL,2016,43.93
XYL,2017,61.29
XYL,2018,60.67
XYL,2019,72.56
XYL,2020,94.98
XYL,2021,112.96
XYL,2022,105.51
XYL,2023,110.54
XYL,2024,113.38
XYL,2025,134.68
XYL,2026,110.11
XYZ,2015,13.09
XYZ,2016,13.63
XYZ,2017,34.67
XYZ,2018,56.09
XYZ,2019,62.56
XYZ,2020,217.64
XYZ,2021,161.51
XYZ,2022,62.84
XYZ,2023,77.35
XYZ,2024,84.99
XYZ,2025,65.09
XYZ,2026,82.02
YUM,2015,42.95
YUM,2016,53.01
YUM,2017,69.5
YUM,2018,79.65
YUM,2019,88.74
YUM,2020,97.48
YUM,2021,126.77
YUM,2022,119.18
YUM,2023,123.87
YUM,2024,129.72
YUM,2025,149.1
YUM,2026,152.54
AA,2015,22.22
AA,2016,26.68
AA,2017,51.19
AA,2018,25.26
AA,2019,20.44
AA,2020,21.9
AA,2021,56.74
AA,2022,43.62
AA,2023,33.01
AA,2024,37.11
AA,2025,52.87
AA,2026,49.95
AAL,2015,40.47
AAL,2016,45.12
AAL,2017,50.71
AAL,2018,31.6
AAL,2019,28.57
AAL,2020,15.77
AAL,2021,17.96
AAL,2022,12.72
AAL,2023,13.74
AAL,2024,17.43
AAL,2025,15.33
AAL,2026,13.43
AAMI,2015,14.02
AAMI,2016,13.26
AAMI,2017,15.32
AAMI,2018,10.0
AAMI,2019,9.92
AAMI,2020,19.04
AAMI,2021,25.32
AAMI,2022,20.39
AAMI,2023,19.02
AAMI,2024,26.2
AAMI,2025,46.8
AAMI,2026,94.1
AAON,2015,14.5
AAON,2016,20.8
AAON,2017,23.26
AAON,2018,22.43
AAON,2019,31.82
AAON,2020,43.18
AAON,2021,51.75
AAON,2022,49.39
AAON,2023,73.03
AAON,2024,116.77
AAON,2025,76.0
AAON,2026,75.87
AAP,2015,130.61
AAP,2016,146.99
AAP,2017,86.83
AAP,2018,137.38
AAP,2019,139.95
AAP,2020,138.69
AAP,2021,214.52
AAP,2022,136.22
AAP,2023,57.74
AAP,2024,45.55
AAP,2025,38.72
AAP,2026,42.18
AAT,2015,24.67
AAT,2016,28.41
AAT,2017,25.88
AAT,2018,27.99
AAT,2019,32.78
AAT,2020,21.3
AAT,2021,28.54
AAT,2022,21.02
AAT,2023,19.01
AAT,2024,23.44
AAT,2025,18.06
AAT,2026,22.12
ABCB,2015,29.77
ABCB,2016,38.52
ABCB,2017,42.95
ABCB,2018,28.48
ABCB,2019,38.75
ABCB,2020,35.53
ABCB,2021,46.91
ABCB,2022,45.11
ABCB,2023,51.55
ABCB,2024,61.53
ABCB,2025,73.91
ABCB,2026,84.25
ABG,2015,67.44
ABG,2016,61.7
ABG,2017,64.0
ABG,2018,66.66
ABG,2019,111.79
ABG,2020,145.74
ABG,2021,172.73
ABG,2022,179.25
ABG,2023,224.97
ABG,2024,243.03
ABG,2025,232.53
ABG,2026,211.4
ABM,2015,22.91
ABM,2016,33.52
ABM,2017,31.47
ABM,2018,27.36
ABM,2019,32.94
ABM,2020,33.65
ABM,2021,36.95
ABM,2022,40.92
ABM,2023,42.16
ABM,2024,49.06
ABM,2025,41.44
ABM,2026,46.63
ABR,2015,2.37
ABR,2016,2.7
ABR,2017,3.42
ABR,2018,4.4
ABR,2019,6.82
ABR,2020,7.51
ABR,2021,10.47
ABR,2022,8.3
ABR,2023,10.77
ABR,2024,11.11
ABR,2025,7.04
ABR,2026,5.01
ACA,2018,26.95
ACA,2019,43.63
ACA,2020,54.05
ACA,2021,52.03
ACA,2022,53.86
ACA,2023,82.16
ACA,2024,96.4
ACA,2025,106.19
ACA,2026,145.3
ACAD,2015,35.65
ACAD,2016,28.84
ACAD,2017,30.11
ACAD,2018,16.17
ACAD,2019,42.78
ACAD,2020,53.46
ACAD,2021,23.34
ACAD,2022,15.92
ACAD,2023,31.31
ACAD,2024,18.35
ACAD,2025,26.71
ACAD,2026,28.91
ACHC,2015,62.46
ACHC,2016,33.1
ACHC,2017,32.63
ACHC,2018,25.71
ACHC,2019,33.22
ACHC,2020,50.26
ACHC,2021,60.7
ACHC,2022,82.32
ACHC,2023,77.76
ACHC,2024,39.65
ACHC,2025,14.19
ACHC,2026,27.56
ACI,2020,11.38
ACI,2021,19.94
ACI,2022,18.58
ACI,2023,21.08
ACI,2024,18.43
ACI,2025,16.6
ACI,2026,12.35
ACIW,2015,21.4
ACIW,2016,18.15
ACIW,2017,22.67
ACIW,2018,27.67
ACIW,2019,37.89
ACIW,2020,38.43
ACIW,2021,34.7
ACIW,2022,23.0
ACIW,2023,30.6
ACIW,2024,51.91
ACIW,2025,47.81
ACIW,2026,53.28
ACLS,2015,10.36
ACLS,2016,14.55
ACLS,2017,28.7
ACLS,2018,17.8
ACLS,2019,24.1
ACLS,2020,29.12
ACLS,2021,74.56
ACLS,2022,79.36
ACLS,2023,129.69
ACLS,2024,69.87
ACLS,2025,80.34
ACLS,2026,115.33
ACM,2015,28.65
ACM,2016,34.68
ACM,2017,35.44
ACM,2018,25.28
ACM,2019,41.14
ACM,2020,47.49
ACM,2021,73.79
ACM,2022,81.7
ACM,2023,89.68
ACM,2024,104.63
ACM,2025,94.27
ACM,2026,67.43
ACMR,2017,1.75
ACMR,2018,3.63
ACMR,2019,6.15
ACMR,2020,27.08
ACMR,2021,28.42
ACMR,2022,7.71
ACMR,2023,19.54
ACMR,2024,15.1
ACMR,2025,39.45
ACMR,2026,72.82
ACT,2021,17.42
ACT,2022,21.62
ACT,2023,27.19
ACT,2024,31.17
ACT,2025,39.03
ACT,2026,48.2
ADAM,2015,5.81
ADAM,2016,8.47
ADAM,2017,8.98
ADAM,2018,9.78
ADAM,2019,11.77
ADAM,2020,7.5
ADAM,2021,8.31
ADAM,2022,6.58
ADAM,2023,6.22
ADAM,2024,5.02
ADAM,2025,6.85
ADAM,2026,9.74
ADC,2015,21.95
ADC,2016,31.05
ADC,2017,36.14
ADC,2018,43.28
ADC,2019,53.11
ADC,2020,52.37
ADC,2021,58.27
ADC,2022,60.31
ADC,2023,56.05
ADC,2024,65.69
ADC,2025,70.04
ADC,2026,72.25
ADEA,2015,8.05
ADEA,2016,12.57
ADEA,2017,7.29
ADEA,2018,6.11
ADEA,2019,6.72
ADEA,2020,8.15
ADEA,2021,7.54
ADEA,2022,8.94
ADEA,2023,11.93
ADEA,2024,13.69
ADEA,2025,17.15
ADEA,2026,25.23
ADIG,2026,21.87
ADMA,2015,8.07
ADMA,2016,5.12
ADMA,2017,3.21
ADMA,2018,2.39
ADMA,2019,4.0
ADMA,2020,1.95
ADMA,2021,1.41
ADMA,2022,3.88
ADMA,2023,4.52
ADMA,2024,17.15
ADMA,2025,18.24
ADMA,2026,9.39
ADNT,2016,57.18
ADNT,2017,77.67
ADNT,2018,15.06
ADNT,2019,21.25
ADNT,2020,34.77
ADNT,2021,47.88
ADNT,2022,34.69
ADNT,2023,36.36
ADNT,2024,17.23
ADNT,2025,19.17
ADNT,2026,18.97
ADT,2018,4.63
ADT,2019,6.76
ADT,2020,6.83
ADT,2021,7.44
ADT,2022,8.17
ADT,2023,6.28
ADT,2024,6.56
ADT,2025,7.87
ADT,2026,7.33
ADUS,2015,23.28
ADUS,2016,35.05
ADUS,2017,34.8
ADUS,2018,67.88
ADUS,2019,97.22
ADUS,2020,117.09
ADUS,2021,93.51
ADUS,2022,99.49
ADUS,2023,92.85
ADUS,2024,125.35
ADUS,2025,107.39
ADUS,2026,114.67
AEIS,2015,27.66
AEIS,2016,53.65
AEIS,2017,66.12
AEIS,2018,42.06
AEIS,2019,69.76
AEIS,2020,95.01
AEIS,2021,89.61
AEIS,2022,84.8
AEIS,2023,108.11
AEIS,2024,115.19
AEIS,2025,209.17
AEIS,2026,276.86
AEO,2015,11.64
AEO,2016,11.74
AEO,2017,15.09
AEO,2018,15.92
AEO,2019,12.4
AEO,2020,17.22
AEO,2021,22.24
AEO,2022,12.58
AEO,2023,19.48
AEO,2024,15.72
AEO,2025,25.88
AEO,2026,16.63
AESI,2023,15.65
AESI,2024,21.07
AESI,2025,9.42
AESI,2026,13.1
AFG,2015,33.93
AFG,2016,42.68
AFG,2017,55.15
AFG,2018,47.96
AFG,2019,60.95
AFG,2020,51.09
AFG,2021,99.03
AFG,2022,109.83
AFG,2023,101.47
AFG,2024,125.61
AFG,2025,132.45
AFG,2026,142.55
AGCO,2015,36.15
AGCO,2016,46.58
AGCO,2017,57.99
AGCO,2018,45.63
AGCO,2019,63.89
AGCO,2020,86.11
AGCO,2021,100.02
AGCO,2022,125.01
AGCO,2023,115.14
AGCO,2024,91.73
AGCO,2025,103.52
AGCO,2026,118.31
AGNT,2018,3.23
AGNT,2019,5.17
AGNT,2020,28.78
AGNT,2021,30.77
AGNT,2022,10.23
AGNT,2023,14.53
AGNT,2024,10.95
AGNT,2025,8.79
AGNT,2026,4.12
AGO,2015,21.94
AGO,2016,31.96
AGO,2017,29.07
AGO,2018,33.42
AGO,2019,43.48
AGO,2020,28.72
AGO,2021,46.63
AGO,2022,58.85
AGO,2023,72.1
AGO,2024,88.02
AGO,2025,88.58
AGO,2026,74.7
AGX,2015,25.31
AGX,2016,56.09
AGX,2017,36.32
AGX,2018,31.12
AGX,2019,33.8
AGX,2020,40.27
AGX,2021,35.58
AGX,2022,34.87
AGX,2023,45.41
AGX,2024,135.47
AGX,2025,312.42
AGX,2026,424.99
AGYS,2015,9.99
AGYS,2016,10.36
AGYS,2017,12.28
AGYS,2018,14.34
AGYS,2019,25.41
AGYS,2020,38.38
AGYS,2021,44.46
AGYS,2022,79.14
AGYS,2023,84.82
AGYS,2024,131.71
AGYS,2025,118.84
AGYS,2026,116.41
AHCO,2018,9.83
AHCO,2019,10.98
AHCO,2020,37.56
AHCO,2021,24.46
AHCO,2022,19.22
AHCO,2023,7.29
AHCO,2024,9.52
AHCO,2025,9.96
AHCO,2026,5.59
AHR,2024,27.4
AHR,2025,46.58
AHR,2026,55.21
AIN,2015,31.78
AIN,2016,40.94
AIN,2017,55.05
AIN,2018,56.52
AIN,2019,69.4
AIN,2020,68.15
AIN,2021,82.88
AIN,2022,93.3
AIN,2023,93.99
AIN,2024,77.44
AIN,2025,49.96
AIN,2026,55.15
AIR,2015,25.24
AIR,2016,32.12
AIR,2017,38.51
AIR,2018,36.84
AIR,2019,44.86
AIR,2020,36.22
AIR,2021,39.03
AIR,2022,44.9
AIR,2023,62.4
AIR,2024,61.28
AIR,2025,82.79
AIR,2026,129.29
AIT,2015,34.54
AIT,2016,51.93
AIT,2017,60.7
AIT,2018,48.91
AIT,2019,61.8
AIT,2020,73.77
AIT,2021,98.54
AIT,2022,122.43
AIT,2023,169.39
AIT,2024,236.58
AIT,2025,255.52
AIT,2026,323.98
AKR,2015,22.26
AKR,2016,22.71
AKR,2017,19.73
AKR,2018,17.88
AKR,2019,20.34
AKR,2020,11.37
AKR,2021,18.01
AKR,2022,12.39
AKR,2023,15.41
AKR,2024,22.75
AKR,2025,20.13
AKR,2026,20.47
ALG,2015,49.22
ALG,2016,72.34
ALG,2017,107.79
ALG,2018,74.17
ALG,2019,121.03
ALG,2020,133.62
ALG,2021,143.1
ALG,2022,138.42
ALG,2023,206.51
ALG,2024,183.65
ALG,2025,166.9
ALG,2026,164.58
ALGM,2020,26.66
ALGM,2021,36.18
ALGM,2022,30.02
ALGM,2023,30.27
ALGM,2024,21.86
ALGM,2025,26.38
ALGM,2026,36.25
ALGT,2015,149.75
ALGT,2016,150.91
ALGT,2017,143.13
ALGT,2018,94.54
ALGT,2019,167.32
ALGT,2020,182.91
ALGT,2021,180.78
ALGT,2022,65.71
ALGT,2023,81.12
ALGT,2024,94.12
ALGT,2025,85.27
ALGT,2026,76.05
ALHC,2021,14.06
ALHC,2022,11.76
ALHC,2023,8.61
ALHC,2024,11.25
ALHC,2025,19.75
ALHC,2026,13.4
ALK,2015,74.44
ALK,2016,83.37
ALK,2017,70.11
ALK,2018,59.21
ALK,2019,67.37
ALK,2020,52.0
ALK,2021,52.1
ALK,2022,42.94
ALK,2023,39.07
ALK,2024,64.75
ALK,2025,50.3
ALK,2026,41.33
ALKS,2015,79.38
ALKS,2016,55.58
ALKS,2017,54.73
ALKS,2018,29.51
ALKS,2019,20.4
ALKS,2020,19.95
ALKS,2021,23.26
ALKS,2022,26.13
ALKS,2023,27.74
ALKS,2024,28.76
ALKS,2025,27.98
ALKS,2026,46.99
ALLY,2015,14.05
ALLY,2016,14.46
ALLY,2017,22.57
ALLY,2018,17.9
ALLY,2019,24.7
ALLY,2020,29.77
ALLY,2021,40.5
ALLY,2022,21.51
ALLY,2023,32.1
ALLY,2024,34.14
ALLY,2025,44.36
ALLY,2026,42.21
ALRM,2015,16.68
ALRM,2016,27.83
ALRM,2017,37.75
ALRM,2018,51.87
ALRM,2019,42.97
ALRM,2020,103.45
ALRM,2021,84.81
ALRM,2022,49.48
ALRM,2023,64.62
ALRM,2024,60.8
ALRM,2025,51.02
ALRM,2026,57.56
ALSN,2015,21.79
ALSN,2016,29.01
ALSN,2017,37.68
ALSN,2018,38.94
ALSN,2019,43.42
ALSN,2020,39.48
ALSN,2021,33.92
ALSN,2022,39.63
ALSN,2023,56.4
ALSN,2024,106.04
ALSN,2025,97.2
ALSN,2026,125.71
ALV,2015,69.55
ALV,2016,64.45
ALV,2017,73.99
ALV,2018,58.03
ALV,2019,72.15
ALV,2020,79.35
ALV,2021,90.86
ALV,2022,69.54
ALV,2023,102.91
ALV,2024,89.82
ALV,2025,116.07
ALV,2026,121.21
AM,2017,8.98
AM,2018,5.22
AM,2019,3.94
AM,2020,5.03
AM,2021,7.03
AM,2022,8.57
AM,2023,10.78
AM,2024,13.84
AM,2025,17.22
AM,2026,22.42
AMG,2015,154.65
AMG,2016,140.66
AMG,2017,199.64
AMG,2018,95.53
AMG,2019,84.26
AMG,2020,101.56
AMG,2021,164.33
AMG,2022,158.3
AMG,2023,151.34
AMG,2024,184.87
AMG,2025,288.25
AMG,2026,368.19
AMH,2015,13.68
AMH,2016,17.41
AMH,2017,18.29
AMH,2018,16.79
AMH,2019,22.35
AMH,2020,25.77
AMH,2021,37.85
AMH,2022,26.7
AMH,2023,32.69
AMH,2024,34.98
AMH,2025,31.09
AMH,2026,32.95
AMKR,2015,5.64
AMKR,2016,9.78
AMKR,2017,9.32
AMKR,2018,6.08
AMKR,2019,12.06
AMKR,2020,14.02
AMKR,2021,23.22
AMKR,2022,22.68
AMKR,2023,31.82
AMKR,2024,25.2
AMKR,2025,39.29
AMKR,2026,47.21
AMN,2015,31.05
AMN,2016,38.45
AMN,2017,49.25
AMN,2018,56.66
AMN,2019,62.31
AMN,2020,68.25
AMN,2021,122.33
AMN,2022,102.82
AMN,2023,74.88
AMN,2024,23.92
AMN,2025,15.76
AMN,2026,34.28
AMPH,2015,14.23
AMPH,2016,18.42
AMPH,2017,19.24
AMPH,2018,19.9
AMPH,2019,19.29
AMPH,2020,20.11
AMPH,2021,23.29
AMPH,2022,28.02
AMPH,2023,61.85
AMPH,2024,37.13
AMPH,2025,26.78
AMPH,2026,22.53
AMR,2021,57.96
AMR,2022,144.92
AMR,2023,338.92
AMR,2024,200.12
AMR,2025,199.88
AMR,2026,235.7
AMRX,2018,13.53
AMRX,2019,4.82
AMRX,2020,4.57
AMRX,2021,4.79
AMRX,2022,1.99
AMRX,2023,6.07
AMRX,2024,7.92
AMRX,2025,12.6
AMRX,2026,17.47
AMSF,2015,22.73
AMSF,2016,29.64
AMSF,2017,31.34
AMSF,2018,30.97
AMSF,2019,38.55
AMSF,2020,36.2
AMSF,2021,36.93
AMSF,2022,39.19
AMSF,2023,38.85
AMSF,2024,46.48
AMSF,2025,36.82
AMSF,2026,25.61
AMTM,2024,21.03
AMTM,2025,29.0
AMTM,2026,19.99
AN,2015,59.66
AN,2016,48.65
AN,2017,51.33
AN,2018,35.7
AN,2019,48.63
AN,2020,69.79
AN,2021,116.85
AN,2022,107.3
AN,2023,150.18
AN,2024,169.84
AN,2025,206.48
AN,2026,201.25
ANDE,2015,25.41
ANDE,2016,36.54
ANDE,2017,25.95
ANDE,2018,25.4
ANDE,2019,22.05
ANDE,2020,22.23
ANDE,2021,35.89
ANDE,2022,33.1
ANDE,2023,55.28
ANDE,2024,39.36
ANDE,2025,52.67
ANDE,2026,64.87
ANF,2015,22.18
ANF,2016,10.27
ANF,2017,15.83
ANF,2018,18.88
ANF,2019,17.04
ANF,2020,20.36
ANF,2021,34.83
ANF,2022,22.91
ANF,2023,88.22
ANF,2024,149.47
ANF,2025,125.87
ANF,2026,143.08
ANIP,2015,45.13
ANIP,2016,60.62
ANIP,2017,64.45
ANIP,2018,45.02
ANIP,2019,61.67
ANIP,2020,29.04
ANIP,2021,46.08
ANIP,2022,40.23
ANIP,2023,55.14
ANIP,2024,55.28
ANIP,2025,78.94
ANIP,2026,73.25
AORT,2015,10.78
AORT,2016,19.15
AORT,2017,19.15
AORT,2018,28.38
AORT,2019,27.09
AORT,2020,23.61
AORT,2021,20.35
AORT,2022,12.12
AORT,2023,17.88
AORT,2024,28.59
AORT,2025,45.61
AORT,2026,26.99
AOSL,2015,9.19
AOSL,2016,21.27
AOSL,2017,16.36
AOSL,2018,10.19
AOSL,2019,13.62
AOSL,2020,23.64
AOSL,2021,60.56
AOSL,2022,28.57
AOSL,2023,26.06
AOSL,2024,37.03
AOSL,2025,19.81
AOSL,2026,24.66
APAM,2015,13.24
APAM,2016,12.08
APAM,2017,17.55
APAM,2018,10.85
APAM,2019,18.11
APAM,2020,30.98
APAM,2021,31.83
APAM,2022,21.86
APAM,2023,35.03
APAM,2024,36.73
APAM,2025,37.73
APAM,2026,42.57
APG,2020,12.1
APG,2021,17.18
APG,2022,12.54
APG,2023,23.07
APG,2024,23.98
APG,2025,38.26
APG,2026,39.25
APLE,2015,11.09
APLE,2016,11.82
APLE,2017,12.3
APLE,2018,9.63
APLE,2019,11.75
APLE,2020,9.53
APLE,2021,11.95
APLE,2022,12.24
APLE,2023,13.75
APLE,2024,13.57
APLE,2025,11.32
APLE,2026,15.95
APOG,2015,35.18
APOG,2016,43.83
APOG,2017,37.81
APOG,2018,25.05
APOG,2019,27.77
APOG,2020,27.93
APOG,2021,43.36
APOG,2022,40.89
APOG,2023,50.22
APOG,2024,68.21
APOG,2025,35.63
APOG,2026,39.06
APPF,2015,14.6
APPF,2016,23.85
APPF,2017,41.5
APPF,2018,59.22
APPF,2019,109.95
APPF,2020,180.04
APPF,2021,121.06
APPF,2022,105.38
APPF,2023,173.24
APPF,2024,246.72
APPF,2025,232.65
APPF,2026,234.21
AR,2015,21.8
AR,2016,23.65
AR,2017,19.0
AR,2018,9.39
AR,2019,2.85
AR,2020,5.45
AR,2021,17.5
AR,2022,30.99
AR,2023,22.68
AR,2024,35.05
AR,2025,34.46
AR,2026,38.48
ARCB,2015,19.59
ARCB,2016,25.75
ARCB,2017,33.72
ARCB,2018,32.56
ARCB,2019,26.5
ARCB,2020,41.49
ARCB,2021,117.03
ARCB,2022,68.76
ARCB,2023,118.56
ARCB,2024,92.42
ARCB,2025,73.97
ARCB,2026,137.97
ARLO,2018,9.98
ARLO,2019,4.21
ARLO,2020,7.79
ARLO,2021,10.49
ARLO,2022,3.51
ARLO,2023,9.52
ARLO,2024,11.19
ARLO,2025,13.99
ARLO,2026,13.15
ARMK,2015,20.51
ARMK,2016,22.98
ARMK,2017,27.79
ARMK,2018,19.05
ARMK,2019,28.89
ARMK,2020,26.0
ARMK,2021,25.21
ARMK,2022,28.62
ARMK,2023,27.27
ARMK,2024,36.62
ARMK,2025,36.59
ARMK,2026,56.31
AROC,2015,4.19
AROC,2016,7.91
AROC,2017,6.56
AROC,2018,4.9
AROC,2019,6.95
AROC,2020,6.56
AROC,2021,6.05
AROC,2022,7.79
AROC,2023,14.1
AROC,2024,23.64
AROC,2025,25.52
AROC,2026,31.52
ARR,2015,24.58
ARR,2016,28.29
ARR,2017,36.81
ARR,2018,32.4
ARR,2019,31.73
ARR,2020,21.22
ARR,2021,21.46
ARR,2022,14.59
ARR,2023,12.34
ARR,2024,13.96
ARR,2025,15.6
ARR,2026,15.97
ARW,2015,54.18
ARW,2016,71.3
ARW,2017,80.41
ARW,2018,68.95
ARW,2019,84.74
ARW,2020,97.3
ARW,2021,134.27
ARW,2022,104.57
ARW,2023,122.25
ARW,2024,113.12
ARW,2025,110.18
ARW,2026,204.43
ARWR,2015,6.15
ARWR,2016,1.55
ARWR,2017,3.68
ARWR,2018,12.42
ARWR,2019,63.43
ARWR,2020,76.73
ARWR,2021,66.3
ARWR,2022,40.56
ARWR,2023,30.6
ARWR,2024,18.8
ARWR,2025,66.39
ARWR,2026,82.39
ASB,2015,12.97
ASB,2016,17.48
ASB,2017,18.35
ASB,2018,14.65
ASB,2019,16.86
ASB,2020,13.67
ASB,2021,18.76
ASB,2022,19.88
ASB,2023,19.32
ASB,2024,22.45
ASB,2025,25.11
ASB,2026,30.37
ASH,2015,41.99
ASH,2016,45.33
ASH,2017,61.18
ASH,2018,61.73
ASH,2019,67.54
ASH,2020,70.95
ASH,2021,97.68
ASH,2022,98.8
ASH,2023,78.8
ASH,2024,67.99
ASH,2025,57.52
ASH,2026,72.91
ASO,2020,19.9
ASO,2021,42.15
ASO,2022,50.81
ASO,2023,64.25
ASO,2024,56.42
ASO,2025,49.52
ASO,2026,42.83
ASTE,2015,36.3
ASTE,2016,60.63
ASTE,2017,52.96
ASTE,2018,27.57
ASTE,2019,38.85
ASTE,2020,54.2
ASTE,2021,65.29
ASTE,2022,38.77
ASTE,2023,35.93
ASTE,2024,32.92
ASTE,2025,42.98
ASTE,2026,42.55
ASTH,2015,4.75
ASTH,2016,7.5
ASTH,2017,24.0
ASTH,2018,19.85
ASTH,2019,18.41
ASTH,2020,18.27
ASTH,2021,73.48
ASTH,2022,29.59
ASTH,2023,38.3
ASTH,2024,31.53
ASTH,2025,24.81
ASTH,2026,38.11
ATEN,2015,6.11
ATEN,2016,7.74
ATEN,2017,7.19
ATEN,2018,5.81
ATEN,2019,6.4
ATEN,2020,9.18
ATEN,2021,15.49
ATEN,2022,15.75
ATEN,2023,12.69
ATEN,2024,18.03
ATEN,2025,17.56
ATEN,2026,25.39
ATI,2015,11.07
ATI,2016,15.93
ATI,2017,24.14
ATI,2018,21.77
ATI,2019,20.66
ATI,2020,16.77
ATI,2021,15.93
ATI,2022,29.86
ATI,2023,45.47
ATI,2024,55.04
ATI,2025,114.76
ATI,2026,204.2
ATMU,2023,23.23
ATMU,2024,38.86
ATMU,2025,51.74
ATMU,2026,47.23
ATR,2015,62.87
ATR,2016,64.6
ATR,2017,77.09
ATR,2018,85.22
ATR,2019,106.07
ATR,2020,127.15
ATR,2021,115.02
ATR,2022,104.75
ATR,2023,119.31
ATR,2024,153.42
ATR,2025,120.59
ATR,2026,131.62
AUB,2015,17.79
AUB,2016,25.97
AUB,2017,26.92
AUB,2018,21.5
AUB,2019,29.38
AUB,2020,26.77
AUB,2021,31.18
AUB,2022,30.36
AUB,2023,32.84
AUB,2024,35.29
AUB,2025,34.33
AUB,2026,40.33
AVA,2015,22.76
AVA,2016,26.64
AVA,2017,35.4
AVA,2018,30.07
AVA,2019,35.27
AVA,2020,30.65
AVA,2021,33.8
AVA,2022,36.77
AVA,2023,31.14
AVA,2024,33.58
AVA,2025,37.16
AVA,2026,37.16
AVAV,2015,29.47
AVAV,2016,26.83
AVAV,2017,56.16
AVAV,2018,67.95
AVAV,2019,61.74
AVAV,2020,86.9
AVAV,2021,62.03
AVAV,2022,85.66
AVAV,2023,126.04
AVAV,2024,153.89
AVAV,2025,241.89
AVAV,2026,148.35
AVNT,2015,24.77
AVNT,2016,25.37
AVNT,2017,34.98
AVNT,2018,23.43
AVNT,2019,30.91
AVNT,2020,34.91
AVNT,2021,49.34
AVNT,2022,30.48
AVNT,2023,38.52
AVNT,2024,38.76
AVNT,2025,30.56
AVNT,2026,43.77
AVT,2015,33.71
AVT,2016,38.07
AVT,2017,32.26
AVT,2018,29.92
AVT,2019,35.87
AVT,2020,30.54
AVT,2021,36.7
AVT,2022,37.95
AVT,2023,47.21
AVT,2024,50.25
AVT,2025,47.45
AVT,2026,89.2
AVTR,2019,18.15
AVTR,2020,28.15
AVTR,2021,42.14
AVTR,2022,21.09
AVTR,2023,22.83
AVTR,2024,21.07
AVTR,2025,11.46
AVTR,2026,14.54
AWI,2015,42.29
AWI,2016,38.66
AWI,2017,56.0
AWI,2018,53.97
AWI,2019,87.87
AWI,2020,70.31
AWI,2021,110.7
AWI,2022,66.13
AWI,2023,96.13
AWI,2024,139.45
AWI,2025,189.97
AWI,2026,172.58
AWR,2015,33.91
AWR,2016,37.64
AWR,2017,48.84
AWR,2018,57.58
AWR,2019,75.55
AWR,2020,70.45
AWR,2021,93.16
AWR,2022,84.86
AWR,2023,75.16
AWR,2024,74.27
AWR,2025,71.06
AWR,2026,89.29
AX,2015,21.05
AX,2016,28.55
AX,2017,29.9
AX,2018,25.18
AX,2019,30.28
AX,2020,37.53
AX,2021,55.91
AX,2022,38.22
AX,2023,54.6
AX,2024,69.85
AX,2025,86.16
AX,2026,96.79
AXTA,2015,26.65
AXTA,2016,27.2
AXTA,2017,32.36
AXTA,2018,23.42
AXTA,2019,30.4
AXTA,2020,28.55
AXTA,2021,33.12
AXTA,2022,25.47
AXTA,2023,33.97
AXTA,2024,34.22
AXTA,2025,32.31
AXTA,2026,36.42
AYI,2015,226.01
AYI,2016,223.65
AYI,2017,170.98
AYI,2018,112.1
AYI,2019,135.12
AYI,2020,119.19
AYI,2021,209.09
AYI,2022,164.04
AYI,2023,203.49
AYI,2024,290.89
AYI,2025,359.34
AYI,2026,331.79
AZTA,2015,9.8
AZTA,2016,16.19
AZTA,2017,22.99
AZTA,2018,25.57
AZTA,2019,41.43
AZTA,2020,67.56
AZTA,2021,103.11
AZTA,2022,58.22
AZTA,2023,65.14
AZTA,2024,50.0
AZTA,2025,33.26
AZTA,2026,32.65
AZZ,2015,48.22
AZZ,2016,56.08
AZZ,2017,45.42
AZZ,2018,36.39
AZZ,2019,42.09
AZZ,2020,44.33
AZZ,2021,52.36
AZZ,2022,38.7
AZZ,2023,56.82
AZZ,2024,80.88
AZZ,2025,106.67
AZZ,2026,137.16
BAH,2015,25.3
BAH,2016,30.19
BAH,2017,32.53
BAH,2018,39.11
BAH,2019,62.63
BAH,2020,77.95
BAH,2021,77.14
BAH,2022,96.98
BAH,2023,120.7
BAH,2024,123.12
BAH,2025,82.47
BAH,2026,75.65
BANC,2015,11.34
BANC,2016,13.84
BANC,2017,16.89
BANC,2018,11.2
BANC,2019,14.77
BANC,2020,12.91
BANC,2021,17.44
BANC,2022,14.36
BANC,2023,12.48
BANC,2024,14.77
BANC,2025,18.91
BANC,2026,18.5
BANF,2015,23.73
BANF,2016,38.5
BANF,2017,43.01
BANF,2018,42.74
BANF,2019,54.68
BANF,2020,53.1
BANF,2021,65.2
BANF,2022,82.87
BANF,2023,93.19
BANF,2024,114.26
BANF,2025,105.08
BANF,2026,109.22
BANR,2015,31.96
BANR,2016,39.5
BANR,2017,40.39
BANR,2018,40.41
BANR,2019,44.04
BANR,2020,38.52
BANR,2021,51.73
BANR,2022,55.45
BANR,2023,48.85
BANR,2024,63.25
BANR,2025,61.21
BANR,2026,70.14
BBT,2015,21.17
BBT,2016,27.6
BBT,2017,28.05
BBT,2018,21.16
BBT,2019,26.6
BBT,2020,14.55
BBT,2021,24.61
BBT,2022,26.37
BBT,2023,22.61
BBT,2024,26.66
BBT,2025,25.54
BBT,2026,31.05
BBWI,2015,53.06
BBWI,2016,38.61
BBWI,2017,37.11
BBWI,2018,16.96
BBWI,2019,12.69
BBWI,2020,26.36
BBWI,2021,61.6
BBWI,2022,37.95
BBWI,2023,39.73
BBWI,2024,36.45
BBWI,2025,19.49
BBWI,2026,19.25
BC,2015,41.84
BC,2016,45.79
BC,2017,46.95
BC,2018,40.02
BC,2019,52.58
BC,2020,67.91
BC,2021,90.88
BC,2022,66.24
BC,2023,90.68
BC,2024,61.89
BC,2025,73.06
BC,2026,75.9
BCC,2015,16.99
BCC,2016,14.97
BCC,2017,26.6
BCC,2018,16.39
BCC,2019,26.08
BCC,2020,35.73
BCC,2021,57.94
BCC,2022,58.82
BCC,2023,121.55
BCC,2024,116.67
BCC,2025,72.96
BCC,2026,77.78
BCO,2015,25.77
BCO,2016,37.31
BCO,2017,71.81
BCO,2018,59.46
BCO,2019,84.01
BCO,2020,67.58
BCO,2021,62.18
BCO,2022,51.62
BCO,2023,85.61
BCO,2024,91.19
BCO,2025,115.97
BCO,2026,108.93
BCPC,2015,57.68
BCPC,2016,79.98
BCPC,2017,77.21
BCPC,2018,75.52
BCPC,2019,98.47
BCPC,2020,112.21
BCPC,2021,164.83
BCPC,2022,120.08
BCPC,2023,147.07
BCPC,2024,162.0
BCPC,2025,153.36
BCPC,2026,175.89
BDC,2015,46.16
BDC,2016,72.61
BDC,2017,75.14
BDC,2018,40.8
BDC,2019,53.92
BDC,2020,41.3
BDC,2021,65.04
BDC,2022,71.37
BDC,2023,76.86
BDC,2024,112.27
BDC,2025,116.4
BDC,2026,114.41
BFAM,2015,66.8
BFAM,2016,70.02
BFAM,2017,94.0
BFAM,2018,111.45
BFAM,2019,150.29
BFAM,2020,172.99
BFAM,2021,125.88
BFAM,2022,63.1
BFAM,2023,94.24
BFAM,2024,110.85
BFAM,2025,101.4
BFAM,2026,74.18
BFH,2015,189.17
BFH,2016,156.69
BFH,2017,175.37
BFH,2018,104.91
BFH,2019,79.92
BFH,2020,53.79
BFH,2021,61.12
BFH,2022,35.19
BFH,2023,31.59
BFH,2024,59.7
BFH,2025,73.46
BFH,2026,104.47
BFS,2015,29.48
BFS,2016,39.57
BFS,2017,37.9
BFS,2018,30.14
BFS,2019,35.05
BFS,2020,22.37
BFS,2021,39.5
BFS,2022,31.85
BFS,2023,32.69
BFS,2024,34.33
BFS,2025,29.93
BFS,2026,32.61
BGC,2015,4.33
BGC,2016,4.84
BGC,2017,7.55
BGC,2018,4.27
BGC,2019,5.46
BGC,2020,3.81
BGC,2021,4.47
BGC,2022,3.66
BGC,2023,7.06
BGC,2024,8.93
BGC,2025,8.88
BGC,2026,12.01
BHE,2015,17.08
BHE,2016,25.2
BHE,2017,24.05
BHE,2018,17.92
BHE,2019,29.69
BHE,2020,24.06
BHE,2021,24.71
BHE,2022,24.99
BHE,2023,26.57
BHE,2024,44.41
BHE,2025,42.55
BHE,2026,70.28
BHF,2017,58.64
BHF,2018,30.48
BHF,2019,39.23
BHF,2020,36.21
BHF,2021,51.8
BHF,2022,51.27
BHF,2023,52.92
BHF,2024,48.04
BHF,2025,64.79
BHF,2026,53.02
BILL,2019,38.05
BILL,2020,136.5
BILL,2021,249.15
BILL,2022,108.96
BILL,2023,81.59
BILL,2024,84.71
BILL,2025,54.54
BILL,2026,49.23
BIO,2015,138.66
BIO,2016,182.28
BIO,2017,238.67
BIO,2018,232.22
BIO,2019,370.03
BIO,2020,582.94
BIO,2021,755.57
BIO,2022,420.49
BIO,2023,322.89
BIO,2024,328.51
BIO,2025,302.99
BIO,2026,386.12
BJ,2018,22.16
BJ,2019,22.74
BJ,2020,37.28
BJ,2021,66.97
BJ,2022,66.16
BJ,2023,66.66
BJ,2024,89.35
BJ,2025,90.03
BJ,2026,90.65
BJRI,2015,42.3
BJRI,2016,38.24
BJRI,2017,35.55
BJRI,2018,49.78
BJRI,2019,37.79
BJRI,2020,38.49
BJRI,2021,34.55
BJRI,2022,26.38
BJRI,2023,36.01
BJRI,2024,35.14
BJRI,2025,39.4
BJRI,2026,63.59
BKE,2015,10.46
BKE,2016,8.35
BKE,2017,9.51
BKE,2018,8.78
BKE,2019,13.63
BKE,2020,17.03
BKE,2021,28.95
BKE,2022,32.11
BKE,2023,36.93
BKE,2024,43.39
BKE,2025,49.45
BKE,2026,42.6
BKH,2015,31.7
BKH,2016,43.13
BKH,2017,43.48
BKH,2018,46.95
BKH,2019,60.37
BKH,2020,48.87
BKH,2021,58.09
BKH,2022,59.88
BKH,2023,47.94
BKH,2024,54.44
BKH,2025,67.47
BKH,2026,71.68
BKU,2015,26.2
BKU,2016,28.11
BKU,2017,31.1
BKU,2018,23.38
BKU,2019,29.28
BKU,2020,28.97
BKU,2021,36.04
BKU,2022,29.67
BKU,2023,29.58
BKU,2024,36.14
BKU,2025,43.66
BKU,2026,45.6
BL,2016,27.63
BL,2017,32.8
BL,2018,40.95
BL,2019,51.56
BL,2020,133.38
BL,2021,103.54
BL,2022,67.27
BL,2023,62.44
BL,2024,60.76
BL,2025,55.29
BL,2026,33.22
BLFS,2015,2.17
BLFS,2016,1.61
BLFS,2017,6.0
BLFS,2018,12.03
BLFS,2019,16.18
BLFS,2020,39.89
BLFS,2021,37.27
BLFS,2022,18.2
BLFS,2023,16.25
BLFS,2024,25.96
BLFS,2025,24.18
BLFS,2026,37.07
BLKB,2015,64.16
BLKB,2016,62.83
BLKB,2017,93.3
BLKB,2018,62.43
BLKB,2019,79.47
BLKB,2020,57.56
BLKB,2021,78.98
BLKB,2022,58.86
BLKB,2023,86.7
BLKB,2024,73.92
BLKB,2025,63.32
BLKB,2026,48.06
BMI,2015,26.42
BMI,2016,33.74
BMI,2017,44.17
BMI,2018,45.98
BMI,2019,61.36
BMI,2020,89.82
BMI,2021,102.49
BMI,2022,105.8
BMI,2023,150.86
BMI,2024,208.61
BMI,2025,172.83
BMI,2026,135.47
BMRN,2015,104.76
BMRN,2016,82.84
BMRN,2017,89.17
BMRN,2018,85.15
BMRN,2019,84.55
BMRN,2020,87.69
BMRN,2021,88.35
BMRN,2022,103.49
BMRN,2023,96.42
BMRN,2024,65.73
BMRN,2025,59.43
BMRN,2026,65.23
BNL,2020,13.88
BNL,2021,18.41
BNL,2022,12.75
BNL,2023,14.53
BNL,2024,14.38
BNL,2025,16.86
BNL,2026,20.86
BOH,2015,42.59
BOH,2016,61.65
BOH,2017,61.08
BOH,2018,49.36
BOH,2019,71.99
BOH,2020,60.25
BOH,2021,67.97
BOH,2022,65.18
BOH,2023,64.2
BOH,2024,66.54
BOH,2025,66.54
BOH,2026,75.93
BOOT,2015,12.29
BOOT,2016,12.52
BOOT,2017,16.61
BOOT,2018,17.03
BOOT,2019,44.53
BOOT,2020,43.36
BOOT,2021,123.05
BOOT,2022,62.52
BOOT,2023,76.76
BOOT,2024,151.82
BOOT,2025,176.47
BOOT,2026,150.63
BOX,2015,13.96
BOX,2016,13.86
BOX,2017,21.12
BOX,2018,16.88
BOX,2019,16.78
BOX,2020,18.05
BOX,2021,26.19
BOX,2022,31.13
BOX,2023,25.61
BOX,2024,31.6
BOX,2025,29.91
BOX,2026,35.78
BRC,2015,18.79
BRC,2016,31.62
BRC,2017,32.64
BRC,2018,38.24
BRC,2019,51.28
BRC,2020,48.2
BRC,2021,50.01
BRC,2022,44.56
BRC,2023,56.55
BRC,2024,72.2
BRC,2025,77.69
BRC,2026,90.65
BRKR,2015,23.25
BRKR,2016,20.42
BRKR,2017,33.28
BRKR,2018,29.01
BRKR,2019,49.86
BRKR,2020,53.14
BRKR,2021,82.55
BRKR,2022,67.45
BRKR,2023,72.73
BRKR,2024,58.19
BRKR,2025,47.0
BRKR,2026,58.01
BROS,2021,50.91
BROS,2022,28.19
BROS,2023,31.67
BROS,2024,52.38
BROS,2025,61.22
BROS,2026,48.86
BRX,2015,15.26
BRX,2016,14.99
BRX,2017,12.06
BRX,2018,10.14
BRX,2019,15.9
BRX,2020,12.81
BRX,2021,20.53
BRX,2022,19.14
BRX,2023,20.61
BRX,2024,25.81
BRX,2025,25.38
BRX,2026,28.89
BSY,2020,39.53
BSY,2021,47.27
BSY,2022,36.27
BSY,2023,51.42
BSY,2024,46.24
BSY,2025,38.02
BSY,2026,36.75
BTSG,2024,17.03
BTSG,2025,37.45
BTSG,2026,58.4
BTU,2017,33.95
BTU,2018,26.61
BTU,2019,8.7
BTU,2020,2.3
BTU,2021,9.6
BTU,2022,25.2
BTU,2023,23.42
BTU,2024,20.42
BTU,2025,29.45
BTU,2026,29.69
BURL,2015,42.9
BURL,2016,84.75
BURL,2017,123.03
BURL,2018,162.67
BURL,2019,228.03
BURL,2020,261.55
BURL,2021,291.51
BURL,2022,202.76
BURL,2023,194.48
BURL,2024,285.06
BURL,2025,288.85
BURL,2026,259.76
BWA,2015,32.37
BWA,2016,30.0
BWA,2017,39.37
BWA,2018,27.18
BWA,2019,34.55
BWA,2020,31.38
BWA,2021,37.14
BWA,2022,33.74
BWA,2023,34.58
BWA,2024,31.07
BWA,2025,44.7
BWA,2026,63.99
BWXT,2015,28.15
BWXT,2016,35.53
BWXT,2017,54.56
BWXT,2018,34.86
BWXT,2019,57.34
BWXT,2020,56.46
BWXT,2021,45.51
BWXT,2022,56.11
BWXT,2023,75.11
BWXT,2024,110.06
BWXT,2025,172.1
BWXT,2026,152.29
BXMT,2015,10.05
BXMT,2016,12.33
BXMT,2017,14.28
BXMT,2018,15.27
BXMT,2019,19.11
BXMT,2020,15.7
BXMT,2021,18.88
BXMT,2022,14.35
BXMT,2023,16.28
BXMT,2024,14.99
BXMT,2025,18.16
BXMT,2026,13.9
BYD,2015,18.49
BYD,2016,18.77
BYD,2017,32.8
BYD,2018,19.6
BYD,2019,28.52
BYD,2020,40.88
BYD,2021,62.45
BYD,2022,52.51
BYD,2023,60.9
BYD,2024,71.34
BYD,2025,84.62
BYD,2026,77.39
CACC,2015,214.02
CACC,2016,217.51
CACC,2017,323.48
CACC,2018,381.76
CACC,2019,442.33
CACC,2020,346.14
CACC,2021,687.68
CACC,2022,474.4
CACC,2023,532.73
CACC,2024,469.46
CACC,2025,443.46
CACC,2026,599.74
CACI,2015,92.78
CACI,2016,124.3
CACI,2017,132.35
CACI,2018,144.03
CACI,2019,249.99
CACI,2020,249.33
CACI,2021,269.21
CACI,2022,300.59
CACI,2023,323.86
CACI,2024,404.06
CACI,2025,532.81
CACI,2026,623.01
CAG,2015,21.83
CAG,2016,26.92
CAG,2017,26.23
CAG,2018,15.22
CAG,2019,25.19
CAG,2020,27.38
CAG,2021,26.68
CAG,2022,31.35
CAG,2023,24.2
CAG,2024,24.55
CAG,2025,16.37
CAG,2026,16.02
CAKE,2015,36.89
CAKE,2016,48.75
CAKE,2017,40.06
CAKE,2018,37.08
CAKE,2019,34.17
CAKE,2020,32.97
CAKE,2021,34.83
CAKE,2022,28.9
CAKE,2023,32.95
CAKE,2024,45.9
CAKE,2025,49.86
CAKE,2026,109.49
CALM,2015,34.27
CALM,2016,33.48
CALM,2017,33.68
CALM,2018,32.37
CALM,2019,33.05
CALM,2020,29.02
CALM,2021,28.62
CALM,2022,43.47
CALM,2023,49.76
CALM,2024,93.05
CALM,2025,78.52
CALM,2026,78.92
CALX,2015,7.87
CALX,2016,7.7
CALX,2017,5.95
CALX,2018,9.75
CALX,2019,8.0
CALX,2020,29.76
CALX,2021,79.97
CALX,2022,68.43
CALX,2023,43.69
CALX,2024,34.87
CALX,2025,52.93
CALX,2026,38.12
CALY,2015,9.3
CALY,2016,10.86
CALY,2017,13.85
CALY,2018,15.25
CALY,2019,21.17
CALY,2020,24.01
CALY,2021,27.44
CALY,2022,19.75
CALY,2023,14.34
CALY,2024,7.86
CALY,2025,11.67
CALY,2026,15.71
CAR,2015,34.48
CAR,2016,34.85
CAR,2017,41.69
CAR,2018,21.36
CAR,2019,30.63
CAR,2020,35.44
CAR,2021,197.02
CAR,2022,155.75
CAR,2023,177.26
CAR,2024,80.61
CAR,2025,128.32
CAR,2026,147.49
CARG,2017,29.98
CARG,2018,33.73
CARG,2019,35.18
CARG,2020,31.73
CARG,2021,33.64
CARG,2022,14.01
CARG,2023,24.16
CARG,2024,36.54
CARG,2025,38.35
CARG,2026,35.66
CART,2023,23.47
CART,2024,41.42
CART,2025,44.98
CART,2026,50.52
CAVA,2023,42.98
CAVA,2024,112.8
CAVA,2025,58.69
CAVA,2026,65.75
CBSH,2015,26.39
CBSH,2016,36.52
CBSH,2017,35.84
CBSH,2018,38.54
CBSH,2019,47.26
CBSH,2020,48.82
CBSH,2021,54.42
CBSH,2022,54.71
CBSH,2023,46.01
CBSH,2024,57.38
CBSH,2025,51.54
CBSH,2026,57.44
CBT,2015,31.51
CBT,2016,39.88
CBT,2017,49.71
CBT,2018,35.44
CBT,2019,40.49
CBT,2020,39.62
CBT,2021,50.87
CBT,2022,61.75
CBT,2023,78.81
CBT,2024,87.68
CBT,2025,65.16
CBT,2026,82.71
CCK,2015,47.71
CCK,2016,49.47
CCK,2017,52.94
CCK,2018,39.12
CCK,2019,68.27
CCK,2020,94.3
CCK,2021,104.91
CCK,2022,78.7
CCK,2023,89.16
CCK,2024,81.02
CCK,2025,101.98
CCK,2026,116.39
CDE,2015,2.48
CDE,2016,9.08
CDE,2017,7.49
CDE,2018,4.46
CDE,2019,8.07
CDE,2020,10.34
CDE,2021,5.03
CDE,2022,3.36
CDE,2023,3.26
CDE,2024,5.71
CDE,2025,17.81
CDE,2026,20.78
CDP,2015,14.09
CDP,2016,20.95
CDP,2017,20.27
CDP,2018,15.25
CDP,2019,22.15
CDP,2020,20.58
CDP,2021,22.97
CDP,2022,22.23
CDP,2023,23.04
CDP,2024,29.07
CDP,2025,27.27
CDP,2026,36.0
CELH,2015,0.65
CELH,2016,0.82
CELH,2017,1.75
CELH,2018,1.16
CELH,2019,1.61
CELH,2020,16.77
CELH,2021,24.86
CELH,2022,34.68
CELH,2023,54.52
CELH,2024,26.34
CELH,2025,45.74
CELH,2026,31.45
CFR,2015,43.82
CFR,2016,66.61
CFR,2017,73.22
CFR,2018,69.67
CFR,2019,79.85
CFR,2020,73.8
CFR,2021,109.34
CFR,2022,118.81
CFR,2023,99.73
CFR,2024,127.52
CFR,2025,124.01
CFR,2026,160.87
CG,2015,9.43
CG,2016,10.27
CG,2017,16.42
CG,2018,11.94
CG,2019,25.88
CG,2020,26.3
CG,2021,46.93
CG,2022,26.38
CG,2023,37.61
CG,2024,48.16
CG,2025,57.89
CG,2026,48.39
CGNX,2015,15.54
CGNX,2016,29.46
CGNX,2017,56.82
CGNX,2018,36.07
CGNX,2019,52.49
CGNX,2020,77.53
CGNX,2021,75.31
CGNX,2022,45.86
CGNX,2023,40.89
CGNX,2024,35.39
CGNX,2025,35.83
CGNX,2026,60.96
CHDN,2015,22.53
CHDN,2016,24.16
CHDN,2017,37.62
CHDN,2018,39.68
CHDN,2019,67.25
CHDN,2020,95.81
CHDN,2021,118.86
CHDN,2022,104.65
CHDN,2023,134.02
CHDN,2024,133.02
CHDN,2025,113.78
CHDN,2026,87.48
CHE,2015,143.43
CHE,2016,154.74
CHE,2017,235.71
CHE,2018,275.81
CHE,2019,429.11
CHE,2020,521.74
CHE,2021,519.78
CHE,2022,503.04
CHE,2023,577.97
CHE,2024,525.32
CHE,2025,426.18
CHE,2026,518.71
CHH,2015,45.53
CHH,2016,51.48
CHH,2017,72.19
CHH,2018,67.34
CHH,2019,98.26
CHH,2020,101.77
CHH,2021,149.28
CHH,2022,108.84
CHH,2023,110.56
CHH,2024,139.5
CHH,2025,94.46
CHH,2026,103.36
CHRD,2015,4.48
CHRD,2016,9.2
CHRD,2017,5.11
CHRD,2018,3.36
CHRD,2019,1.98
CHRD,2020,22.53
CHRD,2021,81.3
CHRD,2022,109.05
CHRD,2023,143.66
CHRD,2024,107.78
CHRD,2025,90.14
CHRD,2026,147.11
CHWY,2019,29.0
CHWY,2020,89.89
CHWY,2021,58.97
CHWY,2022,37.08
CHWY,2023,23.63
CHWY,2024,33.49
CHWY,2025,33.05
CHWY,2026,23.8
CLF,2015,1.5
CLF,2016,7.96
CLF,2017,6.83
CLF,2018,7.28
CLF,2019,8.21
CLF,2020,14.56
CLF,2021,21.77
CLF,2022,16.11
CLF,2023,20.42
CLF,2024,9.4
CLF,2025,13.28
CLF,2026,11.55
CLH,2015,41.65
CLH,2016,55.65
CLH,2017,54.2
CLH,2018,49.35
CLH,2019,85.75
CLH,2020,76.1
CLH,2021,99.77
CLH,2022,114.12
CLH,2023,174.51
CLH,2024,230.14
CLH,2025,234.48
CLH,2026,315.25
CMC,2015,11.09
CMC,2016,18.19
CMC,2017,18.25
CMC,2018,14.02
CMC,2019,20.03
CMC,2020,18.94
CMC,2021,34.05
CMC,2022,45.99
CMC,2023,48.28
CMC,2024,48.48
CMC,2025,68.61
CMC,2026,67.47
CNH,2015,4.93
CNH,2016,6.39
CNH,2017,9.97
CNH,2018,6.95
CNH,2019,8.45
CNH,2020,9.87
CNH,2021,15.06
CNH,2022,14.58
CNH,2023,11.37
CNH,2024,11.02
CNH,2025,9.13
CNH,2026,11.83
CNM,2021,30.34
CNM,2022,19.31
CNM,2023,40.41
CNM,2024,50.91
CNM,2025,51.97
CNM,2026,42.96
CNO,2015,15.22
CNO,2016,15.54
CNO,2017,20.36
CNO,2018,12.51
CNO,2019,15.66
CNO,2020,19.71
CNO,2021,21.58
CNO,2022,21.25
CNO,2023,26.57
CNO,2024,36.17
CNO,2025,42.0
CNO,2026,54.61
CNX,2015,6.57
CNX,2016,15.19
CNX,2017,14.63
CNX,2018,11.42
CNX,2019,8.85
CNX,2020,10.8
CNX,2021,13.75
CNX,2022,16.84
CNX,2023,20.0
CNX,2024,36.67
CNX,2025,36.77
CNX,2026,36.38
COKE,2015,16.95
COKE,2016,16.72
COKE,2017,20.22
COKE,2018,16.76
COKE,2019,26.94
COKE,2020,25.36
COKE,2021,59.15
COKE,2022,49.04
COKE,2023,89.7
COKE,2024,124.46
COKE,2025,152.63
COKE,2026,195.57
COLB,2015,20.31
COLB,2016,29.38
COLB,2017,29.19
COLB,2018,25.09
COLB,2019,29.21
COLB,2020,26.98
COLB,2021,25.29
COLB,2022,24.21
COLB,2023,22.8
COLB,2024,24.63
COLB,2025,26.94
COLB,2026,29.64
COLM,2015,42.48
COLM,2016,51.4
COLM,2017,64.18
COLM,2018,75.87
COLM,2019,91.3
COLM,2020,79.89
COLM,2021,89.99
COLM,2022,82.08
COLM,2023,75.69
COLM,2024,81.05
COLM,2025,54.26
COLM,2026,57.4
CPRI,2015,40.06
CPRI,2016,42.98
CPRI,2017,62.95
CPRI,2018,37.92
CPRI,2019,38.15
CPRI,2020,42.0
CPRI,2021,64.91
CPRI,2022,57.32
CPRI,2023,50.24
CPRI,2024,21.06
CPRI,2025,24.4
CPRI,2026,13.25
CR,2023,116.43
CR,2024,150.37
CR,2025,183.71
CR,2026,205.07
CRBG,2022,15.81
CRBG,2023,19.81
CRBG,2024,28.29
CRBG,2025,29.39
CRBG,2026,32.31
CROX,2015,10.24
CROX,2016,6.86
CROX,2017,12.64
CROX,2018,25.98
CROX,2019,41.89
CROX,2020,62.66
CROX,2021,128.22
CROX,2022,108.43
CROX,2023,93.41
CROX,2024,109.53
CROX,2025,85.52
CROX,2026,120.38
CRS,2015,25.33
CRS,2016,30.89
CRS,2017,44.3
CRS,2018,31.38
CRS,2019,44.6
CRS,2020,27.01
CRS,2021,27.73
CRS,2022,35.91
CRS,2023,69.84
CRS,2024,168.81
CRS,2025,314.38
CRS,2026,476.42
CRUS,2015,29.53
CRUS,2016,56.54
CRUS,2017,51.86
CRUS,2018,33.18
CRUS,2019,82.41
CRUS,2020,82.2
CRUS,2021,92.02
CRUS,2022,74.48
CRUS,2023,83.19
CRUS,2024,99.58
CRUS,2025,118.5
CRUS,2026,109.51
CSL,2015,77.59
CSL,2016,97.74
CSL,2017,102.14
CSL,2018,91.62
CSL,2019,149.43
CSL,2020,146.5
CSL,2021,235.34
CSL,2022,225.75
CSL,2023,303.09
CSL,2024,361.11
CSL,2025,316.82
CSL,2026,346.58
CTRE,2015,6.46
CTRE,2016,9.49
CTRE,2017,10.94
CTRE,2018,12.84
CTRE,2019,14.93
CTRE,2020,16.97
CTRE,2021,18.32
CTRE,2022,15.81
CTRE,2023,20.13
CTRE,2024,25.43
CTRE,2025,35.43
CTRE,2026,38.95
CUBE,2015,19.7
CUBE,2016,17.77
CUBE,2017,20.03
CUBE,2018,20.71
CUBE,2019,23.64
CUBE,2020,26.4
CUBE,2021,46.08
CUBE,2022,33.96
CUBE,2023,40.92
CUBE,2024,39.07
CUBE,2025,34.54
CUBE,2026,39.72
CUZ,2015,17.58
CUZ,2016,23.05
CUZ,2017,25.92
CUZ,2018,22.62
CUZ,2019,30.44
CUZ,2020,25.95
CUZ,2021,32.0
CUZ,2022,20.91
CUZ,2023,21.33
CUZ,2024,28.27
CUZ,2025,24.84
CUZ,2026,28.99
CVLT,2015,39.35
CVLT,2016,51.4
CVLT,2017,52.5
CVLT,2018,59.09
CVLT,2019,44.64
CVLT,2020,55.37
CVLT,2021,68.92
CVLT,2022,62.84
CVLT,2023,79.85
CVLT,2024,150.91
CVLT,2025,125.36
CVLT,2026,137.52
CW,2015,65.22
CW,2016,94.2
CW,2017,117.34
CW,2018,98.82
CW,2019,137.06
CW,2020,114.0
CW,2021,136.64
CW,2022,165.37
CW,2023,221.56
CW,2024,353.91
CW,2025,550.89
CW,2026,582.53
CXT,2015,13.82
CXT,2016,21.3
CXT,2017,26.81
CXT,2018,22.04
CXT,2019,26.89
CXT,2020,24.83
CXT,2021,33.11
CXT,2022,33.32
CXT,2023,54.95
CXT,2024,56.85
CXT,2025,46.52
CXT,2026,48.9
CYTK,2015,10.46
CYTK,2016,12.15
CYTK,2017,8.15
CYTK,2018,6.32
CYTK,2019,10.61
CYTK,2020,20.78
CYTK,2021,45.58
CYTK,2022,45.82
CYTK,2023,83.49
CYTK,2024,47.04
CYTK,2025,63.54
CYTK,2026,70.91
DAR,2015,10.52
DAR,2016,12.91
DAR,2017,18.13
DAR,2018,19.24
DAR,2019,28.08
DAR,2020,57.68
DAR,2021,69.29
DAR,2022,62.59
DAR,2023,49.84
DAR,2024,33.69
DAR,2025,36.0
DAR,2026,66.27
DBX,2018,20.43
DBX,2019,17.91
DBX,2020,22.19
DBX,2021,24.54
DBX,2022,22.38
DBX,2023,29.48
DBX,2024,30.04
DBX,2025,27.8
DBX,2026,35.19
DCI,2015,24.17
DCI,2016,36.19
DCI,2017,42.76
DCI,2018,38.51
DCI,2019,51.97
DCI,2020,51.24
DCI,2021,55.11
DCI,2022,55.64
DCI,2023,62.76
DCI,2024,65.66
DCI,2025,87.8
DCI,2026,90.89
DINO,2015,27.64
DINO,2016,23.75
DINO,2017,38.77
DINO,2018,39.55
DINO,2019,40.31
DINO,2020,21.58
DINO,2021,27.62
DINO,2022,44.72
DINO,2023,49.66
DINO,2024,32.59
DINO,2025,45.03
DINO,2026,101.61
DKS,2015,26.31
DKS,2016,39.99
DKS,2017,22.08
DKS,2018,24.59
DKS,2019,40.13
DKS,2020,47.33
DKS,2021,102.55
DKS,2022,109.34
DKS,2023,137.7
DKS,2024,218.81
DKS,2025,193.75
DKS,2026,133.83
DLB,2015,29.08
DLB,2016,39.49
DLB,2017,54.79
DLB,2018,55.21
DLB,2019,62.19
DLB,2020,88.92
DLB,2021,88.04
DLB,2022,66.12
DLB,2023,81.87
DLB,2024,75.36
DLB,2025,63.11
DLB,2026,61.56
DOCN,2021,80.33
DOCN,2022,25.47
DOCN,2023,36.69
DOCN,2024,34.07
DOCN,2025,48.12
DOCN,2026,110.69
DOCS,2021,50.13
DOCS,2022,33.56
DOCS,2023,28.04
DOCS,2024,53.39
DOCS,2025,44.28
DOCS,2026,26.71
DOCU,2018,40.08
DOCU,2019,74.11
DOCU,2020,222.3
DOCU,2021,152.31
DOCU,2022,55.42
DOCU,2023,59.45
DOCU,2024,89.94
DOCU,2025,68.4
DOCU,2026,66.27
DT,2019,25.3
DT,2020,43.27
DT,2021,60.35
DT,2022,38.3
DT,2023,54.69
DT,2024,54.35
DT,2025,43.34
DT,2026,54.59
DTM,2021,39.86
DTM,2022,48.12
DTM,2023,50.39
DTM,2024,95.2
DTM,2025,118.18
DTM,2026,131.02
DUOL,2021,106.11
DUOL,2022,71.13
DUOL,2023,226.85
DUOL,2024,324.23
DUOL,2025,175.5
DUOL,2026,148.36
DY,2015,69.96
DY,2016,80.29
DY,2017,111.43
DY,2018,54.04
DY,2019,47.15
DY,2020,75.52
DY,2021,93.76
DY,2022,93.6
DY,2023,115.09
DY,2024,174.06
DY,2025,337.9
DY,2026,291.21
EEFT,2015,72.43
EEFT,2016,72.43
EEFT,2017,84.27
EEFT,2018,102.38
EEFT,2019,157.56
EEFT,2020,144.92
EEFT,2021,119.17
EEFT,2022,94.38
EEFT,2023,101.49
EEFT,2024,102.84
EEFT,2025,76.11
EEFT,2026,69.51
EGP,2015,40.89
EGP,2016,56.32
EGP,2017,69.46
EGP,2018,74.29
EGP,2019,110.12
EGP,2020,117.56
EGP,2021,198.02
EGP,2022,132.54
EGP,2023,169.24
EGP,2024,152.64
EGP,2025,175.31
EGP,2026,199.5
EHC,2015,23.77
EHC,2016,28.84
EHC,2017,35.29
EHC,2018,44.77
EHC,2019,51.16
EHC,2020,62.11
EHC,2021,49.75
EHC,2022,58.22
EHC,2023,65.56
EHC,2024,91.24
EHC,2025,105.54
EHC,2026,120.21
ELAN,2018,31.53
ELAN,2019,29.45
ELAN,2020,30.67
ELAN,2021,28.38
ELAN,2022,12.22
ELAN,2023,14.9
ELAN,2024,12.11
ELAN,2025,22.63
ELAN,2026,23.92
ELF,2016,28.94
ELF,2017,22.31
ELF,2018,8.66
ELF,2019,16.13
ELF,2020,25.19
ELF,2021,33.21
ELF,2022,55.3
ELF,2023,144.34
ELF,2024,125.55
ELF,2025,76.04
ELF,2026,109.05
ELS,2015,25.62
ELS,2016,28.36
ELS,2017,35.84
ELS,2018,40.05
ELS,2019,59.19
ELS,2020,54.56
ELS,2021,76.94
ELS,2022,58.09
ELS,2023,65.17
ELS,2024,63.32
ELS,2025,59.57
ELS,2026,63.45
ENS,2015,50.66
ENS,2016,71.49
ENS,2017,64.36
ENS,2018,72.38
ENS,2019,70.51
ENS,2020,79.11
ENS,2021,75.91
ENS,2022,71.63
ENS,2023,98.78
ENS,2024,91.3
ENS,2025,146.34
ENS,2026,183.86
ENSG,2015,20.31
ENSG,2016,20.08
ENSG,2017,20.24
ENSG,2018,35.56
ENSG,2019,44.64
ENSG,2020,72.06
ENSG,2021,83.18
ENSG,2022,93.98
ENSG,2023,111.73
ENSG,2024,132.55
ENSG,2025,174.07
ENSG,2026,172.26
ENTG,2015,12.69
ENTG,2016,17.11
ENTG,2017,29.17
ENTG,2018,26.97
ENTG,2019,48.78
ENTG,2020,94.07
ENTG,2021,136.02
ENTG,2022,64.63
ENTG,2023,118.61
ENTG,2024,98.39
ENTG,2025,84.05
ENTG,2026,135.29
EPR,2015,30.55
EPR,2016,39.62
EPR,2017,38.26
EPR,2018,40.09
EPR,2019,46.96
EPR,2020,22.5
EPR,2021,33.89
EPR,2022,28.94
EPR,2023,40.17
EPR,2024,39.67
EPR,2025,47.8
EPR,2026,58.71
EQH,2018,13.59
EQH,2019,20.81
EQH,2020,22.16
EQH,2021,29.03
EQH,2022,26.08
EQH,2023,31.2
EQH,2024,45.25
EQH,2025,46.68
EQH,2026,50.13
ESAB,2022,46.37
ESAB,2023,85.9
ESAB,2024,119.28
ESAB,2025,111.47
ESAB,2026,75.38
ESNT,2015,19.25
ESNT,2016,28.47
ESNT,2017,38.19
ESNT,2018,30.06
ESNT,2019,45.99
ESNT,2020,38.85
ESNT,2021,41.59
ESNT,2022,36.28
ESNT,2023,50.29
ESNT,2024,52.92
ESNT,2025,63.9
ESNT,2026,67.56
EVR,2015,43.12
EVR,2016,56.13
EVR,2017,74.88
EVR,2018,60.71
EVR,2019,65.2
EVR,2020,98.89
EVR,2021,124.89
EVR,2022,102.91
EVR,2023,165.26
EVR,2024,271.6
EVR,2025,337.47
EVR,2026,286.43
EWBC,2015,32.55
EWBC,2016,40.7
EWBC,2017,49.4
EWBC,2018,35.84
EWBC,2019,40.98
EWBC,2020,43.95
EWBC,2021,69.43
EWBC,2022,59.41
EWBC,2023,66.99
EWBC,2024,91.61
EWBC,2025,110.22
EWBC,2026,126.86
EXEL,2015,5.64
EXEL,2016,14.91
EXEL,2017,30.4
EXEL,2018,19.67
EXEL,2019,17.62
EXEL,2020,20.07
EXEL,2021,18.28
EXEL,2022,16.04
EXEL,2023,23.99
EXEL,2024,33.3
EXEL,2025,43.83
EXEL,2026,54.64
EXLS,2015,8.99
EXLS,2016,10.09
EXLS,2017,12.07
EXLS,2018,10.52
EXLS,2019,13.89
EXLS,2020,17.03
EXLS,2021,28.95
EXLS,2022,33.89
EXLS,2023,30.85
EXLS,2024,44.38
EXLS,2025,42.44
EXLS,2026,38.08
EXP,2015,57.4
EXP,2016,94.07
EXP,2017,108.6
EXP,2018,58.77
EXP,2019,87.7
EXP,2020,98.21
EXP,2021,162.11
EXP,2022,130.41
EXP,2023,200.34
EXP,2024,244.68
EXP,2025,205.88
EXP,2026,194.0
EXPO,2015,21.97
EXPO,2016,26.88
EXPO,2017,32.11
EXPO,2018,46.31
EXPO,2019,63.68
EXPO,2020,83.89
EXPO,2021,109.62
EXPO,2022,93.99
EXPO,2023,84.46
EXPO,2024,86.51
EXPO,2025,68.51
EXPO,2026,70.7
FAF,2015,25.42
FAF,2016,26.76
FAF,2017,42.26
FAF,2018,34.7
FAF,2019,46.71
FAF,2020,42.72
FAF,2021,66.72
FAF,2022,46.3
FAF,2023,59.1
FAF,2024,59.31
FAF,2025,60.44
FAF,2026,73.92
FBIN,2015,40.52
FBIN,2016,39.46
FBIN,2017,51.11
FBIN,2018,28.8
FBIN,2019,50.37
FBIN,2020,66.95
FBIN,2021,84.38
FBIN,2022,53.59
FBIN,2023,72.49
FBIN,2024,65.88
FBIN,2025,49.14
FBIN,2026,44.33
FCFS,2015,32.51
FCFS,2016,41.33
FCFS,2017,60.16
FCFS,2018,65.26
FCFS,2019,73.56
FCFS,2020,64.93
FCFS,2021,70.43
FCFS,2022,83.12
FCFS,2023,105.11
FCFS,2024,101.75
FCFS,2025,158.41
FCFS,2026,214.47
FCN,2015,34.66
FCN,2016,45.08
FCN,2017,42.96
FCN,2018,66.64
FCN,2019,110.66
FCN,2020,111.72
FCN,2021,153.42
FCN,2022,158.8
FCN,2023,199.15
FCN,2024,191.13
FCN,2025,170.83
FCN,2026,150.57
FFIN,2015,12.35
FFIN,2016,18.88
FFIN,2017,19.15
FFIN,2018,24.89
FFIN,2019,30.73
FFIN,2020,32.23
FFIN,2021,45.84
FFIN,2022,31.53
FFIN,2023,28.45
FFIN,2024,34.58
FFIN,2025,29.29
FFIN,2026,33.01
FHI,2015,17.69
FHI,2016,18.84
FHI,2017,24.92
FHI,2018,19.1
FHI,2019,24.27
FHI,2020,23.35
FHI,2021,31.45
FHI,2022,31.4
FHI,2023,30.2
FHI,2024,39.14
FHI,2025,51.06
FHI,2026,63.65
FHN,2015,10.19
FHN,2016,14.3
FHN,2017,14.58
FHN,2018,9.86
FHN,2019,12.87
FHN,2020,10.49
FHN,2021,13.91
FHN,2022,21.42
FHN,2023,12.97
FHN,2024,19.16
FHN,2025,23.39
FHN,2026,24.15
FIVE,2015,32.1
FIVE,2016,39.96
FIVE,2017,66.32
FIVE,2018,102.32
FIVE,2019,127.86
FIVE,2020,174.98
FIVE,2021,206.89
FIVE,2022,176.87
FIVE,2023,213.16
FIVE,2024,104.96
FIVE,2025,188.36
FIVE,2026,246.84
FLG,2015,29.72
FLG,2016,30.36
FLG,2017,26.15
FLG,2018,20.07
FLG,2019,27.17
FLG,2020,25.59
FLG,2021,31.4
FLG,2022,23.69
FLG,2023,30.06
FLG,2024,9.28
FLG,2025,12.56
FLG,2026,13.3
FLR,2015,43.06
FLR,2016,48.69
FLR,2017,48.76
FLR,2018,30.91
FLR,2019,18.69
FLR,2020,15.97
FLR,2021,24.77
FLR,2022,34.66
FLR,2023,39.17
FLR,2024,49.32
FLR,2025,39.63
FLR,2026,54.51
FLS,2015,34.3
FLS,2016,39.8
FLS,2017,35.34
FLS,2018,32.44
FLS,2019,43.36
FLS,2020,33.02
FLS,2021,28.04
FLS,2022,28.91
FLS,2023,39.7
FLS,2024,56.32
FLS,2025,68.97
FLS,2026,79.09
FN,2015,23.82
FN,2016,40.3
FN,2017,28.7
FN,2018,51.31
FN,2019,64.84
FN,2020,77.59
FN,2021,118.47
FN,2022,128.22
FN,2023,190.33
FN,2024,219.88
FN,2025,455.28
FN,2026,412.93
FNB,2015,8.87
FNB,2016,11.05
FNB,2017,9.86
FNB,2018,7.28
FNB,2019,9.79
FNB,2020,7.75
FNB,2021,10.3
FNB,2022,11.51
FNB,2023,12.63
FNB,2024,14.02
FNB,2025,16.73
FNB,2026,18.1
FND,2017,48.68
FND,2018,25.9
FND,2019,50.81
FND,2020,92.85
FND,2021,130.01
FND,2022,69.63
FND,2023,111.56
FND,2024,99.7
FND,2025,60.89
FND,2026,50.27
FNF,2015,15.84
FNF,2016,15.92
FNF,2017,26.11
FNF,2018,21.62
FNF,2019,32.15
FNF,2020,28.83
FNF,2021,39.8
FNF,2022,31.19
FNF,2023,44.34
FNF,2024,50.56
FNF,2025,52.78
FNF,2026,45.9
FOUR,2020,75.4
FOUR,2021,57.93
FOUR,2022,55.93
FOUR,2023,74.34
FOUR,2024,103.78
FOUR,2025,62.97
FOUR,2026,42.28
FR,2015,16.62
FR,2016,21.68
FR,2017,25.04
FR,2018,23.64
FR,2019,34.84
FR,2020,36.32
FR,2021,58.23
FR,2022,43.46
FR,2023,48.64
FR,2024,47.66
FR,2025,56.32
FR,2026,61.88
FTI,2015,19.76
FTI,2016,24.21
FTI,2017,21.44
FTI,2018,13.65
FTI,2019,15.3
FTI,2020,6.85
FTI,2021,5.8
FTI,2022,11.94
FTI,2023,19.83
FTI,2024,28.71
FTI,2025,44.47
FTI,2026,78.15
G,2015,22.23
G,2016,21.66
G,2017,28.5
G,2018,24.47
G,2019,38.59
G,2020,38.23
G,2021,49.51
G,2022,43.7
G,2023,33.22
G,2024,41.79
G,2025,46.03
G,2026,37.78
GAP,2015,16.95
GAP,2016,16.16
GAP,2017,25.22
GAP,2018,19.69
GAP,2019,14.15
GAP,2020,16.38
GAP,2021,14.56
GAP,2022,9.81
GAP,2023,19.29
GAP,2024,22.4
GAP,2025,25.03
GAP,2026,22.31
GATX,2015,33.47
GATX,2016,50.13
GATX,2017,52.03
GATX,2018,60.69
GATX,2019,72.68
GATX,2020,75.04
GATX,2021,95.96
GATX,2022,99.96
GATX,2023,115.17
GATX,2024,150.98
GATX,2025,167.72
GATX,2026,174.27
GBCI,2015,18.8
GBCI,2016,26.75
GBCI,2017,30.28
GBCI,2018,31.21
GBCI,2019,37.47
GBCI,2020,38.91
GBCI,2021,49.2
GBCI,2022,44.08
GBCI,2023,38.34
GBCI,2024,48.07
GBCI,2025,43.46
GBCI,2026,46.31
GEF,2015,20.95
GEF,2016,36.42
GEF,2017,44.29
GEF,2018,28.05
GEF,2019,34.93
GEF,2020,38.99
GEF,2021,51.7
GEF,2022,59.19
GEF,2023,59.73
GEF,2024,57.56
GEF,2025,66.05
GEF,2026,82.13
GGG,2015,20.84
GGG,2016,24.46
GGG,2017,40.51
GGG,2018,37.94
GGG,2019,47.78
GGG,2020,67.36
GGG,2021,75.83
GGG,2022,64.09
GGG,2023,83.71
GGG,2024,82.3
GGG,2025,81.1
GGG,2026,77.43
GHC,2015,436.94
GHC,2016,465.98
GHC,2017,512.79
GHC,2018,593.71
GHC,2019,597.06
GHC,2020,505.62
GHC,2021,602.96
GHC,2022,584.73
GHC,2023,681.54
GHC,2024,860.94
GHC,2025,1093.24
GHC,2026,1128.89
GLPI,2015,13.84
GLPI,2016,16.45
GLPI,2017,21.35
GLPI,2018,20.09
GLPI,2019,28.71
GLPI,2020,29.37
GLPI,2021,35.86
GLPI,2022,40.7
GLPI,2023,41.07
GLPI,2024,42.69
GLPI,2025,42.35
GLPI,2026,41.23
GME,2015,5.41
GME,2016,5.14
GME,2017,3.92
GME,2018,3.05
GME,2019,1.52
GME,2020,4.71
GME,2021,37.1
GME,2022,18.46
GME,2023,17.53
GME,2024,31.34
GME,2025,20.08
GME,2026,18.38
GMED,2015,27.82
GMED,2016,24.81
GMED,2017,41.1
GMED,2018,43.28
GMED,2019,58.88
GMED,2020,65.22
GMED,2021,72.2
GMED,2022,74.27
GMED,2023,53.29
GMED,2024,82.71
GMED,2025,87.31
GMED,2026,81.37
GNTX,2015,13.16
GNTX,2016,16.54
GNTX,2017,17.94
GNTX,2018,17.64
GNTX,2019,25.81
GNTX,2020,30.78
GNTX,2021,32.05
GNTX,2022,25.51
GNTX,2023,31.06
GNTX,2024,27.73
GNTX,2025,22.91
GNTX,2026,22.37
GPK,2015,10.23
GPK,2016,10.12
GPK,2017,12.89
GPK,2018,9.07
GPK,2019,14.5
GPK,2020,15.07
GPK,2021,17.63
GPK,2022,20.42
GPK,2023,23.01
GPK,2024,25.71
GPK,2025,14.57
GPK,2026,11.07
GWRE,2015,60.16
GWRE,2016,49.33
GWRE,2017,74.26
GWRE,2018,80.23
GWRE,2019,109.77
GWRE,2020,128.73
GWRE,2021,113.53
GWRE,2022,62.56
GWRE,2023,109.04
GWRE,2024,168.58
GWRE,2025,201.01
GWRE,2026,204.75
GXO,2021,90.83
GXO,2022,42.69
GXO,2023,61.16
GXO,2024,43.5
GXO,2025,52.64
GXO,2026,47.73
H,2015,45.4
H,2016,53.36
H,2017,71.01
H,2018,65.78
H,2019,88.19
H,2020,73.16
H,2021,94.49
H,2022,89.12
H,2023,129.01
H,2024,155.91
H,2025,159.91
H,2026,166.97
HAE,2015,32.24
HAE,2016,40.2
HAE,2017,58.08
HAE,2018,100.05
HAE,2019,114.9
HAE,2020,118.75
HAE,2021,53.04
HAE,2022,78.65
HAE,2023,85.51
HAE,2024,78.08
HAE,2025,80.15
HAE,2026,103.07
HALO,2015,17.33
HALO,2016,9.88
HALO,2017,20.26
HALO,2018,14.63
HALO,2019,17.73
HALO,2020,42.71
HALO,2021,40.21
HALO,2022,56.9
HALO,2023,36.96
HALO,2024,47.81
HALO,2025,67.3
HALO,2026,106.49
HGV,2017,41.95
HGV,2018,26.39
HGV,2019,34.39
HGV,2020,31.35
HGV,2021,52.11
HGV,2022,38.54
HGV,2023,40.18
HGV,2024,38.95
HGV,2025,44.75
HGV,2026,42.41
HIMS,2019,9.9
HIMS,2020,14.6
HIMS,2021,6.55
HIMS,2022,6.41
HIMS,2023,8.9
HIMS,2024,24.18
HIMS,2025,32.47
HIMS,2026,29.58
HL,2015,1.8
HL,2016,5.02
HL,2017,3.81
HL,2018,2.27
HL,2019,3.29
HL,2020,6.31
HL,2021,5.11
HL,2022,5.47
HL,2023,4.76
HL,2024,4.9
HL,2025,19.18
HL,2026,19.87
HLI,2015,20.93
HLI,2016,25.5
HLI,2017,38.07
HLI,2018,31.52
HLI,2019,42.97
HLI,2020,60.42
HLI,2021,94.89
HLI,2022,81.72
HLI,2023,114.95
HLI,2024,169.02
HLI,2025,171.79
HLI,2026,132.59
HLNE,2017,30.19
HLNE,2018,32.19
HLNE,2019,52.87
HLNE,2020,70.61
HLNE,2021,95.14
HLNE,2022,59.96
HLNE,2023,108.74
HLNE,2024,143.98
HLNE,2025,132.61
HLNE,2026,108.82
HOG,2015,34.57
HOG,2016,45.77
HOG,2017,41.06
HOG,2018,28.52
HOG,2019,32.4
HOG,2020,32.46
HOG,2021,33.85
HOG,2022,37.96
HOG,2023,34.26
HOG,2024,28.57
HOG,2025,19.98
HOG,2026,27.41
HOMB,2015,15.38
HOMB,2016,21.42
HOMB,2017,18.24
HOMB,2018,13.09
HOMB,2019,16.19
HOMB,2020,16.56
HOMB,2021,21.18
HOMB,2022,20.39
HOMB,2023,23.41
HOMB,2024,26.92
HOMB,2025,27.16
HOMB,2026,29.46
HQY,2015,25.07
HQY,2016,40.52
HQY,2017,46.66
HQY,2018,59.65
HQY,2019,74.07
HQY,2020,69.71
HQY,2021,44.24
HQY,2022,61.64
HQY,2023,66.3
HQY,2024,95.95
HQY,2025,91.61
HQY,2026,96.54
HR,2015,11.44
HR,2016,12.74
HR,2017,14.01
HR,2018,12.95
HR,2019,16.4
HR,2020,15.63
HR,2021,18.14
HR,2022,14.97
HR,2023,14.36
HR,2024,15.28
HR,2025,16.33
HR,2026,19.04
HRB,2015,21.99
HRB,2016,15.74
HRB,2017,18.61
HRB,2018,18.7
HRB,2019,18.04
HRB,2020,12.99
HRB,2021,20.19
HRB,2022,32.29
HRB,2023,44.2
HRB,2024,49.52
HRB,2025,42.15
HRB,2026,51.18
HWC,2015,18.66
HWC,2016,32.99
HWC,2017,38.66
HWC,2018,27.65
HWC,2019,36.0
HWC,2020,29.12
HWC,2021,43.85
HWC,2022,43.31
HWC,2023,44.74
HWC,2024,51.93
HWC,2025,62.33
HWC,2026,74.0
HXL,2015,42.93
HXL,2016,48.01
HXL,2017,58.24
HXL,2018,54.45
HXL,2019,70.23
HXL,2020,46.56
HXL,2021,49.73
HXL,2022,56.9
HXL,2023,71.83
HXL,2024,61.64
HXL,2025,73.47
HXL,2026,92.67
IBOC,2015,19.55
IBOC,2016,31.74
IBOC,2017,31.43
IBOC,2018,27.73
IBOC,2019,35.68
IBOC,2020,32.29
IBOC,2021,37.62
IBOC,2022,41.73
IBOC,2023,50.9
IBOC,2024,60.63
IBOC,2025,65.12
IBOC,2026,70.16
IDA,2015,50.19
IDA,2016,61.13
IDA,2017,71.19
IDA,2018,74.43
IDA,2019,87.61
IDA,2020,81.07
IDA,2021,98.46
IDA,2022,96.42
IDA,2023,90.66
IDA,2024,104.21
IDA,2025,124.21
IDA,2026,136.16
IDCC,2015,40.46
IDCC,2016,76.55
IDCC,2017,64.8
IDCC,2018,57.53
IDCC,2019,48.26
IDCC,2020,55.15
IDCC,2021,66.45
IDCC,2022,47.02
IDCC,2023,105.16
IDCC,2024,190.4
IDCC,2025,316.16
IDCC,2026,335.03
IESC,2015,5.53
IESC,2016,9.57
IESC,2017,8.62
IESC,2018,7.78
IESC,2019,12.83
IESC,2020,23.02
IESC,2021,25.32
IESC,2022,17.78
IESC,2023,39.61
IESC,2024,100.48
IESC,2025,194.51
IESC,2026,303.0
ILMN,2015,186.72
ILMN,2016,124.55
ILMN,2017,212.54
ILMN,2018,291.76
ILMN,2019,322.7
ILMN,2020,359.92
ILMN,2021,370.08
ILMN,2022,196.69
ILMN,2023,135.45
ILMN,2024,133.63
ILMN,2025,131.16
ILMN,2026,213.63
INGR,2015,72.94
INGR,2016,96.61
INGR,2017,110.01
INGR,2018,73.6
INGR,2019,77.06
INGR,2020,67.38
INGR,2021,85.14
INGR,2022,88.95
INGR,2023,101.48
INGR,2024,131.13
INGR,2025,107.7
INGR,2026,103.46
IPGP,2015,89.16
IPGP,2016,98.71
IPGP,2017,214.13
IPGP,2018,113.29
IPGP,2019,144.92
IPGP,2020,223.79
IPGP,2021,172.14
IPGP,2022,94.67
IPGP,2023,108.54
IPGP,2024,72.72
IPGP,2025,71.6
IPGP,2026,76.08
IRT,2015,4.36
IRT,2016,5.67
IRT,2017,6.91
IRT,2018,6.78
IRT,2019,11.01
IRT,2020,11.05
IRT,2021,21.78
IRT,2022,14.75
IRT,2023,13.92
IRT,2024,18.69
IRT,2025,17.1
IRT,2026,16.18
ITT,2015,32.32
ITT,2016,34.78
ITT,2017,48.71
ITT,2018,44.49
ITT,2019,68.78
ITT,2020,72.55
ITT,2021,97.18
ITT,2022,78.22
ITT,2023,116.49
ITT,2024,140.79
ITT,2025,172.48
ITT,2026,199.91
JAZZ,2015,140.56
JAZZ,2016,109.03
JAZZ,2017,134.65
JAZZ,2018,123.96
JAZZ,2019,149.28
JAZZ,2020,165.05
JAZZ,2021,127.4
JAZZ,2022,159.31
JAZZ,2023,123.0
JAZZ,2024,123.15
JAZZ,2025,170.0
JAZZ,2026,250.68
JEF,2015,11.79
JEF,2016,15.99
JEF,2017,18.45
JEF,2018,12.34
JEF,2019,16.65
JEF,2020,19.81
JEF,2021,32.08
JEF,2022,29.37
JEF,2023,37.52
JEF,2024,74.6
JEF,2025,60.59
JEF,2026,52.64
JLL,2015,156.24
JLL,2016,99.38
JLL,2017,147.28
JLL,2018,125.86
JLL,2019,174.09
JLL,2020,148.37
JLL,2021,269.34
JLL,2022,159.37
JLL,2023,188.87
JLL,2024,253.14
JLL,2025,336.47
JLL,2026,365.87
KBH,2015,10.85
KBH,2016,14.01
KBH,2017,28.45
KBH,2018,17.08
KBH,2019,30.89
KBH,2020,30.62
KBH,2021,41.43
KBH,2022,30.04
KBH,2023,59.8
KBH,2024,63.77
KBH,2025,55.66
KBH,2026,53.3
KBR,2015,14.47
KBR,2016,14.58
KBR,2017,17.66
KBR,2018,13.77
KBR,2019,28.03
KBR,2020,28.94
KBR,2021,45.03
KBR,2022,50.41
KBR,2023,53.4
KBR,2024,56.38
KBR,2025,39.66
KBR,2026,37.33
KD,2021,18.1
KD,2022,11.12
KD,2023,20.78
KD,2024,34.6
KD,2025,26.56
KD,2026,13.45
KEX,2015,52.62
KEX,2016,66.5
KEX,2017,66.8
KEX,2018,67.36
KEX,2019,89.53
KEX,2020,51.83
KEX,2021,59.42
KEX,2022,64.35
KEX,2023,78.48
KEX,2024,105.8
KEX,2025,110.18
KEX,2026,141.86
KNF,2023,66.18
KNF,2024,101.64
KNF,2025,70.35
KNF,2026,62.7
KNSL,2016,33.04
KNSL,2017,44.02
KNSL,2018,54.62
KNSL,2019,100.31
KNSL,2020,197.9
KNSL,2021,235.81
KNSL,2022,259.78
KNSL,2023,333.23
KNSL,2024,463.4
KNSL,2025,390.28
KNSL,2026,373.9
KNX,2015,21.92
KNX,2016,30.16
KNX,2017,40.16
KNX,2018,23.17
KNX,2019,33.37
KNX,2020,39.26
KNX,2021,57.64
KNX,2022,50.04
KNX,2023,55.59
KNX,2024,51.78
KNX,2025,51.83
KNX,2026,68.31
KRC,2015,40.4
KRC,2016,49.1
KRC,2017,51.2
KRC,2018,44.27
KRC,2019,60.54
KRC,2020,42.87
KRC,2021,51.15
KRC,2022,31.07
KRC,2023,34.21
KRC,2024,36.88
KRC,2025,36.14
KRC,2026,36.3
KRG,2015,14.58
KRG,2016,13.77
KRG,2017,12.18
KRG,2018,9.45
KRG,2019,14.48
KRG,2020,11.58
KRG,2021,17.46
KRG,2022,17.6
KRG,2023,19.99
KRG,2024,23.08
KRG,2025,23.04
KRG,2026,25.8
KRYS,2017,10.52
KRYS,2018,20.78
KRYS,2019,55.38
KRYS,2020,60.0
KRYS,2021,69.95
KRYS,2022,79.22
KRYS,2023,124.06
KRYS,2024,156.66
KRYS,2025,246.54
KRYS,2026,359.36
KTOS,2015,4.1
KTOS,2016,7.4
KTOS,2017,10.59
KTOS,2018,14.09
KTOS,2019,18.01
KTOS,2020,27.43
KTOS,2021,19.4
KTOS,2022,10.32
KTOS,2023,20.29
KTOS,2024,26.38
KTOS,2025,75.91
KTOS,2026,50.98
LAD,2015,97.46
LAD,2016,89.48
LAD,2017,106.08
LAD,2018,72.18
LAD,2019,140.43
LAD,2020,281.88
LAD,2021,287.07
LAD,2022,199.15
LAD,2023,322.69
LAD,2024,352.75
LAD,2025,330.38
LAD,2026,367.32
LAMR,2015,36.58
LAMR,2016,43.04
LAMR,2017,49.78
LAMR,2018,48.82
LAMR,2019,66.06
LAMR,2020,63.96
LAMR,2021,96.76
LAMR,2022,79.3
LAMR,2023,94.02
LAMR,2024,112.8
LAMR,2025,123.77
LAMR,2026,149.01
LEA,2015,100.39
LEA,2016,109.32
LEA,2017,147.84
LEA,2018,104.53
LEA,2019,119.56
LEA,2020,139.76
LEA,2021,162.4
LEA,2022,112.55
LEA,2023,131.0
LEA,2024,90.18
LEA,2025,112.59
LEA,2026,124.22
LECO,2015,43.23
LECO,2016,65.22
LECO,2017,79.16
LECO,2018,69.47
LECO,2019,87.12
LECO,2020,107.13
LECO,2021,130.58
LECO,2022,137.66
LECO,2023,210.08
LECO,2024,183.72
LECO,2025,238.15
LECO,2026,281.23
LFUS,2015,96.67
LFUS,2016,138.49
LFUS,2017,181.96
LFUS,2018,158.98
LFUS,2019,179.22
LFUS,2020,241.08
LFUS,2021,300.04
LFUS,2022,211.88
LFUS,2023,259.99
LFUS,2024,231.44
LFUS,2025,251.46
LFUS,2026,412.18
LIVN,2015,59.37
LIVN,2016,44.97
LIVN,2017,79.92
LIVN,2018,91.47
LIVN,2019,75.43
LIVN,2020,66.21
LIVN,2021,87.43
LIVN,2022,55.54
LIVN,2023,51.74
LIVN,2024,46.31
LIVN,2025,61.53
LIVN,2026,79.81
LNTH,2015,3.38
LNTH,2016,8.6
LNTH,2017,20.45
LNTH,2018,15.65
LNTH,2019,20.51
LNTH,2020,13.49
LNTH,2021,28.89
LNTH,2022,50.96
LNTH,2023,62.0
LNTH,2024,89.46
LNTH,2025,66.55
LNTH,2026,100.96
LOPE,2015,40.12
LOPE,2016,58.45
LOPE,2017,89.53
LOPE,2018,96.14
LOPE,2019,95.79
LOPE,2020,93.11
LOPE,2021,85.71
LOPE,2022,105.66
LOPE,2023,132.04
LOPE,2024,163.8
LOPE,2025,166.31
LOPE,2026,148.13
LPX,2015,15.67
LPX,2016,16.47
LPX,2017,22.85
LPX,2018,19.71
LPX,2019,26.88
LPX,2020,34.4
LPX,2021,73.37
LPX,2022,56.22
LPX,2023,68.33
LPX,2024,101.08
LPX,2025,79.8
LPX,2026,70.51
LSCC,2015,6.47
LSCC,2016,7.36
LSCC,2017,5.78
LSCC,2018,6.92
LSCC,2019,19.14
LSCC,2020,45.82
LSCC,2021,77.06
LSCC,2022,64.88
LSCC,2023,68.99
LSCC,2024,56.65
LSCC,2025,73.58
LSCC,2026,115.34
LSTR,2015,49.04
LSTR,2016,71.68
LSTR,2017,87.87
LSTR,2018,82.38
LSTR,2019,98.67
LSTR,2020,119.57
LSTR,2021,162.12
LSTR,2022,150.25
LSTR,2023,182.06
LSTR,2024,164.48
LSTR,2025,140.76
LSTR,2026,180.63
M,2015,21.95
M,2016,23.38
M,2017,17.47
M,2018,21.6
M,2019,13.35
M,2020,9.2
M,2021,21.7
M,2022,17.65
M,2023,17.94
M,2024,15.71
M,2025,21.45
M,2026,21.77
MANH,2015,66.17
MANH,2016,53.03
MANH,2017,49.54
MANH,2018,42.37
MANH,2019,79.75
MANH,2020,105.18
MANH,2021,155.49
MANH,2022,121.4
MANH,2023,215.32
MANH,2024,270.24
MANH,2025,173.31
MANH,2026,223.19
MAT,2015,24.85
MAT,2016,26.45
MAT,2017,15.38
MAT,2018,9.99
MAT,2019,13.55
MAT,2020,17.45
MAT,2021,21.56
MAT,2022,17.84
MAT,2023,18.88
MAT,2024,17.73
MAT,2025,19.84
MAT,2026,14.95
MEDP,2016,36.07
MEDP,2017,36.26
MEDP,2018,52.93
MEDP,2019,84.06
MEDP,2020,139.2
MEDP,2021,217.64
MEDP,2022,212.41
MEDP,2023,306.53
MEDP,2024,332.23
MEDP,2025,561.65
MEDP,2026,593.99
MIDD,2015,86.78
MIDD,2016,103.63
MIDD,2017,108.57
MIDD,2018,82.65
MIDD,2019,88.11
MIDD,2020,103.72
MIDD,2021,158.29
MIDD,2022,107.72
MIDD,2023,118.4
MIDD,2024,108.97
MIDD,2025,119.61
MIDD,2026,110.84
MKSI,2015,32.88
MKSI,2016,55.13
MKSI,2017,88.46
MKSI,2018,60.99
MKSI,2019,104.84
MKSI,2020,144.36
MKSI,2021,168.01
MKSI,2022,82.38
MKSI,2023,101.01
MKSI,2024,103.24
MKSI,2025,159.38
MKSI,2026,256.24
MLI,2015,5.42
MLI,2016,8.08
MLI,2017,7.86
MLI,2018,5.26
MLI,2019,7.24
MLI,2020,8.13
MLI,2021,13.9
MLI,2022,14.05
MLI,2023,22.81
MLI,2024,38.9
MLI,2025,56.91
MLI,2026,62.24
MMS,2015,49.26
MMS,2016,49.04
MMS,2017,63.1
MMS,2018,57.72
MMS,2019,66.9
MMS,2020,66.85
MMS,2021,73.74
MMS,2022,69.03
MMS,2023,80.09
MMS,2024,72.32
MMS,2025,84.96
MMS,2026,57.77
MOG-A,2015,55.89
MOG-A,2016,60.57
MOG-A,2017,80.09
MOG-A,2018,72.13
MOG-A,2019,80.36
MOG-A,2020,75.42
MOG-A,2021,77.98
MOG-A,2022,85.61
MOG-A,2023,142.66
MOG-A,2024,195.19
MOG-A,2025,242.92
MOG-A,2026,371.5
MOH,2015,60.13
MOH,2016,54.26
MOH,2017,76.68
MOH,2018,116.22
MOH,2019,135.69
MOH,2020,212.68
MOH,2021,318.08
MOH,2022,330.22
MOH,2023,361.31
MOH,2024,291.05
MOH,2025,173.54
MOH,2026,198.77
MORN,2015,73.72
MORN,2016,68.18
MORN,2017,90.94
MORN,2018,103.98
MORN,2019,144.46
MORN,2020,223.24
MORN,2021,330.92
MORN,2022,210.76
MORN,2023,280.52
MORN,2024,331.83
MORN,2025,215.52
MORN,2026,218.94
MP,2020,32.17
MP,2021,45.42
MP,2022,24.28
MP,2023,19.85
MP,2024,15.6
MP,2025,50.52
MP,2026,54.75
MSA,2015,37.04
MSA,2016,60.67
MSA,2017,69.15
MSA,2018,85.48
MSA,2019,116.34
MSA,2020,139.36
MSA,2021,142.35
MSA,2022,137.86
MSA,2023,163.4
MSA,2024,162.25
MSA,2025,158.78
MSA,2026,186.77
MSM,2015,34.91
MSM,2016,58.74
MSM,2017,62.83
MSM,2018,51.35
MSM,2019,54.31
MSM,2020,68.07
MSM,2021,70.17
MSM,2022,70.8
MSM,2023,91.0
MSM,2024,69.7
MSM,2025,81.84
MSM,2026,118.88
MTDR,2015,18.12
MTDR,2016,23.61
MTDR,2017,28.53
MTDR,2018,14.23
MTDR,2019,16.47
MTDR,2020,11.05
MTDR,2021,33.97
MTDR,2022,52.94
MTDR,2023,53.24
MTDR,2024,53.43
MTDR,2025,41.52
MTDR,2026,58.01
MTG,2015,7.47
MTG,2016,8.63
MTG,2017,11.94
MTG,2018,8.85
MTG,2019,12.1
MTG,2020,10.99
MTG,2021,12.88
MTG,2022,11.92
MTG,2023,18.16
MTG,2024,22.82
MTG,2025,28.73
MTG,2026,30.65
MTN,2015,92.55
MTN,2016,119.28
MTN,2017,160.35
MTN,2018,163.14
MTN,2019,191.43
MTN,2020,225.44
MTN,2021,266.37
MTN,2022,200.08
MTN,2023,185.95
MTN,2024,171.15
MTN,2025,128.56
MTN,2026,136.91
MTSI,2015,40.89
MTSI,2016,46.28
MTSI,2017,32.54
MTSI,2018,14.51
MTSI,2019,26.6
MTSI,2020,55.04
MTSI,2021,78.3
MTSI,2022,62.98
MTSI,2023,92.95
MTSI,2024,129.91
MTSI,2025,171.28
MTSI,2026,263.83
MTZ,2015,17.38
MTZ,2016,38.25
MTZ,2017,48.95
MTZ,2018,40.56
MTZ,2019,64.16
MTZ,2020,68.18
MTZ,2021,92.28
MTZ,2022,85.33
MTZ,2023,75.72
MTZ,2024,136.14
MTZ,2025,217.37
MTZ,2026,239.78
MUR,2015,15.1
MUR,2016,22.03
MUR,2017,22.78
MUR,2018,17.75
MUR,2019,21.21
MUR,2020,10.02
MUR,2021,22.19
MUR,2022,37.39
MUR,2023,38.13
MUR,2024,27.92
MUR,2025,30.35
MUR,2026,36.42
MUSA,2015,58.81
MUSA,2016,59.52
MUSA,2017,77.81
MUSA,2018,74.21
MUSA,2019,113.28
MUSA,2020,126.95
MUSA,2021,194.65
MUSA,2022,274.49
MUSA,2023,351.9
MUSA,2024,497.13
MUSA,2025,401.95
MUSA,2026,515.39
MZTI,2015,93.62
MZTI,2016,116.57
MZTI,2017,108.42
MZTI,2018,150.95
MZTI,2019,139.05
MZTI,2020,162.34
MZTI,2021,148.93
MZTI,2022,181.08
MZTI,2023,155.7
MZTI,2024,165.19
MZTI,2025,160.35
MZTI,2026,111.58
NBIX,2015,56.57
NBIX,2016,38.7
NBIX,2017,77.59
NBIX,2018,71.41
NBIX,2019,107.49
NBIX,2020,95.85
NBIX,2021,85.17
NBIX,2022,119.44
NBIX,2023,131.76
NBIX,2024,136.5
NBIX,2025,141.83
NBIX,2026,154.03
NEU,2015,310.3
NEU,2016,350.92
NEU,2017,334.48
NEU,2018,352.96
NEU,2019,423.6
NEU,2020,353.81
NEU,2021,311.61
NEU,2022,290.74
NEU,2023,520.85
NEU,2024,513.28
NEU,2025,678.95
NEU,2026,894.64
NFG,2015,30.36
NFG,2016,41.43
NFG,2017,41.35
NFG,2018,39.8
NFG,2019,37.43
NFG,2020,34.6
NFG,2021,55.58
NFG,2022,56.62
NFG,2023,46.59
NFG,2024,58.42
NFG,2025,79.05
NFG,2026,83.06
NJR,2015,23.32
NJR,2016,25.84
NJR,2017,30.02
NJR,2018,34.99
NJR,2019,35.04
NJR,2020,29.13
NJR,2021,34.84
NJR,2022,43.53
NJR,2023,40.51
NJR,2024,44.04
NJR,2025,45.32
NJR,2026,53.34
NLY,2015,10.22
NLY,2016,12.18
NLY,2017,16.07
NLY,2018,14.91
NLY,2019,15.98
NLY,2020,16.36
NLY,2021,16.77
NLY,2022,13.18
NLY,2023,13.83
NLY,2024,14.95
NLY,2025,20.92
NLY,2026,22.92
NNN,2015,23.69
NNN,2016,27.18
NNN,2017,27.72
NNN,2018,32.66
NNN,2019,37.49
NNN,2020,30.25
NNN,2021,37.24
NNN,2022,37.23
NNN,2023,37.01
NNN,2024,36.99
NNN,2025,38.03
NNN,2026,45.2
NOV,2015,29.05
NOV,2016,33.11
NOV,2017,32.03
NOV,2018,22.98
NOV,2019,22.59
NOV,2020,12.44
NOV,2021,12.33
NOV,2022,19.2
NOV,2023,18.85
NOV,2024,13.79
NOV,2025,15.35
NOV,2026,21.2
NOVT,2015,13.62
NOVT,2016,21.0
NOVT,2017,50.0
NOVT,2018,63.0
NOVT,2019,88.44
NOVT,2020,118.22
NOVT,2021,176.33
NOVT,2022,135.87
NOVT,2023,168.41
NOVT,2024,152.77
NOVT,2025,118.99
NOVT,2026,146.22
NTNX,2016,26.56
NTNX,2017,35.28
NTNX,2018,41.59
NTNX,2019,31.26
NTNX,2020,31.87
NTNX,2021,31.86
NTNX,2022,26.05
NTNX,2023,47.69
NTNX,2024,61.18
NTNX,2025,51.69
NTNX,2026,68.57
NVST,2019,29.64
NVST,2020,33.73
NVST,2021,45.06
NVST,2022,33.67
NVST,2023,24.06
NVST,2024,19.29
NVST,2025,21.71
NVST,2026,27.14
NVT,2018,19.31
NVT,2019,22.64
NVT,2020,21.36
NVT,2021,35.7
NVT,2022,36.88
NVT,2023,57.53
NVT,2024,67.1
NVT,2025,101.49
NVT,2026,150.75
NWE,2015,34.97
NWE,2016,37.92
NWE,2017,41.24
NWE,2018,42.69
NWE,2019,53.14
NWE,2020,45.09
NWE,2021,46.04
NWE,2022,49.95
NWE,2023,44.89
NWE,2024,49.61
NWE,2025,62.7
NWE,2026,69.16
NXST,2015,44.05
NXST,2016,48.5
NXST,2017,61.06
NXST,2018,62.68
NXST,2019,95.22
NXST,2020,91.02
NXST,2021,128.29
NXST,2022,151.86
NXST,2023,140.43
NXST,2024,147.5
NXST,2025,197.58
NXST,2026,182.13
NXT,2023,46.85
NXT,2024,36.53
NXT,2025,87.11
NXT,2026,82.03
NYT,2015,12.14
NYT,2016,12.19
NYT,2017,17.13
NYT,2018,20.79
NYT,2019,30.19
NYT,2020,48.89
NYT,2021,45.87
NYT,2022,31.12
NYT,2023,47.49
NYT,2024,50.97
NYT,2025,68.84
NYT,2026,67.27
OC,2015,39.7
OC,2016,44.17
OC,2017,79.65
OC,2018,38.48
OC,2019,57.96
OC,2020,68.47
OC,2021,82.8
OC,2022,79.3
OC,2023,140.49
OC,2024,163.83
OC,2025,109.73
OC,2026,138.15
OGE,2015,16.82
OGE,2016,22.24
OGE,2017,22.68
OGE,2018,28.1
OGE,2019,33.03
OGE,2020,24.8
OGE,2021,31.39
OGE,2022,33.77
OGE,2023,31.22
OGE,2024,38.61
OGE,2025,41.55
OGE,2026,45.63
OGS,2015,36.44
OGS,2016,47.54
OGS,2017,55.76
OGS,2018,62.12
OGS,2019,74.71
OGS,2020,62.95
OGS,2021,65.69
OGS,2022,66.11
OGS,2023,57.67
OGS,2024,65.21
OGS,2025,75.37
OGS,2026,79.27
OHI,2015,15.06
OHI,2016,14.47
OHI,2017,13.79
OHI,2018,19.31
OHI,2019,24.91
OHI,2020,23.21
OHI,2021,20.41
OHI,2022,21.13
OHI,2023,25.34
OHI,2024,33.84
OHI,2025,42.48
OHI,2026,45.72
OKTA,2017,25.61
OKTA,2018,63.8
OKTA,2019,115.37
OKTA,2020,254.26
OKTA,2021,224.17
OKTA,2022,68.33
OKTA,2023,90.53
OKTA,2024,78.8
OKTA,2025,86.47
OKTA,2026,173.04
OLED,2015,50.69
OLED,2016,52.42
OLED,2017,160.92
OLED,2018,87.4
OLED,2019,192.93
OLED,2020,215.91
OLED,2021,155.7
OLED,2022,102.97
OLED,2023,183.94
OLED,2024,141.85
OLED,2025,114.8
OLED,2026,82.64
OLLI,2015,17.01
OLLI,2016,28.45
OLLI,2017,53.25
OLLI,2018,66.51
OLLI,2019,65.31
OLLI,2020,81.77
OLLI,2021,51.19
OLLI,2022,46.84
OLLI,2023,75.89
OLLI,2024,109.73
OLLI,2025,109.61
OLLI,2026,75.42
OLN,2015,12.54
OLN,2016,19.42
OLN,2017,27.67
OLN,2018,16.08
OLN,2019,14.35
OLN,2020,21.64
OLN,2021,51.63
OLN,2022,48.21
OLN,2023,49.87
OLN,2024,31.77
OLN,2025,20.29
OLN,2026,17.4
ONB,2015,9.66
ONB,2016,13.45
ONB,2017,13.32
ONB,2018,12.09
ONB,2019,14.8
ONB,2020,13.9
ONB,2021,15.7
ONB,2022,16.09
ONB,2023,15.69
ONB,2024,20.79
ONB,2025,21.92
ONB,2026,25.44
ONTO,2019,36.54
ONTO,2020,47.55
ONTO,2021,101.23
ONTO,2022,68.09
ONTO,2023,152.9
ONTO,2024,166.67
ONTO,2025,157.86
ONTO,2026,267.21
OPCH,2015,7.0
OPCH,2016,4.16
OPCH,2017,11.64
OPCH,2018,14.28
OPCH,2019,14.92
OPCH,2020,15.64
OPCH,2021,28.44
OPCH,2022,30.09
OPCH,2023,33.69
OPCH,2024,23.2
OPCH,2025,31.86
OPCH,2026,23.45
ORA,2015,33.79
ORA,2016,50.3
ORA,2017,60.42
ORA,2018,49.9
ORA,2019,71.58
ORA,2020,87.27
ORA,2021,77.16
ORA,2022,84.63
ORA,2023,74.63
ORA,2024,67.13
ORA,2025,110.13
ORA,2026,102.0
ORI,2015,8.72
ORI,2016,9.27
ORI,2017,10.83
ORI,2018,11.35
ORI,2019,13.37
ORI,2020,12.35
ORI,2021,17.89
ORI,2022,19.09
ORI,2023,24.11
ORI,2024,30.65
ORI,2025,42.14
ORI,2026,41.42
OSK,2015,33.08
OSK,2016,55.69
OSK,2017,79.27
OSK,2018,54.2
OSK,2019,84.88
OSK,2020,78.49
OSK,2021,104.01
OSK,2022,82.7
OSK,2023,103.56
OSK,2024,92.35
OSK,2025,124.2
OSK,2026,154.11
OVV,2015,20.22
OVV,2016,46.97
OVV,2017,53.64
OVV,2018,23.4
OVV,2019,19.28
OVV,2020,12.55
OVV,2021,29.92
OVV,2022,45.86
OVV,2023,40.85
OVV,2024,38.71
OVV,2025,38.59
OVV,2026,65.35
OZK,2015,35.55
OZK,2016,38.37
OZK,2017,35.87
OZK,2018,17.21
OZK,2019,23.79
OZK,2020,25.59
OZK,2021,39.19
OZK,2022,34.78
OZK,2023,44.91
OZK,2024,41.61
OZK,2025,44.7
OZK,2026,49.08
P,2015,15.57
P,2016,11.31
P,2017,15.86
P,2018,16.08
P,2019,17.11
P,2020,22.61
P,2021,32.55
P,2022,26.76
P,2023,35.66
P,2024,61.43
P,2025,67.01
P,2026,92.95
PAG,2015,32.12
PAG,2016,40.51
PAG,2017,38.44
PAG,2018,33.36
PAG,2019,43.01
PAG,2020,51.66
PAG,2021,95.24
PAG,2022,104.03
PAG,2023,148.03
PAG,2024,144.26
PAG,2025,154.54
PAG,2026,216.59
PATH,2021,43.13
PATH,2022,12.71
PATH,2023,24.84
PATH,2024,12.71
PATH,2025,16.39
PATH,2026,18.67
PB,2015,35.13
PB,2016,53.93
PB,2017,53.73
PB,2018,48.77
PB,2019,57.65
PB,2020,57.49
PB,2021,61.59
PB,2022,63.83
PB,2023,61.7
PB,2024,70.99
PB,2025,67.34
PB,2026,70.96
PBF,2015,27.4
PBF,2016,21.77
PBF,2017,29.1
PBF,2018,27.66
PBF,2019,27.71
PBF,2020,6.34
PBF,2021,11.58
PBF,2022,36.58
PBF,2023,40.22
PBF,2024,24.94
PBF,2025,26.63
PBF,2026,72.99
PCTY,2015,40.55
PCTY,2016,30.01
PCTY,2017,47.16
PCTY,2018,60.21
PCTY,2019,120.82
PCTY,2020,205.91
PCTY,2021,236.16
PCTY,2022,194.26
PCTY,2023,164.85
PCTY,2024,199.47
PCTY,2025,152.5
PCTY,2026,160.22
PEGA,2015,13.4
PEGA,2016,17.61
PEGA,2017,23.12
PEGA,2018,23.51
PEGA,2019,39.21
PEGA,2020,65.68
PEGA,2021,55.17
PEGA,2022,16.94
PEGA,2023,24.24
PEGA,2024,46.29
PEGA,2025,59.44
PEGA,2026,36.81
PEN,2015,53.81
PEN,2016,63.8
PEN,2017,94.1
PEN,2018,122.2
PEN,2019,164.27
PEN,2020,175.0
PEN,2021,287.32
PEN,2022,222.46
PEN,2023,251.54
PEN,2024,237.48
PEN,2025,310.91
PEN,2026,323.1
PFGC,2015,23.14
PFGC,2016,24.0
PFGC,2017,33.1
PFGC,2018,32.27
PFGC,2019,51.48
PFGC,2020,47.61
PFGC,2021,45.89
PFGC,2022,58.39
PFGC,2023,69.15
PFGC,2024,84.55
PFGC,2025,89.92
PFGC,2026,99.17
PII,2015,62.88
PII,2016,61.8
PII,2017,95.29
PII,2018,60.26
PII,2019,82.17
PII,2020,79.07
PII,2021,93.1
PII,2022,87.51
PII,2023,84.19
PII,2024,52.88
PII,2025,61.29
PII,2026,63.86
PINS,2019,18.64
PINS,2020,65.9
PINS,2021,36.35
PINS,2022,24.28
PINS,2023,37.04
PINS,2024,29.0
PINS,2025,25.89
PINS,2026,21.71
PK,2017,15.58
PK,2018,15.51
PK,2019,16.58
PK,2020,11.58
PK,2021,12.75
PK,2022,8.16
PK,2023,12.19
PK,2024,12.31
PK,2025,10.04
PK,2026,15.3
PLNT,2015,13.74
PLNT,2016,20.1
PLNT,2017,34.63
PLNT,2018,53.62
PLNT,2019,74.68
PLNT,2020,77.63
PLNT,2021,90.58
PLNT,2022,78.8
PLNT,2023,73.0
PLNT,2024,98.87
PLNT,2025,108.47
PLNT,2026,51.6
PNFP,2015,45.47
PNFP,2016,62.05
PNFP,2017,59.88
PNFP,2018,42.04
PNFP,2019,59.01
PNFP,2020,60.22
PNFP,2021,90.06
PNFP,2022,69.94
PNFP,2023,84.28
PNFP,2024,111.62
PNFP,2025,94.01
PNFP,2026,99.97
POR,2015,24.7
POR,2016,30.32
POR,2017,32.84
POR,2018,34.14
POR,2019,42.71
POR,2020,34.09
POR,2021,43.67
POR,2022,41.93
POR,2023,38.68
POR,2024,40.73
POR,2025,46.99
POR,2026,48.86
POST,2015,40.38
POST,2016,52.61
POST,2017,51.85
POST,2018,58.33
POST,2019,71.4
POST,2020,66.11
POST,2021,73.78
POST,2022,90.26
POST,2023,88.06
POST,2024,114.46
POST,2025,99.05
POST,2026,83.36
PPC,2015,16.76
PPC,2016,16.09
PPC,2017,26.31
PPC,2018,13.14
PPC,2019,27.72
PPC,2020,16.61
PPC,2021,23.89
PPC,2022,20.1
PPC,2023,23.43
PPC,2024,38.45
PPC,2025,38.99
PPC,2026,31.38
PR,2016,16.98
PR,2017,17.05
PR,2018,9.49
PR,2019,3.98
PR,2020,1.29
PR,2021,5.15
PR,2022,8.13
PR,2023,12.15
PR,2024,13.45
PR,2025,13.71
PR,2026,23.14
PRI,2015,41.09
PRI,2016,60.96
PRI,2017,90.35
PRI,2018,87.75
PRI,2019,118.56
PRI,2020,123.2
PRI,2021,142.73
PRI,2022,134.25
PRI,2023,197.44
PRI,2024,263.82
PRI,2025,255.04
PRI,2026,287.65
PSN,2019,41.28
PSN,2020,36.41
PSN,2021,33.65
PSN,2022,46.25
PSN,2023,62.71
PSN,2024,92.25
PSN,2025,61.8
PSN,2026,48.64
PVH,2015,72.47
PVH,2016,88.94
PVH,2017,135.43
PVH,2018,91.84
PVH,2019,104.06
PVH,2020,93.03
PVH,2021,105.7
PVH,2022,70.13
PVH,2023,121.54
PVH,2024,105.39
PVH,2025,66.92
PVH,2026,74.12
QLYS,2015,33.09
QLYS,2016,31.65
QLYS,2017,59.35
QLYS,2018,74.74
QLYS,2019,83.37
QLYS,2020,121.87
QLYS,2021,137.22
QLYS,2022,112.23
QLYS,2023,196.28
QLYS,2024,140.22
QLYS,2025,132.9
QLYS,2026,186.14
R,2015,41.29
R,2016,55.5
R,2017,64.31
R,2018,37.93
R,2019,44.53
R,2020,53.5
R,2021,73.62
R,2022,76.84
R,2023,108.82
R,2024,151.81
R,2025,189.06
R,2026,244.46
RBA,2015,19.67
RBA,2016,28.45
RBA,2017,25.64
RBA,2018,28.61
RBA,2019,38.32
RBA,2020,63.09
RBA,2021,56.36
RBA,2022,54.16
RBA,2023,65.14
RBA,2024,89.07
RBA,2025,102.16
RBA,2026,84.58
RBC,2015,60.76
RBC,2016,87.3
RBC,2017,118.9
RBC,2018,123.32
RBC,2019,150.1
RBC,2020,171.26
RBC,2021,200.92
RBC,2022,209.35
RBC,2023,284.89
RBC,2024,299.14
RBC,2025,448.43
RBC,2026,494.26
REXR,2015,12.35
REXR,2016,17.97
REXR,2017,23.1
REXR,2018,23.85
REXR,2019,37.64
REXR,2020,41.28
REXR,2021,69.29
REXR,2022,47.69
REXR,2023,50.38
REXR,2024,36.03
REXR,2025,37.72
REXR,2026,37.04
RGA,2015,69.5
RGA,2016,103.89
RGA,2017,130.47
RGA,2018,119.11
RGA,2019,140.89
RGA,2020,102.82
RGA,2021,99.52
RGA,2022,132.4
RGA,2023,154.09
RGA,2024,207.07
RGA,2025,200.92
RGA,2026,246.04
RGEN,2015,28.29
RGEN,2016,30.82
RGEN,2017,36.28
RGEN,2018,52.74
RGEN,2019,92.5
RGEN,2020,191.63
RGEN,2021,264.84
RGEN,2022,169.31
RGEN,2023,179.8
RGEN,2024,143.94
RGEN,2025,163.86
RGEN,2026,180.98
RGLD,2015,32.06
RGLD,2016,56.64
RGLD,2017,74.38
RGLD,2018,78.5
RGLD,2019,113.24
RGLD,2020,99.51
RGLD,2021,99.55
RGLD,2022,108.02
RGLD,2023,117.41
RGLD,2024,129.61
RGLD,2025,220.89
RGLD,2026,261.47
RH,2015,79.45
RH,2016,30.7
RH,2017,86.21
RH,2018,119.82
RH,2019,213.5
RH,2020,447.52
RH,2021,535.94
RH,2022,267.19
RH,2023,291.48
RH,2024,393.59
RH,2025,179.15
RH,2026,149.15
RLI,2015,20.95
RLI,2016,22.37
RLI,2017,22.45
RLI,2018,26.2
RLI,2019,34.91
RLI,2020,41.22
RLI,2021,45.62
RLI,2022,56.93
RLI,2023,59.08
RLI,2024,75.36
RLI,2025,60.94
RLI,2026,63.47
RMBS,2015,11.59
RMBS,2016,13.77
RMBS,2017,14.22
RMBS,2018,7.67
RMBS,2019,13.78
RMBS,2020,17.46
RMBS,2021,29.39
RMBS,2022,35.82
RMBS,2023,68.25
RMBS,2024,52.86
RMBS,2025,91.89
RMBS,2026,86.69
RNR,2015,103.9
RNR,2016,126.35
RNR,2017,117.58
RNR,2018,126.13
RNR,2019,186.38
RNR,2020,158.98
RNR,2021,163.85
RNR,2022,180.01
RNR,2023,193.01
RNR,2024,246.59
RNR,2025,280.03
RNR,2026,327.23
ROIV,2020,10.17
ROIV,2021,10.08
ROIV,2022,7.99
ROIV,2023,11.23
ROIV,2024,11.83
ROIV,2025,21.7
ROIV,2026,34.64
ROKU,2017,51.78
ROKU,2018,30.64
ROKU,2019,133.9
ROKU,2020,332.02
ROKU,2021,228.2
ROKU,2022,40.7
ROKU,2023,91.66
ROKU,2024,74.34
ROKU,2025,108.49
ROKU,2026,156.93
RPM,2015,35.41
RPM,2016,44.29
RPM,2017,44.14
RPM,2018,50.69
RPM,2019,67.75
RPM,2020,81.69
RPM,2021,92.5
RPM,2022,90.92
RPM,2023,106.19
RPM,2024,119.0
RPM,2025,102.43
RPM,2026,104.1
RRC,2015,22.97
RRC,2016,32.14
RRC,2017,16.02
RRC,2018,9.03
RRC,2019,4.64
RRC,2020,6.41
RRC,2021,17.07
RRC,2022,24.09
RRC,2023,29.64
RRC,2024,35.37
RRC,2025,35.0
RRC,2026,41.22
RRX,2015,49.29
RRX,2016,59.26
RRX,2017,66.42
RRX,2018,61.63
RRX,2019,76.45
RRX,2020,111.25
RRX,2021,163.05
RRX,2022,116.17
RRX,2023,144.7
RRX,2024,153.0
RRX,2025,139.82
RRX,2026,158.45
RS,2015,46.96
RS,2016,65.98
RS,2017,72.91
RS,2018,61.88
RS,2019,106.56
RS,2020,109.15
RS,2021,150.45
RS,2022,191.2
RS,2023,268.23
RS,2024,261.99
RS,2025,285.88
RS,2026,384.05
RYAN,2021,39.17
RYAN,2022,40.29
RYAN,2023,41.76
RYAN,2024,63.01
RYAN,2025,51.09
RYAN,2026,42.18
RYN,2015,13.15
RYN,2016,16.39
RYN,2017,20.18
RYN,2018,18.22
RYN,2019,22.34
RYN,2020,20.9
RYN,2021,29.58
RYN,2022,24.91
RYN,2023,26.34
RYN,2024,22.67
RYN,2025,20.85
RYN,2026,20.24
SAIA,2015,22.25
SAIA,2016,44.15
SAIA,2017,70.75
SAIA,2018,55.82
SAIA,2019,93.12
SAIA,2020,180.8
SAIA,2021,337.03
SAIA,2022,209.68
SAIA,2023,438.22
SAIA,2024,455.73
SAIA,2025,326.52
SAIA,2026,355.13
SAIC,2015,38.44
SAIC,2016,72.85
SAIC,2017,66.89
SAIC,2018,56.53
SAIC,2019,78.67
SAIC,2020,87.17
SAIC,2021,78.28
SAIC,2022,105.63
SAIC,2023,119.98
SAIC,2024,109.14
SAIC,2025,99.61
SAIC,2026,128.22
SAM,2015,201.91
SAM,2016,169.85
SAM,2017,191.1
SAM,2018,240.84
SAM,2019,377.85
SAM,2020,994.29
SAM,2021,505.1
SAM,2022,329.52
SAM,2023,345.59
SAM,2024,299.98
SAM,2025,195.13
SAM,2026,177.81
SANM,2015,20.58
SANM,2016,36.65
SANM,2017,33.0
SANM,2018,24.06
SANM,2019,34.24
SANM,2020,31.89
SANM,2021,41.46
SANM,2022,57.29
SANM,2023,51.37
SANM,2024,75.67
SANM,2025,150.07
SANM,2026,196.72
SARO,2024,24.76
SARO,2025,28.68
SARO,2026,24.49
SBRA,2015,8.45
SBRA,2016,11.08
SBRA,2017,9.22
SBRA,2018,8.87
SBRA,2019,12.52
SBRA,2020,11.11
SBRA,2021,9.31
SBRA,2022,9.35
SBRA,2023,11.8
SBRA,2024,15.49
SBRA,2025,18.12
SBRA,2026,20.39
SCI,2015,21.69
SCI,2016,24.15
SCI,2017,32.28
SCI,2018,35.43
SCI,2019,41.17
SCI,2020,44.7
SCI,2021,65.63
SCI,2022,64.94
SCI,2023,65.42
SCI,2024,77.47
SCI,2025,76.93
SCI,2026,81.28
SEIC,2015,46.06
SEIC,2016,43.86
SEIC,2017,64.47
SEIC,2018,41.96
SEIC,2019,60.15
SEIC,2020,53.47
SEIC,2021,57.42
SEIC,2022,55.73
SEIC,2023,61.63
SEIC,2024,81.03
SEIC,2025,81.54
SEIC,2026,110.98
SF,2015,16.44
SF,2016,19.39
SF,2017,23.21
SF,2018,16.28
SF,2019,24.09
SF,2020,30.43
SF,2021,42.84
SF,2022,36.18
SF,2023,43.86
SF,2024,68.58
SF,2025,82.35
SF,2026,80.44
SFM,2015,26.59
SFM,2016,18.92
SFM,2017,24.35
SFM,2018,23.51
SFM,2019,19.35
SFM,2020,20.1
SFM,2021,29.68
SFM,2022,32.37
SFM,2023,48.11
SFM,2024,127.07
SFM,2025,79.67
SFM,2026,82.04
SGI,2015,16.62
SGI,2016,16.11
SGI,2017,14.79
SGI,2018,9.77
SGI,2019,20.54
SGI,2020,25.48
SGI,2021,44.73
SGI,2022,33.11
SGI,2023,49.68
SGI,2024,55.82
SGI,2025,88.64
SGI,2026,64.75
SHC,2020,27.44
SHC,2021,23.55
SHC,2022,8.33
SHC,2023,16.85
SHC,2024,13.68
SHC,2025,17.64
SHC,2026,18.9
SIGI,2015,28.62
SIGI,2016,37.32
SIGI,2017,51.56
SIGI,2018,54.19
SIGI,2019,58.66
SIGI,2020,61.29
SIGI,2021,76.01
SIGI,2022,83.36
SIGI,2023,94.75
SIGI,2024,90.41
SIGI,2025,82.47
SIGI,2026,91.29
SIRI,2015,32.31
SIRI,2016,35.41
SIRI,2017,42.99
SIRI,2018,46.12
SIRI,2019,58.22
SIRI,2020,52.33
SIRI,2021,52.72
SIRI,2022,51.03
SIRI,2023,48.85
SIRI,2024,21.05
SIRI,2025,19.37
SIRI,2026,28.17
SITM,2019,25.5
SITM,2020,111.93
SITM,2021,292.54
SITM,2022,101.62
SITM,2023,122.08
SITM,2024,214.53
SITM,2025,353.19
SITM,2026,565.42
SLAB,2015,48.54
SLAB,2016,65.0
SLAB,2017,88.3
SLAB,2018,78.81
SLAB,2019,115.98
SLAB,2020,127.34
SLAB,2021,206.42
SLAB,2022,135.67
SLAB,2023,132.27
SLAB,2024,124.22
SLAB,2025,130.7
SLAB,2026,219.05
SLGN,2015,22.82
SLGN,2016,22.03
SLGN,2017,25.69
SLGN,2018,20.95
SLGN,2019,27.98
SLGN,2020,33.87
SLGN,2021,39.65
SLGN,2022,48.64
SLGN,2023,43.13
SLGN,2024,50.38
SLGN,2025,39.74
SLGN,2026,41.33
SLM,2015,5.63
SLM,2016,9.51
SLM,2017,9.75
SLM,2018,7.17
SLM,2019,7.79
SLM,2020,10.97
SLM,2021,17.61
SLM,2022,15.24
SLM,2023,18.09
SLM,2024,26.64
SLM,2025,26.59
SLM,2026,25.84
SMG,2015,45.49
SMG,2016,69.12
SMG,2017,79.12
SMG,2018,46.68
SMG,2019,82.64
SMG,2020,162.12
SMG,2021,132.89
SMG,2022,41.45
SMG,2023,56.76
SMG,2024,61.46
SMG,2025,56.54
SMG,2026,59.8
SMTC,2015,18.92
SMTC,2016,31.55
SMTC,2017,34.2
SMTC,2018,45.87
SMTC,2019,52.9
SMTC,2020,72.09
SMTC,2021,88.93
SMTC,2022,28.69
SMTC,2023,21.91
SMTC,2024,61.85
SMTC,2025,73.69
SMTC,2026,132.96
SN,2023,51.17
SN,2024,97.36
SN,2025,111.9
SN,2026,192.49
SNX,2015,39.9
SNX,2016,54.19
SNX,2017,61.42
SNX,2018,37.03
SNX,2019,59.9
SNX,2020,75.95
SNX,2021,107.46
SNX,2022,90.15
SNX,2023,103.9
SNX,2024,114.86
SNX,2025,149.1
SNX,2026,252.85
SOLS,2025,48.43
SOLS,2026,63.39
SON,2015,28.39
SON,2016,37.75
SON,2017,39.23
SON,2018,40.43
SON,2019,48.32
SON,2020,47.97
SON,2021,48.23
SON,2022,52.23
SON,2023,49.77
SON,2024,45.24
SON,2025,42.39
SON,2026,55.15
SPXC,2015,9.33
SPXC,2016,23.72
SPXC,2017,31.39
SPXC,2018,28.01
SPXC,2019,50.88
SPXC,2020,54.54
SPXC,2021,59.68
SPXC,2022,65.65
SPXC,2023,101.01
SPXC,2024,145.52
SPXC,2025,200.06
SPXC,2026,196.75
SR,2015,39.8
SR,2016,44.58
SR,2017,53.44
SR,2018,54.37
SR,2019,62.97
SR,2020,50.27
SR,2021,53.21
SR,2022,58.43
SR,2023,55.36
SR,2024,63.18
SR,2025,80.29
SR,2026,81.01
SSB,2015,56.34
SSB,2016,69.64
SSB,2017,70.5
SSB,2018,49.33
SSB,2019,73.0
SSB,2020,62.68
SSB,2021,71.14
SSB,2022,69.45
SSB,2023,79.02
SSB,2024,95.35
SSB,2025,92.44
SSB,2026,104.89
SSD,2015,30.24
SSD,2016,39.44
SSD,2017,52.66
SSD,2018,50.35
SSD,2019,75.95
SSD,2020,89.24
SSD,2021,134.04
SSD,2022,86.3
SSD,2023,194.48
SSD,2024,163.86
SSD,2025,160.67
SSD,2026,182.61
ST,2015,43.47
ST,2016,36.76
ST,2017,48.23
ST,2018,42.32
ST,2019,50.84
ST,2020,49.77
ST,2021,58.22
ST,2022,38.4
ST,2023,36.14
ST,2024,26.72
ST,2025,33.0
ST,2026,41.03
STAG,2015,11.23
STAG,2016,15.51
STAG,2017,18.72
STAG,2018,18.01
STAG,2019,23.98
STAG,2020,24.99
STAG,2021,39.75
STAG,2022,27.97
STAG,2023,35.45
STAG,2024,31.78
STAG,2025,36.0
STAG,2026,37.25
STRL,2015,6.08
STRL,2016,8.46
STRL,2017,16.28
STRL,2018,10.89
STRL,2019,14.08
STRL,2020,18.61
STRL,2021,26.3
STRL,2022,32.8
STRL,2023,87.93
STRL,2024,168.45
STRL,2025,306.23
STRL,2026,470.07
STWD,2015,7.58
STWD,2016,8.88
STWD,2017,9.42
STWD,2018,9.52
STWD,2019,13.02
STWD,2020,11.46
STWD,2021,15.57
STWD,2022,12.87
STWD,2023,16.31
STWD,2024,16.22
STWD,2025,17.02
STWD,2026,15.7
SUI,2015,49.55
SUI,2016,57.38
SUI,2017,71.69
SUI,2018,80.93
SUI,2019,122.14
SUI,2020,126.51
SUI,2021,178.12
SUI,2022,124.11
SUI,2023,119.39
SUI,2024,113.2
SUI,2025,121.68
SUI,2026,121.42
SWX,2015,39.56
SWX,2016,56.38
SWX,2017,60.66
SWX,2018,59.25
SWX,2019,60.42
SWX,2020,49.85
SWX,2021,59.49
SWX,2022,54.33
SWX,2023,57.92
SWX,2024,67.0
SWX,2025,78.33
SWX,2026,88.33
SYNA,2015,80.34
SYNA,2016,53.58
SYNA,2017,39.94
SYNA,2018,37.21
SYNA,2019,65.77
SYNA,2020,96.4
SYNA,2021,289.51
SYNA,2022,95.16
SYNA,2023,114.08
SYNA,2024,76.32
SYNA,2025,74.02
SYNA,2026,96.72
TCBI,2015,49.22
TCBI,2016,78.08
TCBI,2017,88.54
TCBI,2018,50.88
TCBI,2019,56.54
TCBI,2020,59.26
TCBI,2021,60.01
TCBI,2022,60.06
TCBI,2023,64.37
TCBI,2024,77.88
TCBI,2025,90.17
TCBI,2026,96.98
TEX,2015,16.34
TEX,2016,28.22
TEX,2017,43.54
TEX,2018,25.16
TEX,2019,27.59
TEX,2020,32.51
TEX,2021,41.36
TEX,2022,40.76
TEX,2023,55.47
TEX,2024,45.16
TEX,2025,52.96
TEX,2026,63.51
THC,2015,30.3
THC,2016,14.84
THC,2017,15.16
THC,2018,17.14
THC,2019,38.03
THC,2020,39.93
THC,2021,81.69
THC,2022,48.79
THC,2023,75.57
THC,2024,126.23
THC,2025,198.72
THC,2026,265.91
THG,2015,60.28
THG,2016,68.97
THG,2017,83.74
THG,2018,92.24
THG,2019,116.9
THG,2020,102.51
THG,2021,117.38
THG,2022,123.72
THG,2023,114.3
THG,2024,149.29
THG,2025,180.13
THG,2026,225.15
THO,2015,45.57
THO,2016,82.55
THO,2017,125.83
THO,2018,44.31
THO,2019,64.9
THO,2020,83.05
THO,2021,94.06
THO,2022,70.01
THO,2023,111.85
THO,2024,91.83
THO,2025,100.77
THO,2026,76.0
TKR,2015,22.95
TKR,2016,32.86
TKR,2017,41.65
TKR,2018,32.41
TKR,2019,50.14
TKR,2020,70.37
TKR,2021,64.01
TKR,2022,66.52
TKR,2023,76.73
TKR,2024,69.46
TKR,2025,83.36
TKR,2026,120.45
TLN,2023,64.0
TLN,2024,201.47
TLN,2025,374.84
TLN,2026,295.76
TNL,2015,22.13
TNL,2016,23.93
TNL,2017,37.19
TNL,2018,26.39
TNL,2019,39.61
TNL,2020,36.21
TNL,2021,45.6
TNL,2022,31.16
TNL,2023,35.06
TNL,2024,47.25
TNL,2025,68.72
TNL,2026,68.13
TOL,2015,30.03
TOL,2016,27.96
TOL,2017,43.57
TOL,2018,30.2
TOL,2019,36.66
TOL,2020,40.89
TOL,2021,68.87
TOL,2022,48.23
TOL,2023,100.61
TOL,2024,124.2
TOL,2025,134.48
TOL,2026,143.45
TOST,2021,34.71
TOST,2022,18.03
TOST,2023,18.26
TOST,2024,36.45
TOST,2025,35.51
TOST,2026,34.09
TREX,2015,9.51
TREX,2016,16.1
TREX,2017,27.1
TREX,2018,29.68
TREX,2019,44.94
TREX,2020,83.72
TREX,2021,135.03
TREX,2022,42.33
TREX,2023,82.79
TREX,2024,69.03
TREX,2025,35.08
TREX,2026,45.58
TRU,2015,26.47
TRU,2016,29.69
TRU,2017,52.76
TRU,2018,54.71
TRU,2019,82.79
TRU,2020,96.29
TRU,2021,115.46
TRU,2022,55.54
TRU,2023,67.68
TRU,2024,91.76
TRU,2025,85.33
TRU,2026,84.91
TTC,2015,31.46
TTC,2016,48.82
TTC,2017,57.55
TTC,2018,50.0
TTC,2019,72.2
TTC,2020,87.11
TTC,2021,92.76
TTC,2022,106.56
TTC,2023,91.68
TTC,2024,77.78
TTC,2025,78.04
TTC,2026,97.81
TTEK,2015,4.8
TTEK,2016,8.05
TTEK,2017,9.06
TTEK,2018,9.82
TTEK,2019,16.48
TTEK,2020,22.3
TTEK,2021,32.89
TTEK,2022,28.3
TTEK,2023,32.75
TTEK,2024,39.3
TTEK,2025,33.33
TTEK,2026,36.14
TTMI,2015,6.51
TTMI,2016,13.63
TTMI,2017,15.67
TTMI,2018,9.73
TTMI,2019,15.05
TTMI,2020,13.8
TTMI,2021,14.9
TTMI,2022,15.08
TTMI,2023,15.81
TTMI,2024,24.75
TTMI,2025,69.0
TTMI,2026,118.92
TWLO,2016,28.85
TWLO,2017,23.6
TWLO,2018,89.3
TWLO,2019,98.28
TWLO,2020,338.5
TWLO,2021,263.34
TWLO,2022,48.96
TWLO,2023,75.87
TWLO,2024,108.08
TWLO,2025,142.24
TWLO,2026,235.63
TXNM,2015,22.38
TXNM,2016,25.81
TXNM,2017,31.22
TXNM,2018,32.61
TXNM,2019,41.25
TXNM,2020,40.53
TXNM,2021,39.12
TXNM,2022,43.11
TXNM,2023,37.95
TXNM,2024,46.67
TXNM,2025,57.62
TXNM,2026,57.61
TXRH,2015,29.96
TXRH,2016,41.1
TXRH,2017,45.68
TXRH,2018,52.59
TXRH,2019,50.68
TXRH,2020,70.87
TXRH,2021,82.0
TXRH,2022,85.41
TXRH,2023,117.15
TXRH,2024,175.46
TXRH,2025,163.94
TXRH,2026,194.85
UBSI,2015,24.21
UBSI,2016,31.3
UBSI,2017,24.37
UBSI,2018,22.64
UBSI,2019,29.18
UBSI,2020,25.77
UBSI,2021,29.98
UBSI,2022,34.79
UBSI,2023,33.69
UBSI,2024,35.12
UBSI,2025,37.4
UBSI,2026,46.75
UFPI,2015,20.23
UFPI,2016,30.53
UFPI,2017,34.03
UFPI,2018,23.75
UFPI,2019,44.09
UFPI,2020,51.84
UFPI,2021,86.61
UFPI,2022,75.48
UFPI,2023,120.97
UFPI,2024,109.73
UFPI,2025,89.94
UFPI,2026,84.16
UGI,2015,22.93
UGI,2016,31.99
UGI,2017,33.27
UGI,2018,38.58
UGI,2019,33.47
UGI,2020,26.99
UGI,2021,36.55
UGI,2022,30.66
UGI,2023,21.51
UGI,2024,26.23
UGI,2025,36.29
UGI,2026,38.07
ULS,2024,49.24
ULS,2025,78.46
ULS,2026,74.52
UMBF,2015,38.84
UMBF,2016,65.4
UMBF,2017,61.89
UMBF,2018,53.31
UMBF,2019,61.15
UMBF,2020,62.77
UMBF,2021,97.94
UMBF,2022,78.39
UMBF,2023,80.12
UMBF,2024,110.04
UMBF,2025,113.83
UMBF,2026,141.13
UNM,2015,23.59
UNM,2016,31.88
UNM,2017,40.54
UNM,2018,22.21
UNM,2019,22.79
UNM,2020,19.1
UNM,2021,21.36
UNM,2022,37.08
UNM,2023,42.17
UNM,2024,70.13
UNM,2025,76.13
UNM,2026,93.22
USFD,2016,27.48
USFD,2017,31.93
USFD,2018,31.64
USFD,2019,41.89
USFD,2020,33.31
USFD,2021,34.83
USFD,2022,34.02
USFD,2023,45.41
USFD,2024,67.46
USFD,2025,75.32
USFD,2026,104.84
UTHR,2015,156.61
UTHR,2016,143.43
UTHR,2017,147.95
UTHR,2018,108.9
UTHR,2019,88.08
UTHR,2020,151.79
UTHR,2021,216.08
UTHR,2022,278.09
UTHR,2023,219.89
UTHR,2024,352.84
UTHR,2025,487.25
UTHR,2026,510.38
VAL,2021,36.0
VAL,2022,67.62
VAL,2023,68.57
VAL,2024,44.24
VAL,2025,50.4
VAL,2026,86.37
VC,2015,65.28
VC,2016,79.08
VC,2017,123.18
VC,2018,59.33
VC,2019,85.23
VC,2020,123.55
VC,2021,109.4
VC,2022,128.78
VC,2023,122.94
VC,2024,87.33
VC,2025,94.08
VC,2026,101.44
VFC,2015,42.92
VFC,2016,37.72
VFC,2017,53.86
VFC,2018,53.15
VFC,2019,80.63
VFC,2020,70.95
VFC,2021,62.4
VFC,2022,24.72
VFC,2023,17.68
VFC,2024,20.62
VFC,2025,17.77
VFC,2026,13.35
VIAV,2015,6.09
VIAV,2016,8.18
VIAV,2017,8.74
VIAV,2018,10.05
VIAV,2019,15.0
VIAV,2020,14.98
VIAV,2021,17.62
VIAV,2022,10.51
VIAV,2023,10.07
VIAV,2024,10.1
VIAV,2025,17.82
VIAV,2026,36.29
VICR,2015,9.12
VICR,2016,15.1
VICR,2017,20.9
VICR,2018,37.79
VICR,2019,46.72
VICR,2020,92.22
VICR,2021,126.98
VICR,2022,53.75
VICR,2023,44.94
VICR,2024,48.32
VICR,2025,109.6
VICR,2026,187.68
VLY,2015,6.23
VLY,2016,7.7
VLY,2017,7.71
VLY,2018,6.33
VLY,2019,8.51
VLY,2020,7.66
VLY,2021,11.16
VLY,2022,9.53
VLY,2023,9.59
VLY,2024,8.45
VLY,2025,11.39
VLY,2026,13.53
VMI,2015,95.46
VMI,2016,128.3
VMI,2017,152.48
VMI,2018,103.17
VMI,2019,140.84
VMI,2020,167.07
VMI,2021,241.3
VMI,2022,321.24
VMI,2023,228.89
VMI,2024,303.3
VMI,2025,401.01
VMI,2026,469.66
VNO,2015,53.8
VNO,2016,57.69
VNO,2017,55.08
VNO,2018,45.31
VNO,2019,52.07
VNO,2020,31.02
VNO,2021,36.53
VNO,2022,19.48
VNO,2023,27.18
VNO,2024,41.13
VNO,2025,33.28
VNO,2026,37.38
VNOM,2015,7.3
VNOM,2016,8.8
VNOM,2017,13.73
VNOM,2018,16.42
VNOM,2019,16.53
VNOM,2020,8.15
VNOM,2021,15.83
VNOM,2022,25.59
VNOM,2023,26.83
VNOM,2024,44.41
VNOM,2025,37.05
VNOM,2026,44.79
VNT,2020,32.82
VNT,2021,30.26
VNT,2022,19.12
VNT,2023,34.29
VNT,2024,36.29
VNT,2025,37.1
VNT,2026,32.19
VOYA,2015,32.51
VOYA,2016,34.59
VOYA,2017,43.67
VOYA,2018,35.46
VOYA,2019,54.2
VOYA,2020,52.87
VOYA,2021,60.26
VOYA,2022,56.57
VOYA,2023,68.28
VOYA,2024,65.94
VOYA,2025,73.22
VOYA,2026,101.32
VVV,2016,19.43
VVV,2017,22.87
VVV,2018,17.94
VVV,2019,20.27
VVV,2020,22.41
VVV,2021,36.71
VVV,2022,32.65
VVV,2023,37.58
VVV,2024,36.18
VVV,2025,29.06
VVV,2026,32.06
WAL,2015,30.79
WAL,2016,41.82
WAL,2017,48.61
WAL,2018,33.91
WAL,2019,49.47
WAL,2020,53.31
WAL,2021,96.88
WAL,2022,54.56
WAL,2023,62.26
WAL,2024,80.73
WAL,2025,82.79
WAL,2026,78.13
WCC,2015,42.26
WCC,2016,64.39
WCC,2017,65.93
WCC,2018,46.44
WCC,2019,57.46
WCC,2020,75.95
WCC,2021,127.31
WCC,2022,121.13
WCC,2023,169.81
WCC,2024,178.45
WCC,2025,243.46
WCC,2026,339.91
WEX,2015,88.4
WEX,2016,111.6
WEX,2017,141.23
WEX,2018,140.06
WEX,2019,209.46
WEX,2020,203.53
WEX,2021,140.39
WEX,2022,163.65
WEX,2023,194.55
WEX,2024,175.32
WEX,2025,148.98
WEX,2026,190.58
WFRD,2021,26.88
WFRD,2022,49.37
WFRD,2023,94.85
WFRD,2024,69.82
WFRD,2025,77.6
WFRD,2026,97.77
WH,2018,39.53
WH,2019,55.9
WH,2020,53.58
WH,2021,81.77
WH,2022,66.19
WH,2023,76.07
WH,2024,97.14
WH,2025,74.28
WH,2026,73.2
WHR,2015,97.33
WHR,2016,123.31
WHR,2017,117.28
WHR,2018,76.82
WHR,2019,109.73
WHR,2020,138.83
WHR,2021,185.0
WHR,2022,116.26
WHR,2023,105.69
WHR,2024,106.32
WHR,2025,71.2
WHR,2026,40.84
WING,2015,16.14
WING,2016,23.36
WING,2017,30.89
WING,2018,57.48
WING,2019,77.59
WING,2020,124.46
WING,2021,162.94
WING,2022,135.15
WING,2023,253.08
WING,2024,281.08
WING,2025,236.9
WING,2026,109.48
WLK,2015,45.9
WLK,2016,48.07
WLK,2017,92.47
WLK,2018,58.01
WLK,2019,62.49
WLK,2020,74.06
WLK,2021,89.27
WLK,2022,95.35
WLK,2023,131.95
WLK,2024,109.65
WLK,2025,72.62
WLK,2026,75.07
WMG,2020,33.63
WMG,2021,38.78
WMG,2022,32.1
WMG,2023,33.53
WMG,2024,29.68
WMG,2025,30.08
WMG,2026,28.21
WMS,2015,21.45
WMS,2016,18.58
WMS,2017,21.79
WMS,2018,22.4
WMS,2019,37.57
WMS,2020,81.42
WMS,2021,133.09
WMS,2022,80.47
WMS,2023,138.77
WMS,2024,114.51
WMS,2025,144.26
WMS,2026,135.53
WPC,2015,31.17
WPC,2016,33.22
WPC,2017,41.16
WPC,2018,41.6
WPC,2019,53.6
WPC,2020,50.39
WPC,2021,61.92
WPC,2022,62.21
WPC,2023,56.08
WPC,2024,50.14
WPC,2025,62.67
WPC,2026,69.96
WSO,2015,83.98
WSO,2016,109.14
WSO,2017,129.18
WSO,2018,109.11
WSO,2019,147.3
WSO,2020,192.33
WSO,2021,273.28
WSO,2022,224.81
WSO,2023,397.91
WSO,2024,450.53
WSO,2025,328.81
WSO,2026,309.82
WTFC,2015,41.35
WTFC,2016,62.46
WTFC,2017,71.43
WTFC,2018,58.17
WTFC,2019,62.92
WTFC,2020,55.51
WTFC,2021,83.88
WTFC,2022,79.23
WTFC,2023,88.74
WTFC,2024,121.42
WTFC,2025,138.34
WTFC,2026,150.36
WTRG,2015,22.35
WTRG,2016,23.07
WTRG,2017,30.86
WTRG,2018,27.57
WTRG,2019,38.71
WTRG,2020,39.84
WTRG,2021,46.24
WTRG,2022,42.1
WTRG,2023,33.94
WTRG,2024,34.11
WTRG,2025,37.32
WTRG,2026,41.17
WTS,2015,45.05
WTS,2016,59.84
WTS,2017,70.51
WTS,2018,60.55
WTS,2019,94.58
WTS,2020,116.46
WTS,2021,187.07
WTS,2022,142.03
WTS,2023,203.92
WTS,2024,200.63
WTS,2025,274.55
WTS,2026,365.12
WWD,2015,46.37
WWD,2016,65.0
WWD,2017,72.56
WWD,2018,70.95
WWD,2019,113.81
WWD,2020,117.43
WWD,2021,106.36
WWD,2022,94.57
WWD,2023,134.26
WWD,2024,165.15
WWD,2025,301.53
WWD,2026,339.82
XPO,2015,9.42
XPO,2016,14.93
XPO,2017,31.68
XPO,2018,19.73
XPO,2019,27.56
XPO,2020,41.23
XPO,2021,46.01
XPO,2022,33.29
XPO,2023,87.59
XPO,2024,131.15
XPO,2025,135.91
XPO,2026,193.99
XRAY,2015,52.59
XRAY,2016,50.16
XRAY,2017,57.51
XRAY,2018,32.78
XRAY,2019,50.21
XRAY,2020,46.9
XRAY,2021,50.33
XRAY,2022,29.14
XRAY,2023,33.07
XRAY,2024,18.1
XRAY,2025,11.43
XRAY,2026,11.17
YETI,2018,14.84
YETI,2019,34.78
YETI,2020,68.47
YETI,2021,82.83
YETI,2022,41.31
YETI,2023,51.78
YETI,2024,38.51
YETI,2025,44.17
YETI,2026,41.05
ZBH,2015,91.33
ZBH,2016,92.67
ZBH,2017,109.22
ZBH,2018,94.69
ZBH,2019,137.65
ZBH,2020,142.84
ZBH,2021,118.53
ZBH,2022,123.55
ZBH,2023,118.84
ZBH,2024,104.04
ZBH,2025,89.44
ZBH,2026,100.04
ZBRA,2015,69.65
ZBRA,2016,85.76
ZBRA,2017,103.8
ZBRA,2018,159.23
ZBRA,2019,255.44
ZBRA,2020,384.33
ZBRA,2021,595.2
ZBRA,2022,256.41
ZBRA,2023,273.33
ZBRA,2024,386.22
ZBRA,2025,242.82
ZBRA,2026,353.55
ZION,2015,20.29
ZION,2016,32.32
ZION,2017,38.55
ZION,2018,31.51
ZION,2019,41.28
ZION,2020,35.85
ZION,2021,53.45
ZION,2022,42.75
ZION,2023,40.06
ZION,2024,51.35
ZION,2025,57.3
ZION,2026,66.69
ZTS,2015,43.62
ZTS,2016,49.13
ZTS,2017,66.6
ZTS,2018,79.55
ZTS,2019,123.87
ZTS,2020,155.79
ZTS,2021,230.97
ZTS,2022,139.73
ZTS,2023,189.9
ZTS,2024,158.31
ZTS,2025,123.88
ZTS,2026,77.1
CASH,2015,14.45
CASH,2016,32.67
CASH,2017,29.6
CASH,2018,18.7
CASH,2019,35.48
CASH,2020,35.81
CASH,2021,58.67
CASH,2022,42.54
CASH,2023,52.52
CASH,2024,73.25
CASH,2025,70.87
CASH,2026,81.41
CATY,2015,22.49
CATY,2016,27.97
CATY,2017,31.72
CATY,2018,25.86
CATY,2019,30.38
CATY,2020,26.84
CATY,2021,36.98
CATY,2022,36.2
CATY,2023,41.08
CATY,2024,45.33
CATY,2025,47.43
CATY,2026,61.21
CBRL,2015,80.75
CBRL,2016,112.02
CBRL,2017,112.2
CBRL,2018,119.19
CBRL,2019,120.28
CBRL,2020,106.76
CBRL,2021,105.85
CBRL,2022,81.87
CBRL,2023,70.39
CBRL,2024,50.73
CBRL,2025,24.89
CBRL,2026,55.24
CBU,2015,29.11
CBU,2016,46.83
CBU,2017,41.72
CBU,2018,46.34
CBU,2019,57.77
CBU,2020,52.24
CBU,2021,63.87
CBU,2022,55.47
CBU,2023,47.61
CBU,2024,58.37
CBU,2025,56.13
CBU,2026,62.26
CC,2015,3.82
CC,2016,15.92
CC,2017,36.18
CC,2018,20.82
CC,2019,14.05
CC,2020,20.46
CC,2021,28.61
CC,2022,26.89
CC,2023,28.65
CC,2024,16.04
CC,2025,11.62
CC,2026,15.56
CCOI,2015,21.1
CCOI,2016,26.18
CCOI,2017,29.93
CCOI,2018,31.2
CCOI,2019,47.42
CCOI,2020,44.89
CCOI,2021,57.36
CCOI,2022,47.5
CCOI,2023,67.08
CCOI,2024,71.9
CCOI,2025,21.47
CCOI,2026,9.54
CCS,2015,16.35
CCS,2016,19.38
CCS,2017,28.71
CCS,2018,15.93
CCS,2019,25.24
CCS,2020,40.41
CCS,2021,75.95
CCS,2022,47.15
CCS,2023,87.13
CCS,2024,70.95
CCS,2025,58.45
CCS,2026,67.55
CE,2015,55.38
CE,2016,66.14
CE,2017,91.61
CE,2018,78.51
CE,2019,109.79
CE,2020,118.85
CE,2021,156.59
CE,2022,97.44
CE,2023,151.7
CE,2024,68.92
CE,2025,42.21
CE,2026,45.48
CENT,2015,10.59
CENT,2016,25.91
CENT,2017,30.48
CENT,2018,26.98
CENT,2019,24.33
CENT,2020,30.23
CENT,2021,41.21
CENT,2022,29.33
CENT,2023,39.24
CENT,2024,38.8
CENT,2025,32.15
CENT,2026,42.98
CENTA,2015,10.88
CENTA,2016,24.72
CENTA,2017,30.17
CENTA,2018,25.0
CENTA,2019,23.49
CENTA,2020,29.06
CENTA,2021,38.28
CENTA,2022,28.64
CENTA,2023,35.23
CENTA,2024,33.05
CENTA,2025,29.19
CENTA,2026,37.21
CENX,2015,4.42
CENX,2016,8.56
CENX,2017,19.64
CENX,2018,7.31
CENX,2019,7.52
CENX,2020,11.03
CENX,2021,16.56
CENX,2022,8.18
CENX,2023,12.14
CENX,2024,18.22
CENX,2025,39.18
CENX,2026,45.77
CERT,2020,33.72
CERT,2021,28.42
CERT,2022,16.07
CERT,2023,17.59
CERT,2024,10.65
CERT,2025,8.81
CERT,2026,8.29
CFFN,2015,6.33
CFFN,2016,8.83
CFFN,2017,7.66
CFFN,2018,7.87
CFFN,2019,9.05
CFFN,2020,8.58
CFFN,2021,8.4
CFFN,2022,7.03
CFFN,2023,5.54
CFFN,2024,5.38
CFFN,2025,6.56
CFFN,2026,8.61
CHCO,2015,33.23
CHCO,2016,51.06
CHCO,2017,52.31
CHCO,2018,53.8
CHCO,2019,67.16
CHCO,2020,58.99
CHCO,2021,71.54
CHCO,2022,83.9
CHCO,2023,102.32
CHCO,2024,112.97
CHCO,2025,116.79
CHCO,2026,142.95
CHEF,2015,16.68
CHEF,2016,15.8
CHEF,2017,20.5
CHEF,2018,31.98
CHEF,2019,38.11
CHEF,2020,25.69
CHEF,2021,33.3
CHEF,2022,33.28
CHEF,2023,29.43
CHEF,2024,49.32
CHEF,2025,62.33
CHEF,2026,112.47
CLSK,2016,35.0
CLSK,2017,24.4
CLSK,2018,20.5
CLSK,2019,5.35
CLSK,2020,29.05
CLSK,2021,9.52
CLSK,2022,2.04
CLSK,2023,11.03
CLSK,2024,9.21
CLSK,2025,10.12
CLSK,2026,11.62
CNK,2015,28.28
CNK,2016,33.43
CNK,2017,31.3
CNK,2018,33.29
CNK,2019,32.65
CNK,2020,17.05
CNK,2021,15.79
CNK,2022,8.48
CNK,2023,13.8
CNK,2024,30.34
CNK,2025,23.03
CNK,2026,35.61
CNMD,2015,39.52
CNMD,2016,40.39
CNMD,2017,47.39
CNMD,2018,60.37
CNMD,2019,106.08
CNMD,2020,107.31
CNMD,2021,136.67
CNMD,2022,86.12
CNMD,2023,107.19
CNMD,2024,67.7
CNMD,2025,40.6
CNMD,2026,49.85
CNR,2017,36.36
CNR,2018,29.18
CNR,2019,13.35
CNR,2020,6.63
CNR,2021,20.9
CNR,2022,61.76
CNR,2023,99.21
CNR,2024,105.76
CNR,2025,88.22
CNR,2026,102.3
CNS,2015,18.7
CNS,2016,21.51
CNS,2017,31.85
CNS,2018,25.56
CNS,2019,49.58
CNS,2020,61.21
CNS,2021,78.96
CNS,2022,56.85
CNS,2023,69.27
CNS,2024,86.95
CNS,2025,61.07
CNS,2026,80.67
CNXC,2020,88.74
CNXC,2021,160.8
CNXC,2022,120.75
CNXC,2023,90.12
CNXC,2024,40.53
CNXC,2025,39.97
CNXC,2026,30.1
CNXN,2015,20.38
CNXN,2016,25.59
CNXN,2017,24.18
CNXN,2018,27.73
CNXN,2019,46.61
CNXN,2020,44.39
CNXN,2021,41.58
CNXN,2022,45.49
CNXN,2023,65.62
CNXN,2024,68.03
CNXN,2025,57.27
CNXN,2026,79.87
COCO,2021,11.17
COCO,2022,13.82
COCO,2023,25.65
COCO,2024,36.91
COCO,2025,53.01
COCO,2026,58.72
COHU,2015,11.34
COHU,2016,13.34
COHU,2017,21.33
COHU,2018,15.79
COHU,2019,22.79
COHU,2020,38.18
COHU,2021,38.09
COHU,2022,32.05
COHU,2023,35.39
COHU,2024,26.7
COHU,2025,23.27
COHU,2026,46.1
COLL,2015,27.5
COLL,2016,15.57
COLL,2017,18.46
COLL,2018,17.17
COLL,2019,20.58
COLL,2020,20.03
COLL,2021,18.68
COLL,2022,23.2
COLL,2023,30.78
COLL,2024,28.65
COLL,2025,46.3
COLL,2026,24.61
CON,2024,19.41
CON,2025,19.54
CON,2026,33.74
CORT,2015,4.98
CORT,2016,7.26
CORT,2017,18.06
CORT,2018,13.36
CORT,2019,12.1
CORT,2020,26.16
CORT,2021,19.8
CORT,2022,20.31
CORT,2023,32.48
CORT,2024,50.39
CORT,2025,34.8
CORT,2026,113.35
COTY,2015,22.29
COTY,2016,16.19
COTY,2017,18.09
COTY,2018,6.21
COTY,2019,11.13
COTY,2020,7.02
COTY,2021,10.5
COTY,2022,8.56
COTY,2023,12.42
COTY,2024,6.96
COTY,2025,3.08
COTY,2026,2.85
CPB,2015,36.42
CPB,2016,42.84
CPB,2017,35.0
CPB,2018,24.81
CPB,2019,38.5
CPB,2020,38.78
CPB,2021,35.99
CPB,2022,48.53
CPB,2023,38.12
CPB,2024,38.15
CPB,2025,26.53
CPB,2026,23.68
CPF,2015,14.71
CPF,2016,21.52
CPF,2017,20.9
CPF,2018,17.56
CPF,2019,22.01
CPF,2020,14.86
CPF,2021,22.85
CPF,2022,17.2
CPF,2023,17.69
CPF,2024,27.3
CPF,2025,30.39
CPF,2026,37.22
CPK,2015,46.34
CPK,2016,55.74
CPK,2017,66.52
CPK,2018,70.09
CPK,2019,84.02
CPK,2020,96.75
CPK,2021,132.34
CPK,2022,109.04
CPK,2023,99.42
CPK,2024,116.75
CPK,2025,122.67
CPK,2026,132.78
CRC,2020,20.74
CRC,2021,37.7
CRC,2022,39.09
CRC,2023,50.37
CRC,2024,49.08
CRC,2025,43.79
CRC,2026,52.63
CRGY,2021,10.29
CRGY,2022,10.13
CRGY,2023,11.71
CRGY,2024,13.49
CRGY,2025,8.15
CRGY,2026,13.69
CRI,2015,66.9
CRI,2016,65.8
CRI,2017,91.0
CRI,2018,64.31
CRI,2019,88.0
CRI,2020,76.2
CRI,2021,83.1
CRI,2022,63.62
CRI,2023,66.72
CRI,2024,50.68
CRI,2025,31.73
CRI,2026,32.14
CRK,2015,8.86
CRK,2016,9.34
CRK,2017,8.02
CRK,2018,4.29
CRK,2019,7.8
CRK,2020,4.14
CRK,2021,7.67
CRK,2022,13.09
CRK,2023,8.85
CRK,2024,18.22
CRK,2025,23.18
CRK,2026,14.43
CRSR,2020,36.22
CRSR,2021,21.01
CRSR,2022,13.57
CRSR,2023,14.1
CRSR,2024,6.61
CRSR,2025,5.94
CRSR,2026,12.15
CRVL,2015,14.64
CRVL,2016,12.2
CRVL,2017,17.63
CRVL,2018,20.57
CRVL,2019,29.12
CRVL,2020,35.33
CRVL,2021,69.33
CRVL,2022,48.44
CRVL,2023,82.4
CRVL,2024,111.26
CRVL,2025,67.67
CRVL,2026,68.88
CSR,2015,41.61
CSR,2016,46.23
CSR,2017,38.61
CSR,2018,35.18
CSR,2019,54.27
CSR,2020,55.23
CSR,2021,89.61
CSR,2022,49.32
CSR,2023,51.47
CSR,2024,61.29
CSR,2025,64.94
CSR,2026,52.49
CSW,2015,36.25
CSW,2016,35.46
CSW,2017,44.22
CSW,2018,46.53
CSW,2019,74.55
CSW,2020,109.13
CSW,2021,118.41
CSW,2022,114.24
CSW,2023,205.39
CSW,2024,350.48
CSW,2025,292.66
CSW,2026,308.95
CTS,2015,16.71
CTS,2016,21.41
CTS,2017,24.78
CTS,2018,25.05
CTS,2019,29.19
CTS,2020,33.62
CTS,2021,36.12
CTS,2022,38.94
CTS,2023,43.37
CTS,2024,52.46
CTS,2025,42.81
CTS,2026,56.47
CUBI,2015,27.22
CUBI,2016,35.82
CUBI,2017,25.99
CUBI,2018,18.2
CUBI,2019,23.81
CUBI,2020,18.18
CUBI,2021,65.37
CUBI,2022,28.34
CUBI,2023,57.62
CUBI,2024,48.68
CUBI,2025,73.12
CUBI,2026,78.18
CURB,2024,22.28
CURB,2025,22.93
CURB,2026,29.83
CVBF,2015,11.72
CVBF,2016,16.22
CVBF,2017,17.05
CVBF,2018,15.01
CVBF,2019,16.54
CVBF,2020,15.67
CVBF,2021,17.8
CVBF,2022,22.07
CVBF,2023,18.0
CVBF,2024,20.15
CVBF,2025,18.24
CVBF,2026,22.17
CVCO,2015,83.31
CVCO,2016,99.85
CVCO,2017,152.6
CVCO,2018,130.38
CVCO,2019,195.38
CVCO,2020,175.45
CVCO,2021,317.65
CVCO,2022,226.25
CVCO,2023,346.62
CVCO,2024,446.23
CVCO,2025,590.74
CVCO,2026,559.13
CVI,2015,16.94
CVI,2016,12.3
CVI,2017,19.68
CVI,2018,19.52
CVI,2019,24.49
CVI,2020,9.47
CVI,2021,11.91
CVI,2022,25.65
CVI,2023,28.6
CVI,2024,18.62
CVI,2025,25.28
CVI,2026,41.86
CVSA,2015,24.91
CVSA,2016,31.2
CVSA,2017,42.05
CVSA,2018,47.32
CVSA,2019,34.97
CVSA,2020,33.95
CVSA,2021,29.56
CVSA,2022,35.5
CVSA,2023,58.95
CVSA,2024,90.85
CVSA,2025,103.47
CVSA,2026,132.33
CWEN,2015,8.26
CWEN,2016,9.41
CWEN,2017,11.94
CWEN,2018,11.69
CWEN,2019,14.18
CWEN,2020,23.69
CWEN,2021,27.92
CWEN,2022,25.72
CWEN,2023,23.42
CWEN,2024,23.62
CWEN,2025,32.0
CWEN,2026,31.27
CWK,2018,14.47
CWK,2019,20.44
CWK,2020,14.83
CWK,2021,22.24
CWK,2022,12.46
CWK,2023,10.8
CWK,2024,13.08
CWK,2025,16.19
CWK,2026,13.49
CWST,2015,5.98
CWST,2016,12.41
CWST,2017,23.02
CWST,2018,28.49
CWST,2019,46.03
CWST,2020,61.95
CWST,2021,85.42
CWST,2022,79.31
CWST,2023,85.46
CWST,2024,105.81
CWST,2025,97.94
CWST,2026,92.25
CWT,2015,18.72
CWT,2016,27.93
CWT,2017,38.09
CWT,2018,40.78
CWT,2019,44.8
CWT,2020,47.79
CWT,2021,64.54
CWT,2022,55.42
CWT,2023,48.31
CWT,2024,43.17
CWT,2025,42.39
CWT,2026,49.97
CXM,2021,15.87
CXM,2022,8.17
CXM,2023,12.04
CXM,2024,8.45
CXM,2025,7.78
CXM,2026,8.21
CXW,2015,18.39
CXW,2016,18.53
CXW,2017,18.16
CXW,2018,15.62
CXW,2019,16.31
CXW,2020,6.55
CXW,2021,9.97
CXW,2022,11.56
CXW,2023,14.53
CXW,2024,21.74
CXW,2025,19.11
CXW,2026,33.22
CZR,2015,11.0
CZR,2016,16.95
CZR,2017,33.15
CZR,2018,36.21
CZR,2019,59.64
CZR,2020,74.27
CZR,2021,93.53
CZR,2022,41.6
CZR,2023,46.88
CZR,2024,33.42
CZR,2025,23.39
CZR,2026,29.7
DAN,2015,11.1
DAN,2016,15.53
DAN,2017,26.47
DAN,2018,11.49
DAN,2019,15.73
DAN,2020,16.98
DAN,2021,20.18
DAN,2022,13.7
DAN,2023,13.6
DAN,2024,11.16
DAN,2025,23.49
DAN,2026,29.98
DAVE,2021,328.0
DAVE,2022,9.28
DAVE,2023,8.39
DAVE,2024,86.92
DAVE,2025,221.41
DAVE,2026,359.52
DBD,2023,28.95
DBD,2024,43.04
DBD,2025,67.89
DBD,2026,67.84
DCH,2015,18.94
DCH,2016,19.3
DCH,2017,17.03
DCH,2018,11.1
DCH,2019,10.76
DCH,2020,8.34
DCH,2021,9.33
DCH,2022,7.82
DCH,2023,8.81
DCH,2024,5.83
DCH,2025,6.41
DCH,2026,6.26
DCOM,2015,21.09
DCOM,2016,27.12
DCOM,2017,25.73
DCOM,2018,19.25
DCOM,2019,26.13
DCOM,2020,19.73
DCOM,2021,29.59
DCOM,2022,27.58
DCOM,2023,24.4
DCOM,2024,29.05
DCOM,2025,29.46
DCOM,2026,40.4
DEA,2015,22.16
DEA,2016,27.13
DEA,2017,30.35
DEA,2018,23.53
DEA,2019,37.53
DEA,2020,37.41
DEA,2021,39.77
DEA,2022,26.23
DEA,2023,26.71
DEA,2024,24.59
DEA,2025,20.01
DEA,2026,24.53
DEI,2015,20.38
DEI,2016,24.54
DEI,2017,28.23
DEI,2018,24.12
DEI,2019,31.83
DEI,2020,22.01
DEI,2021,26.14
DEI,2022,12.84
DEI,2023,12.6
DEI,2024,16.95
DEI,2025,10.59
DEI,2026,11.56
DFH,2021,19.45
DFH,2022,8.66
DFH,2023,35.53
DFH,2024,23.27
DFH,2025,17.1
DFH,2026,14.05
DFIN,2016,22.98
DFIN,2017,19.49
DFIN,2018,14.03
DFIN,2019,10.47
DFIN,2020,16.97
DFIN,2021,47.14
DFIN,2022,38.65
DFIN,2023,62.37
DFIN,2024,62.73
DFIN,2025,46.69
DFIN,2026,48.3
DGII,2015,11.38
DGII,2016,13.75
DGII,2017,9.55
DGII,2018,10.09
DGII,2019,17.72
DGII,2020,18.9
DGII,2021,24.57
DGII,2022,36.55
DGII,2023,26.0
DGII,2024,30.23
DGII,2025,43.29
DGII,2026,74.94
DIOD,2015,22.98
DIOD,2016,25.67
DIOD,2017,28.67
DIOD,2018,32.26
DIOD,2019,56.37
DIOD,2020,70.5
DIOD,2021,109.81
DIOD,2022,76.14
DIOD,2023,80.52
DIOD,2024,61.67
DIOD,2025,49.34
DIOD,2026,90.8
DLX,2015,35.5
DLX,2016,47.52
DLX,2017,51.88
DLX,2018,26.47
DLX,2019,35.28
DLX,2020,21.56
DLX,2021,24.44
DLX,2022,13.59
DLX,2023,18.33
DLX,2024,20.41
DLX,2025,21.54
DLX,2026,23.1
DMC,2015,31.24
DMC,2016,49.23
DMC,2017,39.16
DMC,2018,23.58
DMC,2019,29.31
DMC,2020,20.42
DMC,2021,23.79
DMC,2022,23.08
DMC,2023,23.79
DMC,2024,31.24
DMC,2025,34.71
DMC,2026,31.68
DNOW,2015,15.82
DNOW,2016,20.47
DNOW,2017,11.03
DNOW,2018,11.64
DNOW,2019,11.24
DNOW,2020,7.18
DNOW,2021,8.54
DNOW,2022,12.7
DNOW,2023,11.32
DNOW,2024,13.01
DNOW,2025,13.25
DNOW,2026,16.03
DORM,2015,47.47
DORM,2016,73.06
DORM,2017,61.14
DORM,2018,90.02
DORM,2019,75.72
DORM,2020,86.82
DORM,2021,113.01
DORM,2022,80.87
DORM,2023,83.41
DORM,2024,129.55
DORM,2025,123.19
DORM,2026,128.85
DRH,2015,7.04
DRH,2016,8.87
DRH,2017,9.08
DRH,2018,7.55
DRH,2019,9.8
DRH,2020,7.3
DRH,2021,8.5
DRH,2022,7.33
DRH,2023,8.53
DRH,2024,8.5
DRH,2025,8.81
DRH,2026,12.31
DV,2021,33.28
DV,2022,21.96
DV,2023,36.78
DV,2024,19.21
DV,2025,11.44
DV,2026,13.4
DXC,2015,26.39
DXC,2016,48.57
DXC,2017,78.23
DXC,2018,51.13
DXC,2019,36.86
DXC,2020,25.75
DXC,2021,32.19
DXC,2022,26.5
DXC,2023,22.87
DXC,2024,19.98
DXC,2025,14.65
DXC,2026,11.3
DXPE,2015,22.8
DXPE,2016,34.74
DXPE,2017,29.57
DXPE,2018,27.84
DXPE,2019,39.81
DXPE,2020,22.23
DXPE,2021,25.67
DXPE,2022,27.55
DXPE,2023,33.7
DXPE,2024,82.62
DXPE,2025,109.79
DXPE,2026,187.73
EAT,2015,41.34
EAT,2016,43.84
EAT,2017,35.76
EAT,2018,41.93
EAT,2019,41.55
EAT,2020,56.57
EAT,2021,36.59
EAT,2022,31.91
EAT,2023,43.18
EAT,2024,132.29
EAT,2025,143.52
EAT,2026,228.5
EBC,2020,14.06
EBC,2021,17.65
EBC,2022,15.41
EBC,2023,13.1
EBC,2024,16.39
EBC,2025,18.05
EBC,2026,21.81
ECG,2024,65.75
ECG,2025,85.56
ECG,2026,115.13
ECPG,2015,29.08
ECPG,2016,28.65
ECPG,2017,42.1
ECPG,2018,23.5
ECPG,2019,35.36
ECPG,2020,38.95
ECPG,2021,62.11
ECPG,2022,47.94
ECPG,2023,50.75
ECPG,2024,47.77
ECPG,2025,54.35
ECPG,2026,97.01
EFC,2015,4.98
EFC,2016,5.15
EFC,2017,5.38
EFC,2018,6.31
EFC,2019,8.35
EFC,2020,7.5
EFC,2021,9.48
EFC,2022,7.74
EFC,2023,9.15
EFC,2024,9.94
EFC,2025,12.54
EFC,2026,13.38
EFOR,2015,44.95
EFOR,2016,44.16
EFOR,2017,64.27
EFOR,2018,54.5
EFOR,2019,70.97
EFOR,2020,83.53
EFOR,2021,123.4
EFOR,2022,81.48
EFOR,2023,96.17
EFOR,2024,83.34
EFOR,2025,48.17
EFOR,2026,32.42
EGBN,2015,39.37
EGBN,2016,47.55
EGBN,2017,45.17
EGBN,2018,38.0
EGBN,2019,38.29
EGBN,2020,33.39
EGBN,2021,48.25
EGBN,2022,37.68
EGBN,2023,27.52
EGBN,2024,25.34
EGBN,2025,21.4
EGBN,2026,27.29
EIG,2015,20.16
EIG,2016,29.61
EIG,2017,33.67
EIG,2018,32.43
EIG,2019,32.95
EIG,2020,26.18
EIG,2021,34.53
EIG,2022,38.87
EIG,2023,36.5
EIG,2024,48.67
EIG,2025,42.19
EIG,2026,49.09
EMN,2015,47.09
EMN,2016,53.88
EMN,2017,68.04
EMN,2018,55.04
EMN,2019,61.65
EMN,2020,81.24
EMN,2021,100.36
EMN,2022,69.88
EMN,2023,80.12
EMN,2024,84.21
EMN,2025,61.58
EMN,2026,71.53
ENOV,2015,40.19
ENOV,2016,61.84
ENOV,2017,68.19
ENOV,2018,35.97
ENOV,2019,62.62
ENOV,2020,65.82
ENOV,2021,79.12
ENOV,2022,53.52
ENOV,2023,56.02
ENOV,2024,43.88
ENOV,2025,26.64
ENOV,2026,24.59
ENPH,2015,3.51
ENPH,2016,1.01
ENPH,2017,2.41
ENPH,2018,4.73
ENPH,2019,26.13
ENPH,2020,175.47
ENPH,2021,182.94
ENPH,2022,264.96
ENPH,2023,132.14
ENPH,2024,68.68
ENPH,2025,32.05
ENPH,2026,36.42
ENR,2015,23.87
ENR,2016,32.01
ENR,2017,35.25
ENR,2018,33.89
ENR,2019,38.73
ENR,2020,33.41
ENR,2021,32.67
ENR,2022,28.36
ENR,2023,27.74
ENR,2024,31.73
ENR,2025,19.01
ENR,2026,21.78
ENVA,2015,6.61
ENVA,2016,12.55
ENVA,2017,15.2
ENVA,2018,19.46
ENVA,2019,24.06
ENVA,2020,24.77
ENVA,2021,40.96
ENVA,2022,38.37
ENVA,2023,55.36
ENVA,2024,95.88
ENVA,2025,157.2
ENVA,2026,226.72
EPAC,2015,23.59
EPAC,2016,25.59
EPAC,2017,24.99
EPAC,2018,20.76
EPAC,2019,25.79
EPAC,2020,22.45
EPAC,2021,20.17
EPAC,2022,25.36
EPAC,2023,31.03
EPAC,2024,41.05
EPAC,2025,38.24
EPAC,2026,37.32
EPAM,2015,78.62
EPAM,2016,64.31
EPAM,2017,107.43
EPAM,2018,116.01
EPAM,2019,212.16
EPAM,2020,358.35
EPAM,2021,668.45
EPAM,2022,327.74
EPAM,2023,297.34
EPAM,2024,233.82
EPAM,2025,204.88
EPAM,2026,117.83
EPC,2015,70.07
EPC,2016,65.26
EPC,2017,53.1
EPC,2018,33.4
EPC,2019,27.68
EPC,2020,31.05
EPC,2021,41.69
EPC,2022,35.71
EPC,2023,34.47
EPC,2024,32.11
EPC,2025,16.72
EPC,2026,28.56
EPRT,2018,9.97
EPRT,2019,18.62
EPRT,2020,16.81
EPRT,2021,23.73
EPRT,2022,20.27
EPRT,2023,23.14
EPRT,2024,29.47
EPRT,2025,29.05
EPRT,2026,30.0
ESE,2015,34.67
ESE,2016,54.74
ESE,2017,58.46
ESE,2018,64.33
ESE,2019,90.7
ESE,2020,101.59
ESE,2021,88.8
ESE,2022,86.76
ESE,2023,116.37
ESE,2024,132.84
ESE,2025,195.21
ESE,2026,273.03
ESI,2015,11.86
ESI,2016,9.07
ESI,2017,9.17
ESI,2018,9.55
ESI,2019,10.8
ESI,2020,16.45
ESI,2021,22.79
ESI,2022,17.34
ESI,2023,22.41
ESI,2024,24.94
ESI,2025,24.83
ESI,2026,35.46
ETSY,2015,8.26
ETSY,2016,11.78
ETSY,2017,20.45
ETSY,2018,47.57
ETSY,2019,44.3
ETSY,2020,177.91
ETSY,2021,218.94
ETSY,2022,119.78
ETSY,2023,81.05
ETSY,2024,52.89
ETSY,2025,55.44
ETSY,2026,81.33
EVTC,2015,15.23
EVTC,2016,16.63
EVTC,2017,13.02
EVTC,2018,27.47
EVTC,2019,32.8
EVTC,2020,38.13
EVTC,2021,48.71
EVTC,2022,31.72
EVTC,2023,40.33
EVTC,2024,34.2
EVTC,2025,28.93
EVTC,2026,29.63
EXTR,2015,4.08
EXTR,2016,5.03
EXTR,2017,12.52
EXTR,2018,6.1
EXTR,2019,7.37
EXTR,2020,6.89
EXTR,2021,15.7
EXTR,2022,18.31
EXTR,2023,17.64
EXTR,2024,16.74
EXTR,2025,16.65
EXTR,2026,22.49
EYE,2017,40.61
EYE,2018,28.17
EYE,2019,32.43
EYE,2020,45.29
EYE,2021,47.99
EYE,2022,38.76
EYE,2023,20.93
EYE,2024,10.42
EYE,2025,25.82
EYE,2026,17.08
EZPW,2015,4.99
EZPW,2016,10.65
EZPW,2017,12.2
EZPW,2018,7.73
EZPW,2019,6.82
EZPW,2020,4.79
EZPW,2021,7.37
EZPW,2022,8.15
EZPW,2023,8.74
EZPW,2024,12.22
EZPW,2025,19.42
EZPW,2026,32.32
FA,2021,17.15
FA,2022,11.71
FA,2023,16.57
FA,2024,18.73
FA,2025,14.53
FA,2026,21.02
FBK,2016,23.23
FBK,2017,37.58
FBK,2018,31.51
FBK,2019,35.93
FBK,2020,31.93
FBK,2021,40.71
FBK,2022,33.99
FBK,2023,38.18
FBK,2024,50.18
FBK,2025,55.2
FBK,2026,56.96
FBNC,2015,15.33
FBNC,2016,22.55
FBNC,2017,29.64
FBNC,2018,27.71
FBNC,2019,34.36
FBNC,2020,30.03
FBNC,2021,41.34
FBNC,2022,39.61
FBNC,2023,35.16
FBNC,2024,42.77
FBNC,2025,50.38
FBNC,2026,63.43
FBP,2015,2.59
FBP,2016,5.26
FBP,2017,4.06
FBP,2018,6.87
FBP,2019,8.58
FBP,2020,7.69
FBP,2021,11.77
FBP,2022,11.22
FBP,2023,15.12
FBP,2024,17.68
FBP,2025,20.23
FBP,2026,27.88
FBRT,2021,9.05
FBRT,2022,8.7
FBRT,2023,10.14
FBRT,2024,10.52
FBRT,2025,9.55
FBRT,2026,8.37
FCF,2015,6.42
FCF,2016,10.34
FCF,2017,10.69
FCF,2018,9.24
FCF,2019,11.42
FCF,2020,9.04
FCF,2021,13.74
FCF,2022,12.32
FCF,2023,14.14
FCF,2024,16.02
FCF,2025,16.51
FCF,2026,20.7
FCPT,2015,9.05
FCPT,2016,12.68
FCPT,2017,16.55
FCPT,2018,17.47
FCPT,2019,19.6
FCPT,2020,22.03
FCPT,2021,22.78
FCPT,2022,21.14
FCPT,2023,21.8
FCPT,2024,24.66
FCPT,2025,22.16
FCPT,2026,24.88
FELE,2015,24.16
FELE,2016,35.19
FELE,2017,41.95
FELE,2018,39.6
FELE,2019,53.56
FELE,2020,65.38
FELE,2021,90.09
FELE,2022,76.71
FELE,2023,93.88
FELE,2024,95.59
FELE,2025,94.77
FELE,2026,100.09
FFBC,2015,12.11
FFBC,2016,19.66
FFBC,2017,18.68
FFBC,2018,17.27
FFBC,2019,19.22
FFBC,2020,14.02
FFBC,2021,20.27
FFBC,2022,20.96
FFBC,2023,21.45
FFBC,2024,25.23
FFBC,2025,24.4
FFBC,2026,32.37
FG,2022,17.95
FG,2023,42.55
FG,2024,39.16
FG,2025,29.91
FG,2026,23.55
FHB,2016,23.3
FHB,2017,20.13
FHB,2018,16.08
FHB,2019,21.43
FHB,2020,18.47
FHB,2021,22.23
FHB,2022,22.03
FHB,2023,20.36
FHB,2024,24.17
FHB,2025,24.57
FHB,2026,25.61
FIBK,2015,17.83
FIBK,2016,26.91
FIBK,2017,25.97
FIBK,2018,24.35
FIBK,2019,28.78
FIBK,2020,29.7
FIBK,2021,30.77
FIBK,2022,30.52
FIBK,2023,26.01
FIBK,2024,29.38
FIBK,2025,33.33
FIBK,2026,36.81
FIVN,2015,8.7
FIVN,2016,14.19
FIVN,2017,24.88
FIVN,2018,43.72
FIVN,2019,65.58
FIVN,2020,174.4
FIVN,2021,137.32
FIVN,2022,67.86
FIVN,2023,78.69
FIVN,2024,40.64
FIVN,2025,20.05
FIVN,2026,34.56
FIZZ,2015,15.71
FIZZ,2016,18.17
FIZZ,2017,35.2
FIZZ,2018,26.78
FIZZ,2019,19.04
FIZZ,2020,33.72
FIZZ,2021,38.24
FIZZ,2022,39.25
FIZZ,2023,41.94
FIZZ,2024,38.57
FIZZ,2025,28.83
FIZZ,2026,31.63
FLO,2015,13.63
FLO,2016,13.16
FLO,2017,13.19
FLO,2018,13.07
FLO,2019,15.91
FLO,2020,17.14
FLO,2021,21.54
FLO,2022,23.26
FLO,2023,18.92
FLO,2024,18.1
FLO,2025,10.2
FLO,2026,6.78
FMC,2015,26.69
FMC,2016,39.13
FMC,2017,66.05
FMC,2018,52.2
FMC,2019,82.79
FMC,2020,97.12
FMC,2021,94.61
FMC,2022,109.46
FMC,2023,56.89
FMC,2024,45.67
FMC,2025,13.71
FMC,2026,11.53
FORM,2015,9.0
FORM,2016,11.2
FORM,2017,15.65
FORM,2018,14.09
FORM,2019,25.97
FORM,2020,43.02
FORM,2021,45.72
FORM,2022,22.23
FORM,2023,41.71
FORM,2024,44.0
FORM,2025,55.78
FORM,2026,100.61
FOXF,2015,16.53
FOXF,2016,27.75
FOXF,2017,38.85
FOXF,2018,58.87
FOXF,2019,69.57
FOXF,2020,105.71
FOXF,2021,170.1
FOXF,2022,91.23
FOXF,2023,67.48
FOXF,2024,30.27
FOXF,2025,17.11
FOXF,2026,20.43
FRPT,2015,8.49
FRPT,2016,10.15
FRPT,2017,18.95
FRPT,2018,32.16
FRPT,2019,59.09
FRPT,2020,141.99
FRPT,2021,95.27
FRPT,2022,52.77
FRPT,2023,86.76
FRPT,2024,148.11
FRPT,2025,60.93
FRPT,2026,69.86
FSS,2015,14.16
FSS,2016,14.24
FSS,2017,18.63
FSS,2018,18.7
FSS,2019,30.65
FSS,2020,31.88
FSS,2021,42.01
FSS,2022,45.47
FSS,2023,75.59
FSS,2024,91.5
FSS,2025,108.16
FSS,2026,117.0
FTDR,2018,26.61
FTDR,2019,47.42
FTDR,2020,50.21
FTDR,2021,36.65
FTDR,2022,20.8
FTDR,2023,35.22
FTDR,2024,54.67
FTDR,2025,57.69
FTDR,2026,80.87
FTRE,2023,34.9
FTRE,2024,18.65
FTRE,2025,17.25
FTRE,2026,18.37
FUL,2015,31.8
FUL,2016,42.67
FUL,2017,48.13
FUL,2018,38.58
FUL,2019,47.23
FUL,2020,48.25
FUL,2021,76.16
FUL,2022,68.09
FUL,2023,78.28
FUL,2024,65.61
FUL,2025,58.75
FUL,2026,54.95
FULT,2015,8.78
FULT,2016,13.04
FULT,2017,12.74
FULT,2018,11.37
FULT,2019,13.24
FULT,2020,10.18
FULT,2021,14.14
FULT,2022,14.58
FULT,2023,14.95
FULT,2024,18.22
FULT,2025,19.0
FULT,2026,23.46
FUN,2015,40.74
FUN,2016,49.56
FUN,2017,52.76
FUN,2018,40.8
FUN,2019,51.27
FUN,2020,37.17
FUN,2021,47.3
FUN,2022,39.63
FUN,2023,39.25
FUN,2024,48.19
FUN,2025,15.34
FUN,2026,15.05
GBX,2015,24.08
GBX,2016,31.57
GBX,2017,41.3
GBX,2018,31.25
GBX,2019,26.4
GBX,2020,31.05
GBX,2021,40.19
GBX,2022,30.22
GBX,2023,41.2
GBX,2024,58.22
GBX,2025,45.81
GBX,2026,45.07
GEO,2015,11.7
GEO,2016,15.92
GEO,2017,16.73
GEO,2018,15.17
GEO,2019,14.14
GEO,2020,8.6
GEO,2021,7.75
GEO,2022,10.95
GEO,2023,10.83
GEO,2024,27.98
GEO,2025,16.12
GEO,2026,31.81
GFF,2015,12.82
GFF,2016,19.1
GFF,2017,15.0
GFF,2018,8.26
GFF,2019,16.34
GFF,2020,16.64
GFF,2021,23.57
GFF,2022,32.26
GFF,2023,59.35
GFF,2024,70.02
GFF,2025,73.11
GFF,2026,97.39
GIII,2015,43.67
GIII,2016,29.17
GIII,2017,36.4
GIII,2018,27.52
GIII,2019,33.05
GIII,2020,23.42
GIII,2021,27.27
GIII,2022,13.53
GIII,2023,33.53
GIII,2024,32.18
GIII,2025,28.66
GIII,2026,32.47
GKOS,2015,24.69
GKOS,2016,34.3
GKOS,2017,25.65
GKOS,2018,56.17
GKOS,2019,54.47
GKOS,2020,75.26
GKOS,2021,44.44
GKOS,2022,43.68
GKOS,2023,79.49
GKOS,2024,149.94
GKOS,2025,112.91
GKOS,2026,179.56
GNL,2015,7.47
GNL,2016,8.04
GNL,2017,7.74
GNL,2018,7.39
GNL,2019,9.32
GNL,2020,8.76
GNL,2021,8.55
GNL,2022,7.91
GNL,2023,7.21
GNL,2024,6.1
GNL,2025,8.08
GNL,2026,9.18
GNW,2015,3.73
GNW,2016,3.81
GNW,2017,3.11
GNW,2018,4.66
GNW,2019,4.4
GNW,2020,3.78
GNW,2021,4.05
GNW,2022,5.29
GNW,2023,6.68
GNW,2024,6.99
GNW,2025,9.03
GNW,2026,9.94
GO,2019,32.45
GO,2020,39.25
GO,2021,28.28
GO,2022,29.19
GO,2023,26.96
GO,2024,15.61
GO,2025,10.1
GO,2026,11.95
GOLF,2016,16.68
GOLF,2017,18.32
GOLF,2018,18.7
GOLF,2019,29.48
GOLF,2020,37.48
GOLF,2021,49.73
GOLF,2022,40.44
GOLF,2023,61.07
GOLF,2024,69.6
GOLF,2025,79.15
GOLF,2026,86.14
GPI,2015,68.25
GPI,2016,71.33
GPI,2017,65.88
GPI,2018,49.7
GPI,2019,95.6
GPI,2020,126.12
GPI,2021,189.24
GPI,2022,176.27
GPI,2023,299.98
GPI,2024,417.26
GPI,2025,391.15
GPI,2026,268.99
GPOR,2021,72.03
GPOR,2022,73.64
GPOR,2023,133.2
GPOR,2024,184.2
GPOR,2025,207.99
GPOR,2026,179.45
GRBK,2015,7.2
GRBK,2016,10.05
GRBK,2017,11.3
GRBK,2018,7.24
GRBK,2019,11.48
GRBK,2020,22.96
GRBK,2021,30.33
GRBK,2022,24.23
GRBK,2023,51.94
GRBK,2024,56.49
GRBK,2025,62.66
GRBK,2026,72.22
GSHD,2018,23.88
GSHD,2019,39.16
GSHD,2020,116.49
GSHD,2021,123.11
GSHD,2022,32.5
GSHD,2023,71.74
GSHD,2024,101.48
GSHD,2025,73.65
GSHD,2026,68.65
GT,2015,29.69
GT,2016,28.35
GT,2017,30.07
GT,2018,19.43
GT,2019,15.38
GT,2020,10.91
GT,2021,21.32
GT,2022,10.15
GT,2023,14.32
GT,2024,9.0
GT,2025,8.76
GT,2026,6.27
GTES,2018,13.24
GTES,2019,13.76
GTES,2020,12.76
GTES,2021,15.91
GTES,2022,11.41
GTES,2023,13.42
GTES,2024,20.57
GTES,2025,21.47
GTES,2026,25.58
GTM,2020,48.23
GTM,2021,64.2
GTM,2022,30.11
GTM,2023,18.49
GTM,2024,10.51
GTM,2025,10.17
GTM,2026,4.24
GTY,2015,9.76
GTY,2016,15.2
GTY,2017,16.91
GTY,2018,19.21
GTY,2019,22.44
GTY,2020,19.9
GTY,2021,24.42
GTY,2022,27.28
GTY,2023,24.89
GTY,2024,27.35
GTY,2025,26.57
GTY,2026,32.42
GVA,2015,37.57
GVA,2016,48.69
GVA,2017,56.7
GVA,2018,36.4
GVA,2019,25.38
GVA,2020,25.22
GVA,2021,37.02
GVA,2022,34.12
GVA,2023,50.11
GVA,2024,87.07
GVA,2025,115.13
GVA,2026,120.56
HAFC,2015,15.41
HAFC,2016,23.31
HAFC,2017,20.81
HAFC,2018,14.02
HAFC,2019,14.9
HAFC,2020,8.82
HAFC,2021,18.94
HAFC,2022,20.55
HAFC,2023,17.06
HAFC,2024,21.96
HAFC,2025,26.28
HAFC,2026,31.0
HASI,2015,10.99
HASI,2016,11.71
HASI,2017,15.73
HASI,2018,13.31
HASI,2019,23.58
HASI,2020,48.47
HASI,2021,41.64
HASI,2022,23.72
HASI,2023,24.07
HASI,2024,24.8
HASI,2025,30.73
HASI,2026,39.55
HAYW,2021,26.23
HAYW,2022,9.4
HAYW,2023,13.6
HAYW,2024,15.29
HAYW,2025,15.45
HAYW,2026,14.05
HCC,2017,14.87
HCC,2018,18.32
HCC,2019,18.68
HCC,2020,19.11
HCC,2021,23.28
HCC,2022,32.83
HCC,2023,59.62
HCC,2024,53.78
HCC,2025,87.93
HCC,2026,108.24
HCI,2015,26.17
HCI,2016,30.78
HCI,2017,24.15
HCI,2018,42.5
HCI,2019,39.61
HCI,2020,46.92
HCI,2021,76.35
HCI,2022,37.26
HCI,2023,84.49
HCI,2024,114.44
HCI,2025,190.29
HCI,2026,185.73
HCSG,2015,28.41
HCSG,2016,32.55
HCSG,2017,44.52
HCSG,2018,34.55
HCSG,2019,21.5
HCSG,2020,25.7
HCSG,2021,16.82
HCSG,2022,12.0
HCSG,2023,10.37
HCSG,2024,11.62
HCSG,2025,19.12
HCSG,2026,21.99
HE,2015,21.7
HE,2016,25.82
HE,2017,29.29
HE,2018,30.74
HE,2019,40.55
HE,2020,31.67
HE,2021,38.41
HE,2022,40.07
HE,2023,14.19
HE,2024,9.73
HE,2025,12.3
HE,2026,11.22
HFWA,2015,12.96
HFWA,2016,18.45
HFWA,2017,22.56
HFWA,2018,22.26
HFWA,2019,21.81
HFWA,2020,18.74
HFWA,2021,20.22
HFWA,2022,26.14
HFWA,2023,19.11
HFWA,2024,22.91
HFWA,2025,23.04
HFWA,2026,28.57
HIW,2015,23.68
HIW,2016,29.18
HIW,2017,30.17
HIW,2018,23.88
HIW,2019,31.48
HIW,2020,26.83
HIW,2021,31.57
HIW,2022,20.97
HIW,2023,18.84
HIW,2024,26.96
HIW,2025,24.37
HIW,2026,30.6
HLIT,2015,4.07
HLIT,2016,5.0
HLIT,2017,4.2
HLIT,2018,4.72
HLIT,2019,7.8
HLIT,2020,7.39
HLIT,2021,11.76
HLIT,2022,13.1
HLIT,2023,13.04
HLIT,2024,13.23
HLIT,2025,9.89
HLIT,2026,11.98
HLX,2015,5.26
HLX,2016,8.82
HLX,2017,7.54
HLX,2018,5.41
HLX,2019,9.63
HLX,2020,4.2
HLX,2021,3.12
HLX,2022,7.38
HLX,2023,10.28
HLX,2024,9.32
HLX,2025,6.27
HLX,2026,10.3
HMN,2015,23.55
HMN,2016,31.3
HMN,2017,33.14
HMN,2018,28.91
HMN,2019,34.63
HMN,2020,34.41
HMN,2021,32.68
HMN,2022,32.66
HMN,2023,29.8
HMN,2024,37.13
HMN,2025,45.12
HMN,2026,50.52
HNI,2015,25.44
HNI,2016,40.45
HNI,2017,28.72
HNI,2018,27.19
HNI,2019,29.72
HNI,2020,28.46
HNI,2021,35.82
HNI,2022,25.11
HNI,2023,38.46
HNI,2024,47.59
HNI,2025,40.97
HNI,2026,48.43
HOPE,2015,10.89
HOPE,2016,14.25
HOPE,2017,12.2
HOPE,2018,8.19
HOPE,2019,10.68
HOPE,2020,8.33
HOPE,2021,11.7
HOPE,2022,10.58
HOPE,2023,10.57
HOPE,2024,11.28
HOPE,2025,10.61
HOPE,2026,13.79
HP,2015,32.14
HP,2016,48.76
HP,2017,42.79
HP,2018,33.12
HP,2019,33.29
HP,2020,18.55
HP,2021,19.7
HP,2022,42.39
HP,2023,32.55
HP,2024,30.0
HP,2025,28.12
HP,2026,43.58
HRMY,2020,36.15
HRMY,2021,42.64
HRMY,2022,55.1
HRMY,2023,32.3
HRMY,2024,34.41
HRMY,2025,37.42
HRMY,2026,39.38
HSTM,2015,20.75
HSTM,2016,23.63
HSTM,2017,21.84
HSTM,2018,23.75
HSTM,2019,26.75
HSTM,2020,21.47
HSTM,2021,25.92
HSTM,2022,24.42
HSTM,2023,26.69
HSTM,2024,31.52
HSTM,2025,22.97
HSTM,2026,29.05
HTH,2015,16.16
HTH,2016,25.11
HTH,2017,21.55
HTH,2018,15.36
HTH,2019,21.81
HTH,2020,24.52
HTH,2021,31.76
HTH,2022,27.67
HTH,2023,33.14
HTH,2024,27.54
HTH,2025,33.4
HTH,2026,38.05
HTLD,2015,15.65
HTLD,2016,18.8
HTLD,2017,21.63
HTLD,2018,17.03
HTLD,2019,19.67
HTLD,2020,16.98
HTLD,2021,16.32
HTLD,2022,14.97
HTLD,2023,13.99
HTLD,2024,11.08
HTLD,2025,9.0
HTLD,2026,12.36
HTO,2015,23.19
HTO,2016,44.73
HTO,2017,51.98
HTO,2018,46.16
HTO,2019,60.1
HTO,2020,59.84
HTO,2021,64.43
HTO,2022,73.06
HTO,2023,60.07
HTO,2024,46.51
HTO,2025,47.87
HTO,2026,63.37
HUBG,2015,15.97
HUBG,2016,21.21
HUBG,2017,23.22
HUBG,2018,17.97
HUBG,2019,24.86
HUBG,2020,27.63
HUBG,2021,40.83
HUBG,2022,38.53
HUBG,2023,44.56
HUBG,2024,43.68
HUBG,2025,42.34
HUBG,2026,39.87
HWKN,2015,15.17
HWKN,2016,23.37
HWKN,2017,15.56
HWKN,2018,18.55
HWKN,2019,21.21
HWKN,2020,24.7
HWKN,2021,37.8
HWKN,2022,37.5
HWKN,2023,69.24
HWKN,2024,121.5
HWKN,2025,141.48
HWKN,2026,120.27
HZO,2015,18.42
HZO,2016,19.35
HZO,2017,18.9
HZO,2018,18.31
HZO,2019,16.69
HZO,2020,35.03
HZO,2021,59.04
HZO,2022,31.22
HZO,2023,38.9
HZO,2024,28.95
HZO,2025,24.23
HZO,2026,52.18
IART,2015,33.89
IART,2016,42.9
IART,2017,47.86
IART,2018,45.1
IART,2019,58.28
IART,2020,64.92
IART,2021,66.99
IART,2022,56.07
IART,2023,43.55
IART,2024,22.68
IART,2025,12.42
IART,2026,16.92
IBP,2015,22.61
IBP,2016,37.61
IBP,2017,69.16
IBP,2018,30.68
IBP,2019,62.71
IBP,2020,92.82
IBP,2021,128.49
IBP,2022,80.56
IBP,2023,175.26
IBP,2024,170.21
IBP,2025,256.32
IBP,2026,242.36
ICHR,2016,10.82
ICHR,2017,24.6
ICHR,2018,16.3
ICHR,2019,33.27
ICHR,2020,30.15
ICHR,2021,46.03
ICHR,2022,26.82
ICHR,2023,33.63
ICHR,2024,32.22
ICHR,2025,18.43
ICHR,2026,53.57
ICUI,2015,112.78
ICUI,2016,147.35
ICUI,2017,216.0
ICUI,2018,229.63
ICUI,2019,187.12
ICUI,2020,214.49
ICUI,2021,237.34
ICUI,2022,157.48
ICUI,2023,99.74
ICUI,2024,155.17
ICUI,2025,142.67
ICUI,2026,172.95
IIPR,2016,10.06
IIPR,2017,18.34
IIPR,2018,26.6
IIPR,2019,45.89
IIPR,2020,115.34
IIPR,2021,170.12
IIPR,2022,69.72
IIPR,2023,75.84
IIPR,2024,54.19
IIPR,2025,44.22
IIPR,2026,56.92
INDB,2015,34.46
INDB,2016,53.36
INDB,2017,54.16
INDB,2018,55.62
INDB,2019,67.37
INDB,2020,60.88
INDB,2021,69.63
INDB,2022,73.98
INDB,2023,60.03
INDB,2024,60.99
INDB,2025,71.9
INDB,2026,81.18
INDV,2015,13.6
INDV,2016,17.75
INDV,2017,27.5
INDV,2018,6.75
INDV,2019,2.6
INDV,2020,7.32
INDV,2021,17.25
INDV,2022,21.75
INDV,2023,15.27
INDV,2024,12.43
INDV,2025,35.88
INDV,2026,34.93
INSP,2018,42.25
INSP,2019,74.21
INSP,2020,188.09
INSP,2021,230.06
INSP,2022,251.88
INSP,2023,203.43
INSP,2024,185.38
INSP,2025,92.23
INSP,2026,62.99
INSW,2016,7.64
INSW,2017,10.04
INSW,2018,9.16
INSW,2019,16.19
INSW,2020,9.0
INSW,2021,8.73
INSW,2022,22.92
INSW,2023,32.77
INSW,2024,29.21
INSW,2025,42.35
INSW,2026,93.88
INVA,2015,10.54
INVA,2016,10.7
INVA,2017,14.19
INVA,2018,17.45
INVA,2019,14.16
INVA,2020,12.39
INVA,2021,17.25
INVA,2022,13.25
INVA,2023,16.04
INVA,2024,17.35
INVA,2025,19.99
INVA,2026,20.77
INVX,2015,59.23
INVX,2016,60.05
INVX,2017,47.7
INVX,2018,30.03
INVX,2019,46.91
INVX,2020,29.62
INVX,2021,19.68
INVX,2022,27.17
INVX,2023,23.27
INVX,2024,13.97
INVX,2025,21.87
INVX,2026,30.67
IOSP,2015,46.94
IOSP,2016,59.95
IOSP,2017,62.53
IOSP,2018,55.35
IOSP,2019,93.78
IOSP,2020,83.46
IOSP,2021,84.1
IOSP,2022,96.92
IOSP,2023,117.72
IOSP,2024,106.46
IOSP,2025,75.65
IOSP,2026,93.86
IPAR,2015,19.28
IPAR,2016,27.05
IPAR,2017,36.54
IPAR,2018,56.03
IPAR,2019,63.17
IPAR,2020,52.91
IPAR,2021,94.72
IPAR,2022,87.71
IPAR,2023,133.32
IPAR,2024,124.72
IPAR,2025,82.83
IPAR,2026,116.59
IRDM,2015,7.85
IRDM,2016,8.96
IRDM,2017,11.02
IRDM,2018,17.22
IRDM,2019,23.0
IRDM,2020,36.71
IRDM,2021,38.54
IRDM,2022,47.98
IRDM,2023,38.82
IRDM,2024,27.91
IRDM,2025,17.16
IRDM,2026,46.83
ITGR,2015,47.86
ITGR,2016,29.45
ITGR,2017,45.3
ITGR,2018,76.26
ITGR,2019,80.43
ITGR,2020,81.19
ITGR,2021,85.59
ITGR,2022,68.46
ITGR,2023,99.08
ITGR,2024,132.52
ITGR,2025,78.43
ITGR,2026,125.25
ITRI,2015,36.18
ITRI,2016,62.85
ITRI,2017,68.2
ITRI,2018,47.29
ITRI,2019,83.95
ITRI,2020,95.9
ITRI,2021,68.52
ITRI,2022,50.65
ITRI,2023,75.51
ITRI,2024,108.58
ITRI,2025,92.86
ITRI,2026,97.01
IVT,2015,16.99
IVT,2016,16.65
IVT,2017,12.24
IVT,2018,12.65
IVT,2019,13.1
IVT,2020,9.38
IVT,2021,23.43
IVT,2022,21.02
IVT,2023,23.33
IVT,2024,28.7
IVT,2025,27.79
IVT,2026,32.31
JBGS,2017,25.2
JBGS,2018,25.96
JBGS,2019,30.44
JBGS,2020,24.59
JBGS,2021,23.26
JBGS,2022,16.04
JBGS,2023,15.05
JBGS,2024,14.37
JBGS,2025,16.56
JBGS,2026,12.05
JBLU,2015,22.65
JBLU,2016,22.42
JBLU,2017,22.34
JBLU,2018,16.06
JBLU,2019,18.72
JBLU,2020,14.54
JBLU,2021,14.24
JBLU,2022,6.48
JBLU,2023,5.55
JBLU,2024,7.86
JBLU,2025,4.55
JBLU,2026,4.6
JBSS,2015,32.64
JBSS,2016,46.65
JBSS,2017,43.5
JBSS,2018,39.58
JBSS,2019,68.59
JBSS,2020,61.65
JBSS,2021,74.88
JBSS,2022,70.49
JBSS,2023,92.27
JBSS,2024,80.44
JBSS,2025,67.71
JBSS,2026,73.69
JBTM,2015,47.76
JBTM,2016,82.89
JBTM,2017,107.33
JBTM,2018,69.86
JBTM,2019,110.02
JBTM,2020,111.67
JBTM,2021,151.02
JBTM,2022,90.16
JBTM,2023,98.54
JBTM,2024,126.43
JBTM,2025,150.33
JBTM,2026,116.87
JJSF,2015,95.73
JJSF,2016,110.99
JJSF,2017,127.9
JJSF,2018,123.34
JJSF,2019,159.09
JJSF,2020,136.46
JJSF,2021,140.89
JJSF,2022,136.05
JJSF,2023,154.66
JJSF,2024,146.28
JJSF,2025,87.73
JJSF,2026,87.33
JOE,2015,17.52
JOE,2016,17.98
JOE,2017,17.08
JOE,2018,12.46
JOE,2019,18.77
JOE,2020,40.26
JOE,2021,49.7
JOE,2022,37.24
JOE,2023,58.51
JOE,2024,44.1
JOE,2025,58.95
JOE,2026,66.1
JXN,2021,33.44
JXN,2022,29.58
JXN,2023,46.51
JXN,2024,82.06
JXN,2025,104.16
JXN,2026,132.56
KAI,2015,37.28
KAI,2016,57.08
KAI,2017,94.73
KAI,2018,77.55
KAI,2019,101.34
KAI,2020,137.0
KAI,2021,225.25
KAI,2022,174.56
KAI,2023,277.01
KAI,2024,342.35
KAI,2025,284.04
KAI,2026,299.14
KALU,2015,59.99
KALU,2016,57.31
KALU,2017,80.6
KALU,2018,68.77
KALU,2019,87.51
KALU,2020,80.89
KALU,2021,78.92
KALU,2022,66.15
KALU,2023,64.74
KALU,2024,66.52
KALU,2025,113.17
KALU,2026,158.78
KFY,2015,28.29
KFY,2016,25.5
KFY,2017,36.36
KFY,2018,35.02
KFY,2019,37.92
KFY,2020,39.43
KFY,2021,69.1
KFY,2022,46.68
KFY,2023,55.61
KFY,2024,64.56
KFY,2025,64.94
KFY,2026,85.55
KGS,2023,17.62
KGS,2024,37.93
KGS,2025,36.51
KGS,2026,58.77
KLIC,2015,10.1
KLIC,2016,13.81
KLIC,2017,21.07
KLIC,2018,17.84
KLIC,2019,24.43
KLIC,2020,29.18
KLIC,2021,56.13
KLIC,2022,41.66
KLIC,2023,52.26
KLIC,2024,45.35
KLIC,2025,45.22
KLIC,2026,79.85
KMPR,2015,29.29
KMPR,2016,35.91
KMPR,2017,57.0
KMPR,2018,55.69
KMPR,2019,65.88
KMPR,2020,66.43
KMPR,2021,51.75
KMPR,2022,44.4
KMPR,2023,45.09
KMPR,2024,62.77
KMPR,2025,39.24
KMPR,2026,28.18
KMT,2015,14.35
KMT,2016,24.17
KMT,2017,38.22
KMT,2018,26.8
KMT,2019,30.42
KMT,2020,30.75
KMT,2021,31.12
KMT,2022,21.48
KMT,2023,23.73
KMT,2024,22.79
KMT,2025,27.94
KMT,2026,29.34
KMX,2015,53.97
KMX,2016,64.39
KMX,2017,64.13
KMX,2018,62.73
KMX,2019,87.67
KMX,2020,94.46
KMX,2021,130.23
KMX,2022,60.89
KMX,2023,76.74
KMX,2024,81.76
KMX,2025,38.64
KMX,2026,61.33
KN,2015,13.33
KN,2016,16.71
KN,2017,14.66
KN,2018,13.31
KN,2019,21.15
KN,2020,18.43
KN,2021,23.35
KN,2022,16.42
KN,2023,17.91
KN,2024,19.93
KN,2025,21.43
KN,2026,34.18
KNTK,2018,49.57
KNTK,2019,18.34
KNTK,2020,15.22
KNTK,2021,21.59
KNTK,2022,24.75
KNTK,2023,27.44
KNTK,2024,50.25
KNTK,2025,34.2
KNTK,2026,54.83
KOP,2015,17.57
KOP,2016,38.81
KOP,2017,49.02
KOP,2018,16.41
KOP,2019,36.81
KOP,2020,30.01
KOP,2021,30.14
KOP,2022,27.36
KOP,2023,50.02
KOP,2024,31.85
KOP,2025,26.9
KOP,2026,45.87
KRMN,2025,73.17
KRMN,2026,41.45
KSS,2015,27.64
KSS,2016,29.95
KSS,2017,34.67
KSS,2018,43.91
KSS,2019,35.47
KSS,2020,29.38
KSS,2021,36.31
KSS,2022,19.61
KSS,2023,24.28
KSS,2024,13.15
KSS,2025,19.92
KSS,2026,17.7
KTB,2019,33.59
KTB,2020,33.29
KTB,2021,43.36
KTB,2022,35.45
KTB,2023,57.64
KTB,2024,81.09
KTB,2025,59.75
KTB,2026,74.87
KWR,2015,68.86
KWR,2016,115.79
KWR,2017,137.82
KWR,2018,163.88
KWR,2019,152.97
KWR,2020,237.72
KWR,2021,217.93
KWR,2022,159.3
KWR,2023,205.72
KWR,2024,137.04
KWR,2025,135.89
KWR,2026,165.8
LAUR,2017,6.31
LAUR,2018,7.09
LAUR,2019,8.19
LAUR,2020,6.77
LAUR,2021,10.13
LAUR,2022,9.13
LAUR,2023,13.71
LAUR,2024,18.29
LAUR,2025,33.67
LAUR,2026,37.53
LAZ,2015,24.75
LAZ,2016,24.47
LAZ,2017,33.33
LAZ,2018,24.87
LAZ,2019,28.65
LAZ,2020,32.12
LAZ,2021,34.5
LAZ,2022,28.9
LAZ,2023,30.91
LAZ,2024,47.85
LAZ,2025,47.07
LAZ,2026,43.23
LBRT,2018,11.82
LBRT,2019,10.33
LBRT,2020,9.65
LBRT,2021,9.08
LBRT,2022,15.04
LBRT,2023,17.27
LBRT,2024,19.21
LBRT,2025,18.27
LBRT,2026,19.62
LCII,2015,43.89
LCII,2016,78.96
LCII,2017,97.16
LCII,2018,51.27
LCII,2019,84.67
LCII,2020,105.1
LCII,2021,129.34
LCII,2022,79.56
LCII,2023,112.25
LCII,2024,95.81
LCII,2025,117.69
LCII,2026,100.63
LEG,2026,9.2
LEU,2015,1.32
LEU,2016,6.38
LEU,2017,4.01
LEU,2018,1.69
LEU,2019,6.88
LEU,2020,23.13
LEU,2021,49.91
LEU,2022,32.48
LEU,2023,54.41
LEU,2024,66.61
LEU,2025,242.76
LEU,2026,171.4
LFST,2021,9.52
LFST,2022,4.94
LFST,2023,7.83
LFST,2024,7.37
LFST,2025,7.04
LFST,2026,12.36
LGIH,2015,24.33
LGIH,2016,28.73
LGIH,2017,75.03
LGIH,2018,45.22
LGIH,2019,70.65
LGIH,2020,105.85
LGIH,2021,154.48
LGIH,2022,92.6
LGIH,2023,133.16
LGIH,2024,89.4
LGIH,2025,42.96
LGIH,2026,55.94
LGND,2015,67.64
LGND,2016,63.39
LGND,2017,85.42
LGND,2018,84.65
LGND,2019,65.06
LGND,2020,62.04
LGND,2021,96.36
LGND,2022,66.8
LGND,2023,71.42
LGND,2024,107.15
LGND,2025,189.07
LGND,2026,284.1
LIF,2024,41.27
LIF,2025,64.14
LIF,2026,42.86
LKFN,2015,23.53
LKFN,2016,36.69
LKFN,2017,38.28
LKFN,2018,32.38
LKFN,2019,40.47
LKFN,2020,45.55
LKFN,2021,69.57
LKFN,2022,64.7
LKFN,2023,59.67
LKFN,2024,64.85
LKFN,2025,55.61
LKFN,2026,59.09
LKQ,2015,25.73
LKQ,2016,26.62
LKQ,2017,35.32
LKQ,2018,20.61
LKQ,2019,31.01
LKQ,2020,30.61
LKQ,2021,52.36
LKQ,2022,47.53
LKQ,2023,43.46
LKQ,2024,34.37
LKQ,2025,29.22
LKQ,2026,25.1
LMAT,2015,15.54
LMAT,2016,23.07
LMAT,2017,29.2
LMAT,2018,21.86
LMAT,2019,33.62
LMAT,2020,38.35
LMAT,2021,47.98
LMAT,2022,44.43
LMAT,2023,55.36
LMAT,2024,90.59
LMAT,2025,80.47
LMAT,2026,80.28
LNC,2015,33.47
LNC,2016,45.19
LNC,2017,53.31
LNC,2018,36.26
LNC,2019,42.77
LNC,2020,38.03
LNC,2021,53.05
LNC,2022,24.65
LNC,2023,23.28
LNC,2024,29.06
LNC,2025,43.01
LNC,2026,42.59
LNN,2015,63.55
LNN,2016,66.54
LNN,2017,79.77
LNN,2018,88.21
LNN,2019,89.26
LNN,2020,120.94
LNN,2021,144.26
LNN,2022,156.0
LNN,2023,125.04
LNN,2024,115.87
LNN,2025,116.75
LNN,2026,114.91
LPG,2015,5.01
LPG,2016,3.5
LPG,2017,3.5
LPG,2018,2.48
LPG,2019,6.59
LPG,2020,5.19
LPG,2021,5.85
LPG,2022,12.26
LPG,2023,33.28
LPG,2024,20.7
LPG,2025,22.72
LPG,2026,50.04
LQDA,2018,21.66
LQDA,2019,4.28
LQDA,2020,2.95
LQDA,2021,4.87
LQDA,2022,6.37
LQDA,2023,12.03
LQDA,2024,11.76
LQDA,2025,34.49
LQDA,2026,68.17
LQDT,2015,6.5
LQDT,2016,9.75
LQDT,2017,4.85
LQDT,2018,6.17
LQDT,2019,5.96
LQDT,2020,15.91
LQDT,2021,22.08
LQDT,2022,14.06
LQDT,2023,17.21
LQDT,2024,32.29
LQDT,2025,30.31
LQDT,2026,41.68
LRN,2015,8.8
LRN,2016,17.16
LRN,2017,15.9
LRN,2018,24.79
LRN,2019,20.35
LRN,2020,21.23
LRN,2021,33.33
LRN,2022,31.28
LRN,2023,59.37
LRN,2024,103.93
LRN,2025,64.93
LRN,2026,86.69
LTC,2015,23.23
LTC,2016,26.49
LTC,2017,25.77
LTC,2018,26.06
LTC,2019,29.39
LTC,2020,27.17
LTC,2021,25.33
LTC,2022,27.99
LTC,2023,27.09
LTC,2024,31.13
LTC,2025,33.05
LTC,2026,40.32
LTH,2021,17.21
LTH,2022,11.96
LTH,2023,15.08
LTH,2024,22.12
LTH,2025,26.58
LTH,2026,42.02
LUMN,2015,13.51
LUMN,2016,13.81
LUMN,2017,10.81
LUMN,2018,11.03
LUMN,2019,10.45
LUMN,2020,8.45
LUMN,2021,11.72
LUMN,2022,5.22
LUMN,2023,1.83
LUMN,2024,5.31
LUMN,2025,7.77
LUMN,2026,6.25
LW,2016,32.23
LW,2017,48.92
LW,2018,64.49
LW,2019,76.27
LW,2020,70.75
LW,2021,57.73
LW,2022,82.5
LW,2023,100.91
LW,2024,63.56
LW,2025,40.88
LW,2026,54.53
LXP,2015,22.15
LXP,2016,32.1
LXP,2017,30.77
LXP,2018,28.58
LXP,2019,38.57
LXP,2020,40.19
LXP,2021,61.19
LXP,2022,41.02
LXP,2023,42.79
LXP,2024,37.15
LXP,2025,48.21
LXP,2026,60.71
LYFT,2019,43.02
LYFT,2020,49.13
LYFT,2021,42.73
LYFT,2022,11.02
LYFT,2023,14.99
LYFT,2024,12.9
LYFT,2025,19.37
LYFT,2026,16.9
LZ,2021,16.07
LZ,2022,7.74
LZ,2023,11.3
LZ,2024,7.51
LZ,2025,9.93
LZ,2026,6.23
LZB,2015,19.89
LZB,2016,25.68
LZB,2017,26.23
LZB,2018,23.67
LZB,2019,27.34
LZB,2020,34.98
LZB,2021,32.41
LZB,2022,20.9
LZB,2023,34.63
LZB,2024,41.71
LZB,2025,36.5
LZB,2026,31.4
MAC,2015,45.94
MAC,2016,41.83
MAC,2017,40.65
MAC,2018,28.23
MAC,2019,19.14
MAC,2020,8.29
MAC,2021,13.97
MAC,2022,9.56
MAC,2023,13.93
MAC,2024,18.73
MAC,2025,18.03
MAC,2026,23.44
MAN,2015,61.29
MAN,2016,65.98
MAN,2017,95.18
MAN,2018,50.07
MAN,2019,76.85
MAN,2020,73.37
MAN,2021,81.1
MAN,2022,71.54
MAN,2023,71.14
MAN,2024,54.05
MAN,2025,29.05
MAN,2026,62.95
MARA,2015,25.6
MARA,2016,27.52
MARA,2017,16.4
MARA,2018,1.44
MARA,2019,0.88
MARA,2020,10.44
MARA,2021,32.86
MARA,2022,3.42
MARA,2023,23.49
MARA,2024,16.77
MARA,2025,8.98
MARA,2026,10.77
MATW,2015,40.63
MATW,2016,59.06
MATW,2017,41.03
MATW,2018,32.05
MATW,2019,30.79
MATW,2020,24.48
MATW,2021,31.26
MATW,2022,26.73
MATW,2023,32.97
MATW,2024,25.75
MATW,2025,25.36
MATW,2026,20.77
MATX,2015,35.28
MATX,2016,29.87
MATX,2017,25.84
MATX,2018,28.37
MATX,2019,36.97
MATX,2020,52.88
MATX,2021,84.79
MATX,2022,59.76
MATX,2023,106.48
MATX,2024,132.36
MATX,2025,122.81
MATX,2026,224.81
MBC,2022,7.55
MBC,2023,14.85
MBC,2024,14.61
MBC,2025,11.04
MBC,2026,8.25
MBGL,2026,20.3
MBIN,2017,11.87
MBIN,2018,12.15
MBIN,2019,12.19
MBIN,2020,17.38
MBIN,2021,30.03
MBIN,2022,23.41
MBIN,2023,41.43
MBIN,2024,35.8
MBIN,2025,33.83
MBIN,2026,52.53
MC,2015,13.27
MC,2016,17.31
MC,2017,26.39
MC,2018,20.45
MC,2019,20.61
MC,2020,33.57
MC,2021,50.02
MC,2022,32.43
MC,2023,50.23
MC,2024,68.88
MC,2025,66.73
MC,2026,68.07
MCRI,2015,20.21
MCRI,2016,22.93
MCRI,2017,39.87
MCRI,2018,33.93
MCRI,2019,43.19
MCRI,2020,54.46
MCRI,2021,65.79
MCRI,2022,68.4
MCRI,2023,66.61
MCRI,2024,77.26
MCRI,2025,94.93
MCRI,2026,120.15
MCY,2015,30.52
MCY,2016,41.28
MCY,2017,38.29
MCY,2018,38.93
MCY,2019,38.45
MCY,2020,43.62
MCY,2021,46.32
MCY,2022,31.21
MCY,2023,35.46
MCY,2024,64.63
MCY,2025,93.13
MCY,2026,101.64
MD,2015,71.66
MD,2016,66.66
MD,2017,53.44
MD,2018,33.0
MD,2019,27.79
MD,2020,24.54
MD,2021,27.21
MD,2022,14.86
MD,2023,9.3
MD,2024,13.12
MD,2025,21.39
MD,2026,26.23
MDU,2015,5.06
MDU,2016,8.22
MDU,2017,7.9
MDU,2018,7.22
MDU,2019,9.27
MDU,2020,8.5
MDU,2021,10.23
MDU,2022,10.38
MDU,2023,10.18
MDU,2024,17.11
MDU,2025,19.12
MDU,2026,19.77
MFP,2026,46.88
MGEE,2015,36.87
MGEE,2016,53.05
MGEE,2017,52.27
MGEE,2018,50.75
MGEE,2019,68.03
MGEE,2020,61.71
MGEE,2021,73.99
MGEE,2022,64.68
MGEE,2023,67.99
MGEE,2024,90.29
MGEE,2025,76.97
MGEE,2026,77.18
MGY,2017,8.71
MGY,2018,10.02
MGY,2019,11.25
MGY,2020,6.31
MGY,2021,16.96
MGY,2022,21.46
MGY,2023,19.91
MGY,2024,22.33
MGY,2025,21.48
MGY,2026,26.85
MHK,2015,189.39
MHK,2016,199.68
MHK,2017,275.9
MHK,2018,116.96
MHK,2019,136.38
MHK,2020,140.95
MHK,2021,182.18
MHK,2022,102.22
MHK,2023,103.5
MHK,2024,119.13
MHK,2025,109.3
MHK,2026,128.25
MHO,2015,21.92
MHO,2016,25.18
MHO,2017,34.4
MHO,2018,21.02
MHO,2019,39.35
MHO,2020,44.29
MHO,2021,62.18
MHO,2022,46.18
MHO,2023,137.74
MHO,2024,132.95
MHO,2025,127.95
MHO,2026,148.81
MIR,2020,10.9
MIR,2021,10.47
MIR,2022,6.61
MIR,2023,10.25
MIR,2024,17.45
MIR,2025,23.42
MIR,2026,15.07
MKTX,2015,100.49
MKTX,2016,133.35
MKTX,2017,184.39
MKTX,2018,194.78
MKTX,2019,351.89
MKTX,2020,532.34
MKTX,2021,385.89
MKTX,2022,264.33
MKTX,2023,280.46
MKTX,2024,219.24
MKTX,2025,178.6
MKTX,2026,162.63
MLKN,2015,21.82
MLKN,2016,26.53
MLKN,2017,31.74
MLKN,2018,24.49
MLKN,2019,34.41
MLKN,2020,28.22
MLKN,2021,33.3
MLKN,2022,18.35
MLKN,2023,24.23
MLKN,2024,21.08
MLKN,2025,17.77
MLKN,2026,22.59
MMI,2015,26.5
MMI,2016,24.3
MMI,2017,29.66
MMI,2018,31.22
MMI,2019,33.88
MMI,2020,33.86
MMI,2021,46.8
MMI,2022,32.38
MMI,2023,41.71
MMI,2024,37.03
MMI,2025,26.81
MMI,2026,31.4
MMSI,2015,18.59
MMSI,2016,26.5
MMSI,2017,43.2
MMSI,2018,55.81
MMSI,2019,31.22
MMSI,2020,55.51
MMSI,2021,62.3
MMSI,2022,70.62
MMSI,2023,75.96
MMSI,2024,96.72
MMSI,2025,88.14
MMSI,2026,90.66
MPT,2015,5.23
MPT,2016,5.98
MPT,2017,7.21
MPT,2018,9.01
MPT,2019,12.49
MPT,2020,13.6
MPT,2021,15.55
MPT,2022,7.93
MPT,2023,3.94
MPT,2024,3.48
MPT,2025,4.7
MPT,2026,3.88
MRCY,2015,18.36
MRCY,2016,30.22
MRCY,2017,51.35
MRCY,2018,47.29
MRCY,2019,69.11
MRCY,2020,88.06
MRCY,2021,55.06
MRCY,2022,44.74
MRCY,2023,36.57
MRCY,2024,42.0
MRCY,2025,73.01
MRCY,2026,87.33
MRP,2025,27.61
MRP,2026,30.42
MRTN,2015,5.78
MRTN,2016,7.65
MRTN,2017,11.16
MRTN,2018,8.94
MRTN,2019,12.35
MRTN,2020,15.4
MRTN,2021,16.0
MRTN,2022,18.68
MRTN,2023,20.05
MRTN,2024,15.12
MRTN,2025,11.24
MRTN,2026,14.36
MSEX,2015,21.47
MSEX,2016,35.57
MSEX,2017,33.82
MSEX,2018,46.17
MSEX,2019,55.93
MSEX,2020,64.75
MSEX,2021,109.11
MSEX,2022,72.28
MSEX,2023,61.31
MSEX,2024,50.27
MSEX,2025,49.44
MSEX,2026,58.0
MSGS,2015,110.24
MSGS,2016,116.85
MSGS,2017,143.66
MSGS,2018,182.39
MSGS,2019,200.44
MSGS,2020,175.86
MSGS,2021,165.95
MSGS,2022,183.33
MSGS,2023,181.83
MSGS,2024,225.68
MSGS,2025,258.65
MSGS,2026,384.73
MTCH,2015,12.38
MTCH,2016,15.63
MTCH,2017,28.61
MTCH,2018,41.07
MTCH,2019,78.84
MTCH,2020,145.16
MTCH,2021,126.98
MTCH,2022,39.84
MTCH,2023,35.05
MTCH,2024,31.41
MTCH,2025,31.73
MTCH,2026,40.65
MTH,2015,15.82
MTH,2016,16.19
MTH,2017,23.83
MTH,2018,17.09
MTH,2019,28.44
MTH,2020,38.54
MTH,2021,56.8
MTH,2022,42.9
MTH,2023,81.74
MTH,2024,73.44
MTH,2025,64.4
MTH,2026,68.92
MTRN,2015,25.95
MTRN,2016,37.22
MTRN,2017,46.14
MTRN,2018,43.03
MTRN,2019,57.27
MTRN,2020,61.89
MTRN,2021,89.86
MTRN,2022,86.04
MTRN,2023,128.55
MTRN,2024,98.12
MTRN,2025,124.05
MTRN,2026,236.08
MTUS,2015,8.38
MTUS,2016,15.48
MTUS,2017,15.19
MTUS,2018,8.74
MTUS,2019,7.86
MTUS,2020,4.67
MTUS,2021,16.5
MTUS,2022,18.17
MTUS,2023,23.45
MTUS,2024,14.13
MTUS,2025,17.16
MTUS,2026,19.52
MTX,2015,43.86
MTX,2016,74.13
MTX,2017,66.25
MTX,2018,49.55
MTX,2019,55.84
MTX,2020,60.42
MTX,2021,71.33
MTX,2022,59.4
MTX,2023,70.07
MTX,2024,75.28
MTX,2025,60.65
MTX,2026,70.92
MWA,2015,7.28
MWA,2016,11.39
MWA,2017,10.86
MWA,2018,8.03
MWA,2019,10.78
MWA,2020,11.37
MWA,2021,13.43
MWA,2022,10.23
MWA,2023,13.94
MWA,2024,22.09
MWA,2025,23.64
MWA,2026,24.14
MXL,2015,14.73
MXL,2016,21.8
MXL,2017,26.42
MXL,2018,17.6
MXL,2019,21.22
MXL,2020,38.19
MXL,2021,75.39
MXL,2022,33.95
MXL,2023,23.77
MXL,2024,19.78
MXL,2025,17.43
MXL,2026,59.91
MYRG,2015,20.61
MYRG,2016,37.68
MYRG,2017,35.73
MYRG,2018,28.17
MYRG,2019,32.59
MYRG,2020,60.1
MYRG,2021,110.55
MYRG,2022,92.07
MYRG,2023,144.63
MYRG,2024,148.77
MYRG,2025,218.5
MYRG,2026,291.42
NABL,2021,11.1
NABL,2022,10.28
NABL,2023,13.25
NABL,2024,9.34
NABL,2025,7.48
NABL,2026,3.98
NATL,2023,24.29
NATL,2024,33.92
NATL,2025,38.11
NATL,2026,45.92
NAVI,2015,6.8
NAVI,2016,10.22
NAVI,2017,8.68
NAVI,2018,6.03
NAVI,2019,9.84
NAVI,2020,7.57
NAVI,2021,16.96
NAVI,2022,13.68
NAVI,2023,16.08
NAVI,2024,11.97
NAVI,2025,12.28
NAVI,2026,9.35
NBHC,2015,16.82
NBHC,2016,25.35
NBHC,2017,26.05
NBHC,2018,25.15
NBHC,2019,29.32
NBHC,2020,28.0
NBHC,2021,38.38
NBHC,2022,37.55
NBHC,2023,34.24
NBHC,2024,40.78
NBHC,2025,37.14
NBHC,2026,41.29
NBTB,2015,20.19
NBTB,2016,31.22
NBTB,2017,28.12
NBTB,2018,27.13
NBTB,2019,32.71
NBTB,2020,26.76
NBTB,2021,33.08
NBTB,2022,38.38
NBTB,2023,38.34
NBTB,2024,45.11
NBTB,2025,40.51
NBTB,2026,51.02
NE,2021,20.97
NE,2022,31.87
NE,2023,41.29
NE,2024,28.25
NE,2025,27.34
NE,2026,45.35
NEO,2015,7.87
NEO,2016,8.57
NEO,2017,8.86
NEO,2018,12.61
NEO,2019,29.25
NEO,2020,53.84
NEO,2021,34.12
NEO,2022,9.24
NEO,2023,16.18
NEO,2024,16.48
NEO,2025,11.76
NEO,2026,17.91
NEOG,2015,21.2
NEOG,2016,24.76
NEOG,2017,30.84
NEOG,2018,28.5
NEOG,2019,32.63
NEOG,2020,39.65
NEOG,2021,45.41
NEOG,2022,15.23
NEOG,2023,20.11
NEOG,2024,12.14
NEOG,2025,6.99
NEOG,2026,11.56
NGVT,2016,54.86
NGVT,2017,70.47
NGVT,2018,83.69
NGVT,2019,87.38
NGVT,2020,75.73
NGVT,2021,71.7
NGVT,2022,70.44
NGVT,2023,47.22
NGVT,2024,40.75
NGVT,2025,59.18
NGVT,2026,69.29
NHC,2015,46.1
NHC,2016,58.14
NHC,2017,48.1
NHC,2018,63.7
NHC,2019,72.0
NHC,2020,57.13
NHC,2021,60.21
NHC,2022,54.53
NHC,2023,87.72
NHC,2024,104.42
NHC,2025,136.11
NHC,2026,216.53
NHI,2015,33.51
NHI,2016,42.92
NHI,2017,45.87
NHI,2018,48.59
NHI,2019,55.23
NHI,2020,50.44
NHI,2021,44.52
NHI,2022,43.07
NHI,2023,49.35
NHI,2024,64.5
NHI,2025,74.62
NHI,2026,71.11
NIC,2015,30.57
NIC,2016,45.87
NIC,2017,52.65
NIC,2018,46.93
NIC,2019,71.03
NIC,2020,63.81
NIC,2021,82.47
NIC,2022,76.74
NIC,2023,78.22
NIC,2024,103.18
NIC,2025,120.48
NIC,2026,168.98
NMIH,2015,6.77
NMIH,2016,10.65
NMIH,2017,17.0
NMIH,2018,17.85
NMIH,2019,33.18
NMIH,2020,22.65
NMIH,2021,21.85
NMIH,2022,20.9
NMIH,2023,29.68
NMIH,2024,36.76
NMIH,2025,40.79
NMIH,2026,44.35
NOG,2015,30.6
NOG,2016,21.8
NOG,2017,16.25
NOG,2018,17.92
NOG,2019,18.55
NOG,2020,6.94
NOG,2021,16.44
NOG,2022,25.4
NOG,2023,31.89
NOG,2024,33.43
NOG,2025,20.66
NOG,2026,26.01
NPK,2015,48.39
NPK,2016,65.99
NPK,2017,64.92
NPK,2018,81.1
NPK,2019,64.55
NPK,2020,69.41
NPK,2021,68.15
NPK,2022,60.12
NPK,2023,74.43
NPK,2024,96.72
NPK,2025,105.98
NPK,2026,151.71
NPO,2015,38.7
NPO,2016,60.37
NPO,2017,84.85
NPO,2018,55.26
NPO,2019,62.47
NPO,2020,71.87
NPO,2021,105.99
NPO,2022,105.8
NPO,2023,154.07
NPO,2024,170.79
NPO,2025,213.41
NPO,2026,295.89
NSIT,2015,25.12
NSIT,2016,40.44
NSIT,2017,38.29
NSIT,2018,40.75
NSIT,2019,70.29
NSIT,2020,76.09
NSIT,2021,106.6
NSIT,2022,100.27
NSIT,2023,177.19
NSIT,2024,152.1
NSIT,2025,81.47
NSIT,2026,157.02
NSP,2015,17.99
NSP,2016,26.91
NSP,2017,44.83
NSP,2018,73.62
NSP,2019,68.65
NSP,2020,66.55
NSP,2021,99.92
NSP,2022,98.01
NSP,2023,103.15
NSP,2024,70.0
NSP,2025,36.55
NSP,2026,52.73
NSSC,2015,2.81
NSSC,2016,4.05
NSSC,2017,4.17
NSSC,2018,7.51
NSSC,2019,14.01
NSSC,2020,12.5
NSSC,2021,23.83
NSSC,2022,26.2
NSSC,2023,32.91
NSSC,2024,34.55
NSSC,2025,41.18
NSSC,2026,36.07
NTCT,2015,30.7
NTCT,2016,31.5
NTCT,2017,30.45
NTCT,2018,23.63
NTCT,2019,24.07
NTCT,2020,27.42
NTCT,2021,33.08
NTCT,2022,32.51
NTCT,2023,21.95
NTCT,2024,21.66
NTCT,2025,27.06
NTCT,2026,38.83
NTST,2020,15.07
NTST,2021,18.38
NTST,2022,15.3
NTST,2023,15.62
NTST,2024,13.01
NTST,2025,17.07
NTST,2026,20.14
NWBI,2015,7.44
NWBI,2016,10.46
NWBI,2017,10.09
NWBI,2018,10.64
NWBI,2019,10.89
NWBI,2020,8.93
NWBI,2021,10.51
NWBI,2022,11.0
NWBI,2023,10.52
NWBI,2024,11.85
NWBI,2025,11.51
NWBI,2026,15.29
NWL,2015,28.04
NWL,2016,28.88
NWL,2017,20.4
NWL,2018,12.74
NWL,2019,13.95
NWL,2020,16.28
NWL,2021,17.38
NWL,2022,10.95
NWL,2023,7.56
NWL,2024,8.99
NWL,2025,3.55
NWL,2026,6.25
NWN,2015,33.76
NWN,2016,41.26
NWN,2017,42.43
NWN,2018,44.33
NWN,2019,55.61
NWN,2020,35.86
NWN,2021,39.54
NWN,2022,40.13
NWN,2023,34.34
NWN,2024,36.66
NWN,2025,45.37
NWN,2026,49.07
NX,2015,17.91
NX,2016,17.59
NX,2017,20.43
NX,2018,12.04
NX,2019,15.41
NX,2020,20.42
NX,2021,23.12
NX,2022,22.42
NX,2023,29.3
NX,2024,23.49
NX,2025,15.18
NX,2026,19.15
NXRT,2015,8.33
NXRT,2016,14.95
NXRT,2017,19.4
NXRT,2018,25.21
NXRT,2019,33.26
NXRT,2020,32.36
NXRT,2021,65.68
NXRT,2022,35.02
NXRT,2023,28.97
NXRT,2024,36.88
NXRT,2025,28.28
NXRT,2026,23.16
OFG,2015,5.76
OFG,2016,10.58
OFG,2017,7.79
OFG,2018,13.88
OFG,2019,20.17
OFG,2020,16.18
OFG,2021,23.57
OFG,2022,25.11
OFG,2023,35.2
OFG,2024,40.77
OFG,2025,40.33
OFG,2026,52.05
OGN,2021,25.21
OGN,2022,23.98
OGN,2023,13.16
OGN,2024,14.47
OGN,2025,7.13
OGN,2026,13.76
OI,2015,17.07
OI,2016,17.06
OI,2017,21.73
OI,2018,16.9
OI,2019,11.88
OI,2020,11.9
OI,2021,12.03
OI,2022,16.57
OI,2023,16.38
OI,2024,10.84
OI,2025,14.76
OI,2026,7.27
OII,2015,35.64
OII,2016,27.72
OII,2017,21.14
OII,2018,12.1
OII,2019,14.91
OII,2020,7.95
OII,2021,11.31
OII,2022,17.49
OII,2023,21.28
OII,2024,26.08
OII,2025,24.03
OII,2026,51.76
OMCL,2015,31.08
OMCL,2016,33.9
OMCL,2017,48.5
OMCL,2018,61.24
OMCL,2019,81.72
OMCL,2020,120.02
OMCL,2021,180.44
OMCL,2022,50.42
OMCL,2023,37.63
OMCL,2024,44.52
OMCL,2025,45.3
OMCL,2026,35.16
OPLN,2015,12.35
OPLN,2016,14.64
OPLN,2017,17.86
OPLN,2018,17.3
OPLN,2019,21.5
OPLN,2020,18.61
OPLN,2021,15.62
OPLN,2022,13.05
OPLN,2023,14.81
OPLN,2024,19.84
OPLN,2025,29.78
OPLN,2026,35.6
OSIS,2015,88.66
OSIS,2016,76.12
OSIS,2017,64.38
OSIS,2018,73.3
OSIS,2019,100.74
OSIS,2020,93.22
OSIS,2021,93.2
OSIS,2022,79.52
OSIS,2023,129.05
OSIS,2024,167.43
OSIS,2025,255.06
OSIS,2026,207.91
OSW,2017,9.35
OSW,2018,9.79
OSW,2019,16.47
OSW,2020,9.94
OSW,2021,9.82
OSW,2022,9.15
OSW,2023,13.82
OSW,2024,19.6
OSW,2025,20.61
OSW,2026,24.83
OTTR,2015,19.55
OTTR,2016,31.16
OTTR,2017,35.03
OTTR,2018,40.3
OTTR,2019,42.81
OTTR,2020,36.79
OTTR,2021,63.59
OTTR,2022,53.66
OTTR,2023,79.47
OTTR,2024,70.57
OTTR,2025,79.26
OTTR,2026,90.47
OUT,2015,12.03
OUT,2016,14.56
OUT,2017,14.45
OUT,2018,12.14
OUT,2019,19.03
OUT,2020,14.08
OUT,2021,19.46
OUT,2022,12.77
OUT,2023,11.74
OUT,2024,16.51
OUT,2025,23.36
OUT,2026,29.05
PAHC,2015,24.21
PAHC,2016,23.93
PAHC,2017,27.7
PAHC,2018,26.87
PAHC,2019,21.14
PAHC,2020,16.9
PAHC,2021,18.13
PAHC,2022,12.27
PAHC,2023,10.99
PAHC,2024,20.47
PAHC,2025,37.0
PAHC,2026,37.62
PARR,2015,23.54
PARR,2016,14.54
PARR,2017,19.28
PARR,2018,14.18
PARR,2019,23.24
PARR,2020,13.98
PARR,2021,16.49
PARR,2022,23.25
PARR,2023,36.37
PARR,2024,16.39
PARR,2025,35.14
PARR,2026,79.92
PATK,2015,16.9
PATK,2016,29.65
PATK,2017,40.48
PATK,2018,17.26
PATK,2019,30.7
PATK,2020,40.77
PATK,2021,48.81
PATK,2022,37.54
PATK,2023,63.68
PATK,2024,80.55
PATK,2025,106.89
PATK,2026,81.72
PAYC,2015,36.62
PAYC,2016,44.27
PAYC,2017,78.18
PAYC,2018,119.17
PAYC,2019,257.67
PAYC,2020,440.14
PAYC,2021,404.07
PAYC,2022,302.0
PAYC,2023,202.15
PAYC,2024,202.08
PAYC,2025,158.24
PAYC,2026,239.1
PAYO,2020,10.3
PAYO,2021,7.35
PAYO,2022,5.47
PAYO,2023,5.21
PAYO,2024,10.04
PAYO,2025,5.62
PAYO,2026,7.11
PBH,2015,51.48
PBH,2016,52.1
PBH,2017,44.41
PBH,2018,30.88
PBH,2019,40.5
PBH,2020,34.87
PBH,2021,60.65
PBH,2022,62.6
PBH,2023,61.22
PBH,2024,78.09
PBH,2025,61.69
PBH,2026,51.78
PBI,2015,12.57
PBI,2016,9.66
PBI,2017,7.56
PBI,2018,4.34
PBI,2019,3.09
PBI,2020,4.96
PBI,2021,5.48
PBI,2022,3.3
PBI,2023,4.03
PBI,2024,6.88
PBI,2025,10.36
PBI,2026,17.13
PCRX,2015,76.79
PCRX,2016,32.3
PCRX,2017,45.65
PCRX,2018,43.02
PCRX,2019,45.3
PCRX,2020,59.84
PCRX,2021,60.17
PCRX,2022,38.61
PCRX,2023,33.74
PCRX,2024,18.84
PCRX,2025,25.88
PCRX,2026,25.9
PDFS,2015,10.84
PDFS,2016,22.55
PDFS,2017,15.7
PDFS,2018,8.43
PDFS,2019,16.89
PDFS,2020,21.6
PDFS,2021,31.79
PDFS,2022,28.52
PDFS,2023,32.14
PDFS,2024,27.08
PDFS,2025,28.53
PDFS,2026,44.48
PEB,2015,22.53
PEB,2016,25.32
PEB,2017,33.11
PEB,2018,26.34
PEB,2019,26.33
PEB,2020,18.52
PEB,2021,22.08
PEB,2022,13.25
PEB,2023,15.85
PEB,2024,13.48
PEB,2025,11.31
PEB,2026,18.12
PECO,2021,28.09
PECO,2022,28.0
PECO,2023,33.18
PECO,2024,35.25
PECO,2025,34.69
PECO,2026,38.53
PENG,2017,16.85
PENG,2018,14.85
PENG,2019,18.97
PENG,2020,18.82
PENG,2021,35.49
PENG,2022,14.88
PENG,2023,18.93
PENG,2024,19.19
PENG,2025,19.56
PENG,2026,49.08
PENN,2015,16.02
PENN,2016,13.79
PENN,2017,31.33
PENN,2018,18.83
PENN,2019,25.56
PENN,2020,86.37
PENN,2021,51.85
PENN,2022,29.7
PENN,2023,26.02
PENN,2024,19.82
PENN,2025,14.75
PENN,2026,16.71
PFBC,2015,24.82
PFBC,2016,40.16
PFBC,2017,45.67
PFBC,2018,34.19
PFBC,2019,48.59
PFBC,2020,42.09
PFBC,2021,61.3
PFBC,2022,65.29
PFBC,2023,66.3
PFBC,2024,81.37
PFBC,2025,92.14
PFBC,2026,102.43
PFS,2015,12.41
PFS,2016,18.04
PFS,2017,17.82
PFS,2018,16.47
PFS,2019,17.57
PFS,2020,13.61
PFS,2021,19.12
PFS,2022,17.59
PFS,2023,15.69
PFS,2024,17.37
PFS,2025,19.15
PFS,2026,23.4
PGNY,2019,27.45
PGNY,2020,42.39
PGNY,2021,50.35
PGNY,2022,31.15
PGNY,2023,37.18
PGNY,2024,17.25
PGNY,2025,25.68
PGNY,2026,25.59
PHIN,2023,28.62
PHIN,2024,46.56
PHIN,2025,61.91
PHIN,2026,68.14
PI,2016,35.34
PI,2017,22.53
PI,2018,14.55
PI,2019,25.86
PI,2020,41.87
PI,2021,88.7
PI,2022,109.18
PI,2023,90.03
PI,2024,145.26
PI,2025,174.01
PI,2026,174.32
PIPR,2015,7.49
PIPR,2016,13.45
PIPR,2017,16.3
PIPR,2018,12.93
PIPR,2019,16.25
PIPR,2020,21.06
PIPR,2021,39.03
PIPR,2022,29.9
PIPR,2023,41.19
PIPR,2024,71.77
PIPR,2025,82.9
PIPR,2026,75.06
PJT,2015,25.27
PJT,2016,27.79
PJT,2017,41.25
PJT,2018,35.2
PJT,2019,41.18
PJT,2020,68.91
PJT,2021,70.72
PJT,2022,71.37
PJT,2023,99.91
PJT,2024,156.09
PJT,2025,166.42
PJT,2026,180.14
PLAB,2015,12.45
PLAB,2016,11.3
PLAB,2017,8.53
PLAB,2018,9.68
PLAB,2019,15.76
PLAB,2020,11.16
PLAB,2021,18.85
PLAB,2022,16.83
PLAB,2023,31.37
PLAB,2024,23.56
PLAB,2025,32.0
PLAB,2026,28.14
PLMR,2019,50.31
PLMR,2020,88.53
PLMR,2021,64.55
PLMR,2022,45.0
PLMR,2023,55.31
PLMR,2024,105.22
PLMR,2025,134.29
PLMR,2026,132.57
PLUS,2015,22.95
PLUS,2016,28.35
PLUS,2017,37.01
PLUS,2018,35.03
PLUS,2019,41.48
PLUS,2020,43.29
PLUS,2021,53.03
PLUS,2022,43.59
PLUS,2023,78.59
PLUS,2024,72.72
PLUS,2025,86.86
PLUS,2026,87.97
PLXS,2015,34.92
PLXS,2016,54.04
PLXS,2017,60.72
PLXS,2018,51.08
PLXS,2019,76.94
PLXS,2020,78.21
PLXS,2021,95.89
PLXS,2022,102.93
PLXS,2023,108.13
PLXS,2024,156.48
PLXS,2025,147.0
PLXS,2026,239.47
PMT,2015,4.67
PMT,2016,5.67
PMT,2017,6.2
PMT,2018,7.94
PMT,2019,10.35
PMT,2020,9.0
PMT,2021,9.77
PMT,2022,8.0
PMT,2023,10.89
PMT,2024,10.3
PMT,2025,11.67
PMT,2026,9.32
POOL,2015,70.57
POOL,2016,92.35
POOL,2017,116.16
POOL,2018,134.7
POOL,2019,194.65
POOL,2020,344.45
POOL,2021,526.92
POOL,2022,284.36
POOL,2023,379.66
POOL,2024,328.82
POOL,2025,224.24
POOL,2026,186.52
POWI,2015,21.82
POWI,2016,30.74
POWI,2017,33.58
POWI,2018,28.1
POWI,2019,45.98
POWI,2020,76.69
POWI,2021,87.51
POWI,2022,68.18
POWI,2023,78.79
POWI,2024,59.91
POWI,2025,35.15
POWI,2026,51.38
POWL,2015,6.65
POWL,2016,10.27
POWL,2017,7.81
POWL,2018,7.03
POWL,2019,14.17
POWL,2020,8.84
POWL,2021,9.16
POWL,2022,11.39
POWL,2023,29.12
POWL,2024,73.45
POWL,2025,106.13
POWL,2026,179.73
PPLI,2015,10.73
PPLI,2016,11.58
PPLI,2017,21.85
PPLI,2018,32.71
PPLI,2019,44.52
PPLI,2020,103.35
PPLI,2021,107.23
PPLI,2022,36.42
PPLI,2023,42.97
PPLI,2024,35.39
PPLI,2025,39.1
PPLI,2026,38.28
PRDO,2015,3.39
PRDO,2016,9.43
PRDO,2017,11.29
PRDO,2018,10.67
PRDO,2019,17.18
PRDO,2020,11.8
PRDO,2021,10.99
PRDO,2022,12.99
PRDO,2023,16.62
PRDO,2024,25.6
PRDO,2025,28.91
PRDO,2026,33.07
PRG,2015,17.9
PRG,2016,25.67
PRG,2017,32.08
PRG,2018,33.95
PRG,2019,46.22
PRG,2020,51.63
PRG,2021,43.24
PRG,2022,16.19
PRG,2023,29.63
PRG,2024,41.01
PRG,2025,29.13
PRG,2026,38.13
PRGO,2015,108.89
PRGO,2016,63.0
PRGO,2017,66.52
PRGO,2018,29.88
PRGO,2019,40.54
PRGO,2020,35.68
PRGO,2021,31.78
PRGO,2022,28.67
PRGO,2023,27.96
PRGO,2024,23.23
PRGO,2025,13.0
PRGO,2026,14.64
PRGS,2015,21.3
PRGS,2016,28.46
PRGS,2017,38.55
PRGS,2018,32.61
PRGS,2019,38.79
PRGS,2020,42.92
PRGS,2021,46.54
PRGS,2022,49.36
PRGS,2023,53.77
PRGS,2024,65.15
PRGS,2025,42.96
PRGS,2026,46.27
PRIM,2015,20.09
PRIM,2016,20.99
PRIM,2017,25.27
PRIM,2018,17.96
PRIM,2019,21.13
PRIM,2020,26.58
PRIM,2021,23.29
PRIM,2022,21.55
PRIM,2023,32.89
PRIM,2024,76.01
PRIM,2025,123.96
PRIM,2026,72.11
PRK,2015,60.71
PRK,2016,83.61
PRK,2017,75.36
PRK,2018,64.0
PRK,2019,80.59
PRK,2020,86.72
PRK,2021,117.56
PRK,2022,124.77
PRK,2023,122.27
PRK,2024,162.63
PRK,2025,149.41
PRK,2026,195.29
PRKS,2015,18.84
PRKS,2016,18.93
PRKS,2017,13.57
PRKS,2018,22.09
PRKS,2019,31.71
PRKS,2020,31.59
PRKS,2021,64.86
PRKS,2022,53.51
PRKS,2023,52.83
PRKS,2024,56.19
PRKS,2025,36.3
PRKS,2026,40.01
PRLB,2015,63.69
PRLB,2016,51.35
PRLB,2017,103.0
PRLB,2018,112.79
PRLB,2019,101.55
PRLB,2020,153.4
PRLB,2021,51.35
PRLB,2022,25.53
PRLB,2023,38.96
PRLB,2024,39.09
PRLB,2025,50.59
PRLB,2026,80.06
PRSU,2015,27.21
PRSU,2016,43.01
PRSU,2017,54.46
PRSU,2018,49.61
PRSU,2019,67.28
PRSU,2020,36.17
PRSU,2021,42.79
PRSU,2022,24.39
PRSU,2023,36.2
PRSU,2024,42.51
PRSU,2025,33.68
PRSU,2026,48.0
PRVA,2021,25.87
PRVA,2022,22.71
PRVA,2023,23.03
PRVA,2024,19.55
PRVA,2025,23.71
PRVA,2026,20.49
PSMT,2015,72.93
PSMT,2016,74.04
PSMT,2017,76.97
PSMT,2018,53.3
PSMT,2019,64.8
PSMT,2020,84.02
PSMT,2021,68.01
PSMT,2022,57.22
PSMT,2023,72.23
PSMT,2024,90.26
PSMT,2025,121.64
PSMT,2026,170.01
PTCT,2015,32.4
PTCT,2016,10.91
PTCT,2017,16.68
PTCT,2018,34.32
PTCT,2019,48.03
PTCT,2020,61.03
PTCT,2021,39.83
PTCT,2022,38.17
PTCT,2023,27.56
PTCT,2024,45.14
PTCT,2025,75.96
PTCT,2026,69.54
PTEN,2015,12.11
PTEN,2016,21.79
PTEN,2017,18.69
PTEN,2018,8.48
PTEN,2019,8.74
PTEN,2020,4.47
PTEN,2021,7.26
PTEN,2022,14.65
PTEN,2023,9.64
PTEN,2024,7.62
PTEN,2025,5.94
PTEN,2026,12.54
PTGX,2016,21.99
PTGX,2017,20.8
PTGX,2018,6.73
PTGX,2019,7.05
PTGX,2020,20.16
PTGX,2021,34.2
PTGX,2022,10.91
PTGX,2023,22.93
PTGX,2024,38.6
PTGX,2025,87.34
PTGX,2026,147.75
PTON,2019,28.4
PTON,2020,151.72
PTON,2021,35.76
PTON,2022,7.94
PTON,2023,6.09
PTON,2024,8.7
PTON,2025,6.16
PTON,2026,5.36
PZZA,2015,44.57
PZZA,2016,69.09
PZZA,2017,45.82
PZZA,2018,33.08
PZZA,2019,53.43
PZZA,2020,72.6
PZZA,2021,115.34
PZZA,2022,72.37
PZZA,2023,68.55
PZZA,2024,38.24
PZZA,2025,37.48
PZZA,2026,23.48
QDEL,2015,21.2
QDEL,2016,21.42
QDEL,2017,43.35
QDEL,2018,48.82
QDEL,2019,75.03
QDEL,2020,179.65
QDEL,2021,134.99
QDEL,2022,85.67
QDEL,2023,73.7
QDEL,2024,44.55
QDEL,2025,28.56
QDEL,2026,14.43
QNST,2015,4.29
QNST,2016,3.76
QNST,2017,8.38
QNST,2018,16.23
QNST,2019,15.31
QNST,2020,21.44
QNST,2021,18.19
QNST,2022,14.35
QNST,2023,12.82
QNST,2024,23.07
QNST,2025,14.37
QNST,2026,19.44
QRVO,2015,50.9
QRVO,2016,52.73
QRVO,2017,66.6
QRVO,2018,60.73
QRVO,2019,116.23
QRVO,2020,166.27
QRVO,2021,156.39
QRVO,2022,90.64
QRVO,2023,112.61
QRVO,2024,69.93
QRVO,2025,84.51
QRVO,2026,96.08
QTWO,2015,26.37
QTWO,2016,28.85
QTWO,2017,36.85
QTWO,2018,49.55
QTWO,2019,81.08
QTWO,2020,126.53
QTWO,2021,79.44
QTWO,2022,26.87
QTWO,2023,43.41
QTWO,2024,100.65
QTWO,2025,72.16
QTWO,2026,65.04
RAL,2025,50.77
RAL,2026,61.68
RAMP,2015,20.92
RAMP,2016,26.8
RAMP,2017,27.56
RAMP,2018,38.63
RAMP,2019,48.07
RAMP,2020,73.19
RAMP,2021,47.95
RAMP,2022,23.44
RAMP,2023,37.88
RAMP,2024,30.37
RAMP,2025,29.37
RAMP,2026,37.72
RCUS,2018,10.77
RCUS,2019,10.1
RCUS,2020,25.96
RCUS,2021,40.47
RCUS,2022,20.68
RCUS,2023,19.1
RCUS,2024,14.89
RCUS,2025,23.83
RCUS,2026,29.28
RDN,2015,10.83
RDN,2016,14.55
RDN,2017,16.69
RDN,2018,13.26
RDN,2019,20.4
RDN,2020,16.89
RDN,2021,18.07
RDN,2022,16.92
RDN,2023,26.29
RDN,2024,30.11
RDN,2025,35.2
RDN,2026,35.86
RDNT,2015,6.18
RDNT,2016,6.45
RDNT,2017,10.1
RDNT,2018,10.17
RDNT,2019,20.3
RDNT,2020,19.57
RDNT,2021,30.11
RDNT,2022,18.83
RDNT,2023,34.77
RDNT,2024,69.84
RDNT,2025,71.35
RDNT,2026,75.82
RELY,2021,20.62
RELY,2022,11.45
RELY,2023,19.42
RELY,2024,22.57
RELY,2025,13.8
RELY,2026,26.74
RES,2015,10.23
RES,2016,17.01
RES,2017,22.11
RES,2018,8.8
RES,2019,4.74
RES,2020,2.85
RES,2021,4.11
RES,2022,8.08
RES,2023,6.75
RES,2024,5.64
RES,2025,5.33
RES,2026,6.53
REX,2015,9.01
REX,2016,16.46
REX,2017,13.8
REX,2018,11.35
REX,2019,13.66
REX,2020,12.24
REX,2021,16.0
REX,2022,15.93
REX,2023,23.65
REX,2024,20.84
REX,2025,32.32
REX,2026,41.08
REYN,2020,24.71
REYN,2021,26.63
REYN,2022,26.24
REYN,2023,24.28
REYN,2024,25.21
REYN,2025,22.26
REYN,2026,23.15
REZI,2018,14.3
REZI,2019,8.3
REZI,2020,14.79
REZI,2021,18.11
REZI,2022,11.45
REZI,2023,13.1
REZI,2024,16.04
REZI,2025,24.44
REZI,2026,19.36
RHI,2015,34.35
RHI,2016,36.33
RHI,2017,42.2
RHI,2018,44.24
RHI,2019,49.88
RHI,2020,50.56
RHI,2021,91.69
RHI,2022,61.91
RHI,2023,75.61
RHI,2024,62.45
RHI,2025,25.57
RHI,2026,45.34
RHP,2015,35.19
RHP,2016,45.52
RHP,2017,52.41
RHP,2018,52.93
RHP,2019,71.84
RHP,2020,57.74
RHP,2021,78.37
RHP,2022,70.0
RHP,2023,98.26
RHP,2024,97.14
RHP,2025,92.52
RHP,2026,126.76
RITM,2015,4.05
RITM,2016,6.0
RITM,2017,7.67
RITM,2018,6.87
RITM,2019,8.83
RITM,2020,5.8
RITM,2021,6.79
RITM,2022,5.81
RITM,2023,8.45
RITM,2024,9.39
RITM,2025,10.33
RITM,2026,10.03
RNG,2015,23.45
RNG,2016,20.49
RNG,2017,48.14
RNG,2018,82.0
RNG,2019,167.77
RNG,2020,376.95
RNG,2021,186.35
RNG,2022,35.21
RNG,2023,33.77
RNG,2024,34.82
RNG,2025,28.73
RNG,2026,69.62
RNST,2015,26.41
RNST,2016,33.04
RNST,2017,32.57
RNST,2018,24.52
RNST,2019,29.48
RNST,2020,29.01
RNST,2021,33.44
RNST,2022,34.01
RNST,2023,31.39
RNST,2024,34.25
RNST,2025,34.59
RNST,2026,40.67
ROAD,2018,8.83
ROAD,2019,16.87
ROAD,2020,29.11
ROAD,2021,29.41
ROAD,2022,26.69
ROAD,2023,43.52
ROAD,2024,88.46
ROAD,2025,108.55
ROAD,2026,106.2
ROCK,2015,25.44
ROCK,2016,41.65
ROCK,2017,33.0
ROCK,2018,35.59
ROCK,2019,50.44
ROCK,2020,71.94
ROCK,2021,66.68
ROCK,2022,45.88
ROCK,2023,78.98
ROCK,2024,58.9
ROCK,2025,49.44
ROCK,2026,44.99
ROG,2015,51.57
ROG,2016,76.81
ROG,2017,161.92
ROG,2018,99.06
ROG,2019,124.73
ROG,2020,155.29
ROG,2021,273.0
ROG,2022,119.34
ROG,2023,132.07
ROG,2024,101.61
ROG,2025,91.57
ROG,2026,125.57
RRR,2016,17.31
RRR,2017,25.62
RRR,2018,15.63
RRR,2019,18.75
RRR,2020,19.78
RRR,2021,46.19
RRR,2022,35.23
RRR,2023,48.01
RRR,2024,43.16
RRR,2025,60.2
RRR,2026,55.89
RSI,2020,21.65
RSI,2021,16.5
RSI,2022,3.59
RSI,2023,4.49
RSI,2024,13.72
RSI,2025,19.43
RSI,2026,25.76
RUN,2015,11.77
RUN,2016,5.31
RUN,2017,5.9
RUN,2018,10.89
RUN,2019,13.81
RUN,2020,69.38
RUN,2021,34.3
RUN,2022,24.02
RUN,2023,19.63
RUN,2024,9.25
RUN,2025,18.4
RUN,2026,8.57
RUSHA,2015,5.78
RUSHA,2016,8.42
RUSHA,2017,13.42
RUSHA,2018,9.16
RUSHA,2019,12.5
RUSHA,2020,16.92
RUSHA,2021,23.09
RUSHA,2022,22.05
RUSHA,2023,32.35
RUSHA,2024,35.73
RUSHA,2025,35.67
RUSHA,2026,51.08
RXO,2022,17.2
RXO,2023,23.26
RXO,2024,23.84
RXO,2025,12.64
RXO,2026,21.25
SABR,2015,24.74
SABR,2016,22.51
SABR,2017,19.0
SABR,2018,20.54
SABR,2019,21.83
SABR,2020,12.02
SABR,2021,8.59
SABR,2022,6.18
SABR,2023,4.4
SABR,2024,3.65
SABR,2025,1.36
SABR,2026,2.17
SAFE,2015,41.28
SAFE,2016,43.54
SAFE,2017,39.77
SAFE,2018,33.0
SAFE,2019,54.8
SAFE,2020,58.48
SAFE,2021,104.87
SAFE,2022,40.86
SAFE,2023,21.09
SAFE,2024,17.24
SAFE,2025,13.37
SAFE,2026,15.14
SAFT,2015,35.48
SAFT,2016,48.5
SAFT,2017,55.13
SAFT,2018,58.25
SAFT,2019,68.28
SAFT,2020,60.22
SAFT,2021,68.69
SAFT,2022,70.85
SAFT,2023,67.05
SAFT,2024,75.94
SAFT,2025,75.3
SAFT,2026,102.82
SAH,2015,19.04
SAH,2016,19.36
SAH,2017,15.76
SAH,2018,11.91
SAH,2019,27.29
SAH,2020,34.41
SAH,2021,44.53
SAH,2022,45.39
SAH,2023,52.97
SAH,2024,61.01
SAH,2025,60.85
SAH,2026,78.23
SBCF,2015,13.11
SBCF,2016,19.3
SBCF,2017,22.06
SBCF,2018,22.76
SBCF,2019,26.75
SBCF,2020,25.77
SBCF,2021,31.33
SBCF,2022,28.16
SBCF,2023,26.48
SBCF,2024,26.36
SBCF,2025,30.87
SBCF,2026,33.77
SBH,2015,27.89
SBH,2016,26.42
SBH,2017,18.76
SBH,2018,17.05
SBH,2019,18.25
SBH,2020,13.04
SBH,2021,18.46
SBH,2022,12.52
SBH,2023,13.28
SBH,2024,10.45
SBH,2025,14.26
SBH,2026,16.38
SBSI,2015,15.32
SBSI,2016,24.85
SBSI,2017,23.49
SBSI,2018,22.93
SBSI,2019,27.82
SBSI,2020,24.27
SBSI,2021,33.88
SBSI,2022,30.2
SBSI,2023,27.52
SBSI,2024,29.24
SBSI,2025,29.38
SBSI,2026,31.56
SCHL,2015,30.98
SCHL,2016,38.77
SCHL,2017,33.23
SCHL,2018,33.84
SCHL,2019,32.83
SCHL,2020,21.85
SCHL,2021,35.62
SCHL,2022,35.79
SCHL,2023,34.89
SCHL,2024,20.23
SCHL,2025,29.13
SCHL,2026,38.4
SCL,2015,42.13
SCL,2016,69.94
SCL,2017,68.5
SCL,2018,64.93
SCL,2019,90.87
SCL,2020,107.0
SCL,2021,112.6
SCL,2022,97.69
SCL,2023,88.18
SCL,2024,61.47
SCL,2025,46.35
SCL,2026,62.22
SCSC,2015,32.22
SCSC,2016,40.35
SCSC,2017,35.8
SCSC,2018,34.38
SCSC,2019,36.95
SCSC,2020,26.38
SCSC,2021,35.08
SCSC,2022,29.22
SCSC,2023,39.61
SCSC,2024,47.45
SCSC,2025,39.06
SCSC,2026,57.09
SDGR,2020,79.18
SDGR,2021,34.83
SDGR,2022,18.69
SDGR,2023,35.8
SDGR,2024,19.29
SDGR,2025,17.88
SDGR,2026,19.5
SEDG,2015,28.17
SEDG,2016,12.4
SEDG,2017,37.55
SEDG,2018,35.1
SEDG,2019,95.09
SEDG,2020,319.12
SEDG,2021,280.57
SEDG,2022,283.27
SEDG,2023,93.6
SEDG,2024,13.6
SEDG,2025,28.85
SEDG,2026,32.2
SEI,2017,15.85
SEI,2018,9.02
SEI,2019,10.75
SEI,2020,6.65
SEI,2021,5.62
SEI,2022,8.85
SEI,2023,7.45
SEI,2024,28.15
SEI,2025,45.69
SEI,2026,50.67
SEZL,2023,3.42
SEZL,2024,42.63
SEZL,2025,63.47
SEZL,2026,120.55
SFBS,2015,10.18
SFBS,2016,16.16
SFBS,2017,18.0
SFBS,2018,14.0
SFBS,2019,16.86
SFBS,2020,18.42
SFBS,2021,39.27
SFBS,2022,32.25
SFBS,2023,31.87
SFBS,2024,41.06
SFBS,2025,35.36
SFBS,2026,43.04
SFNC,2015,18.28
SFNC,2016,22.55
SFNC,2017,21.09
SFNC,2018,18.19
SFNC,2019,20.72
SFNC,2020,17.38
SFNC,2021,24.39
SFNC,2022,18.39
SFNC,2023,17.66
SFNC,2024,20.61
SFNC,2025,18.29
SFNC,2026,22.37
SHAK,2015,39.6
SHAK,2016,35.79
SHAK,2017,43.2
SHAK,2018,45.42
SHAK,2019,59.57
SHAK,2020,84.78
SHAK,2021,72.16
SHAK,2022,41.53
SHAK,2023,74.12
SHAK,2024,129.8
SHAK,2025,81.17
SHAK,2026,68.89
SHEN,2015,12.68
SHEN,2016,16.24
SHEN,2017,20.25
SHEN,2018,26.68
SHEN,2019,25.29
SHEN,2020,26.48
SHEN,2021,24.87
SHEN,2022,15.56
SHEN,2023,21.26
SHEN,2024,12.49
SHEN,2025,11.56
SHEN,2026,12.37
SHO,2015,8.99
SHO,2016,11.51
SHO,2017,13.03
SHO,2018,10.79
SHO,2019,12.17
SHO,2020,9.96
SHO,2021,10.32
SHO,2022,8.58
SHO,2023,9.82
SHO,2024,11.19
SHO,2025,8.78
SHO,2026,11.17
SHOO,2015,17.11
SHOO,2016,20.25
SHOO,2017,26.45
SHOO,2018,26.13
SHOO,2019,37.74
SHOO,2020,31.16
SHOO,2021,41.59
SHOO,2022,29.31
SHOO,2023,39.46
SHOO,2024,40.72
SHOO,2025,40.98
SHOO,2026,42.96
SIG,2015,100.53
SIG,2016,77.4
SIG,2017,47.26
SIG,2018,27.32
SIG,2019,20.14
SIG,2020,25.63
SIG,2021,82.18
SIG,2022,64.96
SIG,2023,103.7
SIG,2024,78.97
SIG,2025,82.24
SIG,2026,82.28
SKT,2015,19.29
SKT,2016,21.86
SKT,2017,16.99
SKT,2018,13.76
SKT,2019,10.83
SKT,2020,7.87
SKT,2021,15.87
SKT,2022,15.51
SKT,2023,25.13
SKT,2024,32.09
SKT,2025,32.54
SKT,2026,37.71
SKY,2015,3.42
SKY,2016,14.8
SKY,2017,12.33
SKY,2018,14.69
SKY,2019,31.7
SKY,2020,30.94
SKY,2021,78.98
SKY,2022,51.51
SKY,2023,74.26
SKY,2024,88.1
SKY,2025,84.5
SKY,2026,89.27
SKYW,2015,18.34
SKYW,2016,35.41
SKYW,2017,51.99
SKYW,2018,43.88
SKYW,2019,64.3
SKYW,2020,40.31
SKYW,2021,39.3
SKYW,2022,16.51
SKYW,2023,52.2
SKYW,2024,100.13
SKYW,2025,100.41
SKYW,2026,94.66
SLG,2015,64.79
SLG,2016,63.49
SLG,2017,61.43
SLG,2018,49.88
SLG,2019,60.34
SLG,2020,42.75
SLG,2021,54.34
SLG,2022,26.66
SLG,2023,39.66
SLG,2024,62.77
SLG,2025,44.55
SLG,2026,55.98
SLVM,2021,24.64
SLVM,2022,43.18
SLVM,2023,45.0
SLVM,2024,74.11
SLVM,2025,46.64
SLVM,2026,35.92
SM,2015,17.16
SM,2016,30.19
SM,2017,19.43
SM,2018,13.68
SM,2019,10.02
SM,2020,5.53
SM,2021,26.65
SM,2022,31.6
SM,2023,35.75
SM,2024,36.41
SM,2025,18.31
SM,2026,36.96
SMP,2015,29.49
SMP,2016,41.96
SMP,2017,35.99
SMP,2018,39.5
SMP,2019,44.23
SMP,2020,33.97
SMP,2021,44.94
SMP,2022,30.65
SMP,2023,36.18
SMP,2024,29.14
SMP,2025,35.96
SMP,2026,37.72
SMPL,2017,14.26
SMPL,2018,18.9
SMPL,2019,28.54
SMPL,2020,31.36
SMPL,2021,41.57
SMPL,2022,38.03
SMPL,2023,39.6
SMPL,2024,38.98
SMPL,2025,20.08
SMPL,2026,11.45
SNDR,2017,23.39
SNDR,2018,15.44
SNDR,2019,18.25
SNDR,2020,19.14
SNDR,2021,25.17
SNDR,2022,22.18
SNDR,2023,24.45
SNDR,2024,28.55
SNDR,2025,26.27
SNDR,2026,34.41
SNEX,2015,6.61
SNEX,2016,7.82
SNEX,2017,8.4
SNEX,2018,7.23
SNEX,2019,9.65
SNEX,2020,11.44
SNEX,2021,12.1
SNEX,2022,18.82
SNEX,2023,21.88
SNEX,2024,29.03
SNEX,2025,42.28
SNEX,2026,68.48
SONO,2018,9.82
SONO,2019,15.62
SONO,2020,23.39
SONO,2021,29.8
SONO,2022,16.9
SONO,2023,17.14
SONO,2024,15.04
SONO,2025,17.56
SONO,2026,15.6
SPHR,2020,48.52
SPHR,2021,32.49
SPHR,2022,20.77
SPHR,2023,33.96
SPHR,2024,40.32
SPHR,2025,95.08
SPHR,2026,136.3
SPNT,2015,13.41
SPNT,2016,11.55
SPNT,2017,14.65
SPNT,2018,9.64
SPNT,2019,10.52
SPNT,2020,9.52
SPNT,2021,8.13
SPNT,2022,5.9
SPNT,2023,11.6
SPNT,2024,16.39
SPNT,2025,21.89
SPNT,2026,24.19
SPSC,2015,35.1
SPSC,2016,34.94
SPSC,2017,24.3
SPSC,2018,41.19
SPSC,2019,55.42
SPSC,2020,108.59
SPSC,2021,142.35
SPSC,2022,128.43
SPSC,2023,193.84
SPSC,2024,183.99
SPSC,2025,89.13
SPSC,2026,85.4
SRPT,2015,38.58
SRPT,2016,27.43
SRPT,2017,55.64
SRPT,2018,109.13
SRPT,2019,129.04
SRPT,2020,170.49
SRPT,2021,90.05
SRPT,2022,129.58
SRPT,2023,96.43
SRPT,2024,121.59
SRPT,2025,21.52
SRPT,2026,21.03
STAA,2015,7.14
STAA,2016,10.85
STAA,2017,15.5
STAA,2018,31.91
STAA,2019,35.17
STAA,2020,79.22
STAA,2021,91.3
STAA,2022,48.54
STAA,2023,31.21
STAA,2024,24.29
STAA,2025,23.09
STAA,2026,22.59
STBA,2015,21.44
STBA,2016,27.95
STBA,2017,29.12
STBA,2018,28.34
STBA,2019,31.03
STBA,2020,20.05
STBA,2021,26.39
STBA,2022,29.72
STBA,2023,30.34
STBA,2024,36.01
STBA,2025,38.42
STBA,2026,49.48
STC,2015,26.85
STC,2016,34.17
STC,2017,32.29
STC,2018,32.5
STC,2019,33.0
STC,2020,40.44
STC,2021,68.16
STC,2022,37.74
STC,2023,54.09
STC,2024,63.96
STC,2025,68.56
STC,2026,68.09
STEP,2020,34.1
STEP,2021,35.96
STEP,2022,22.36
STEP,2023,29.44
STEP,2024,54.73
STEP,2025,62.18
STEP,2026,52.26
STRA,2015,47.71
STRA,2016,63.99
STRA,2017,71.93
STRA,2018,92.18
STRA,2019,130.94
STRA,2020,80.14
STRA,2021,50.28
STRA,2022,70.59
STRA,2023,85.72
STRA,2024,88.74
STRA,2025,78.43
STRA,2026,82.23
SUPN,2015,13.44
SUPN,2016,25.25
SUPN,2017,39.85
SUPN,2018,33.22
SUPN,2019,23.72
SUPN,2020,25.16
SUPN,2021,29.16
SUPN,2022,35.67
SUPN,2023,28.94
SUPN,2024,36.16
SUPN,2025,49.7
SUPN,2026,44.21
SXI,2015,75.55
SXI,2016,80.42
SXI,2017,93.88
SXI,2018,62.42
SXI,2019,74.58
SXI,2020,74.0
SXI,2021,106.69
SXI,2022,99.8
SXI,2023,155.64
SXI,2024,185.04
SXI,2025,216.5
SXI,2026,289.66
SXT,2015,50.44
SXT,2016,64.14
SXT,2017,60.68
SXT,2018,47.26
SXT,2019,57.18
SXT,2020,65.68
SXT,2021,90.8
SXT,2022,67.55
SXT,2023,62.65
SXT,2024,69.22
SXT,2025,92.91
SXT,2026,134.94
TALO,2018,16.32
TALO,2019,30.15
TALO,2020,8.24
TALO,2021,9.8
TALO,2022,18.88
TALO,2023,14.23
TALO,2024,9.71
TALO,2025,11.02
TALO,2026,17.26
TBBK,2015,6.37
TBBK,2016,7.86
TBBK,2017,9.88
TBBK,2018,7.96
TBBK,2019,12.97
TBBK,2020,13.65
TBBK,2021,25.31
TBBK,2022,28.38
TBBK,2023,38.56
TBBK,2024,52.63
TBBK,2025,67.52
TBBK,2026,65.0
TDC,2015,26.42
TDC,2016,27.17
TDC,2017,38.46
TDC,2018,38.36
TDC,2019,26.77
TDC,2020,22.47
TDC,2021,42.47
TDC,2022,33.66
TDC,2023,43.51
TDC,2024,31.15
TDC,2025,30.44
TDC,2026,29.0
TDS,2015,19.29
TDS,2016,21.98
TDS,2017,21.66
TDS,2018,25.9
TDS,2019,20.72
TDS,2020,15.68
TDS,2021,17.57
TDS,2022,9.62
TDS,2023,17.91
TDS,2024,33.86
TDS,2025,40.88
TDS,2026,33.64
TDW,2015,224.17
TDW,2016,109.83
TDW,2017,24.37
TDW,2018,19.11
TDW,2019,19.26
TDW,2020,8.64
TDW,2021,10.71
TDW,2022,36.85
TDW,2023,72.11
TDW,2024,54.71
TDW,2025,50.51
TDW,2026,93.12
TFIN,2015,16.5
TFIN,2016,26.15
TFIN,2017,31.5
TFIN,2018,29.7
TFIN,2019,38.02
TFIN,2020,48.55
TFIN,2021,119.08
TFIN,2022,48.87
TFIN,2023,80.18
TFIN,2024,90.88
TFIN,2025,62.63
TFIN,2026,71.25
TFX,2015,122.69
TFX,2016,151.72
TFX,2017,235.79
TFX,2018,246.28
TFX,2019,360.21
TFX,2020,395.34
TFX,2021,316.69
TFX,2022,241.91
TFX,2023,243.08
TFX,2024,174.63
TFX,2025,121.07
TFX,2026,142.05
TGTX,2015,11.93
TGTX,2016,4.65
TGTX,2017,8.2
TGTX,2018,4.1
TGTX,2019,11.1
TGTX,2020,52.02
TGTX,2021,19.0
TGTX,2022,11.83
TGTX,2023,17.08
TGTX,2024,30.1
TGTX,2025,29.81
TGTX,2026,54.3
THRM,2015,47.4
THRM,2016,33.85
THRM,2017,31.75
THRM,2018,39.98
THRM,2019,44.39
THRM,2020,65.22
THRM,2021,86.9
THRM,2022,65.29
THRM,2023,52.36
THRM,2024,39.92
THRM,2025,36.37
THRM,2026,39.29
TILE,2015,17.55
TILE,2016,17.24
TILE,2017,23.67
TILE,2018,13.57
TILE,2019,16.08
TILE,2020,10.31
TILE,2021,15.7
TILE,2022,9.75
TILE,2023,12.52
TILE,2024,24.22
TILE,2025,27.84
TILE,2026,37.89
TMDX,2019,19.01
TMDX,2020,19.9
TMDX,2021,19.16
TMDX,2022,61.72
TMDX,2023,78.93
TMDX,2024,62.35
TMDX,2025,121.65
TMDX,2026,84.87
TMP,2015,40.26
TMP,2016,69.63
TMP,2017,61.23
TMP,2018,57.83
TMP,2019,72.32
TMP,2020,57.6
TMP,2021,70.14
TMP,2022,67.06
TMP,2023,54.16
TMP,2024,63.79
TMP,2025,70.88
TMP,2026,97.12
TNC,2015,48.66
TNC,2016,62.41
TNC,2017,64.48
TNC,2018,46.82
TNC,2019,70.96
TNC,2020,64.72
TNC,2021,75.65
TNC,2022,58.37
TNC,2023,89.09
TNC,2024,79.26
TNC,2025,72.75
TNC,2026,69.6
TNDM,2015,118.1
TNDM,2016,21.5
TNDM,2017,2.36
TNDM,2018,37.97
TNDM,2019,59.61
TNDM,2020,95.68
TNDM,2021,150.52
TNDM,2022,44.95
TNDM,2023,29.58
TNDM,2024,36.02
TNDM,2025,21.98
TNDM,2026,22.01
TPC,2015,16.68
TPC,2016,27.9
TPC,2017,25.26
TPC,2018,15.91
TPC,2019,12.82
TPC,2020,12.91
TPC,2021,12.33
TPC,2022,7.52
TPC,2023,9.07
TPC,2024,24.12
TPC,2025,66.85
TPC,2026,88.52
TR,2015,21.7
TR,2016,28.4
TR,2017,27.05
TR,2018,25.86
TR,2019,26.7
TR,2020,23.49
TR,2021,29.83
TR,2022,36.48
TR,2023,29.63
TR,2024,30.04
TR,2025,35.4
TR,2026,40.86
TRIP,2015,75.81
TRIP,2016,41.24
TRIP,2017,30.64
TRIP,2018,47.97
TRIP,2019,30.38
TRIP,2020,28.78
TRIP,2021,27.26
TRIP,2022,17.98
TRIP,2023,21.53
TRIP,2024,14.77
TRIP,2025,14.56
TRIP,2026,9.52
TRMK,2015,16.7
TRMK,2016,26.75
TRMK,2017,24.6
TRMK,2018,22.57
TRMK,2019,28.16
TRMK,2020,23.1
TRMK,2021,28.25
TRMK,2022,31.27
TRMK,2023,25.95
TRMK,2024,33.9
TRMK,2025,38.3
TRMK,2026,45.67
TRN,2015,12.31
TRN,2016,14.53
TRN,2017,19.94
TRN,2018,15.45
TRN,2019,17.17
TRN,2020,21.26
TRN,2021,25.07
TRN,2022,25.44
TRN,2023,23.85
TRN,2024,32.72
TRN,2025,25.69
TRN,2026,28.82
TRNO,2015,17.17
TRNO,2016,22.27
TRNO,2017,28.12
TRNO,2018,28.93
TRNO,2019,45.47
TRNO,2020,50.21
TRNO,2021,74.58
TRNO,2022,51.01
TRNO,2023,57.84
TRNO,2024,56.23
TRNO,2025,57.75
TRNO,2026,66.21
TRST,2015,20.17
TRST,2016,29.87
TRST,2017,32.44
TRST,2018,24.97
TRST,2019,32.65
TRST,2020,26.21
TRST,2021,27.25
TRST,2022,32.04
TRST,2023,27.78
TRST,2024,31.24
TRST,2025,40.4
TRST,2026,56.33
TRUP,2015,9.76
TRUP,2016,15.52
TRUP,2017,29.27
TRUP,2018,25.46
TRUP,2019,37.46
TRUP,2020,119.71
TRUP,2021,132.03
TRUP,2022,47.53
TRUP,2023,30.51
TRUP,2024,48.2
TRUP,2025,37.37
TRUP,2026,29.15
UA,2016,25.17
UA,2017,13.32
UA,2018,16.17
UA,2019,19.18
UA,2020,14.88
UA,2021,18.04
UA,2022,8.92
UA,2023,8.35
UA,2024,7.46
UA,2025,4.8
UA,2026,4.93
UAA,2015,40.31
UAA,2016,29.05
UAA,2017,14.43
UAA,2018,17.67
UAA,2019,21.6
UAA,2020,17.17
UAA,2021,21.19
UAA,2022,10.16
UAA,2023,8.79
UAA,2024,8.28
UAA,2025,4.97
UAA,2026,5.04
UCB,2015,14.7
UCB,2016,22.66
UCB,2017,21.83
UCB,2018,16.98
UCB,2019,25.04
UCB,2020,23.92
UCB,2021,30.96
UCB,2022,29.88
UCB,2023,26.76
UCB,2024,30.57
UCB,2025,30.51
UCB,2026,34.58
UCTT,2015,5.12
UCTT,2016,9.7
UCTT,2017,23.09
UCTT,2018,8.47
UCTT,2019,23.47
UCTT,2020,31.15
UCTT,2021,57.36
UCTT,2022,33.15
UCTT,2023,34.14
UCTT,2024,35.95
UCTT,2025,25.33
UCTT,2026,67.83
UE,2015,15.36
UE,2016,18.58
UE,2017,17.83
UE,2018,12.13
UE,2019,14.66
UE,2020,10.41
UE,2021,15.8
UE,2022,12.19
UE,2023,16.5
UE,2024,20.07
UE,2025,18.64
UE,2026,20.94
UFCS,2015,27.86
UFCS,2016,36.58
UFCS,2017,34.76
UFCS,2018,45.56
UFCS,2019,36.96
UFCS,2020,22.07
UFCS,2021,20.85
UFCS,2022,25.12
UFCS,2023,19.02
UFCS,2024,27.63
UFCS,2025,36.05
UFCS,2026,53.68
UFPT,2015,23.82
UFPT,2016,25.45
UFPT,2017,27.8
UFPT,2018,30.04
UFPT,2019,49.61
UFPT,2020,46.6
UFPT,2021,70.26
UFPT,2022,117.89
UFPT,2023,172.04
UFPT,2024,244.51
UFPT,2025,222.03
UFPT,2026,297.95
UNF,2015,99.02
UNF,2016,136.68
UNF,2017,157.07
UNF,2018,136.58
UNF,2019,193.46
UNF,2020,203.85
UNF,2021,203.57
UNF,2022,188.0
UNF,2023,179.43
UNF,2024,169.12
UNF,2025,192.12
UNF,2026,276.23
UNFI,2015,39.36
UNFI,2016,47.72
UNFI,2017,49.27
UNFI,2018,10.59
UNFI,2019,8.76
UNFI,2020,15.97
UNFI,2021,49.08
UNFI,2022,38.71
UNFI,2023,16.23
UNFI,2024,27.31
UNFI,2025,33.67
UNFI,2026,43.86
UNIT,2015,14.08
UNIT,2016,21.0
UNIT,2017,16.6
UNIT,2018,16.64
UNIT,2019,9.16
UNIT,2020,14.09
UNIT,2021,17.71
UNIT,2022,7.48
UNIT,2023,8.91
UNIT,2024,9.14
UNIT,2025,7.01
UNIT,2026,9.92
UPBD,2015,10.07
UPBD,2016,7.71
UPBD,2017,7.78
UPBD,2018,11.35
UPBD,2019,20.41
UPBD,2020,28.53
UPBD,2021,36.63
UPBD,2022,18.35
UPBD,2023,28.98
UPBD,2024,26.07
UPBD,2025,16.83
UPBD,2026,18.3
UPWK,2018,18.11
UPWK,2019,10.67
UPWK,2020,34.52
UPWK,2021,34.16
UPWK,2022,10.44
UPWK,2023,14.87
UPWK,2024,16.35
UPWK,2025,19.82
UPWK,2026,9.03
URBN,2015,22.75
URBN,2016,28.48
URBN,2017,35.06
URBN,2018,33.2
URBN,2019,27.77
URBN,2020,25.6
URBN,2021,29.36
URBN,2022,23.85
URBN,2023,35.69
URBN,2024,54.88
URBN,2025,75.26
URBN,2026,80.69
USLM,2015,9.83
USLM,2016,13.67
USLM,2017,14.01
USLM,2018,12.99
USLM,2019,17.54
USLM,2020,22.3
USLM,2021,25.36
USLM,2022,27.85
USLM,2023,45.77
USLM,2024,132.23
USLM,2025,119.55
USLM,2026,118.13
USPH,2015,45.89
USPH,2016,60.73
USPH,2017,63.25
USPH,2018,90.5
USPH,2019,102.09
USPH,2020,107.73
USPH,2021,86.74
USPH,2022,74.89
USPH,2023,87.6
USPH,2024,85.0
USPH,2025,76.61
USPH,2026,77.74
UTI,2015,4.64
UTI,2016,2.91
UTI,2017,2.4
UTI,2018,3.65
UTI,2019,7.71
UTI,2020,6.46
UTI,2021,7.82
UTI,2022,6.72
UTI,2023,12.52
UTI,2024,25.71
UTI,2025,26.13
UTI,2026,21.13
UTL,2015,25.48
UTL,2016,33.33
UTL,2017,34.57
UTL,2018,39.57
UTL,2019,49.58
UTL,2020,36.72
UTL,2021,39.4
UTL,2022,45.33
UTL,2023,47.88
UTL,2024,50.91
UTL,2025,47.13
UTL,2026,53.54
UVV,2015,31.34
UVV,2016,36.99
UVV,2017,31.52
UVV,2018,33.98
UVV,2019,37.74
UVV,2020,34.36
UVV,2021,41.09
UVV,2022,41.84
UVV,2023,56.81
UVV,2024,49.21
UVV,2025,50.32
UVV,2026,45.5
VAC,2015,45.03
VAC,2016,68.36
VAC,2017,110.37
VAC,2018,58.49
VAC,2019,108.72
VAC,2020,116.47
VAC,2021,144.43
VAC,2022,117.18
VAC,2023,75.88
VAC,2024,83.17
VAC,2025,55.99
VAC,2026,103.44
VCEL,2015,2.58
VCEL,2016,3.0
VCEL,2017,5.45
VCEL,2018,17.4
VCEL,2019,17.4
VCEL,2020,30.88
VCEL,2021,39.3
VCEL,2022,26.34
VCEL,2023,35.61
VCEL,2024,54.91
VCEL,2025,36.01
VCEL,2026,39.9
VCTR,2018,8.48
VCTR,2019,17.5
VCTR,2020,20.96
VCTR,2021,31.38
VCTR,2022,23.89
VCTR,2023,31.89
VCTR,2024,62.48
VCTR,2025,62.01
VCTR,2026,117.48
VCYT,2015,7.2
VCYT,2016,7.74
VCYT,2017,6.53
VCYT,2018,12.58
VCYT,2019,27.92
VCYT,2020,48.94
VCYT,2021,41.2
VCYT,2022,23.73
VCYT,2023,27.51
VCYT,2024,39.6
VCYT,2025,42.1
VCYT,2026,43.19
VECO,2015,20.56
VECO,2016,29.15
VECO,2017,14.85
VECO,2018,7.41
VECO,2019,14.69
VECO,2020,17.36
VECO,2021,28.47
VECO,2022,18.58
VECO,2023,31.03
VECO,2024,26.8
VECO,2025,28.58
VECO,2026,44.3
VGNT,2026,47.27
VIR,2019,12.57
VIR,2020,26.78
VIR,2021,41.87
VIR,2022,25.31
VIR,2023,10.06
VIR,2024,7.34
VIR,2025,6.03
VIR,2026,10.94
VIRT,2015,14.51
VIRT,2016,10.82
VIRT,2017,13.15
VIRT,2018,19.2
VIRT,2019,12.5
VIRT,2020,20.56
VIRT,2021,24.38
VIRT,2022,17.91
VIRT,2023,18.74
VIRT,2024,34.3
VIRT,2025,32.85
VIRT,2026,65.4
VRRM,2017,9.94
VRRM,2018,9.76
VRRM,2019,13.99
VRRM,2020,13.42
VRRM,2021,15.43
VRRM,2022,13.83
VRRM,2023,23.03
VRRM,2024,24.18
VRRM,2025,22.41
VRRM,2026,4.43
VRTS,2015,85.84
VRTS,2016,88.13
VRTS,2017,87.26
VRTS,2018,61.25
VRTS,2019,95.92
VRTS,2020,175.08
VRTS,2021,243.32
VRTS,2022,161.82
VRTS,2023,211.81
VRTS,2024,200.03
VRTS,2025,155.78
VRTS,2026,165.5
VSAT,2015,61.01
VSAT,2016,66.22
VSAT,2017,74.85
VSAT,2018,58.95
VSAT,2019,73.19
VSAT,2020,32.65
VSAT,2021,44.54
VSAT,2022,31.65
VSAT,2023,27.95
VSAT,2024,8.51
VSAT,2025,34.46
VSAT,2026,67.27
VSEC,2015,28.73
VSEC,2016,36.15
VSEC,2017,45.35
VSEC,2018,28.2
VSEC,2019,36.26
VSEC,2020,37.18
VSEC,2021,59.32
VSEC,2022,46.06
VSEC,2023,63.99
VSEC,2024,94.66
VSEC,2025,172.53
VSEC,2026,208.68
VSH,2015,9.85
VSH,2016,13.49
VSH,2017,17.53
VSH,2018,15.45
VSH,2019,18.64
VSH,2020,18.54
VSH,2021,19.93
VSH,2022,20.06
VSH,2023,22.66
VSH,2024,16.33
VSH,2025,14.34
VSH,2026,30.33
VSNT,2025,44.08
VSNT,2026,41.12
VSTS,2023,20.89
VSTS,2024,15.2
VSTS,2025,6.67
VSTS,2026,12.51
VSXY,2021,55.54
VSXY,2022,35.78
VSXY,2023,26.54
VSXY,2024,41.42
VSXY,2025,54.17
VSXY,2026,85.41
VTOL,2015,22.11
VTOL,2016,33.65
VTOL,2017,21.32
VTOL,2018,17.33
VTOL,2019,20.17
VTOL,2020,26.1
VTOL,2021,31.4
VTOL,2022,26.9
VTOL,2023,28.03
VTOL,2024,34.01
VTOL,2025,36.31
VTOL,2026,45.39
VVX,2015,20.89
VVX,2016,23.85
VVX,2017,30.85
VVX,2018,21.58
VVX,2019,51.26
VVX,2020,49.72
VVX,2021,45.77
VVX,2022,41.29
VVX,2023,46.44
VVX,2024,47.83
VVX,2025,54.55
VVX,2026,77.16
VYX,2015,15.01
VYX,2016,24.88
VYX,2017,20.85
VYX,2018,14.16
VYX,2019,21.57
VYX,2020,23.05
VYX,2021,24.66
VYX,2022,14.36
VYX,2023,16.91
VYX,2024,13.84
VYX,2025,10.2
VYX,2026,8.38
WABC,2015,33.44
WABC,2016,46.57
WABC,2017,45.32
WABC,2018,43.55
WABC,2019,54.38
WABC,2020,45.6
WABC,2021,48.98
WABC,2022,51.51
WABC,2023,51.09
WABC,2024,49.25
WABC,2025,46.61
WABC,2026,58.05
WAFD,2015,17.4
WAFD,2016,25.67
WAFD,2017,26.25
WAFD,2018,20.92
WAFD,2019,29.43
WAFD,2020,21.4
WAFD,2021,28.57
WAFD,2022,29.54
WAFD,2023,30.05
WAFD,2024,30.38
WAFD,2025,31.29
WAFD,2026,35.76
WAY,2024,36.7
WAY,2025,32.75
WAY,2026,26.18
WD,2015,22.55
WD,2016,24.42
WD,2017,37.18
WD,2018,34.52
WD,2019,52.71
WD,2020,76.9
WD,2021,128.45
WD,2022,68.34
WD,2023,99.76
WD,2024,89.64
WD,2025,57.5
WD,2026,40.53
WDFC,2015,83.42
WDFC,2016,100.41
WDFC,2017,103.23
WDFC,2018,162.76
WDFC,2019,174.83
WDFC,2020,242.73
WDFC,2021,226.01
WDFC,2022,151.41
WDFC,2023,228.47
WDFC,2024,235.16
WDFC,2025,194.17
WDFC,2026,214.15
WEN,2015,7.59
WEN,2016,9.75
WEN,2017,12.07
WEN,2018,11.7
WEN,2019,17.01
WEN,2020,17.02
WEN,2021,18.89
WEN,2022,18.36
WEN,2023,16.59
WEN,2024,14.69
WEN,2025,7.96
WEN,2026,8.23
WERN,2015,18.36
WERN,2016,21.35
WERN,2017,30.88
WERN,2018,23.84
WERN,2019,33.26
WERN,2020,36.26
WERN,2021,44.51
WERN,2022,38.09
WERN,2023,40.61
WERN,2024,34.83
WERN,2025,29.65
WERN,2026,39.18
WGO,2015,16.22
WGO,2016,26.28
WGO,2017,46.71
WGO,2018,20.53
WGO,2019,45.56
WGO,2020,52.03
WGO,2021,65.54
WGO,2022,46.74
WGO,2023,65.84
WGO,2024,44.06
WGO,2025,38.83
WGO,2026,29.73
WHD,2018,25.37
WHD,2019,31.86
WHD,2020,24.58
WHD,2021,36.34
WHD,2022,48.32
WHD,2023,44.12
WHD,2024,57.24
WHD,2025,45.35
WHD,2026,70.32
WINA,2015,76.36
WINA,2016,103.97
WINA,2017,107.01
WINA,2018,132.02
WINA,2019,165.52
WINA,2020,158.57
WINA,2021,219.88
WINA,2022,213.76
WINA,2023,390.22
WINA,2024,377.51
WINA,2025,401.79
WINA,2026,332.72
WKC,2015,32.22
WKC,2016,38.66
WKC,2017,23.87
WKC,2018,18.34
WKC,2019,37.57
WKC,2020,27.39
WKC,2021,23.63
WKC,2022,24.88
WKC,2023,21.25
WKC,2024,26.31
WKC,2025,23.07
WKC,2026,35.75
WLY,2015,32.77
WLY,2016,40.63
WLY,2017,50.15
WLY,2018,36.65
WLY,2019,39.0
WLY,2020,38.05
WLY,2021,48.92
WLY,2022,35.31
WLY,2023,29.12
WLY,2024,41.41
WLY,2025,30.14
WLY,2026,52.39
WOR,2015,15.07
WOR,2016,24.17
WOR,2017,22.85
WOR,2018,18.44
WOR,2019,22.87
WOR,2020,28.64
WOR,2021,31.06
WOR,2022,28.91
WOR,2023,55.41
WOR,2024,39.15
WOR,2025,51.01
WOR,2026,57.23
WRBY,2021,46.56
WRBY,2022,13.49
WRBY,2023,14.1
WRBY,2024,24.21
WRBY,2025,21.79
WRBY,2026,24.6
WRLD,2015,37.1
WRLD,2016,64.28
WRLD,2017,80.72
WRLD,2018,102.26
WRLD,2019,86.4
WRLD,2020,102.22
WRLD,2021,245.43
WRLD,2022,65.94
WRLD,2023,130.53
WRLD,2024,112.44
WRLD,2025,140.39
WRLD,2026,183.81
WS,2023,26.61
WS,2024,30.72
WS,2025,34.15
WS,2026,34.28
WSBC,2015,19.75
WSBC,2016,29.16
WSBC,2017,28.27
WSBC,2018,26.18
WSBC,2019,27.89
WSBC,2020,23.31
WSBC,2021,28.26
WSBC,2022,31.06
WSBC,2023,27.67
WSBC,2024,30.11
WSBC,2025,32.22
WSBC,2026,39.64
WSC,2015,9.36
WSC,2016,9.74
WSC,2017,12.44
WSC,2018,9.22
WSC,2019,18.11
WSC,2020,22.69
WSC,2021,39.99
WSC,2022,44.23
WSC,2023,43.58
WSC,2024,32.76
WSC,2025,18.65
WSC,2026,20.63
WSFS,2015,28.72
WSFS,2016,41.45
WSFS,2017,43.07
WSFS,2018,34.42
WSFS,2019,40.38
WSFS,2020,41.84
WSFS,2021,47.21
WSFS,2022,43.23
WSFS,2023,44.47
WSFS,2024,52.09
WSFS,2025,54.81
WSFS,2026,77.45
WT,2015,12.58
WT,2016,9.24
WT,2017,10.76
WT,2018,5.78
WT,2019,4.29
WT,2020,4.89
WT,2021,5.71
WT,2022,5.2
WT,2023,6.73
WT,2024,10.34
WT,2025,12.13
WT,2026,24.06
WU,2015,9.42
WU,2016,11.8
WU,2017,10.71
WU,2018,9.99
WU,2019,16.26
WU,2020,13.87
WU,2021,11.77
WU,2022,9.66
WU,2023,9.07
WU,2024,8.72
WU,2025,8.49
WU,2026,6.91
WWW,2015,13.74
WWW,2016,18.26
WWW,2017,26.74
WWW,2018,27.01
WWW,2019,28.95
WWW,2020,27.29
WWW,2021,25.47
WWW,2022,9.91
WWW,2023,8.37
WWW,2024,21.36
WWW,2025,17.83
WWW,2026,19.73
XHR,2015,10.32
XHR,2016,14.0
XHR,2017,16.47
XHR,2018,13.84
XHR,2019,18.32
XHR,2020,13.23
XHR,2021,15.77
XHR,2022,11.65
XHR,2023,12.43
XHR,2024,14.01
XHR,2025,13.91
XHR,2026,18.75
XNCR,2015,14.62
XNCR,2016,26.32
XNCR,2017,21.92
XNCR,2018,36.16
XNCR,2019,34.39
XNCR,2020,43.63
XNCR,2021,40.12
XNCR,2022,26.04
XNCR,2023,21.23
XNCR,2024,22.98
XNCR,2025,15.31
XNCR,2026,27.26
XPEL,2019,14.65
XPEL,2020,51.56
XPEL,2021,68.28
XPEL,2022,60.06
XPEL,2023,53.85
XPEL,2024,39.94
XPEL,2025,49.91
XPEL,2026,49.26
YELP,2015,28.8
YELP,2016,38.13
YELP,2017,41.96
YELP,2018,34.99
YELP,2019,34.83
YELP,2020,32.67
YELP,2021,36.24
YELP,2022,27.34
YELP,2023,47.34
YELP,2024,38.7
YELP,2025,30.39
YELP,2026,22.35
YOU,2021,27.66
YOU,2022,24.38
YOU,2023,19.16
YOU,2024,25.57
YOU,2025,34.6
YOU,2026,44.0
ZD,2015,66.69
ZD,2016,67.59
ZD,2017,63.21
ZD,2018,59.7
ZD,2019,81.49
ZD,2020,84.95
ZD,2021,110.86
ZD,2022,79.1
ZD,2023,67.19
ZD,2024,54.34
ZD,2025,35.15
ZD,2026,55.15
ZWS,2015,8.22
ZWS,2016,8.88
ZWS,2017,11.8
ZWS,2018,10.41
ZWS,2019,14.79
ZWS,2020,18.09
ZWS,2021,34.82
ZWS,2022,20.38
ZWS,2023,28.66
ZWS,2024,36.7
ZWS,2025,46.18
ZWS,2026,47.8
