name,code,timestamp,rate,series,n,portname
Global average,FRGBLFB,2023-01-02,2146.0,freight_rates,,
China to Northern Europe,FRCNREU,2023-01-02,2636.0,freight_rates,,
Global average,FRGBLFB,2023-01-03,2159.0,freight_rates,,
China to Northern Europe,FRCNREU,2023-01-03,2712.0,freight_rates,,
Global average,FRGBLFB,2023-01-04,2169.0,freight_rates,,
China to Northern Europe,FRCNREU,2023-01-04,2712.0,freight_rates,,
Global average,FRGBLFB,2023-01-05,2170.0,freight_rates,,
China to Northern Europe,FRCNREU,2023-01-05,2712.0,freight_rates,,
Global average,FRGBLFB,2023-01-06,2186.0,freight_rates,,
China to Northern Europe,FRCNREU,2023-01-06,2712.0,freight_rates,,
Global average,FRGBLFB,2023-01-09,2185.0,freight_rates,,
China to Northern Europe,FRCNREU,2023-01-09,2712.0,freight_rates,,
Global average,FRGBLFB,2023-01-10,2245.0,freight_rates,,
China to Northern Europe,FRCNREU,2023-01-10,3045.0,freight_rates,,
Global average,FRGBLFB,2023-01-11,2246.0,freight_rates,,
China to Northern Europe,FRCNREU,2023-01-11,3045.0,freight_rates,,
Global average,FRGBLFB,2023-01-12,2256.0,freight_rates,,
China to Northern Europe,FRCNREU,2023-01-12,3045.0,freight_rates,,
Global average,FRGBLFB,2023-01-13,2257.0,freight_rates,,
China to Northern Europe,FRCNREU,2023-01-13,3045.0,freight_rates,,
Global average,FRGBLFB,2023-01-16,2160.0,freight_rates,,
China to Northern Europe,FRCNREU,2023-01-16,3420.0,freight_rates,,
Global average,FRGBLFB,2023-01-17,2171.0,freight_rates,,
China to Northern Europe,FRCNREU,2023-01-17,3420.0,freight_rates,,
Global average,FRGBLFB,2023-01-18,2172.0,freight_rates,,
China to Northern Europe,FRCNREU,2023-01-18,3420.0,freight_rates,,
Global average,FRGBLFB,2023-01-19,2173.0,freight_rates,,
China to Northern Europe,FRCNREU,2023-01-19,3420.0,freight_rates,,
Global average,FRGBLFB,2023-01-20,2213.0,freight_rates,,
China to Northern Europe,FRCNREU,2023-01-20,3420.0,freight_rates,,
Global average,FRGBLFB,2023-01-23,2216.0,freight_rates,,
China to Northern Europe,FRCNREU,2023-01-23,3420.0,freight_rates,,
Global average,FRGBLFB,2023-01-24,2212.0,freight_rates,,
China to Northern Europe,FRCNREU,2023-01-24,3420.0,freight_rates,,
Global average,FRGBLFB,2023-01-25,2211.0,freight_rates,,
China to Northern Europe,FRCNREU,2023-01-25,3420.0,freight_rates,,
Global average,FRGBLFB,2023-01-26,2217.0,freight_rates,,
China to Northern Europe,FRCNREU,2023-01-26,3420.0,freight_rates,,
Global average,FRGBLFB,2023-01-27,2214.0,freight_rates,,
China to Northern Europe,FRCNREU,2023-01-27,3420.0,freight_rates,,
Global average,FRGBLFB,2023-01-30,2133.0,freight_rates,,
China to Northern Europe,FRCNREU,2023-01-30,2920.0,freight_rates,,
Global average,FRGBLFB,2023-01-31,2133.0,freight_rates,,
China to Northern Europe,FRCNREU,2023-01-31,2920.0,freight_rates,,
Global average,FRGBLFB,2023-02-01,2020.0,freight_rates,,
China to Northern Europe,FRCNREU,2023-02-01,2920.0,freight_rates,,
Global average,FRGBLFB,2023-02-02,2025.0,freight_rates,,
China to Northern Europe,FRCNREU,2023-02-02,2920.0,freight_rates,,
Global average,FRGBLFB,2023-02-03,1997.0,freight_rates,,
China to Northern Europe,FRCNREU,2023-02-03,2920.0,freight_rates,,
Global average,FRGBLFB,2023-02-06,2000.0,freight_rates,,
China to Northern Europe,FRCNREU,2023-02-06,2920.0,freight_rates,,
Global average,FRGBLFB,2023-02-07,2008.0,freight_rates,,
China to Northern Europe,FRCNREU,2023-02-07,2920.0,freight_rates,,
Global average,FRGBLFB,2023-02-08,2002.0,freight_rates,,
China to Northern Europe,FRCNREU,2023-02-08,2920.0,freight_rates,,
Global average,FRGBLFB,2023-02-09,2001.0,freight_rates,,
China to Northern Europe,FRCNREU,2023-02-09,2920.0,freight_rates,,
Global average,FRGBLFB,2023-02-10,2016.0,freight_rates,,
China to Northern Europe,FRCNREU,2023-02-10,2920.0,freight_rates,,
Global average,FRGBLFB,2023-02-13,1976.0,freight_rates,,
China to Northern Europe,FRCNREU,2023-02-13,2735.0,freight_rates,,
Global average,FRGBLFB,2023-02-14,1976.0,freight_rates,,
China to Northern Europe,FRCNREU,2023-02-14,2735.0,freight_rates,,
Global average,FRGBLFB,2023-02-15,1995.0,freight_rates,,
China to Northern Europe,FRCNREU,2023-02-15,2625.0,freight_rates,,
Global average,FRGBLFB,2023-02-16,2004.0,freight_rates,,
China to Northern Europe,FRCNREU,2023-02-16,2668.0,freight_rates,,
Global average,FRGBLFB,2023-02-17,2005.0,freight_rates,,
China to Northern Europe,FRCNREU,2023-02-17,2648.0,freight_rates,,
Global average,FRGBLFB,2023-02-20,2002.0,freight_rates,,
China to Northern Europe,FRCNREU,2023-02-20,2622.0,freight_rates,,
Global average,FRGBLFB,2023-02-21,2050.0,freight_rates,,
China to Northern Europe,FRCNREU,2023-02-21,2622.0,freight_rates,,
Global average,FRGBLFB,2023-02-22,1964.0,freight_rates,,
China to Northern Europe,FRCNREU,2023-02-22,2625.0,freight_rates,,
Global average,FRGBLFB,2023-02-23,1960.0,freight_rates,,
China to Northern Europe,FRCNREU,2023-02-23,2608.0,freight_rates,,
Global average,FRGBLFB,2023-02-24,1944.0,freight_rates,,
China to Northern Europe,FRCNREU,2023-02-24,2608.0,freight_rates,,
Global average,FRGBLFB,2023-02-27,1947.0,freight_rates,,
China to Northern Europe,FRCNREU,2023-02-27,2608.0,freight_rates,,
Global average,FRGBLFB,2023-02-28,1946.0,freight_rates,,
China to Northern Europe,FRCNREU,2023-02-28,2608.0,freight_rates,,
Global average,FRGBLFB,2023-03-01,1874.0,freight_rates,,
China to Northern Europe,FRCNREU,2023-03-01,2608.0,freight_rates,,
Global average,FRGBLFB,2023-03-02,1592.0,freight_rates,,
China to Northern Europe,FRCNREU,2023-03-02,1538.0,freight_rates,,
Global average,FRGBLFB,2023-03-03,1592.0,freight_rates,,
China to Northern Europe,FRCNREU,2023-03-03,1532.0,freight_rates,,
Global average,FRGBLFB,2023-03-06,1626.0,freight_rates,,
China to Northern Europe,FRCNREU,2023-03-06,1531.0,freight_rates,,
Global average,FRGBLFB,2023-03-07,1558.0,freight_rates,,
China to Northern Europe,FRCNREU,2023-03-07,1512.0,freight_rates,,
Global average,FRGBLFB,2023-03-08,1557.0,freight_rates,,
China to Northern Europe,FRCNREU,2023-03-08,1512.0,freight_rates,,
Global average,FRGBLFB,2023-03-09,1553.0,freight_rates,,
China to Northern Europe,FRCNREU,2023-03-09,1512.0,freight_rates,,
Global average,FRGBLFB,2023-03-10,1549.0,freight_rates,,
China to Northern Europe,FRCNREU,2023-03-10,1512.0,freight_rates,,
Global average,FRGBLFB,2023-03-13,1546.0,freight_rates,,
China to Northern Europe,FRCNREU,2023-03-13,1512.0,freight_rates,,
Global average,FRGBLFB,2023-03-14,1537.0,freight_rates,,
China to Northern Europe,FRCNREU,2023-03-14,1486.0,freight_rates,,
Global average,FRGBLFB,2023-03-15,1508.0,freight_rates,,
China to Northern Europe,FRCNREU,2023-03-15,1374.0,freight_rates,,
Global average,FRGBLFB,2023-03-16,1502.0,freight_rates,,
China to Northern Europe,FRCNREU,2023-03-16,1374.0,freight_rates,,
Global average,FRGBLFB,2023-03-17,1505.0,freight_rates,,
China to Northern Europe,FRCNREU,2023-03-17,1374.0,freight_rates,,
Global average,FRGBLFB,2023-03-20,1505.0,freight_rates,,
China to Northern Europe,FRCNREU,2023-03-20,1374.0,freight_rates,,
Global average,FRGBLFB,2023-03-21,1505.0,freight_rates,,
China to Northern Europe,FRCNREU,2023-03-21,1374.0,freight_rates,,
Global average,FRGBLFB,2023-03-22,1505.0,freight_rates,,
China to Northern Europe,FRCNREU,2023-03-22,1374.0,freight_rates,,
Global average,FRGBLFB,2023-03-23,1505.0,freight_rates,,
China to Northern Europe,FRCNREU,2023-03-23,1374.0,freight_rates,,
Global average,FRGBLFB,2023-03-24,1487.0,freight_rates,,
China to Northern Europe,FRCNREU,2023-03-24,1374.0,freight_rates,,
Global average,FRGBLFB,2023-03-27,1493.0,freight_rates,,
China to Northern Europe,FRCNREU,2023-03-27,1374.0,freight_rates,,
Global average,FRGBLFB,2023-03-28,1485.0,freight_rates,,
China to Northern Europe,FRCNREU,2023-03-28,1349.0,freight_rates,,
Global average,FRGBLFB,2023-03-29,1485.0,freight_rates,,
China to Northern Europe,FRCNREU,2023-03-29,1349.0,freight_rates,,
Global average,FRGBLFB,2023-03-30,1485.0,freight_rates,,
China to Northern Europe,FRCNREU,2023-03-30,1349.0,freight_rates,,
Global average,FRGBLFB,2023-03-31,1465.0,freight_rates,,
China to Northern Europe,FRCNREU,2023-03-31,1326.0,freight_rates,,
Global average,FRGBLFB,2023-04-03,1410.0,freight_rates,,
China to Northern Europe,FRCNREU,2023-04-03,1427.0,freight_rates,,
Global average,FRGBLFB,2023-04-04,1418.0,freight_rates,,
China to Northern Europe,FRCNREU,2023-04-04,1427.0,freight_rates,,
Global average,FRGBLFB,2023-04-05,1413.0,freight_rates,,
China to Northern Europe,FRCNREU,2023-04-05,1427.0,freight_rates,,
Global average,FRGBLFB,2023-04-06,1406.0,freight_rates,,
China to Northern Europe,FRCNREU,2023-04-06,1427.0,freight_rates,,
Global average,FRGBLFB,2023-04-07,1406.0,freight_rates,,
China to Northern Europe,FRCNREU,2023-04-07,1427.0,freight_rates,,
Global average,FRGBLFB,2023-04-10,1406.0,freight_rates,,
China to Northern Europe,FRCNREU,2023-04-10,1427.0,freight_rates,,
Global average,FRGBLFB,2023-04-11,1401.0,freight_rates,,
China to Northern Europe,FRCNREU,2023-04-11,1429.0,freight_rates,,
Global average,FRGBLFB,2023-04-12,1399.0,freight_rates,,
China to Northern Europe,FRCNREU,2023-04-12,1429.0,freight_rates,,
Global average,FRGBLFB,2023-04-13,1397.0,freight_rates,,
China to Northern Europe,FRCNREU,2023-04-13,1429.0,freight_rates,,
Global average,FRGBLFB,2023-04-14,1399.0,freight_rates,,
China to Northern Europe,FRCNREU,2023-04-14,1429.0,freight_rates,,
Global average,FRGBLFB,2023-04-17,1601.0,freight_rates,,
China to Northern Europe,FRCNREU,2023-04-17,1410.0,freight_rates,,
Global average,FRGBLFB,2023-04-18,1600.0,freight_rates,,
China to Northern Europe,FRCNREU,2023-04-18,1410.0,freight_rates,,
Global average,FRGBLFB,2023-04-19,1598.0,freight_rates,,
China to Northern Europe,FRCNREU,2023-04-19,1410.0,freight_rates,,
Global average,FRGBLFB,2023-04-20,1598.0,freight_rates,,
China to Northern Europe,FRCNREU,2023-04-20,1410.0,freight_rates,,
Global average,FRGBLFB,2023-04-21,1596.0,freight_rates,,
China to Northern Europe,FRCNREU,2023-04-21,1410.0,freight_rates,,
Global average,FRGBLFB,2023-04-24,1595.0,freight_rates,,
China to Northern Europe,FRCNREU,2023-04-24,1410.0,freight_rates,,
Global average,FRGBLFB,2023-04-25,1586.0,freight_rates,,
China to Northern Europe,FRCNREU,2023-04-25,1396.0,freight_rates,,
Global average,FRGBLFB,2023-04-26,1565.0,freight_rates,,
China to Northern Europe,FRCNREU,2023-04-26,1396.0,freight_rates,,
Global average,FRGBLFB,2023-04-27,1565.0,freight_rates,,
China to Northern Europe,FRCNREU,2023-04-27,1396.0,freight_rates,,
Global average,FRGBLFB,2023-04-28,1567.0,freight_rates,,
China to Northern Europe,FRCNREU,2023-04-28,1396.0,freight_rates,,
Global average,FRGBLFB,2023-05-01,1567.0,freight_rates,,
China to Northern Europe,FRCNREU,2023-05-01,1396.0,freight_rates,,
Global average,FRGBLFB,2023-05-02,1533.0,freight_rates,,
China to Northern Europe,FRCNREU,2023-05-02,1410.0,freight_rates,,
Global average,FRGBLFB,2023-05-03,1499.0,freight_rates,,
China to Northern Europe,FRCNREU,2023-05-03,1385.0,freight_rates,,
Global average,FRGBLFB,2023-05-04,1483.0,freight_rates,,
China to Northern Europe,FRCNREU,2023-05-04,1385.0,freight_rates,,
Global average,FRGBLFB,2023-05-05,1477.0,freight_rates,,
China to Northern Europe,FRCNREU,2023-05-05,1385.0,freight_rates,,
Global average,FRGBLFB,2023-05-08,1477.0,freight_rates,,
China to Northern Europe,FRCNREU,2023-05-08,1385.0,freight_rates,,
Global average,FRGBLFB,2023-05-09,1455.0,freight_rates,,
China to Northern Europe,FRCNREU,2023-05-09,1382.0,freight_rates,,
Global average,FRGBLFB,2023-05-10,1430.0,freight_rates,,
China to Northern Europe,FRCNREU,2023-05-10,1368.0,freight_rates,,
Global average,FRGBLFB,2023-05-11,1428.0,freight_rates,,
China to Northern Europe,FRCNREU,2023-05-11,1381.0,freight_rates,,
Global average,FRGBLFB,2023-05-12,1429.0,freight_rates,,
China to Northern Europe,FRCNREU,2023-05-12,1381.0,freight_rates,,
Global average,FRGBLFB,2023-05-15,1432.0,freight_rates,,
China to Northern Europe,FRCNREU,2023-05-15,1300.0,freight_rates,,
Global average,FRGBLFB,2023-05-16,1446.0,freight_rates,,
China to Northern Europe,FRCNREU,2023-05-16,1370.0,freight_rates,,
Global average,FRGBLFB,2023-05-17,1456.0,freight_rates,,
China to Northern Europe,FRCNREU,2023-05-17,1418.0,freight_rates,,
Global average,FRGBLFB,2023-05-18,1445.0,freight_rates,,
China to Northern Europe,FRCNREU,2023-05-18,1418.0,freight_rates,,
Global average,FRGBLFB,2023-05-19,1461.0,freight_rates,,
China to Northern Europe,FRCNREU,2023-05-19,1418.0,freight_rates,,
Global average,FRGBLFB,2023-05-22,1416.0,freight_rates,,
China to Northern Europe,FRCNREU,2023-05-22,1420.0,freight_rates,,
Global average,FRGBLFB,2023-05-23,1413.0,freight_rates,,
China to Northern Europe,FRCNREU,2023-05-23,1420.0,freight_rates,,
Global average,FRGBLFB,2023-05-24,1419.0,freight_rates,,
China to Northern Europe,FRCNREU,2023-05-24,1420.0,freight_rates,,
Global average,FRGBLFB,2023-05-25,1401.0,freight_rates,,
China to Northern Europe,FRCNREU,2023-05-25,1420.0,freight_rates,,
Global average,FRGBLFB,2023-05-26,1393.0,freight_rates,,
China to Northern Europe,FRCNREU,2023-05-26,1420.0,freight_rates,,
Global average,FRGBLFB,2023-05-29,1393.0,freight_rates,,
China to Northern Europe,FRCNREU,2023-05-29,1420.0,freight_rates,,
Global average,FRGBLFB,2023-05-30,1390.0,freight_rates,,
China to Northern Europe,FRCNREU,2023-05-30,1420.0,freight_rates,,
Global average,FRGBLFB,2023-05-31,1399.0,freight_rates,,
China to Northern Europe,FRCNREU,2023-05-31,1420.0,freight_rates,,
Global average,FRGBLFB,2023-06-01,1343.0,freight_rates,,
China to Northern Europe,FRCNREU,2023-06-01,1165.0,freight_rates,,
Global average,FRGBLFB,2023-06-02,1380.0,freight_rates,,
China to Northern Europe,FRCNREU,2023-06-02,1172.0,freight_rates,,
Global average,FRGBLFB,2023-06-05,1388.0,freight_rates,,
China to Northern Europe,FRCNREU,2023-06-05,1165.0,freight_rates,,
Global average,FRGBLFB,2023-06-06,1466.0,freight_rates,,
China to Northern Europe,FRCNREU,2023-06-06,1165.0,freight_rates,,
Global average,FRGBLFB,2023-06-07,1443.0,freight_rates,,
China to Northern Europe,FRCNREU,2023-06-07,1226.0,freight_rates,,
Global average,FRGBLFB,2023-06-08,1453.0,freight_rates,,
China to Northern Europe,FRCNREU,2023-06-08,1226.0,freight_rates,,
Global average,FRGBLFB,2023-06-09,1453.0,freight_rates,,
China to Northern Europe,FRCNREU,2023-06-09,1226.0,freight_rates,,
Global average,FRGBLFB,2023-06-12,1472.0,freight_rates,,
China to Northern Europe,FRCNREU,2023-06-12,1356.0,freight_rates,,
Global average,FRGBLFB,2023-06-13,1464.0,freight_rates,,
China to Northern Europe,FRCNREU,2023-06-13,1356.0,freight_rates,,
Global average,FRGBLFB,2023-06-14,1435.0,freight_rates,,
China to Northern Europe,FRCNREU,2023-06-14,1356.0,freight_rates,,
Global average,FRGBLFB,2023-06-15,1328.0,freight_rates,,
China to Northern Europe,FRCNREU,2023-06-15,1294.0,freight_rates,,
Global average,FRGBLFB,2023-06-16,1295.0,freight_rates,,
China to Northern Europe,FRCNREU,2023-06-16,1263.0,freight_rates,,
Global average,FRGBLFB,2023-06-19,1309.0,freight_rates,,
China to Northern Europe,FRCNREU,2023-06-19,1263.0,freight_rates,,
Global average,FRGBLFB,2023-06-20,1305.0,freight_rates,,
China to Northern Europe,FRCNREU,2023-06-20,1263.0,freight_rates,,
Global average,FRGBLFB,2023-06-21,1297.0,freight_rates,,
China to Northern Europe,FRCNREU,2023-06-21,1253.0,freight_rates,,
Global average,FRGBLFB,2023-06-22,1292.0,freight_rates,,
China to Northern Europe,FRCNREU,2023-06-22,1247.0,freight_rates,,
Global average,FRGBLFB,2023-06-23,1284.0,freight_rates,,
China to Northern Europe,FRCNREU,2023-06-23,1304.0,freight_rates,,
Global average,FRGBLFB,2023-06-26,1287.0,freight_rates,,
China to Northern Europe,FRCNREU,2023-06-26,1301.0,freight_rates,,
Global average,FRGBLFB,2023-06-27,1288.0,freight_rates,,
China to Northern Europe,FRCNREU,2023-06-27,1296.0,freight_rates,,
Global average,FRGBLFB,2023-06-28,1270.0,freight_rates,,
China to Northern Europe,FRCNREU,2023-06-28,1296.0,freight_rates,,
Global average,FRGBLFB,2023-06-29,1271.0,freight_rates,,
China to Northern Europe,FRCNREU,2023-06-29,1297.0,freight_rates,,
Global average,FRGBLFB,2023-06-30,1270.0,freight_rates,,
China to Northern Europe,FRCNREU,2023-06-30,1293.0,freight_rates,,
Global average,FRGBLFB,2023-07-03,1286.0,freight_rates,,
China to Northern Europe,FRCNREU,2023-07-03,1300.0,freight_rates,,
Global average,FRGBLFB,2023-07-04,1286.0,freight_rates,,
China to Northern Europe,FRCNREU,2023-07-04,1298.0,freight_rates,,
Global average,FRGBLFB,2023-07-05,1297.0,freight_rates,,
China to Northern Europe,FRCNREU,2023-07-05,1299.0,freight_rates,,
Global average,FRGBLFB,2023-07-06,1294.0,freight_rates,,
China to Northern Europe,FRCNREU,2023-07-06,1306.0,freight_rates,,
Global average,FRGBLFB,2023-07-07,1287.0,freight_rates,,
China to Northern Europe,FRCNREU,2023-07-07,1296.0,freight_rates,,
Global average,FRGBLFB,2023-07-10,1280.0,freight_rates,,
China to Northern Europe,FRCNREU,2023-07-10,1286.0,freight_rates,,
Global average,FRGBLFB,2023-07-11,1279.0,freight_rates,,
China to Northern Europe,FRCNREU,2023-07-11,1286.0,freight_rates,,
Global average,FRGBLFB,2023-07-12,1264.0,freight_rates,,
China to Northern Europe,FRCNREU,2023-07-12,1286.0,freight_rates,,
Global average,FRGBLFB,2023-07-13,1264.0,freight_rates,,
China to Northern Europe,FRCNREU,2023-07-13,1286.0,freight_rates,,
Global average,FRGBLFB,2023-07-14,1264.0,freight_rates,,
China to Northern Europe,FRCNREU,2023-07-14,1286.0,freight_rates,,
Global average,FRGBLFB,2023-07-17,1267.0,freight_rates,,
China to Northern Europe,FRCNREU,2023-07-17,1286.0,freight_rates,,
Global average,FRGBLFB,2023-07-18,1268.0,freight_rates,,
China to Northern Europe,FRCNREU,2023-07-18,1286.0,freight_rates,,
Global average,FRGBLFB,2023-07-19,1281.0,freight_rates,,
China to Northern Europe,FRCNREU,2023-07-19,1285.0,freight_rates,,
Global average,FRGBLFB,2023-07-20,1317.0,freight_rates,,
China to Northern Europe,FRCNREU,2023-07-20,1284.0,freight_rates,,
Global average,FRGBLFB,2023-07-21,1317.0,freight_rates,,
China to Northern Europe,FRCNREU,2023-07-21,1283.0,freight_rates,,
Global average,FRGBLFB,2023-07-24,1334.0,freight_rates,,
China to Northern Europe,FRCNREU,2023-07-24,1268.0,freight_rates,,
Global average,FRGBLFB,2023-07-25,1333.0,freight_rates,,
China to Northern Europe,FRCNREU,2023-07-25,1268.0,freight_rates,,
Global average,FRGBLFB,2023-07-26,1320.0,freight_rates,,
China to Northern Europe,FRCNREU,2023-07-26,1261.0,freight_rates,,
Global average,FRGBLFB,2023-07-27,1315.0,freight_rates,,
China to Northern Europe,FRCNREU,2023-07-27,1260.0,freight_rates,,
Global average,FRGBLFB,2023-07-28,1314.0,freight_rates,,
China to Northern Europe,FRCNREU,2023-07-28,1265.0,freight_rates,,
Global average,FRGBLFB,2023-07-31,1314.0,freight_rates,,
China to Northern Europe,FRCNREU,2023-07-31,1267.0,freight_rates,,
Global average,FRGBLFB,2023-08-01,1470.0,freight_rates,,
China to Northern Europe,FRCNREU,2023-08-01,1736.0,freight_rates,,
Global average,FRGBLFB,2023-08-02,1460.0,freight_rates,,
China to Northern Europe,FRCNREU,2023-08-02,1744.0,freight_rates,,
Global average,FRGBLFB,2023-08-03,1480.0,freight_rates,,
China to Northern Europe,FRCNREU,2023-08-03,1760.0,freight_rates,,
Global average,FRGBLFB,2023-08-04,1485.0,freight_rates,,
China to Northern Europe,FRCNREU,2023-08-04,1770.0,freight_rates,,
Global average,FRGBLFB,2023-08-07,1540.0,freight_rates,,
China to Northern Europe,FRCNREU,2023-08-07,1805.0,freight_rates,,
Global average,FRGBLFB,2023-08-08,1539.0,freight_rates,,
China to Northern Europe,FRCNREU,2023-08-08,1782.0,freight_rates,,
Global average,FRGBLFB,2023-08-09,1544.0,freight_rates,,
China to Northern Europe,FRCNREU,2023-08-09,1784.0,freight_rates,,
Global average,FRGBLFB,2023-08-10,1531.0,freight_rates,,
China to Northern Europe,FRCNREU,2023-08-10,1784.0,freight_rates,,
Global average,FRGBLFB,2023-08-11,1512.0,freight_rates,,
China to Northern Europe,FRCNREU,2023-08-11,1788.0,freight_rates,,
Global average,FRGBLFB,2023-08-14,1528.0,freight_rates,,
China to Northern Europe,FRCNREU,2023-08-14,1782.0,freight_rates,,
Global average,FRGBLFB,2023-08-15,1461.0,freight_rates,,
China to Northern Europe,FRCNREU,2023-08-15,1691.0,freight_rates,,
Global average,FRGBLFB,2023-08-16,1465.0,freight_rates,,
China to Northern Europe,FRCNREU,2023-08-16,1691.0,freight_rates,,
Global average,FRGBLFB,2023-08-17,1527.0,freight_rates,,
China to Northern Europe,FRCNREU,2023-08-17,1691.0,freight_rates,,
Global average,FRGBLFB,2023-08-18,1522.0,freight_rates,,
China to Northern Europe,FRCNREU,2023-08-18,1683.0,freight_rates,,
Global average,FRGBLFB,2023-08-21,1535.0,freight_rates,,
China to Northern Europe,FRCNREU,2023-08-21,1738.0,freight_rates,,
Global average,FRGBLFB,2023-08-22,1530.0,freight_rates,,
China to Northern Europe,FRCNREU,2023-08-22,1738.0,freight_rates,,
Global average,FRGBLFB,2023-08-23,1523.0,freight_rates,,
China to Northern Europe,FRCNREU,2023-08-23,1736.0,freight_rates,,
Global average,FRGBLFB,2023-08-24,1524.0,freight_rates,,
China to Northern Europe,FRCNREU,2023-08-24,1736.0,freight_rates,,
Global average,FRGBLFB,2023-08-25,1537.0,freight_rates,,
China to Northern Europe,FRCNREU,2023-08-25,1787.0,freight_rates,,
Global average,FRGBLFB,2023-08-28,1537.0,freight_rates,,
China to Northern Europe,FRCNREU,2023-08-28,1787.0,freight_rates,,
Global average,FRGBLFB,2023-08-29,1516.0,freight_rates,,
China to Northern Europe,FRCNREU,2023-08-29,1772.0,freight_rates,,
Global average,FRGBLFB,2023-08-30,1541.0,freight_rates,,
China to Northern Europe,FRCNREU,2023-08-30,1748.0,freight_rates,,
Global average,FRGBLFB,2023-08-31,1538.0,freight_rates,,
China to Northern Europe,FRCNREU,2023-08-31,1753.0,freight_rates,,
Global average,FRGBLFB,2023-09-01,1525.0,freight_rates,,
China to Northern Europe,FRCNREU,2023-09-01,1682.0,freight_rates,,
Global average,FRGBLFB,2023-09-04,1480.0,freight_rates,,
China to Northern Europe,FRCNREU,2023-09-04,1615.0,freight_rates,,
Global average,FRGBLFB,2023-09-05,1455.0,freight_rates,,
China to Northern Europe,FRCNREU,2023-09-05,1623.0,freight_rates,,
Global average,FRGBLFB,2023-09-06,1456.0,freight_rates,,
China to Northern Europe,FRCNREU,2023-09-06,1596.0,freight_rates,,
Global average,FRGBLFB,2023-09-07,1456.0,freight_rates,,
China to Northern Europe,FRCNREU,2023-09-07,1640.0,freight_rates,,
Global average,FRGBLFB,2023-09-08,1428.0,freight_rates,,
China to Northern Europe,FRCNREU,2023-09-08,1565.0,freight_rates,,
Global average,FRGBLFB,2023-09-11,1410.0,freight_rates,,
China to Northern Europe,FRCNREU,2023-09-11,1566.0,freight_rates,,
Global average,FRGBLFB,2023-09-12,1411.0,freight_rates,,
China to Northern Europe,FRCNREU,2023-09-12,1574.0,freight_rates,,
Global average,FRGBLFB,2023-09-13,1396.0,freight_rates,,
China to Northern Europe,FRCNREU,2023-09-13,1535.0,freight_rates,,
Global average,FRGBLFB,2023-09-14,1399.0,freight_rates,,
China to Northern Europe,FRCNREU,2023-09-14,1542.0,freight_rates,,
Global average,FRGBLFB,2023-09-15,1332.0,freight_rates,,
China to Northern Europe,FRCNREU,2023-09-15,1366.0,freight_rates,,
Global average,FRGBLFB,2023-09-18,1269.0,freight_rates,,
China to Northern Europe,FRCNREU,2023-09-18,999.0,freight_rates,,
Global average,FRGBLFB,2023-09-19,1242.0,freight_rates,,
China to Northern Europe,FRCNREU,2023-09-19,999.0,freight_rates,,
Global average,FRGBLFB,2023-09-20,1239.0,freight_rates,,
China to Northern Europe,FRCNREU,2023-09-20,995.0,freight_rates,,
Global average,FRGBLFB,2023-09-21,1256.0,freight_rates,,
China to Northern Europe,FRCNREU,2023-09-21,999.0,freight_rates,,
Global average,FRGBLFB,2023-09-22,1249.0,freight_rates,,
China to Northern Europe,FRCNREU,2023-09-22,990.0,freight_rates,,
Global average,FRGBLFB,2023-09-25,1171.0,freight_rates,,
China to Northern Europe,FRCNREU,2023-09-25,999.0,freight_rates,,
Global average,FRGBLFB,2023-09-26,1179.0,freight_rates,,
China to Northern Europe,FRCNREU,2023-09-26,1025.0,freight_rates,,
Global average,FRGBLFB,2023-09-27,1177.0,freight_rates,,
China to Northern Europe,FRCNREU,2023-09-27,1025.0,freight_rates,,
Global average,FRGBLFB,2023-09-28,1183.0,freight_rates,,
China to Northern Europe,FRCNREU,2023-09-28,1025.0,freight_rates,,
Global average,FRGBLFB,2023-09-29,1172.0,freight_rates,,
China to Northern Europe,FRCNREU,2023-09-29,1025.0,freight_rates,,
Global average,FRGBLFB,2023-10-02,1097.0,freight_rates,,
China to Northern Europe,FRCNREU,2023-10-02,898.0,freight_rates,,
Global average,FRGBLFB,2023-10-03,1094.0,freight_rates,,
China to Northern Europe,FRCNREU,2023-10-03,898.0,freight_rates,,
Global average,FRGBLFB,2023-10-04,1091.0,freight_rates,,
China to Northern Europe,FRCNREU,2023-10-04,898.0,freight_rates,,
Global average,FRGBLFB,2023-10-05,1086.0,freight_rates,,
China to Northern Europe,FRCNREU,2023-10-05,946.0,freight_rates,,
Global average,FRGBLFB,2023-10-06,1076.0,freight_rates,,
China to Northern Europe,FRCNREU,2023-10-06,946.0,freight_rates,,
Global average,FRGBLFB,2023-10-09,1077.0,freight_rates,,
China to Northern Europe,FRCNREU,2023-10-09,946.0,freight_rates,,
Global average,FRGBLFB,2023-10-10,1076.0,freight_rates,,
China to Northern Europe,FRCNREU,2023-10-10,946.0,freight_rates,,
Global average,FRGBLFB,2023-10-11,1076.0,freight_rates,,
China to Northern Europe,FRCNREU,2023-10-11,946.0,freight_rates,,
Global average,FRGBLFB,2023-10-12,1070.0,freight_rates,,
China to Northern Europe,FRCNREU,2023-10-12,946.0,freight_rates,,
Global average,FRGBLFB,2023-10-13,1068.0,freight_rates,,
China to Northern Europe,FRCNREU,2023-10-13,946.0,freight_rates,,
Global average,FRGBLFB,2023-10-16,1047.0,freight_rates,,
China to Northern Europe,FRCNREU,2023-10-16,946.0,freight_rates,,
Global average,FRGBLFB,2023-10-17,1018.0,freight_rates,,
China to Northern Europe,FRCNREU,2023-10-17,946.0,freight_rates,,
Global average,FRGBLFB,2023-10-18,1037.0,freight_rates,,
China to Northern Europe,FRCNREU,2023-10-18,946.0,freight_rates,,
Global average,FRGBLFB,2023-10-19,1040.0,freight_rates,,
China to Northern Europe,FRCNREU,2023-10-19,946.0,freight_rates,,
Global average,FRGBLFB,2023-10-20,1098.0,freight_rates,,
China to Northern Europe,FRCNREU,2023-10-20,1106.0,freight_rates,,
Global average,FRGBLFB,2023-10-23,1085.0,freight_rates,,
China to Northern Europe,FRCNREU,2023-10-23,1054.0,freight_rates,,
Global average,FRGBLFB,2023-10-24,1092.0,freight_rates,,
China to Northern Europe,FRCNREU,2023-10-24,1048.0,freight_rates,,
Global average,FRGBLFB,2023-10-25,1102.0,freight_rates,,
China to Northern Europe,FRCNREU,2023-10-25,1070.0,freight_rates,,
Global average,FRGBLFB,2023-10-26,1101.0,freight_rates,,
China to Northern Europe,FRCNREU,2023-10-26,1065.0,freight_rates,,
Global average,FRGBLFB,2023-10-27,1095.0,freight_rates,,
China to Northern Europe,FRCNREU,2023-10-27,1042.0,freight_rates,,
Global average,FRGBLFB,2023-10-30,1104.0,freight_rates,,
China to Northern Europe,FRCNREU,2023-10-30,1068.0,freight_rates,,
Global average,FRGBLFB,2023-10-31,1106.0,freight_rates,,
China to Northern Europe,FRCNREU,2023-10-31,1070.0,freight_rates,,
Global average,FRGBLFB,2023-11-01,1206.0,freight_rates,,
China to Northern Europe,FRCNREU,2023-11-01,1352.0,freight_rates,,
Global average,FRGBLFB,2023-11-02,1206.0,freight_rates,,
China to Northern Europe,FRCNREU,2023-11-02,1352.0,freight_rates,,
Global average,FRGBLFB,2023-11-03,1213.0,freight_rates,,
China to Northern Europe,FRCNREU,2023-11-03,1405.0,freight_rates,,
Global average,FRGBLFB,2023-11-06,1217.0,freight_rates,,
China to Northern Europe,FRCNREU,2023-11-06,1383.0,freight_rates,,
Global average,FRGBLFB,2023-11-07,1217.0,freight_rates,,
China to Northern Europe,FRCNREU,2023-11-07,1383.0,freight_rates,,
Global average,FRGBLFB,2023-11-08,1217.0,freight_rates,,
China to Northern Europe,FRCNREU,2023-11-08,1384.0,freight_rates,,
Global average,FRGBLFB,2023-11-09,1214.0,freight_rates,,
China to Northern Europe,FRCNREU,2023-11-09,1377.0,freight_rates,,
Global average,FRGBLFB,2023-11-10,1222.0,freight_rates,,
China to Northern Europe,FRCNREU,2023-11-10,1377.0,freight_rates,,
Global average,FRGBLFB,2023-11-13,1216.0,freight_rates,,
China to Northern Europe,FRCNREU,2023-11-13,1354.0,freight_rates,,
Global average,FRGBLFB,2023-11-14,1196.0,freight_rates,,
China to Northern Europe,FRCNREU,2023-11-14,1307.0,freight_rates,,
Global average,FRGBLFB,2023-11-15,1132.0,freight_rates,,
China to Northern Europe,FRCNREU,2023-11-15,1304.0,freight_rates,,
Global average,FRGBLFB,2023-11-16,1123.0,freight_rates,,
China to Northern Europe,FRCNREU,2023-11-16,1283.0,freight_rates,,
Global average,FRGBLFB,2023-11-17,1120.0,freight_rates,,
China to Northern Europe,FRCNREU,2023-11-17,1208.0,freight_rates,,
Global average,FRGBLFB,2023-11-20,1150.0,freight_rates,,
China to Northern Europe,FRCNREU,2023-11-20,1208.0,freight_rates,,
Global average,FRGBLFB,2023-11-21,1158.0,freight_rates,,
China to Northern Europe,FRCNREU,2023-11-21,1211.0,freight_rates,,
Global average,FRGBLFB,2023-11-22,1157.0,freight_rates,,
China to Northern Europe,FRCNREU,2023-11-22,1211.0,freight_rates,,
Global average,FRGBLFB,2023-11-23,1160.0,freight_rates,,
China to Northern Europe,FRCNREU,2023-11-23,1213.0,freight_rates,,
Global average,FRGBLFB,2023-11-24,1154.0,freight_rates,,
China to Northern Europe,FRCNREU,2023-11-24,1213.0,freight_rates,,
Global average,FRGBLFB,2023-11-27,1163.0,freight_rates,,
China to Northern Europe,FRCNREU,2023-11-27,1213.0,freight_rates,,
Global average,FRGBLFB,2023-11-28,1158.0,freight_rates,,
China to Northern Europe,FRCNREU,2023-11-28,1174.0,freight_rates,,
Global average,FRGBLFB,2023-11-29,1152.0,freight_rates,,
China to Northern Europe,FRCNREU,2023-11-29,1145.0,freight_rates,,
Global average,FRGBLFB,2023-11-30,1174.0,freight_rates,,
China to Northern Europe,FRCNREU,2023-11-30,1243.0,freight_rates,,
Global average,FRGBLFB,2023-12-01,1249.0,freight_rates,,
China to Northern Europe,FRCNREU,2023-12-01,1440.0,freight_rates,,
Global average,FRGBLFB,2023-12-04,1262.0,freight_rates,,
China to Northern Europe,FRCNREU,2023-12-04,1497.0,freight_rates,,
Global average,FRGBLFB,2023-12-05,1269.0,freight_rates,,
China to Northern Europe,FRCNREU,2023-12-05,1491.0,freight_rates,,
Global average,FRGBLFB,2023-12-06,1276.0,freight_rates,,
China to Northern Europe,FRCNREU,2023-12-06,1452.0,freight_rates,,
Global average,FRGBLFB,2023-12-07,1272.0,freight_rates,,
China to Northern Europe,FRCNREU,2023-12-07,1446.0,freight_rates,,
Global average,FRGBLFB,2023-12-08,1271.0,freight_rates,,
China to Northern Europe,FRCNREU,2023-12-08,1446.0,freight_rates,,
Global average,FRGBLFB,2023-12-11,1279.0,freight_rates,,
China to Northern Europe,FRCNREU,2023-12-11,1468.0,freight_rates,,
Global average,FRGBLFB,2023-12-12,1280.0,freight_rates,,
China to Northern Europe,FRCNREU,2023-12-12,1468.0,freight_rates,,
Global average,FRGBLFB,2023-12-13,1277.0,freight_rates,,
China to Northern Europe,FRCNREU,2023-12-13,1459.0,freight_rates,,
Global average,FRGBLFB,2023-12-14,1273.0,freight_rates,,
China to Northern Europe,FRCNREU,2023-12-14,1461.0,freight_rates,,
Global average,FRGBLFB,2023-12-15,1298.0,freight_rates,,
China to Northern Europe,FRCNREU,2023-12-15,1478.0,freight_rates,,
Global average,FRGBLFB,2023-12-18,1308.0,freight_rates,,
China to Northern Europe,FRCNREU,2023-12-18,1560.0,freight_rates,,
Global average,FRGBLFB,2023-12-19,1370.0,freight_rates,,
China to Northern Europe,FRCNREU,2023-12-19,1684.0,freight_rates,,
Global average,FRGBLFB,2023-12-20,1373.0,freight_rates,,
China to Northern Europe,FRCNREU,2023-12-20,1687.0,freight_rates,,
Global average,FRGBLFB,2023-12-21,1339.0,freight_rates,,
China to Northern Europe,FRCNREU,2023-12-21,1584.0,freight_rates,,
Global average,FRGBLFB,2023-12-22,1341.0,freight_rates,,
China to Northern Europe,FRCNREU,2023-12-22,1590.0,freight_rates,,
Global average,FRGBLFB,2023-12-25,1341.0,freight_rates,,
China to Northern Europe,FRCNREU,2023-12-25,1590.0,freight_rates,,
Global average,FRGBLFB,2023-12-26,1341.0,freight_rates,,
China to Northern Europe,FRCNREU,2023-12-26,1590.0,freight_rates,,
Global average,FRGBLFB,2023-12-27,1341.0,freight_rates,,
China to Northern Europe,FRCNREU,2023-12-27,1590.0,freight_rates,,
Global average,FRGBLFB,2023-12-28,1341.0,freight_rates,,
China to Northern Europe,FRCNREU,2023-12-28,1590.0,freight_rates,,
Global average,FRGBLFB,2023-12-29,1341.0,freight_rates,,
China to Northern Europe,FRCNREU,2023-12-29,1590.0,freight_rates,,
Global average,FRGBLFB,2024-01-01,1341.0,freight_rates,,
China to Northern Europe,FRCNREU,2024-01-01,1590.0,freight_rates,,
Global average,FRGBLFB,2024-01-02,2440.0,freight_rates,,
China to Northern Europe,FRCNREU,2024-01-02,4042.0,freight_rates,,
Global average,FRGBLFB,2024-01-03,2459.0,freight_rates,,
China to Northern Europe,FRCNREU,2024-01-03,4042.0,freight_rates,,
Global average,FRGBLFB,2024-01-04,2571.0,freight_rates,,
China to Northern Europe,FRCNREU,2024-01-04,4740.0,freight_rates,,
Global average,FRGBLFB,2024-01-05,2606.0,freight_rates,,
China to Northern Europe,FRCNREU,2024-01-05,4740.0,freight_rates,,
Global average,FRGBLFB,2024-01-08,2617.0,freight_rates,,
China to Northern Europe,FRCNREU,2024-01-08,4789.0,freight_rates,,
Global average,FRGBLFB,2024-01-09,2591.0,freight_rates,,
China to Northern Europe,FRCNREU,2024-01-09,4789.0,freight_rates,,
Global average,FRGBLFB,2024-01-10,2586.0,freight_rates,,
China to Northern Europe,FRCNREU,2024-01-10,4789.0,freight_rates,,
Global average,FRGBLFB,2024-01-11,2568.0,freight_rates,,
China to Northern Europe,FRCNREU,2024-01-11,4623.0,freight_rates,,
Global average,FRGBLFB,2024-01-12,2703.0,freight_rates,,
China to Northern Europe,FRCNREU,2024-01-12,4795.0,freight_rates,,
Global average,FRGBLFB,2024-01-15,2862.0,freight_rates,,
China to Northern Europe,FRCNREU,2024-01-15,4948.0,freight_rates,,
Global average,FRGBLFB,2024-01-16,2892.0,freight_rates,,
China to Northern Europe,FRCNREU,2024-01-16,5117.0,freight_rates,,
Global average,FRGBLFB,2024-01-17,3220.0,freight_rates,,
China to Northern Europe,FRCNREU,2024-01-17,5784.0,freight_rates,,
Global average,FRGBLFB,2024-01-18,3236.0,freight_rates,,
China to Northern Europe,FRCNREU,2024-01-18,5794.0,freight_rates,,
Global average,FRGBLFB,2024-01-19,3258.0,freight_rates,,
China to Northern Europe,FRCNREU,2024-01-19,5817.0,freight_rates,,
Global average,FRGBLFB,2024-01-22,3410.0,freight_rates,,
China to Northern Europe,FRCNREU,2024-01-22,5525.0,freight_rates,,
Global average,FRGBLFB,2024-01-23,3401.0,freight_rates,,
China to Northern Europe,FRCNREU,2024-01-23,5504.0,freight_rates,,
Global average,FRGBLFB,2024-01-24,3408.0,freight_rates,,
China to Northern Europe,FRCNREU,2024-01-24,5530.0,freight_rates,,
Global average,FRGBLFB,2024-01-25,3409.0,freight_rates,,
China to Northern Europe,FRCNREU,2024-01-25,5366.0,freight_rates,,
Global average,FRGBLFB,2024-01-26,3427.0,freight_rates,,
China to Northern Europe,FRCNREU,2024-01-26,5353.0,freight_rates,,
Global average,FRGBLFB,2024-01-29,3448.0,freight_rates,,
China to Northern Europe,FRCNREU,2024-01-29,5340.0,freight_rates,,
Global average,FRGBLFB,2024-01-30,3442.0,freight_rates,,
China to Northern Europe,FRCNREU,2024-01-30,5305.0,freight_rates,,
Global average,FRGBLFB,2024-01-31,3432.0,freight_rates,,
China to Northern Europe,FRCNREU,2024-01-31,5287.0,freight_rates,,
Global average,FRGBLFB,2024-02-01,3288.0,freight_rates,,
China to Northern Europe,FRCNREU,2024-02-01,4788.0,freight_rates,,
Global average,FRGBLFB,2024-02-02,3356.0,freight_rates,,
China to Northern Europe,FRCNREU,2024-02-02,4766.0,freight_rates,,
Global average,FRGBLFB,2024-02-05,3350.0,freight_rates,,
China to Northern Europe,FRCNREU,2024-02-05,4843.0,freight_rates,,
Global average,FRGBLFB,2024-02-06,3354.0,freight_rates,,
China to Northern Europe,FRCNREU,2024-02-06,4843.0,freight_rates,,
Global average,FRGBLFB,2024-02-07,3409.0,freight_rates,,
China to Northern Europe,FRCNREU,2024-02-07,4608.0,freight_rates,,
Global average,FRGBLFB,2024-02-08,3397.0,freight_rates,,
China to Northern Europe,FRCNREU,2024-02-08,4597.0,freight_rates,,
Global average,FRGBLFB,2024-02-09,3454.0,freight_rates,,
China to Northern Europe,FRCNREU,2024-02-09,4593.0,freight_rates,,
Global average,FRGBLFB,2024-02-12,3457.0,freight_rates,,
China to Northern Europe,FRCNREU,2024-02-12,4579.0,freight_rates,,
Global average,FRGBLFB,2024-02-13,3458.0,freight_rates,,
China to Northern Europe,FRCNREU,2024-02-13,4579.0,freight_rates,,
Global average,FRGBLFB,2024-02-14,3482.0,freight_rates,,
China to Northern Europe,FRCNREU,2024-02-14,4660.0,freight_rates,,
Global average,FRGBLFB,2024-02-15,3364.0,freight_rates,,
China to Northern Europe,FRCNREU,2024-02-15,4557.0,freight_rates,,
Global average,FRGBLFB,2024-02-16,3354.0,freight_rates,,
China to Northern Europe,FRCNREU,2024-02-16,4560.0,freight_rates,,
Global average,FRGBLFB,2024-02-19,3363.0,freight_rates,,
China to Northern Europe,FRCNREU,2024-02-19,4568.0,freight_rates,,
Global average,FRGBLFB,2024-02-20,3354.0,freight_rates,,
China to Northern Europe,FRCNREU,2024-02-20,4540.0,freight_rates,,
Global average,FRGBLFB,2024-02-21,3355.0,freight_rates,,
China to Northern Europe,FRCNREU,2024-02-21,4568.0,freight_rates,,
Global average,FRGBLFB,2024-02-22,3344.0,freight_rates,,
China to Northern Europe,FRCNREU,2024-02-22,4552.0,freight_rates,,
Global average,FRGBLFB,2024-02-23,3342.0,freight_rates,,
China to Northern Europe,FRCNREU,2024-02-23,4539.0,freight_rates,,
Global average,FRGBLFB,2024-02-26,3339.0,freight_rates,,
China to Northern Europe,FRCNREU,2024-02-26,4526.0,freight_rates,,
Global average,FRGBLFB,2024-02-27,3332.0,freight_rates,,
China to Northern Europe,FRCNREU,2024-02-27,4528.0,freight_rates,,
Global average,FRGBLFB,2024-02-28,3293.0,freight_rates,,
China to Northern Europe,FRCNREU,2024-02-28,4520.0,freight_rates,,
Global average,FRGBLFB,2024-02-29,3281.0,freight_rates,,
China to Northern Europe,FRCNREU,2024-02-29,4504.0,freight_rates,,
Global average,FRGBLFB,2024-03-01,3254.0,freight_rates,,
China to Northern Europe,FRCNREU,2024-03-01,4427.0,freight_rates,,
Global average,FRGBLFB,2024-03-04,3228.0,freight_rates,,
China to Northern Europe,FRCNREU,2024-03-04,4312.0,freight_rates,,
Global average,FRGBLFB,2024-03-05,3059.0,freight_rates,,
China to Northern Europe,FRCNREU,2024-03-05,4308.0,freight_rates,,
Global average,FRGBLFB,2024-03-06,3022.0,freight_rates,,
China to Northern Europe,FRCNREU,2024-03-06,4310.0,freight_rates,,
Global average,FRGBLFB,2024-03-07,3022.0,freight_rates,,
China to Northern Europe,FRCNREU,2024-03-07,4307.0,freight_rates,,
Global average,FRGBLFB,2024-03-08,3018.0,freight_rates,,
China to Northern Europe,FRCNREU,2024-03-08,4327.0,freight_rates,,
Global average,FRGBLFB,2024-03-11,2985.0,freight_rates,,
China to Northern Europe,FRCNREU,2024-03-11,4322.0,freight_rates,,
Global average,FRGBLFB,2024-03-12,2951.0,freight_rates,,
China to Northern Europe,FRCNREU,2024-03-12,4217.0,freight_rates,,
Global average,FRGBLFB,2024-03-13,2863.0,freight_rates,,
China to Northern Europe,FRCNREU,2024-03-13,3900.0,freight_rates,,
Global average,FRGBLFB,2024-03-14,2824.0,freight_rates,,
China to Northern Europe,FRCNREU,2024-03-14,3763.0,freight_rates,,
Global average,FRGBLFB,2024-03-15,2717.0,freight_rates,,
China to Northern Europe,FRCNREU,2024-03-15,3155.0,freight_rates,,
Global average,FRGBLFB,2024-03-18,2617.0,freight_rates,,
China to Northern Europe,FRCNREU,2024-03-18,3221.0,freight_rates,,
Global average,FRGBLFB,2024-03-19,2528.0,freight_rates,,
China to Northern Europe,FRCNREU,2024-03-19,3155.0,freight_rates,,
Global average,FRGBLFB,2024-03-20,2536.0,freight_rates,,
China to Northern Europe,FRCNREU,2024-03-20,3155.0,freight_rates,,
Global average,FRGBLFB,2024-03-21,2659.0,freight_rates,,
China to Northern Europe,FRCNREU,2024-03-21,3155.0,freight_rates,,
Global average,FRGBLFB,2024-03-22,2778.0,freight_rates,,
China to Northern Europe,FRCNREU,2024-03-22,3258.0,freight_rates,,
Global average,FRGBLFB,2024-03-25,2812.0,freight_rates,,
China to Northern Europe,FRCNREU,2024-03-25,3258.0,freight_rates,,
Global average,FRGBLFB,2024-03-26,2723.0,freight_rates,,
China to Northern Europe,FRCNREU,2024-03-26,3258.0,freight_rates,,
Global average,FRGBLFB,2024-03-27,2685.0,freight_rates,,
China to Northern Europe,FRCNREU,2024-03-27,3258.0,freight_rates,,
Global average,FRGBLFB,2024-03-28,2682.0,freight_rates,,
China to Northern Europe,FRCNREU,2024-03-28,3258.0,freight_rates,,
Global average,FRGBLFB,2024-03-29,2682.0,freight_rates,,
China to Northern Europe,FRCNREU,2024-03-29,3258.0,freight_rates,,
Global average,FRGBLFB,2024-04-01,2682.0,freight_rates,,
China to Northern Europe,FRCNREU,2024-04-01,3258.0,freight_rates,,
Global average,FRGBLFB,2024-04-02,2503.0,freight_rates,,
China to Northern Europe,FRCNREU,2024-04-02,3411.0,freight_rates,,
Global average,FRGBLFB,2024-04-03,2433.0,freight_rates,,
China to Northern Europe,FRCNREU,2024-04-03,3251.0,freight_rates,,
Global average,FRGBLFB,2024-04-04,2447.0,freight_rates,,
China to Northern Europe,FRCNREU,2024-04-04,3255.0,freight_rates,,
Global average,FRGBLFB,2024-04-05,2464.0,freight_rates,,
China to Northern Europe,FRCNREU,2024-04-05,3383.0,freight_rates,,
Global average,FRGBLFB,2024-04-08,2487.0,freight_rates,,
China to Northern Europe,FRCNREU,2024-04-08,3442.0,freight_rates,,
Global average,FRGBLFB,2024-04-09,2489.0,freight_rates,,
China to Northern Europe,FRCNREU,2024-04-09,3453.0,freight_rates,,
Global average,FRGBLFB,2024-04-10,2494.0,freight_rates,,
China to Northern Europe,FRCNREU,2024-04-10,3554.0,freight_rates,,
Global average,FRGBLFB,2024-04-11,2509.0,freight_rates,,
China to Northern Europe,FRCNREU,2024-04-11,3638.0,freight_rates,,
Global average,FRGBLFB,2024-04-12,2515.0,freight_rates,,
China to Northern Europe,FRCNREU,2024-04-12,3640.0,freight_rates,,
Global average,FRGBLFB,2024-04-15,2332.0,freight_rates,,
China to Northern Europe,FRCNREU,2024-04-15,3445.0,freight_rates,,
Global average,FRGBLFB,2024-04-16,2305.0,freight_rates,,
China to Northern Europe,FRCNREU,2024-04-16,3237.0,freight_rates,,
Global average,FRGBLFB,2024-04-17,2369.0,freight_rates,,
China to Northern Europe,FRCNREU,2024-04-17,3289.0,freight_rates,,
Global average,FRGBLFB,2024-04-18,2373.0,freight_rates,,
China to Northern Europe,FRCNREU,2024-04-18,3289.0,freight_rates,,
Global average,FRGBLFB,2024-04-19,2388.0,freight_rates,,
China to Northern Europe,FRCNREU,2024-04-19,3261.0,freight_rates,,
Global average,FRGBLFB,2024-04-22,2381.0,freight_rates,,
China to Northern Europe,FRCNREU,2024-04-22,3246.0,freight_rates,,
Global average,FRGBLFB,2024-04-23,2405.0,freight_rates,,
China to Northern Europe,FRCNREU,2024-04-23,3368.0,freight_rates,,
Global average,FRGBLFB,2024-04-24,2320.0,freight_rates,,
China to Northern Europe,FRCNREU,2024-04-24,3377.0,freight_rates,,
Global average,FRGBLFB,2024-04-25,2407.0,freight_rates,,
China to Northern Europe,FRCNREU,2024-04-25,3410.0,freight_rates,,
Global average,FRGBLFB,2024-04-26,2405.0,freight_rates,,
China to Northern Europe,FRCNREU,2024-04-26,3423.0,freight_rates,,
Global average,FRGBLFB,2024-04-29,2428.0,freight_rates,,
China to Northern Europe,FRCNREU,2024-04-29,3423.0,freight_rates,,
Global average,FRGBLFB,2024-04-30,2408.0,freight_rates,,
China to Northern Europe,FRCNREU,2024-04-30,3436.0,freight_rates,,
Global average,FRGBLFB,2024-05-01,2409.0,freight_rates,,
China to Northern Europe,FRCNREU,2024-05-01,3436.0,freight_rates,,
Global average,FRGBLFB,2024-05-02,2695.0,freight_rates,,
China to Northern Europe,FRCNREU,2024-05-02,3520.0,freight_rates,,
Global average,FRGBLFB,2024-05-03,2863.0,freight_rates,,
China to Northern Europe,FRCNREU,2024-05-03,3936.0,freight_rates,,
Global average,FRGBLFB,2024-05-06,2863.0,freight_rates,,
China to Northern Europe,FRCNREU,2024-05-06,3936.0,freight_rates,,
Global average,FRGBLFB,2024-05-07,2907.0,freight_rates,,
China to Northern Europe,FRCNREU,2024-05-07,4228.0,freight_rates,,
Global average,FRGBLFB,2024-05-08,2841.0,freight_rates,,
China to Northern Europe,FRCNREU,2024-05-08,4228.0,freight_rates,,
Global average,FRGBLFB,2024-05-09,2853.0,freight_rates,,
China to Northern Europe,FRCNREU,2024-05-09,4054.0,freight_rates,,
Global average,FRGBLFB,2024-05-10,2906.0,freight_rates,,
China to Northern Europe,FRCNREU,2024-05-10,4095.0,freight_rates,,
Global average,FRGBLFB,2024-05-13,2955.0,freight_rates,,
China to Northern Europe,FRCNREU,2024-05-13,4337.0,freight_rates,,
Global average,FRGBLFB,2024-05-14,2980.0,freight_rates,,
China to Northern Europe,FRCNREU,2024-05-14,4390.0,freight_rates,,
Global average,FRGBLFB,2024-05-15,3030.0,freight_rates,,
China to Northern Europe,FRCNREU,2024-05-15,4437.0,freight_rates,,
Global average,FRGBLFB,2024-05-16,3259.0,freight_rates,,
China to Northern Europe,FRCNREU,2024-05-16,4914.0,freight_rates,,
Global average,FRGBLFB,2024-05-17,3315.0,freight_rates,,
China to Northern Europe,FRCNREU,2024-05-17,4937.0,freight_rates,,
Global average,FRGBLFB,2024-05-20,3338.0,freight_rates,,
China to Northern Europe,FRCNREU,2024-05-20,4937.0,freight_rates,,
Global average,FRGBLFB,2024-05-21,3434.0,freight_rates,,
China to Northern Europe,FRCNREU,2024-05-21,4977.0,freight_rates,,
Global average,FRGBLFB,2024-05-22,3421.0,freight_rates,,
China to Northern Europe,FRCNREU,2024-05-22,4826.0,freight_rates,,
Global average,FRGBLFB,2024-05-23,3442.0,freight_rates,,
China to Northern Europe,FRCNREU,2024-05-23,4826.0,freight_rates,,
Global average,FRGBLFB,2024-05-24,3431.0,freight_rates,,
China to Northern Europe,FRCNREU,2024-05-24,4844.0,freight_rates,,
Global average,FRGBLFB,2024-05-27,3431.0,freight_rates,,
China to Northern Europe,FRCNREU,2024-05-27,4844.0,freight_rates,,
Global average,FRGBLFB,2024-05-28,3496.0,freight_rates,,
China to Northern Europe,FRCNREU,2024-05-28,5021.0,freight_rates,,
Global average,FRGBLFB,2024-05-29,3453.0,freight_rates,,
China to Northern Europe,FRCNREU,2024-05-29,5021.0,freight_rates,,
Global average,FRGBLFB,2024-05-30,3494.0,freight_rates,,
China to Northern Europe,FRCNREU,2024-05-30,5021.0,freight_rates,,
Global average,FRGBLFB,2024-05-31,3508.0,freight_rates,,
China to Northern Europe,FRCNREU,2024-05-31,5023.0,freight_rates,,
Global average,FRGBLFB,2024-06-03,3765.0,freight_rates,,
China to Northern Europe,FRCNREU,2024-06-03,5940.0,freight_rates,,
Global average,FRGBLFB,2024-06-04,4058.0,freight_rates,,
China to Northern Europe,FRCNREU,2024-06-04,6192.0,freight_rates,,
Global average,FRGBLFB,2024-06-05,4049.0,freight_rates,,
China to Northern Europe,FRCNREU,2024-06-05,6130.0,freight_rates,,
Global average,FRGBLFB,2024-06-06,4041.0,freight_rates,,
China to Northern Europe,FRCNREU,2024-06-06,6165.0,freight_rates,,
Global average,FRGBLFB,2024-06-07,4065.0,freight_rates,,
China to Northern Europe,FRCNREU,2024-06-07,6164.0,freight_rates,,
Global average,FRGBLFB,2024-06-10,4048.0,freight_rates,,
China to Northern Europe,FRCNREU,2024-06-10,6016.0,freight_rates,,
Global average,FRGBLFB,2024-06-11,4138.0,freight_rates,,
China to Northern Europe,FRCNREU,2024-06-11,6581.0,freight_rates,,
Global average,FRGBLFB,2024-06-12,4129.0,freight_rates,,
China to Northern Europe,FRCNREU,2024-06-12,6573.0,freight_rates,,
Global average,FRGBLFB,2024-06-13,4128.0,freight_rates,,
China to Northern Europe,FRCNREU,2024-06-13,6564.0,freight_rates,,
Global average,FRGBLFB,2024-06-14,4142.0,freight_rates,,
China to Northern Europe,FRCNREU,2024-06-14,6573.0,freight_rates,,
Global average,FRGBLFB,2024-06-17,4307.0,freight_rates,,
China to Northern Europe,FRCNREU,2024-06-17,6808.0,freight_rates,,
Global average,FRGBLFB,2024-06-18,4471.0,freight_rates,,
China to Northern Europe,FRCNREU,2024-06-18,6858.0,freight_rates,,
Global average,FRGBLFB,2024-06-19,4490.0,freight_rates,,
China to Northern Europe,FRCNREU,2024-06-19,7114.0,freight_rates,,
Global average,FRGBLFB,2024-06-20,4481.0,freight_rates,,
China to Northern Europe,FRCNREU,2024-06-20,7114.0,freight_rates,,
Global average,FRGBLFB,2024-06-21,4483.0,freight_rates,,
China to Northern Europe,FRCNREU,2024-06-21,7109.0,freight_rates,,
Global average,FRGBLFB,2024-06-24,4507.0,freight_rates,,
China to Northern Europe,FRCNREU,2024-06-24,7117.0,freight_rates,,
Global average,FRGBLFB,2024-06-25,4510.0,freight_rates,,
China to Northern Europe,FRCNREU,2024-06-25,7133.0,freight_rates,,
Global average,FRGBLFB,2024-06-26,4509.0,freight_rates,,
China to Northern Europe,FRCNREU,2024-06-26,7133.0,freight_rates,,
Global average,FRGBLFB,2024-06-27,4507.0,freight_rates,,
China to Northern Europe,FRCNREU,2024-06-27,7133.0,freight_rates,,
Global average,FRGBLFB,2024-06-28,4507.0,freight_rates,,
China to Northern Europe,FRCNREU,2024-06-28,7134.0,freight_rates,,
Global average,FRGBLFB,2024-07-01,4508.0,freight_rates,,
China to Northern Europe,FRCNREU,2024-07-01,7134.0,freight_rates,,
Global average,FRGBLFB,2024-07-02,5068.0,freight_rates,,
China to Northern Europe,FRCNREU,2024-07-02,8764.0,freight_rates,,
Global average,FRGBLFB,2024-07-03,5214.0,freight_rates,,
China to Northern Europe,FRCNREU,2024-07-03,8854.0,freight_rates,,
Global average,FRGBLFB,2024-07-04,5162.0,freight_rates,,
China to Northern Europe,FRCNREU,2024-07-04,8624.0,freight_rates,,
Global average,FRGBLFB,2024-07-05,5161.0,freight_rates,,
China to Northern Europe,FRCNREU,2024-07-05,8633.0,freight_rates,,
Global average,FRGBLFB,2024-07-08,5175.0,freight_rates,,
China to Northern Europe,FRCNREU,2024-07-08,8631.0,freight_rates,,
Global average,FRGBLFB,2024-07-09,5218.0,freight_rates,,
China to Northern Europe,FRCNREU,2024-07-09,8631.0,freight_rates,,
Global average,FRGBLFB,2024-07-10,5178.0,freight_rates,,
China to Northern Europe,FRCNREU,2024-07-10,8631.0,freight_rates,,
Global average,FRGBLFB,2024-07-11,5181.0,freight_rates,,
China to Northern Europe,FRCNREU,2024-07-11,8631.0,freight_rates,,
Global average,FRGBLFB,2024-07-12,5157.0,freight_rates,,
China to Northern Europe,FRCNREU,2024-07-12,8638.0,freight_rates,,
Global average,FRGBLFB,2024-07-15,5081.0,freight_rates,,
China to Northern Europe,FRCNREU,2024-07-15,8607.0,freight_rates,,
Global average,FRGBLFB,2024-07-16,5149.0,freight_rates,,
China to Northern Europe,FRCNREU,2024-07-16,8890.0,freight_rates,,
Global average,FRGBLFB,2024-07-17,5006.0,freight_rates,,
China to Northern Europe,FRCNREU,2024-07-17,8200.0,freight_rates,,
Global average,FRGBLFB,2024-07-18,5007.0,freight_rates,,
China to Northern Europe,FRCNREU,2024-07-18,8201.0,freight_rates,,
Global average,FRGBLFB,2024-07-19,5007.0,freight_rates,,
China to Northern Europe,FRCNREU,2024-07-19,8201.0,freight_rates,,
Global average,FRGBLFB,2024-07-22,5030.0,freight_rates,,
China to Northern Europe,FRCNREU,2024-07-22,8218.0,freight_rates,,
Global average,FRGBLFB,2024-07-23,5065.0,freight_rates,,
China to Northern Europe,FRCNREU,2024-07-23,8407.0,freight_rates,,
Global average,FRGBLFB,2024-07-24,5097.0,freight_rates,,
China to Northern Europe,FRCNREU,2024-07-24,8404.0,freight_rates,,
Global average,FRGBLFB,2024-07-25,5096.0,freight_rates,,
China to Northern Europe,FRCNREU,2024-07-25,8407.0,freight_rates,,
Global average,FRGBLFB,2024-07-26,5075.0,freight_rates,,
China to Northern Europe,FRCNREU,2024-07-26,8408.0,freight_rates,,
Global average,FRGBLFB,2024-07-29,4958.0,freight_rates,,
China to Northern Europe,FRCNREU,2024-07-29,8234.0,freight_rates,,
Global average,FRGBLFB,2024-07-30,4998.0,freight_rates,,
China to Northern Europe,FRCNREU,2024-07-30,8480.0,freight_rates,,
Global average,FRGBLFB,2024-07-31,4994.0,freight_rates,,
China to Northern Europe,FRCNREU,2024-07-31,8477.0,freight_rates,,
Global average,FRGBLFB,2024-08-01,4846.0,freight_rates,,
China to Northern Europe,FRCNREU,2024-08-01,8477.0,freight_rates,,
Global average,FRGBLFB,2024-08-02,4825.0,freight_rates,,
China to Northern Europe,FRCNREU,2024-08-02,8477.0,freight_rates,,
Global average,FRGBLFB,2024-08-05,4812.0,freight_rates,,
China to Northern Europe,FRCNREU,2024-08-05,8477.0,freight_rates,,
Global average,FRGBLFB,2024-08-06,4723.0,freight_rates,,
China to Northern Europe,FRCNREU,2024-08-06,8168.0,freight_rates,,
Global average,FRGBLFB,2024-08-07,4758.0,freight_rates,,
China to Northern Europe,FRCNREU,2024-08-07,8357.0,freight_rates,,
Global average,FRGBLFB,2024-08-08,5484.0,freight_rates,,
China to Northern Europe,FRCNREU,2024-08-08,8357.0,freight_rates,,
Global average,FRGBLFB,2024-08-09,5472.0,freight_rates,,
China to Northern Europe,FRCNREU,2024-08-09,8357.0,freight_rates,,
Global average,FRGBLFB,2024-08-12,5461.0,freight_rates,,
China to Northern Europe,FRCNREU,2024-08-12,8332.0,freight_rates,,
Global average,FRGBLFB,2024-08-13,5457.0,freight_rates,,
China to Northern Europe,FRCNREU,2024-08-13,8339.0,freight_rates,,
Global average,FRGBLFB,2024-08-14,5429.0,freight_rates,,
China to Northern Europe,FRCNREU,2024-08-14,8197.0,freight_rates,,
Global average,FRGBLFB,2024-08-15,5433.0,freight_rates,,
China to Northern Europe,FRCNREU,2024-08-15,8339.0,freight_rates,,
Global average,FRGBLFB,2024-08-16,5400.0,freight_rates,,
China to Northern Europe,FRCNREU,2024-08-16,8113.0,freight_rates,,
Global average,FRGBLFB,2024-08-19,5620.0,freight_rates,,
China to Northern Europe,FRCNREU,2024-08-19,8113.0,freight_rates,,
Global average,FRGBLFB,2024-08-20,5613.0,freight_rates,,
China to Northern Europe,FRCNREU,2024-08-20,8113.0,freight_rates,,
Global average,FRGBLFB,2024-08-21,5558.0,freight_rates,,
China to Northern Europe,FRCNREU,2024-08-21,8113.0,freight_rates,,
Global average,FRGBLFB,2024-08-22,5484.0,freight_rates,,
China to Northern Europe,FRCNREU,2024-08-22,7743.0,freight_rates,,
Global average,FRGBLFB,2024-08-23,5484.0,freight_rates,,
China to Northern Europe,FRCNREU,2024-08-23,7743.0,freight_rates,,
Global average,FRGBLFB,2024-08-26,5484.0,freight_rates,,
China to Northern Europe,FRCNREU,2024-08-26,7743.0,freight_rates,,
Global average,FRGBLFB,2024-08-27,5332.0,freight_rates,,
China to Northern Europe,FRCNREU,2024-08-27,7782.0,freight_rates,,
Global average,FRGBLFB,2024-08-28,5333.0,freight_rates,,
China to Northern Europe,FRCNREU,2024-08-28,7782.0,freight_rates,,
Global average,FRGBLFB,2024-08-29,5318.0,freight_rates,,
China to Northern Europe,FRCNREU,2024-08-29,7757.0,freight_rates,,
Global average,FRGBLFB,2024-08-30,5319.0,freight_rates,,
China to Northern Europe,FRCNREU,2024-08-30,7757.0,freight_rates,,
Global average,FRGBLFB,2024-09-02,5316.0,freight_rates,,
China to Northern Europe,FRCNREU,2024-09-02,7757.0,freight_rates,,
Global average,FRGBLFB,2024-09-03,4991.0,freight_rates,,
China to Northern Europe,FRCNREU,2024-09-03,6542.0,freight_rates,,
Global average,FRGBLFB,2024-09-04,5001.0,freight_rates,,
China to Northern Europe,FRCNREU,2024-09-04,6547.0,freight_rates,,
Global average,FRGBLFB,2024-09-05,5000.0,freight_rates,,
China to Northern Europe,FRCNREU,2024-09-05,6548.0,freight_rates,,
Global average,FRGBLFB,2024-09-06,5003.0,freight_rates,,
China to Northern Europe,FRCNREU,2024-09-06,6542.0,freight_rates,,
Global average,FRGBLFB,2024-09-09,5057.0,freight_rates,,
China to Northern Europe,FRCNREU,2024-09-09,6542.0,freight_rates,,
Global average,FRGBLFB,2024-09-10,5048.0,freight_rates,,
China to Northern Europe,FRCNREU,2024-09-10,6501.0,freight_rates,,
Global average,FRGBLFB,2024-09-11,5048.0,freight_rates,,
China to Northern Europe,FRCNREU,2024-09-11,6501.0,freight_rates,,
Global average,FRGBLFB,2024-09-12,4973.0,freight_rates,,
China to Northern Europe,FRCNREU,2024-09-12,6501.0,freight_rates,,
Global average,FRGBLFB,2024-09-13,4969.0,freight_rates,,
China to Northern Europe,FRCNREU,2024-09-13,6493.0,freight_rates,,
Global average,FRGBLFB,2024-09-16,4955.0,freight_rates,,
China to Northern Europe,FRCNREU,2024-09-16,6493.0,freight_rates,,
Global average,FRGBLFB,2024-09-17,4635.0,freight_rates,,
China to Northern Europe,FRCNREU,2024-09-17,5142.0,freight_rates,,
Global average,FRGBLFB,2024-09-18,4636.0,freight_rates,,
China to Northern Europe,FRCNREU,2024-09-18,5142.0,freight_rates,,
Global average,FRGBLFB,2024-09-19,4638.0,freight_rates,,
China to Northern Europe,FRCNREU,2024-09-19,5142.0,freight_rates,,
Global average,FRGBLFB,2024-09-20,4643.0,freight_rates,,
China to Northern Europe,FRCNREU,2024-09-20,5142.0,freight_rates,,
Global average,FRGBLFB,2024-09-23,4626.0,freight_rates,,
China to Northern Europe,FRCNREU,2024-09-23,5142.0,freight_rates,,
Global average,FRGBLFB,2024-09-24,4602.0,freight_rates,,
China to Northern Europe,FRCNREU,2024-09-24,5142.0,freight_rates,,
Global average,FRGBLFB,2024-09-25,4559.0,freight_rates,,
China to Northern Europe,FRCNREU,2024-09-25,5142.0,freight_rates,,
Global average,FRGBLFB,2024-09-26,4551.0,freight_rates,,
China to Northern Europe,FRCNREU,2024-09-26,5142.0,freight_rates,,
Global average,FRGBLFB,2024-09-27,4482.0,freight_rates,,
China to Northern Europe,FRCNREU,2024-09-27,4804.0,freight_rates,,
Global average,FRGBLFB,2024-09-30,4448.0,freight_rates,,
China to Northern Europe,FRCNREU,2024-09-30,4804.0,freight_rates,,
Global average,FRGBLFB,2024-10-01,4074.0,freight_rates,,
China to Northern Europe,FRCNREU,2024-10-01,4222.0,freight_rates,,
Global average,FRGBLFB,2024-10-02,3385.0,freight_rates,,
China to Northern Europe,FRCNREU,2024-10-02,3664.0,freight_rates,,
Global average,FRGBLFB,2024-10-03,3439.0,freight_rates,,
China to Northern Europe,FRCNREU,2024-10-03,3961.0,freight_rates,,
Global average,FRGBLFB,2024-10-04,3569.0,freight_rates,,
China to Northern Europe,FRCNREU,2024-10-04,3597.0,freight_rates,,
Global average,FRGBLFB,2024-10-07,3677.0,freight_rates,,
China to Northern Europe,FRCNREU,2024-10-07,3754.0,freight_rates,,
Global average,FRGBLFB,2024-10-08,3607.0,freight_rates,,
China to Northern Europe,FRCNREU,2024-10-08,3602.0,freight_rates,,
Global average,FRGBLFB,2024-10-09,3605.0,freight_rates,,
China to Northern Europe,FRCNREU,2024-10-09,3602.0,freight_rates,,
Global average,FRGBLFB,2024-10-10,3602.0,freight_rates,,
China to Northern Europe,FRCNREU,2024-10-10,3584.0,freight_rates,,
Global average,FRGBLFB,2024-10-11,3603.0,freight_rates,,
China to Northern Europe,FRCNREU,2024-10-11,3584.0,freight_rates,,
Global average,FRGBLFB,2024-10-14,3586.0,freight_rates,,
China to Northern Europe,FRCNREU,2024-10-14,3584.0,freight_rates,,
Global average,FRGBLFB,2024-10-15,3579.0,freight_rates,,
China to Northern Europe,FRCNREU,2024-10-15,3612.0,freight_rates,,
Global average,FRGBLFB,2024-10-16,3367.0,freight_rates,,
China to Northern Europe,FRCNREU,2024-10-16,3834.0,freight_rates,,
Global average,FRGBLFB,2024-10-17,3303.0,freight_rates,,
China to Northern Europe,FRCNREU,2024-10-17,3295.0,freight_rates,,
Global average,FRGBLFB,2024-10-18,3087.0,freight_rates,,
China to Northern Europe,FRCNREU,2024-10-18,3290.0,freight_rates,,
Global average,FRGBLFB,2024-10-21,3295.0,freight_rates,,
China to Northern Europe,FRCNREU,2024-10-21,3354.0,freight_rates,,
Global average,FRGBLFB,2024-10-22,3284.0,freight_rates,,
China to Northern Europe,FRCNREU,2024-10-22,3352.0,freight_rates,,
Global average,FRGBLFB,2024-10-23,3309.0,freight_rates,,
China to Northern Europe,FRCNREU,2024-10-23,3605.0,freight_rates,,
Global average,FRGBLFB,2024-10-24,3314.0,freight_rates,,
China to Northern Europe,FRCNREU,2024-10-24,3605.0,freight_rates,,
Global average,FRGBLFB,2024-10-25,3299.0,freight_rates,,
China to Northern Europe,FRCNREU,2024-10-25,3530.0,freight_rates,,
Global average,FRGBLFB,2024-10-28,3259.0,freight_rates,,
China to Northern Europe,FRCNREU,2024-10-28,3361.0,freight_rates,,
Global average,FRGBLFB,2024-10-29,3287.0,freight_rates,,
China to Northern Europe,FRCNREU,2024-10-29,3498.0,freight_rates,,
Global average,FRGBLFB,2024-10-30,3244.0,freight_rates,,
China to Northern Europe,FRCNREU,2024-10-30,3498.0,freight_rates,,
Global average,FRGBLFB,2024-10-31,3247.0,freight_rates,,
China to Northern Europe,FRCNREU,2024-10-31,3487.0,freight_rates,,
Global average,FRGBLFB,2024-11-01,3538.0,freight_rates,,
China to Northern Europe,FRCNREU,2024-11-01,4430.0,freight_rates,,
Global average,FRGBLFB,2024-11-04,3521.0,freight_rates,,
China to Northern Europe,FRCNREU,2024-11-04,4489.0,freight_rates,,
Global average,FRGBLFB,2024-11-05,3528.0,freight_rates,,
China to Northern Europe,FRCNREU,2024-11-05,4562.0,freight_rates,,
Global average,FRGBLFB,2024-11-06,3590.0,freight_rates,,
China to Northern Europe,FRCNREU,2024-11-06,4473.0,freight_rates,,
Global average,FRGBLFB,2024-11-07,3580.0,freight_rates,,
China to Northern Europe,FRCNREU,2024-11-07,4479.0,freight_rates,,
Global average,FRGBLFB,2024-11-08,3602.0,freight_rates,,
China to Northern Europe,FRCNREU,2024-11-08,4473.0,freight_rates,,
Global average,FRGBLFB,2024-11-11,3648.0,freight_rates,,
China to Northern Europe,FRCNREU,2024-11-11,4572.0,freight_rates,,
Global average,FRGBLFB,2024-11-12,3666.0,freight_rates,,
China to Northern Europe,FRCNREU,2024-11-12,4608.0,freight_rates,,
Global average,FRGBLFB,2024-11-13,3591.0,freight_rates,,
China to Northern Europe,FRCNREU,2024-11-13,4614.0,freight_rates,,
Global average,FRGBLFB,2024-11-14,3588.0,freight_rates,,
China to Northern Europe,FRCNREU,2024-11-14,4614.0,freight_rates,,
Global average,FRGBLFB,2024-11-15,3569.0,freight_rates,,
China to Northern Europe,FRCNREU,2024-11-15,4491.0,freight_rates,,
Global average,FRGBLFB,2024-11-18,3568.0,freight_rates,,
China to Northern Europe,FRCNREU,2024-11-18,4491.0,freight_rates,,
Global average,FRGBLFB,2024-11-19,3593.0,freight_rates,,
China to Northern Europe,FRCNREU,2024-11-19,4491.0,freight_rates,,
Global average,FRGBLFB,2024-11-20,3589.0,freight_rates,,
China to Northern Europe,FRCNREU,2024-11-20,4491.0,freight_rates,,
Global average,FRGBLFB,2024-11-21,3578.0,freight_rates,,
China to Northern Europe,FRCNREU,2024-11-21,4491.0,freight_rates,,
Global average,FRGBLFB,2024-11-22,3622.0,freight_rates,,
China to Northern Europe,FRCNREU,2024-11-22,4491.0,freight_rates,,
Global average,FRGBLFB,2024-11-25,3689.0,freight_rates,,
China to Northern Europe,FRCNREU,2024-11-25,4491.0,freight_rates,,
Global average,FRGBLFB,2024-11-26,3634.0,freight_rates,,
China to Northern Europe,FRCNREU,2024-11-26,4491.0,freight_rates,,
Global average,FRGBLFB,2024-11-27,3638.0,freight_rates,,
China to Northern Europe,FRCNREU,2024-11-27,4491.0,freight_rates,,
Global average,FRGBLFB,2024-11-28,3671.0,freight_rates,,
China to Northern Europe,FRCNREU,2024-11-28,4491.0,freight_rates,,
Global average,FRGBLFB,2024-11-29,3673.0,freight_rates,,
China to Northern Europe,FRCNREU,2024-11-29,4491.0,freight_rates,,
Global average,FRGBLFB,2024-12-02,3553.0,freight_rates,,
China to Northern Europe,FRCNREU,2024-12-02,4959.0,freight_rates,,
Global average,FRGBLFB,2024-12-03,3630.0,freight_rates,,
China to Northern Europe,FRCNREU,2024-12-03,5404.0,freight_rates,,
Global average,FRGBLFB,2024-12-04,3617.0,freight_rates,,
China to Northern Europe,FRCNREU,2024-12-04,5438.0,freight_rates,,
Global average,FRGBLFB,2024-12-05,3485.0,freight_rates,,
China to Northern Europe,FRCNREU,2024-12-05,5414.0,freight_rates,,
Global average,FRGBLFB,2024-12-06,3484.0,freight_rates,,
China to Northern Europe,FRCNREU,2024-12-06,5405.0,freight_rates,,
Global average,FRGBLFB,2024-12-09,3697.0,freight_rates,,
China to Northern Europe,FRCNREU,2024-12-09,5223.0,freight_rates,,
Global average,FRGBLFB,2024-12-10,3653.0,freight_rates,,
China to Northern Europe,FRCNREU,2024-12-10,5011.0,freight_rates,,
Global average,FRGBLFB,2024-12-11,3666.0,freight_rates,,
China to Northern Europe,FRCNREU,2024-12-11,5078.0,freight_rates,,
Global average,FRGBLFB,2024-12-12,3638.0,freight_rates,,
China to Northern Europe,FRCNREU,2024-12-12,4971.0,freight_rates,,
Global average,FRGBLFB,2024-12-13,3639.0,freight_rates,,
China to Northern Europe,FRCNREU,2024-12-13,4971.0,freight_rates,,
Global average,FRGBLFB,2024-12-16,3637.0,freight_rates,,
China to Northern Europe,FRCNREU,2024-12-16,4971.0,freight_rates,,
Global average,FRGBLFB,2024-12-17,3636.0,freight_rates,,
China to Northern Europe,FRCNREU,2024-12-17,4971.0,freight_rates,,
Global average,FRGBLFB,2024-12-18,3738.0,freight_rates,,
China to Northern Europe,FRCNREU,2024-12-18,4971.0,freight_rates,,
Global average,FRGBLFB,2024-12-19,3713.0,freight_rates,,
China to Northern Europe,FRCNREU,2024-12-19,4971.0,freight_rates,,
Global average,FRGBLFB,2024-12-20,3730.0,freight_rates,,
China to Northern Europe,FRCNREU,2024-12-20,4971.0,freight_rates,,
Global average,FRGBLFB,2024-12-23,3769.0,freight_rates,,
China to Northern Europe,FRCNREU,2024-12-23,4971.0,freight_rates,,
Global average,FRGBLFB,2024-12-24,3840.0,freight_rates,,
China to Northern Europe,FRCNREU,2024-12-24,5339.0,freight_rates,,
Global average,FRGBLFB,2024-12-25,3840.0,freight_rates,,
China to Northern Europe,FRCNREU,2024-12-25,5339.0,freight_rates,,
Global average,FRGBLFB,2024-12-26,3840.0,freight_rates,,
China to Northern Europe,FRCNREU,2024-12-26,5339.0,freight_rates,,
Global average,FRGBLFB,2024-12-27,3840.0,freight_rates,,
China to Northern Europe,FRCNREU,2024-12-27,5339.0,freight_rates,,
Global average,FRGBLFB,2024-12-30,3840.0,freight_rates,,
China to Northern Europe,FRCNREU,2024-12-30,5339.0,freight_rates,,
Global average,FRGBLFB,2024-12-31,3840.0,freight_rates,,
China to Northern Europe,FRCNREU,2024-12-31,5339.0,freight_rates,,
Global average,FRGBLFB,2025-01-01,3840.0,freight_rates,,
China to Northern Europe,FRCNREU,2025-01-01,5339.0,freight_rates,,
Global average,FRGBLFB,2025-01-02,4322.0,freight_rates,,
China to Northern Europe,FRCNREU,2025-01-02,5721.0,freight_rates,,
Global average,FRGBLFB,2025-01-03,4259.0,freight_rates,,
China to Northern Europe,FRCNREU,2025-01-03,5394.0,freight_rates,,
Global average,FRGBLFB,2025-01-06,4229.0,freight_rates,,
China to Northern Europe,FRCNREU,2025-01-06,5394.0,freight_rates,,
Global average,FRGBLFB,2025-01-07,4306.0,freight_rates,,
China to Northern Europe,FRCNREU,2025-01-07,5643.0,freight_rates,,
Global average,FRGBLFB,2025-01-08,4229.0,freight_rates,,
China to Northern Europe,FRCNREU,2025-01-08,5652.0,freight_rates,,
Global average,FRGBLFB,2025-01-09,4337.0,freight_rates,,
China to Northern Europe,FRCNREU,2025-01-09,5777.0,freight_rates,,
Global average,FRGBLFB,2025-01-10,4336.0,freight_rates,,
China to Northern Europe,FRCNREU,2025-01-10,5733.0,freight_rates,,
Global average,FRGBLFB,2025-01-13,4161.0,freight_rates,,
China to Northern Europe,FRCNREU,2025-01-13,5110.0,freight_rates,,
Global average,FRGBLFB,2025-01-14,3994.0,freight_rates,,
China to Northern Europe,FRCNREU,2025-01-14,4600.0,freight_rates,,
Global average,FRGBLFB,2025-01-15,3778.0,freight_rates,,
China to Northern Europe,FRCNREU,2025-01-15,4600.0,freight_rates,,
Global average,FRGBLFB,2025-01-16,3776.0,freight_rates,,
China to Northern Europe,FRCNREU,2025-01-16,4600.0,freight_rates,,
Global average,FRGBLFB,2025-01-17,3757.0,freight_rates,,
China to Northern Europe,FRCNREU,2025-01-17,4561.0,freight_rates,,
Global average,FRGBLFB,2025-01-20,3671.0,freight_rates,,
China to Northern Europe,FRCNREU,2025-01-20,4339.0,freight_rates,,
Global average,FRGBLFB,2025-01-21,3626.0,freight_rates,,
China to Northern Europe,FRCNREU,2025-01-21,4146.0,freight_rates,,
Global average,FRGBLFB,2025-01-22,3625.0,freight_rates,,
China to Northern Europe,FRCNREU,2025-01-22,4146.0,freight_rates,,
Global average,FRGBLFB,2025-01-23,3707.0,freight_rates,,
China to Northern Europe,FRCNREU,2025-01-23,4118.0,freight_rates,,
Global average,FRGBLFB,2025-01-24,3652.0,freight_rates,,
China to Northern Europe,FRCNREU,2025-01-24,3860.0,freight_rates,,
Global average,FRGBLFB,2025-01-27,3631.0,freight_rates,,
China to Northern Europe,FRCNREU,2025-01-27,3863.0,freight_rates,,
,,2023-09-01,,ships_red_sea,109.0,
,,2023-09-02,,ships_red_sea,122.0,
,,2023-09-03,,ships_red_sea,122.0,
,,2023-09-04,,ships_red_sea,130.0,
,,2023-09-05,,ships_red_sea,125.0,
,,2023-09-06,,ships_red_sea,116.0,
,,2023-09-07,,ships_red_sea,110.0,
,,2023-09-08,,ships_red_sea,119.0,
,,2023-09-09,,ships_red_sea,114.0,
,,2023-09-10,,ships_red_sea,107.0,
,,2023-09-11,,ships_red_sea,116.0,
,,2023-09-12,,ships_red_sea,110.0,
,,2023-09-13,,ships_red_sea,102.0,
,,2023-09-14,,ships_red_sea,98.0,
,,2023-09-15,,ships_red_sea,99.0,
,,2023-09-16,,ships_red_sea,103.0,
,,2023-09-17,,ships_red_sea,105.0,
,,2023-09-18,,ships_red_sea,104.0,
,,2023-09-19,,ships_red_sea,119.0,
,,2023-09-20,,ships_red_sea,119.0,
,,2023-09-21,,ships_red_sea,120.0,
,,2023-09-22,,ships_red_sea,116.0,
,,2023-09-23,,ships_red_sea,116.0,
,,2023-09-24,,ships_red_sea,117.0,
,,2023-09-25,,ships_red_sea,111.0,
,,2023-09-26,,ships_red_sea,112.0,
,,2023-09-27,,ships_red_sea,114.0,
,,2023-09-28,,ships_red_sea,116.0,
,,2023-09-29,,ships_red_sea,102.0,
,,2023-09-30,,ships_red_sea,121.0,
,,2023-10-01,,ships_red_sea,113.0,
,,2023-10-02,,ships_red_sea,102.0,
,,2023-10-03,,ships_red_sea,120.0,
,,2023-10-04,,ships_red_sea,116.0,
,,2023-10-05,,ships_red_sea,118.0,
,,2023-10-06,,ships_red_sea,126.0,
,,2023-10-07,,ships_red_sea,124.0,
,,2023-10-08,,ships_red_sea,117.0,
,,2023-10-09,,ships_red_sea,109.0,
,,2023-10-10,,ships_red_sea,101.0,
,,2023-10-11,,ships_red_sea,100.0,
,,2023-10-12,,ships_red_sea,109.0,
,,2023-10-13,,ships_red_sea,113.0,
,,2023-10-14,,ships_red_sea,92.0,
,,2023-10-15,,ships_red_sea,103.0,
,,2023-10-16,,ships_red_sea,110.0,
,,2023-10-17,,ships_red_sea,110.0,
,,2023-10-18,,ships_red_sea,100.0,
,,2023-10-19,,ships_red_sea,78.0,
,,2023-10-20,,ships_red_sea,89.0,
,,2023-10-21,,ships_red_sea,103.0,
,,2023-10-22,,ships_red_sea,96.0,
,,2023-10-23,,ships_red_sea,108.0,
,,2023-10-24,,ships_red_sea,109.0,
,,2023-10-25,,ships_red_sea,106.0,
,,2023-10-26,,ships_red_sea,97.0,
,,2023-10-27,,ships_red_sea,82.0,
,,2023-10-28,,ships_red_sea,90.0,
,,2023-10-29,,ships_red_sea,84.0,
,,2023-10-30,,ships_red_sea,100.0,
,,2023-10-31,,ships_red_sea,92.0,
,,2023-11-01,,ships_red_sea,88.0,
,,2023-11-02,,ships_red_sea,95.0,
,,2023-11-03,,ships_red_sea,87.0,
,,2023-11-04,,ships_red_sea,103.0,
,,2023-11-05,,ships_red_sea,97.0,
,,2023-11-06,,ships_red_sea,88.0,
,,2023-11-07,,ships_red_sea,81.0,
,,2023-11-08,,ships_red_sea,99.0,
,,2023-11-09,,ships_red_sea,106.0,
,,2023-11-10,,ships_red_sea,101.0,
,,2023-11-11,,ships_red_sea,105.0,
,,2023-11-12,,ships_red_sea,105.0,
,,2023-11-13,,ships_red_sea,110.0,
,,2023-11-14,,ships_red_sea,106.0,
,,2023-11-15,,ships_red_sea,102.0,
,,2023-11-16,,ships_red_sea,111.0,
,,2023-11-17,,ships_red_sea,108.0,
,,2023-11-18,,ships_red_sea,108.0,
,,2023-11-19,,ships_red_sea,102.0,
,,2023-11-20,,ships_red_sea,101.0,
,,2023-11-21,,ships_red_sea,103.0,
,,2023-11-22,,ships_red_sea,86.0,
,,2023-11-23,,ships_red_sea,77.0,
,,2023-11-24,,ships_red_sea,96.0,
,,2023-11-25,,ships_red_sea,85.0,
,,2023-11-26,,ships_red_sea,99.0,
,,2023-11-27,,ships_red_sea,99.0,
,,2023-11-28,,ships_red_sea,89.0,
,,2023-11-29,,ships_red_sea,86.0,
,,2023-11-30,,ships_red_sea,88.0,
,,2023-12-01,,ships_red_sea,86.0,
,,2023-12-02,,ships_red_sea,98.0,
,,2023-12-03,,ships_red_sea,90.0,
,,2023-12-04,,ships_red_sea,79.0,
,,2023-12-05,,ships_red_sea,78.0,
,,2023-12-06,,ships_red_sea,67.0,
,,2023-12-07,,ships_red_sea,80.0,
,,2023-12-08,,ships_red_sea,54.0,
,,2023-12-09,,ships_red_sea,73.0,
,,2023-12-10,,ships_red_sea,71.0,
,,2023-12-11,,ships_red_sea,74.0,
,,2023-12-12,,ships_red_sea,75.0,
,,2023-12-13,,ships_red_sea,77.0,
,,2023-12-14,,ships_red_sea,83.0,
,,2023-12-15,,ships_red_sea,81.0,
,,2023-12-16,,ships_red_sea,75.0,
,,2023-12-17,,ships_red_sea,75.0,
,,2023-12-18,,ships_red_sea,56.0,
,,2023-12-19,,ships_red_sea,59.0,
,,2023-12-20,,ships_red_sea,52.0,
,,2023-12-21,,ships_red_sea,52.0,
,,2023-12-22,,ships_red_sea,40.0,
,,2023-12-23,,ships_red_sea,28.0,
,,2023-12-24,,ships_red_sea,32.0,
,,2023-12-25,,ships_red_sea,29.0,
,,2023-12-26,,ships_red_sea,38.0,
,,2023-12-27,,ships_red_sea,39.0,
,,2023-12-28,,ships_red_sea,29.0,
,,2023-12-29,,ships_red_sea,29.0,
,,2023-12-30,,ships_red_sea,21.0,
,,2023-12-31,,ships_red_sea,18.0,
,,2024-01-01,,ships_red_sea,27.0,
,,2024-01-02,,ships_red_sea,24.0,
,,2024-01-03,,ships_red_sea,23.0,
,,2024-01-04,,ships_red_sea,18.0,
,,2024-01-05,,ships_red_sea,29.0,
,,2024-01-06,,ships_red_sea,32.0,
,,2024-01-07,,ships_red_sea,32.0,
,,2024-01-08,,ships_red_sea,34.0,
,,2024-01-09,,ships_red_sea,24.0,
,,2024-01-10,,ships_red_sea,19.0,
,,2024-01-11,,ships_red_sea,17.0,
,,2024-01-12,,ships_red_sea,27.0,
,,2024-01-13,,ships_red_sea,26.0,
,,2024-01-14,,ships_red_sea,23.0,
,,2024-01-15,,ships_red_sea,25.0,
,,2024-01-16,,ships_red_sea,21.0,
,,2024-01-17,,ships_red_sea,22.0,
,,2024-01-18,,ships_red_sea,25.0,
,,2024-01-19,,ships_red_sea,25.0,
,,2024-01-20,,ships_red_sea,32.0,
,,2024-01-21,,ships_red_sea,28.0,
,,2024-01-22,,ships_red_sea,24.0,
,,2024-01-23,,ships_red_sea,23.0,
,,2024-01-24,,ships_red_sea,22.0,
,,2024-01-25,,ships_red_sea,18.0,
,,2024-01-26,,ships_red_sea,18.0,
,,2024-01-27,,ships_red_sea,18.0,
,,2024-01-28,,ships_red_sea,19.0,
,,2024-01-29,,ships_red_sea,21.0,
,,2024-01-30,,ships_red_sea,21.0,
,,2024-01-31,,ships_red_sea,28.0,
,,2024-02-01,,ships_red_sea,22.0,
,,2024-02-02,,ships_red_sea,28.0,
,,2024-02-03,,ships_red_sea,26.0,
,,2024-02-04,,ships_red_sea,24.0,
,,2024-02-05,,ships_red_sea,24.0,
,,2024-02-06,,ships_red_sea,19.0,
,,2024-02-07,,ships_red_sea,27.0,
,,2024-02-08,,ships_red_sea,33.0,
,,2024-02-09,,ships_red_sea,27.0,
,,2024-02-10,,ships_red_sea,25.0,
,,2024-02-11,,ships_red_sea,21.0,
,,2024-02-12,,ships_red_sea,34.0,
,,2024-02-13,,ships_red_sea,33.0,
,,2024-02-14,,ships_red_sea,28.0,
,,2024-02-15,,ships_red_sea,15.0,
,,2024-02-17,,ships_red_sea,7.0,
,,2024-02-18,,ships_red_sea,27.0,
,,2024-02-19,,ships_red_sea,27.0,
,,2024-02-20,,ships_red_sea,30.0,
,,2024-02-21,,ships_red_sea,28.0,
,,2024-02-22,,ships_red_sea,28.0,
,,2024-02-23,,ships_red_sea,28.0,
,,2024-02-24,,ships_red_sea,34.0,
,,2024-02-25,,ships_red_sea,34.0,
,,2024-02-26,,ships_red_sea,40.0,
,,2024-02-27,,ships_red_sea,36.0,
,,2024-02-28,,ships_red_sea,31.0,
,,2024-02-29,,ships_red_sea,27.0,
,,2024-03-01,,ships_red_sea,21.0,
,,2024-03-02,,ships_red_sea,20.0,
,,2024-03-03,,ships_red_sea,19.0,
,,2024-03-04,,ships_red_sea,24.0,
,,2024-03-05,,ships_red_sea,29.0,
,,2024-03-06,,ships_red_sea,31.0,
,,2024-03-07,,ships_red_sea,39.0,
,,2024-03-08,,ships_red_sea,32.0,
,,2024-03-09,,ships_red_sea,44.0,
,,2024-03-10,,ships_red_sea,43.0,
,,2024-03-11,,ships_red_sea,35.0,
,,2024-03-12,,ships_red_sea,35.0,
,,2024-03-13,,ships_red_sea,22.0,
,,2024-03-14,,ships_red_sea,21.0,
,,2024-03-15,,ships_red_sea,31.0,
,,2024-03-16,,ships_red_sea,27.0,
,,2024-03-17,,ships_red_sea,32.0,
,,2024-03-18,,ships_red_sea,28.0,
,,2024-03-19,,ships_red_sea,22.0,
,,2024-03-20,,ships_red_sea,21.0,
,,2024-03-21,,ships_red_sea,25.0,
,,2024-03-22,,ships_red_sea,29.0,
,,2024-03-23,,ships_red_sea,31.0,
,,2024-03-24,,ships_red_sea,28.0,
,,2024-03-25,,ships_red_sea,27.0,
,,2024-03-26,,ships_red_sea,26.0,
,,2024-03-27,,ships_red_sea,38.0,
,,2024-03-28,,ships_red_sea,35.0,
,,2024-03-29,,ships_red_sea,40.0,
,,2024-03-30,,ships_red_sea,42.0,
,,2024-03-31,,ships_red_sea,35.0,
,,2024-04-01,,ships_red_sea,36.0,
,,2024-04-02,,ships_red_sea,35.0,
,,2024-04-03,,ships_red_sea,41.0,
,,2024-04-04,,ships_red_sea,38.0,
,,2024-04-05,,ships_red_sea,36.0,
,,2024-04-06,,ships_red_sea,39.0,
,,2024-04-07,,ships_red_sea,42.0,
,,2024-04-08,,ships_red_sea,38.0,
,,2024-04-09,,ships_red_sea,43.0,
,,2024-04-10,,ships_red_sea,36.0,
,,2024-04-11,,ships_red_sea,38.0,
,,2024-04-12,,ships_red_sea,42.0,
,,2024-04-13,,ships_red_sea,44.0,
,,2024-04-14,,ships_red_sea,39.0,
,,2024-04-15,,ships_red_sea,42.0,
,,2024-04-16,,ships_red_sea,39.0,
,,2024-04-17,,ships_red_sea,39.0,
,,2024-04-18,,ships_red_sea,39.0,
,,2024-04-19,,ships_red_sea,33.0,
,,2024-04-20,,ships_red_sea,38.0,
,,2024-04-21,,ships_red_sea,37.0,
,,2024-04-22,,ships_red_sea,36.0,
,,2024-04-23,,ships_red_sea,33.0,
,,2024-04-24,,ships_red_sea,41.0,
,,2024-04-25,,ships_red_sea,39.0,
,,2024-04-26,,ships_red_sea,42.0,
,,2024-04-27,,ships_red_sea,35.0,
,,2024-04-28,,ships_red_sea,44.0,
,,2024-04-29,,ships_red_sea,47.0,
,,2024-04-30,,ships_red_sea,44.0,
,,2024-05-01,,ships_red_sea,39.0,
,,2024-05-02,,ships_red_sea,43.0,
,,2024-05-03,,ships_red_sea,45.0,
,,2024-05-04,,ships_red_sea,41.0,
,,2024-05-05,,ships_red_sea,35.0,
,,2024-05-06,,ships_red_sea,29.0,
,,2024-05-07,,ships_red_sea,35.0,
,,2024-05-08,,ships_red_sea,42.0,
,,2024-05-09,,ships_red_sea,45.0,
,,2024-05-10,,ships_red_sea,38.0,
,,2024-05-11,,ships_red_sea,41.0,
,,2024-05-12,,ships_red_sea,37.0,
,,2024-05-13,,ships_red_sea,44.0,
,,2024-05-14,,ships_red_sea,44.0,
,,2024-05-15,,ships_red_sea,43.0,
,,2024-05-16,,ships_red_sea,45.0,
,,2024-05-17,,ships_red_sea,47.0,
,,2024-05-18,,ships_red_sea,41.0,
,,2024-05-19,,ships_red_sea,40.0,
,,2024-05-20,,ships_red_sea,42.0,
,,2024-05-21,,ships_red_sea,38.0,
,,2024-05-22,,ships_red_sea,44.0,
,,2024-05-23,,ships_red_sea,47.0,
,,2024-05-24,,ships_red_sea,49.0,
,,2024-05-25,,ships_red_sea,47.0,
,,2024-05-26,,ships_red_sea,42.0,
,,2024-05-27,,ships_red_sea,41.0,
,,2024-05-28,,ships_red_sea,39.0,
,,2024-05-29,,ships_red_sea,44.0,
,,2024-05-30,,ships_red_sea,50.0,
,,2024-05-31,,ships_red_sea,43.0,
,,2024-06-01,,ships_red_sea,41.0,
,,2024-06-02,,ships_red_sea,42.0,
,,2024-06-03,,ships_red_sea,41.0,
,,2024-06-04,,ships_red_sea,45.0,
,,2024-06-05,,ships_red_sea,46.0,
,,2024-06-06,,ships_red_sea,48.0,
,,2024-06-07,,ships_red_sea,41.0,
,,2024-06-08,,ships_red_sea,40.0,
,,2024-06-09,,ships_red_sea,41.0,
,,2024-06-10,,ships_red_sea,42.0,
,,2024-06-11,,ships_red_sea,43.0,
,,2024-06-12,,ships_red_sea,42.0,
,,2024-06-13,,ships_red_sea,43.0,
,,2024-06-14,,ships_red_sea,45.0,
,,2024-06-15,,ships_red_sea,44.0,
,,2024-06-16,,ships_red_sea,48.0,
,,2024-06-17,,ships_red_sea,48.0,
,,2024-06-18,,ships_red_sea,47.0,
,,2024-06-19,,ships_red_sea,51.0,
,,2024-06-20,,ships_red_sea,47.0,
,,2024-06-21,,ships_red_sea,48.0,
,,2024-06-22,,ships_red_sea,43.0,
,,2024-06-23,,ships_red_sea,45.0,
,,2024-06-24,,ships_red_sea,44.0,
,,2024-06-25,,ships_red_sea,48.0,
,,2024-06-26,,ships_red_sea,45.0,
,,2024-06-27,,ships_red_sea,38.0,
,,2024-06-28,,ships_red_sea,42.0,
,,2024-06-29,,ships_red_sea,33.0,
,,2024-06-30,,ships_red_sea,35.0,
,,2024-07-01,,ships_red_sea,34.0,
,,2024-07-02,,ships_red_sea,34.0,
,,2024-07-03,,ships_red_sea,40.0,
,,2024-07-04,,ships_red_sea,41.0,
,,2024-07-05,,ships_red_sea,43.0,
,,2024-07-06,,ships_red_sea,42.0,
,,2024-07-07,,ships_red_sea,44.0,
,,2024-07-08,,ships_red_sea,40.0,
,,2024-07-09,,ships_red_sea,42.0,
,,2024-07-10,,ships_red_sea,46.0,
,,2024-07-11,,ships_red_sea,49.0,
,,2024-07-12,,ships_red_sea,45.0,
,,2024-07-13,,ships_red_sea,44.0,
,,2024-07-14,,ships_red_sea,47.0,
,,2024-07-15,,ships_red_sea,48.0,
,,2024-07-16,,ships_red_sea,37.0,
,,2024-07-17,,ships_red_sea,44.0,
,,2024-07-18,,ships_red_sea,50.0,
,,2024-07-19,,ships_red_sea,46.0,
,,2024-07-20,,ships_red_sea,43.0,
,,2024-07-21,,ships_red_sea,45.0,
,,2024-07-22,,ships_red_sea,42.0,
,,2024-07-23,,ships_red_sea,43.0,
,,2024-07-24,,ships_red_sea,36.0,
,,2024-07-25,,ships_red_sea,38.0,
,,2024-07-26,,ships_red_sea,35.0,
,,2024-07-27,,ships_red_sea,38.0,
,,2024-07-28,,ships_red_sea,37.0,
,,2024-07-29,,ships_red_sea,36.0,
,,2024-07-30,,ships_red_sea,40.0,
,,2024-07-31,,ships_red_sea,43.0,
,,2024-08-01,,ships_red_sea,41.0,
,,2024-08-02,,ships_red_sea,41.0,
,,2024-08-03,,ships_red_sea,37.0,
,,2024-08-04,,ships_red_sea,38.0,
,,2024-08-05,,ships_red_sea,38.0,
,,2024-08-06,,ships_red_sea,36.0,
,,2024-08-07,,ships_red_sea,34.0,
,,2024-08-08,,ships_red_sea,36.0,
,,2024-08-09,,ships_red_sea,40.0,
,,2024-08-10,,ships_red_sea,44.0,
,,2024-08-11,,ships_red_sea,39.0,
,,2024-08-12,,ships_red_sea,49.0,
,,2024-08-13,,ships_red_sea,50.0,
,,2024-08-14,,ships_red_sea,59.0,
,,2024-08-15,,ships_red_sea,56.0,
,,2024-08-16,,ships_red_sea,45.0,
,,2024-08-17,,ships_red_sea,47.0,
,,2024-08-18,,ships_red_sea,41.0,
,,2024-08-19,,ships_red_sea,46.0,
,,2024-08-20,,ships_red_sea,45.0,
,,2024-08-21,,ships_red_sea,48.0,
,,2024-08-22,,ships_red_sea,54.0,
,,2024-08-23,,ships_red_sea,53.0,
,,2024-08-24,,ships_red_sea,46.0,
,,2024-08-25,,ships_red_sea,50.0,
,,2024-08-26,,ships_red_sea,47.0,
,,2024-08-27,,ships_red_sea,47.0,
,,2024-08-28,,ships_red_sea,45.0,
,,2024-08-29,,ships_red_sea,46.0,
,,2024-08-30,,ships_red_sea,36.0,
,,2024-08-31,,ships_red_sea,41.0,
,,2024-09-01,,ships_red_sea,41.0,
,,2024-09-02,,ships_red_sea,44.0,
,,2024-09-03,,ships_red_sea,45.0,
,,2024-09-04,,ships_red_sea,46.0,
,,2024-09-05,,ships_red_sea,41.0,
,,2024-09-06,,ships_red_sea,42.0,
,,2024-09-07,,ships_red_sea,46.0,
,,2024-09-08,,ships_red_sea,43.0,
,,2024-09-09,,ships_red_sea,45.0,
,,2024-09-10,,ships_red_sea,43.0,
,,2024-09-11,,ships_red_sea,52.0,
,,2024-09-12,,ships_red_sea,47.0,
,,2024-09-13,,ships_red_sea,52.0,
,,2024-09-14,,ships_red_sea,51.0,
,,2024-09-15,,ships_red_sea,53.0,
,,2024-09-16,,ships_red_sea,45.0,
,,2024-09-17,,ships_red_sea,52.0,
,,2024-09-18,,ships_red_sea,42.0,
,,2024-09-19,,ships_red_sea,44.0,
,,2024-09-20,,ships_red_sea,41.0,
,,2024-09-21,,ships_red_sea,37.0,
,,2024-09-22,,ships_red_sea,41.0,
,,2024-09-23,,ships_red_sea,41.0,
,,2024-09-24,,ships_red_sea,38.0,
,,2024-09-25,,ships_red_sea,38.0,
,,2024-09-26,,ships_red_sea,40.0,
,,2024-09-27,,ships_red_sea,41.0,
,,2024-09-28,,ships_red_sea,40.0,
,,2024-09-29,,ships_red_sea,32.0,
,,2024-09-30,,ships_red_sea,36.0,
,,2024-10-01,,ships_red_sea,38.0,
,,2024-10-02,,ships_red_sea,43.0,
,,2024-10-03,,ships_red_sea,37.0,
,,2024-10-04,,ships_red_sea,40.0,
,,2024-10-05,,ships_red_sea,39.0,
,,2024-10-06,,ships_red_sea,38.0,
,,2024-10-07,,ships_red_sea,46.0,
,,2024-10-08,,ships_red_sea,47.0,
,,2024-10-09,,ships_red_sea,43.0,
,,2024-10-10,,ships_red_sea,48.0,
,,2024-10-11,,ships_red_sea,42.0,
,,2024-10-12,,ships_red_sea,35.0,
,,2024-10-13,,ships_red_sea,47.0,
,,2024-10-14,,ships_red_sea,44.0,
,,2024-10-15,,ships_red_sea,41.0,
,,2024-10-16,,ships_red_sea,50.0,
,,2024-10-17,,ships_red_sea,49.0,
,,2024-10-18,,ships_red_sea,53.0,
,,2024-10-19,,ships_red_sea,49.0,
,,2024-10-20,,ships_red_sea,47.0,
,,2024-10-21,,ships_red_sea,51.0,
,,2024-10-22,,ships_red_sea,45.0,
,,2024-10-23,,ships_red_sea,42.0,
,,2024-10-24,,ships_red_sea,43.0,
,,2024-10-25,,ships_red_sea,29.0,
,,2024-10-26,,ships_red_sea,32.0,
,,2024-10-27,,ships_red_sea,44.0,
,,2024-10-28,,ships_red_sea,46.0,
,,2024-10-29,,ships_red_sea,44.0,
,,2024-10-30,,ships_red_sea,50.0,
,,2024-10-31,,ships_red_sea,51.0,
,,2024-11-01,,ships_red_sea,62.0,
,,2024-11-02,,ships_red_sea,52.0,
,,2024-11-03,,ships_red_sea,51.0,
,,2024-11-04,,ships_red_sea,53.0,
,,2024-11-05,,ships_red_sea,47.0,
,,2024-11-06,,ships_red_sea,44.0,
,,2024-11-07,,ships_red_sea,48.0,
,,2024-11-08,,ships_red_sea,44.0,
,,2024-11-09,,ships_red_sea,42.0,
,,2024-11-10,,ships_red_sea,40.0,
,,2024-11-11,,ships_red_sea,42.0,
,,2024-11-12,,ships_red_sea,50.0,
,,2024-11-13,,ships_red_sea,47.0,
,,2024-11-14,,ships_red_sea,48.0,
,,2024-11-15,,ships_red_sea,41.0,
,,2024-11-16,,ships_red_sea,42.0,
,,2024-11-17,,ships_red_sea,42.0,
,,2024-11-18,,ships_red_sea,37.0,
,,2024-11-19,,ships_red_sea,43.0,
,,2024-11-20,,ships_red_sea,40.0,
,,2024-11-21,,ships_red_sea,45.0,
,,2024-11-22,,ships_red_sea,51.0,
,,2024-11-23,,ships_red_sea,45.0,
,,2024-11-24,,ships_red_sea,44.0,
,,2024-11-25,,ships_red_sea,46.0,
,,2024-11-26,,ships_red_sea,36.0,
,,2024-11-27,,ships_red_sea,34.0,
,,2024-11-28,,ships_red_sea,47.0,
,,2024-11-29,,ships_red_sea,51.0,
,,2024-11-30,,ships_red_sea,43.0,
,,2024-12-01,,ships_red_sea,48.0,
,,2024-12-02,,ships_red_sea,39.0,
,,2024-12-03,,ships_red_sea,47.0,
,,2024-12-04,,ships_red_sea,37.0,
,,2024-12-05,,ships_red_sea,43.0,
,,2024-12-06,,ships_red_sea,43.0,
,,2024-12-07,,ships_red_sea,47.0,
,,2024-12-08,,ships_red_sea,54.0,
,,2024-12-09,,ships_red_sea,51.0,
,,2024-12-10,,ships_red_sea,55.0,
,,2024-12-11,,ships_red_sea,57.0,
,,2024-12-12,,ships_red_sea,52.0,
,,2024-12-13,,ships_red_sea,47.0,
,,2024-12-14,,ships_red_sea,38.0,
,,2024-12-15,,ships_red_sea,33.0,
,,2024-12-16,,ships_red_sea,36.0,
,,2024-12-17,,ships_red_sea,45.0,
,,2024-12-18,,ships_red_sea,41.0,
,,2024-12-19,,ships_red_sea,38.0,
,,2024-12-20,,ships_red_sea,37.0,
,,2024-12-21,,ships_red_sea,26.0,
,,2024-12-22,,ships_red_sea,31.0,
,,2024-12-23,,ships_red_sea,30.0,
,,2024-12-24,,ships_red_sea,36.0,
,,2024-12-25,,ships_red_sea,34.0,
,,2024-12-26,,ships_red_sea,51.0,
,,2024-12-27,,ships_red_sea,44.0,
,,2024-12-28,,ships_red_sea,39.0,
,,2024-12-29,,ships_red_sea,45.0,
,,2024-12-30,,ships_red_sea,50.0,
,,2024-12-31,,ships_red_sea,55.0,
,,2025-01-01,,ships_red_sea,44.0,
,,2025-01-02,,ships_red_sea,35.0,
,,2025-01-03,,ships_red_sea,38.0,
,,2025-01-04,,ships_red_sea,38.0,
,,2025-01-05,,ships_red_sea,37.0,
,,2025-01-06,,ships_red_sea,36.0,
,,2025-01-07,,ships_red_sea,47.0,
,,2025-01-08,,ships_red_sea,43.0,
,,2025-01-09,,ships_red_sea,37.0,
,,2025-01-10,,ships_red_sea,50.0,
,,2025-01-11,,ships_red_sea,49.0,
,,2025-01-12,,ships_red_sea,38.0,
,,2025-01-13,,ships_red_sea,54.0,
,,2025-01-14,,ships_red_sea,58.0,
,,2025-01-15,,ships_red_sea,43.0,
,,2025-01-16,,ships_red_sea,40.0,
,,2025-01-17,,ships_red_sea,41.0,
,,2025-01-18,,ships_red_sea,41.0,
,,2025-01-19,,ships_red_sea,38.0,
,,2025-01-20,,ships_red_sea,38.0,
,,2025-01-21,,ships_red_sea,52.0,
,,2025-01-22,,ships_red_sea,52.0,
,,2025-01-23,,ships_red_sea,48.0,
,,2025-01-24,,ships_red_sea,57.0,
,,2025-01-25,,ships_red_sea,42.0,
,,2025-01-26,,ships_red_sea,40.0,
,,2025-01-27,,ships_red_sea,50.0,
,,2025-01-28,,ships_red_sea,53.0,
,,2025-01-29,,ships_red_sea,54.0,
,,2025-01-30,,ships_red_sea,52.0,
,,2025-01-31,,ships_red_sea,56.0,
,,2025-02-01,,ships_red_sea,52.0,
,,2025-02-02,,ships_red_sea,49.0,
,,2025-02-03,,ships_red_sea,45.0,
,,2025-02-04,,ships_red_sea,44.0,
,,2025-02-05,,ships_red_sea,36.0,
,,2025-02-06,,ships_red_sea,40.0,
,,2025-02-07,,ships_red_sea,39.0,
,,2025-02-08,,ships_red_sea,40.0,
,,2025-02-09,,ships_red_sea,51.0,
,,2025-02-10,,ships_red_sea,47.0,
,,2025-02-11,,ships_red_sea,54.0,
,,2025-02-12,,ships_red_sea,53.0,
,,2025-02-13,,ships_red_sea,53.0,
,,2025-02-14,,ships_red_sea,53.0,
,,2025-02-15,,ships_red_sea,51.0,
,,2025-02-16,,ships_red_sea,52.0,
,,2025-02-17,,ships_red_sea,57.0,
,,2025-02-18,,ships_red_sea,58.0,
,,2025-02-19,,ships_red_sea,54.0,
,,2025-02-20,,ships_red_sea,45.0,
,,2025-02-21,,ships_red_sea,51.0,
,,2025-02-22,,ships_red_sea,41.0,
,,2025-02-23,,ships_red_sea,45.0,
,,2025-02-24,,ships_red_sea,44.0,
,,2025-02-25,,ships_red_sea,50.0,
,,2025-02-26,,ships_red_sea,48.0,
,,2025-02-27,,ships_red_sea,48.0,
,,2025-02-28,,ships_red_sea,47.0,
,,2025-03-01,,ships_red_sea,45.0,
,,2025-03-02,,ships_red_sea,43.0,
,,2025-03-03,,ships_red_sea,41.0,
,,2025-03-04,,ships_red_sea,50.0,
,,2025-03-05,,ships_red_sea,48.0,
,,2025-03-06,,ships_red_sea,47.0,
,,2025-03-07,,ships_red_sea,45.0,
,,2025-03-08,,ships_red_sea,43.0,
,,2025-03-09,,ships_red_sea,49.0,
,,2025-03-10,,ships_red_sea,55.0,
,,2025-03-11,,ships_red_sea,53.0,
,,2025-03-12,,ships_red_sea,58.0,
,,2025-03-13,,ships_red_sea,56.0,
,,2025-03-14,,ships_red_sea,50.0,
,,2025-03-15,,ships_red_sea,49.0,
,,2025-03-16,,ships_red_sea,47.0,
,,2025-03-17,,ships_red_sea,52.0,
,,2025-03-18,,ships_red_sea,46.0,
,,2025-03-19,,ships_red_sea,46.0,
,,2025-03-20,,ships_red_sea,45.0,
,,2025-03-21,,ships_red_sea,42.0,
,,2025-03-22,,ships_red_sea,36.0,
,,2025-03-23,,ships_red_sea,42.0,
,,2025-03-24,,ships_red_sea,44.0,
,,2025-03-25,,ships_red_sea,49.0,
,,2025-03-26,,ships_red_sea,57.0,
,,2025-03-27,,ships_red_sea,52.0,
,,2025-03-28,,ships_red_sea,54.0,
,,2025-03-29,,ships_red_sea,58.0,
,,2025-03-30,,ships_red_sea,52.0,
,,2025-03-31,,ships_red_sea,60.0,
,,2025-04-01,,ships_red_sea,60.0,
,,2025-04-02,,ships_red_sea,58.0,
,,2025-04-03,,ships_red_sea,61.0,
,,2025-04-04,,ships_red_sea,57.0,
,,2025-04-05,,ships_red_sea,52.0,
,,2025-04-06,,ships_red_sea,45.0,
,,2025-04-07,,ships_red_sea,54.0,
,,2025-04-08,,ships_red_sea,47.0,
,,2025-04-09,,ships_red_sea,53.0,
,,2025-04-10,,ships_red_sea,50.0,
,,2025-04-11,,ships_red_sea,46.0,
,,2025-04-12,,ships_red_sea,42.0,
,,2025-04-13,,ships_red_sea,38.0,
,,2025-04-14,,ships_red_sea,46.0,
,,2025-04-15,,ships_red_sea,47.0,
,,2025-04-16,,ships_red_sea,47.0,
,,2025-04-17,,ships_red_sea,57.0,
,,2025-04-18,,ships_red_sea,53.0,
,,2025-04-19,,ships_red_sea,57.0,
,,2025-04-20,,ships_red_sea,49.0,
,,2025-04-21,,ships_red_sea,48.0,
,,2025-04-22,,ships_red_sea,50.0,
,,2025-04-23,,ships_red_sea,57.0,
,,2025-04-24,,ships_red_sea,55.0,
,,2025-04-25,,ships_red_sea,48.0,
,,2025-04-26,,ships_red_sea,55.0,
,,2025-04-27,,ships_red_sea,48.0,
,,2025-04-28,,ships_red_sea,41.0,
,,2025-04-29,,ships_red_sea,44.0,
,,2025-04-30,,ships_red_sea,44.0,
,,2025-05-01,,ships_red_sea,44.0,
,,2025-05-02,,ships_red_sea,48.0,
,,2025-05-03,,ships_red_sea,49.0,
,,2025-05-04,,ships_red_sea,49.0,
,,2025-05-05,,ships_red_sea,56.0,
,,2025-05-06,,ships_red_sea,56.0,
,,2025-05-07,,ships_red_sea,54.0,
,,2025-05-08,,ships_red_sea,54.0,
,,2025-05-09,,ships_red_sea,50.0,
,,2025-05-10,,ships_red_sea,54.0,
,,2025-05-11,,ships_red_sea,47.0,
,,2025-05-12,,ships_red_sea,53.0,
,,2025-05-13,,ships_red_sea,58.0,
,,2025-05-14,,ships_red_sea,60.0,
,,2025-05-15,,ships_red_sea,57.0,
,,2025-05-16,,ships_red_sea,57.0,
,,2025-05-17,,ships_red_sea,56.0,
,,2025-05-18,,ships_red_sea,59.0,
,,2025-05-19,,ships_red_sea,56.0,
,,2025-05-20,,ships_red_sea,56.0,
,,2025-05-21,,ships_red_sea,54.0,
,,2025-05-22,,ships_red_sea,57.0,
,,2025-05-23,,ships_red_sea,58.0,
,,2025-05-24,,ships_red_sea,54.0,
,,2025-05-25,,ships_red_sea,52.0,
,,2025-05-26,,ships_red_sea,51.0,
,,2025-05-27,,ships_red_sea,53.0,
,,2025-05-28,,ships_red_sea,57.0,
,,2025-05-29,,ships_red_sea,56.0,
,,2025-05-30,,ships_red_sea,59.0,
,,2025-05-31,,ships_red_sea,53.0,
,,2025-06-01,,ships_red_sea,62.0,
,,2025-06-02,,ships_red_sea,62.0,
,,2025-06-03,,ships_red_sea,52.0,
,,2025-06-04,,ships_red_sea,53.0,
,,2025-06-05,,ships_red_sea,58.0,
,,2025-06-06,,ships_red_sea,55.0,
,,2025-06-07,,ships_red_sea,51.0,
,,2025-06-08,,ships_red_sea,53.0,
,,2025-06-09,,ships_red_sea,61.0,
,,2025-06-10,,ships_red_sea,60.0,
,,2025-06-11,,ships_red_sea,63.0,
,,2025-06-12,,ships_red_sea,62.0,
,,2025-06-13,,ships_red_sea,55.0,
,,2025-06-14,,ships_red_sea,52.0,
,,2025-06-15,,ships_red_sea,62.0,
,,2025-06-16,,ships_red_sea,52.0,
,,2025-06-17,,ships_red_sea,55.0,
,,2025-06-18,,ships_red_sea,50.0,
,,2025-06-19,,ships_red_sea,51.0,
,,2025-06-20,,ships_red_sea,49.0,
,,2025-06-21,,ships_red_sea,44.0,
,,2025-06-22,,ships_red_sea,46.0,
,,2025-06-23,,ships_red_sea,43.0,
,,2025-06-24,,ships_red_sea,44.0,
,,2025-06-25,,ships_red_sea,42.0,
,,2025-06-26,,ships_red_sea,50.0,
,,2025-06-27,,ships_red_sea,53.0,
,,2025-06-28,,ships_red_sea,57.0,
,,2025-06-29,,ships_red_sea,57.0,
,,2025-06-30,,ships_red_sea,57.0,
,,2025-07-01,,ships_red_sea,55.0,
,,2025-07-02,,ships_red_sea,52.0,
,,2025-07-03,,ships_red_sea,56.0,
,,2025-07-04,,ships_red_sea,54.0,
,,2025-07-05,,ships_red_sea,63.0,
,,2025-07-06,,ships_red_sea,61.0,
,,2025-07-07,,ships_red_sea,67.0,
,,2025-07-08,,ships_red_sea,55.0,
,,2025-07-09,,ships_red_sea,56.0,
,,2025-07-10,,ships_red_sea,58.0,
,,2025-07-11,,ships_red_sea,52.0,
,,2025-07-12,,ships_red_sea,46.0,
,,2025-07-13,,ships_red_sea,49.0,
,,2025-07-14,,ships_red_sea,51.0,
,,2025-07-15,,ships_red_sea,50.0,
,,2025-07-16,,ships_red_sea,43.0,
,,2025-07-17,,ships_red_sea,47.0,
,,2025-07-18,,ships_red_sea,44.0,
,,2025-07-19,,ships_red_sea,44.0,
,,2025-07-20,,ships_red_sea,47.0,
,,2025-07-21,,ships_red_sea,60.0,
,,2025-07-22,,ships_red_sea,63.0,
,,2025-07-23,,ships_red_sea,58.0,
,,2025-07-24,,ships_red_sea,62.0,
,,2025-07-25,,ships_red_sea,56.0,
,,2025-07-26,,ships_red_sea,50.0,
,,2025-07-27,,ships_red_sea,50.0,
,,2025-07-28,,ships_red_sea,51.0,
,,2025-07-29,,ships_red_sea,46.0,
,,2025-07-30,,ships_red_sea,39.0,
,,2025-07-31,,ships_red_sea,40.0,
,,2025-08-01,,ships_red_sea,43.0,
,,2025-08-02,,ships_red_sea,38.0,
,,2025-08-03,,ships_red_sea,45.0,
,,2025-08-04,,ships_red_sea,52.0,
,,2025-08-05,,ships_red_sea,48.0,
,,2025-08-06,,ships_red_sea,56.0,
,,2025-08-07,,ships_red_sea,55.0,
,,2025-08-08,,ships_red_sea,59.0,
,,2025-08-09,,ships_red_sea,64.0,
,,2025-08-10,,ships_red_sea,61.0,
,,2025-08-11,,ships_red_sea,57.0,
,,2025-08-12,,ships_red_sea,60.0,
,,2025-08-13,,ships_red_sea,58.0,
,,2025-08-14,,ships_red_sea,56.0,
,,2025-08-15,,ships_red_sea,46.0,
,,2025-08-16,,ships_red_sea,54.0,
,,2025-08-17,,ships_red_sea,45.0,
,,2025-08-18,,ships_red_sea,42.0,
,,2025-08-19,,ships_red_sea,36.0,
,,2025-08-20,,ships_red_sea,45.0,
,,2025-08-21,,ships_red_sea,43.0,
,,2025-08-22,,ships_red_sea,45.0,
,,2025-08-23,,ships_red_sea,52.0,
,,2025-08-24,,ships_red_sea,51.0,
,,2025-08-25,,ships_red_sea,53.0,
,,2025-08-26,,ships_red_sea,47.0,
,,2025-08-27,,ships_red_sea,44.0,
,,2025-08-28,,ships_red_sea,47.0,
,,2025-08-29,,ships_red_sea,50.0,
,,2025-08-30,,ships_red_sea,49.0,
,,2025-08-31,,ships_red_sea,47.0,
,,2025-09-01,,ships_red_sea,47.0,
,,2025-09-02,,ships_red_sea,44.0,
,,2025-09-03,,ships_red_sea,43.0,
,,2025-09-04,,ships_red_sea,43.0,
,,2025-09-05,,ships_red_sea,49.0,
,,2025-09-06,,ships_red_sea,52.0,
,,2025-09-07,,ships_red_sea,46.0,
,,2025-09-08,,ships_red_sea,45.0,
,,2025-09-09,,ships_red_sea,43.0,
,,2025-09-10,,ships_red_sea,43.0,
,,2025-09-11,,ships_red_sea,43.0,
,,2025-09-12,,ships_red_sea,41.0,
,,2025-09-13,,ships_red_sea,46.0,
,,2025-09-14,,ships_red_sea,45.0,
,,2025-09-15,,ships_red_sea,49.0,
,,2025-09-16,,ships_red_sea,45.0,
,,2025-09-17,,ships_red_sea,39.0,
,,2025-09-18,,ships_red_sea,37.0,
,,2025-09-19,,ships_red_sea,33.0,
,,2025-09-20,,ships_red_sea,34.0,
,,2025-09-21,,ships_red_sea,42.0,
,,2025-09-22,,ships_red_sea,42.0,
,,2025-09-23,,ships_red_sea,28.0,
,,2025-09-24,,ships_red_sea,29.0,
,,2025-09-25,,ships_red_sea,43.0,
,,2025-09-26,,ships_red_sea,42.0,
,,2025-09-27,,ships_red_sea,39.0,
,,2025-09-28,,ships_red_sea,37.0,
,,2025-09-29,,ships_red_sea,34.0,
,,2025-09-30,,ships_red_sea,40.0,
,,2025-10-01,,ships_red_sea,38.0,
,,2025-10-02,,ships_red_sea,46.0,
,,2025-10-03,,ships_red_sea,36.0,
,,2025-10-04,,ships_red_sea,45.0,
,,2025-10-05,,ships_red_sea,41.0,
,,2025-10-06,,ships_red_sea,46.0,
,,2025-10-07,,ships_red_sea,44.0,
,,2025-10-08,,ships_red_sea,44.0,
,,2025-10-09,,ships_red_sea,43.0,
,,2025-10-10,,ships_red_sea,42.0,
,,2025-10-11,,ships_red_sea,34.0,
,,2025-10-12,,ships_red_sea,34.0,
,,2025-10-13,,ships_red_sea,37.0,
,,2025-10-14,,ships_red_sea,39.0,
,,2025-10-15,,ships_red_sea,37.0,
,,2025-10-16,,ships_red_sea,43.0,
,,2025-10-17,,ships_red_sea,35.0,
,,2025-10-18,,ships_red_sea,29.0,
,,2025-10-19,,ships_red_sea,37.0,
,,2025-10-20,,ships_red_sea,42.0,
,,2025-10-21,,ships_red_sea,43.0,
,,2025-10-22,,ships_red_sea,50.0,
,,2025-10-23,,ships_red_sea,45.0,
,,2025-10-24,,ships_red_sea,44.0,
,,2025-10-25,,ships_red_sea,48.0,
,,2025-10-26,,ships_red_sea,50.0,
,,2025-10-27,,ships_red_sea,42.0,
,,2025-10-28,,ships_red_sea,43.0,
,,2025-10-29,,ships_red_sea,44.0,
,,2025-10-30,,ships_red_sea,50.0,
,,2025-10-31,,ships_red_sea,48.0,
,,2025-11-01,,ships_red_sea,48.0,
,,2025-11-02,,ships_red_sea,53.0,
,,2025-11-03,,ships_red_sea,54.0,
,,2025-11-04,,ships_red_sea,51.0,
,,2025-11-05,,ships_red_sea,42.0,
,,2025-11-06,,ships_red_sea,38.0,
,,2025-11-07,,ships_red_sea,43.0,
,,2025-11-08,,ships_red_sea,43.0,
,,2025-11-09,,ships_red_sea,51.0,
,,2025-11-10,,ships_red_sea,47.0,
,,2025-11-11,,ships_red_sea,47.0,
,,2025-11-12,,ships_red_sea,46.0,
,,2025-11-13,,ships_red_sea,43.0,
,,2025-11-14,,ships_red_sea,39.0,
,,2025-11-15,,ships_red_sea,39.0,
,,2025-11-16,,ships_red_sea,40.0,
,,2025-11-17,,ships_red_sea,35.0,
,,2025-11-18,,ships_red_sea,37.0,
,,2025-11-19,,ships_red_sea,39.0,
,,2025-11-20,,ships_red_sea,40.0,
,,2025-11-21,,ships_red_sea,37.0,
,,2025-11-22,,ships_red_sea,38.0,
,,2025-11-23,,ships_red_sea,42.0,
,,2025-11-24,,ships_red_sea,46.0,
,,2025-11-25,,ships_red_sea,44.0,
,,2025-11-26,,ships_red_sea,42.0,
,,2025-11-27,,ships_red_sea,39.0,
,,2025-11-28,,ships_red_sea,39.0,
,,2025-11-29,,ships_red_sea,39.0,
,,2025-11-30,,ships_red_sea,40.0,
,,2025-12-01,,ships_red_sea,37.0,
,,2025-12-02,,ships_red_sea,45.0,
,,2025-12-03,,ships_red_sea,45.0,
,,2025-12-04,,ships_red_sea,46.0,
,,2025-12-05,,ships_red_sea,50.0,
,,2025-12-06,,ships_red_sea,47.0,
,,2025-12-07,,ships_red_sea,41.0,
,,2025-12-08,,ships_red_sea,49.0,
,,2025-12-09,,ships_red_sea,37.0,
,,2025-12-10,,ships_red_sea,42.0,
,,2025-12-11,,ships_red_sea,36.0,
,,2025-12-12,,ships_red_sea,42.0,
,,2025-12-13,,ships_red_sea,39.0,
,,2025-12-14,,ships_red_sea,32.0,
,,2025-12-15,,ships_red_sea,43.0,
,,2025-12-16,,ships_red_sea,43.0,
,,2025-12-17,,ships_red_sea,36.0,
,,2025-12-18,,ships_red_sea,35.0,
,,2025-12-19,,ships_red_sea,39.0,
,,2025-12-20,,ships_red_sea,37.0,
,,2025-12-21,,ships_red_sea,39.0,
,,2025-12-22,,ships_red_sea,45.0,
,,2025-12-23,,ships_red_sea,51.0,
,,2025-12-24,,ships_red_sea,48.0,
,,2025-12-25,,ships_red_sea,48.0,
,,2025-12-26,,ships_red_sea,43.0,
,,2025-12-27,,ships_red_sea,44.0,
,,2025-12-28,,ships_red_sea,47.0,
,,2025-12-29,,ships_red_sea,54.0,
,,2025-12-30,,ships_red_sea,45.0,
,,2025-12-31,,ships_red_sea,44.0,
,,2026-01-01,,ships_red_sea,31.0,
,,2026-01-02,,ships_red_sea,37.0,
,,2026-01-03,,ships_red_sea,33.0,
,,2026-01-04,,ships_red_sea,37.0,
,,2026-01-05,,ships_red_sea,32.0,
,,2026-01-06,,ships_red_sea,38.0,
,,2026-01-07,,ships_red_sea,46.0,
,,2026-01-08,,ships_red_sea,46.0,
,,2026-01-09,,ships_red_sea,42.0,
,,2026-01-10,,ships_red_sea,42.0,
,,2026-01-11,,ships_red_sea,43.0,
,,2026-01-12,,ships_red_sea,38.0,
,,2026-01-13,,ships_red_sea,37.0,
,,2026-01-14,,ships_red_sea,38.0,
,,2026-01-15,,ships_red_sea,43.0,
,,2026-01-16,,ships_red_sea,33.0,
,,2026-01-17,,ships_red_sea,30.0,
,,2026-01-18,,ships_red_sea,28.0,
,,2026-01-19,,ships_red_sea,39.0,
,,2026-01-20,,ships_red_sea,39.0,
,,2026-01-21,,ships_red_sea,35.0,
,,2026-01-22,,ships_red_sea,41.0,
,,2026-01-23,,ships_red_sea,42.0,
,,2026-01-24,,ships_red_sea,41.0,
,,2026-01-25,,ships_red_sea,40.0,
,,2026-01-26,,ships_red_sea,44.0,
,,2026-01-27,,ships_red_sea,43.0,
,,2026-01-28,,ships_red_sea,44.0,
,,2026-01-29,,ships_red_sea,42.0,
,,2026-01-30,,ships_red_sea,44.0,
,,2026-01-31,,ships_red_sea,43.0,
,,2026-02-01,,ships_red_sea,42.0,
,,2026-02-02,,ships_red_sea,36.0,
,,2026-02-03,,ships_red_sea,36.0,
,,2026-02-04,,ships_red_sea,33.0,
,,2026-02-05,,ships_red_sea,38.0,
,,2026-02-06,,ships_red_sea,31.0,
,,2026-02-07,,ships_red_sea,35.0,
,,2026-02-08,,ships_red_sea,40.0,
,,2026-02-09,,ships_red_sea,40.0,
,,2026-02-10,,ships_red_sea,41.0,
,,2026-02-11,,ships_red_sea,39.0,
,,2026-02-12,,ships_red_sea,42.0,
,,2026-02-13,,ships_red_sea,40.0,
,,2026-02-14,,ships_red_sea,42.0,
,,2026-02-15,,ships_red_sea,49.0,
,,2026-02-16,,ships_red_sea,45.0,
,,2026-02-17,,ships_red_sea,43.0,
,,2026-02-18,,ships_red_sea,44.0,
,,2026-02-19,,ships_red_sea,40.0,
,,2026-02-20,,ships_red_sea,35.0,
,,2026-02-21,,ships_red_sea,41.0,
,,2026-02-22,,ships_red_sea,39.0,
,,2026-02-23,,ships_red_sea,39.0,
,,2026-02-24,,ships_red_sea,37.0,
,,2026-02-25,,ships_red_sea,39.0,
,,2026-02-26,,ships_red_sea,35.0,
,,2026-02-27,,ships_red_sea,39.0,
,,2026-02-28,,ships_red_sea,46.0,
,,2026-03-01,,ships_red_sea,41.0,
,,2026-03-02,,ships_red_sea,42.0,
,,2026-03-03,,ships_red_sea,36.0,
,,2026-03-04,,ships_red_sea,38.0,
,,2026-03-05,,ships_red_sea,31.0,
,,2026-03-06,,ships_red_sea,39.0,
,,2026-03-07,,ships_red_sea,31.0,
,,2026-03-08,,ships_red_sea,36.0,
,,2026-03-09,,ships_red_sea,32.0,
,,2026-03-10,,ships_red_sea,30.0,
,,2026-03-11,,ships_red_sea,28.0,
,,2026-03-12,,ships_red_sea,32.0,
,,2026-03-13,,ships_red_sea,35.0,
,,2026-03-14,,ships_red_sea,40.0,
,,2026-03-15,,ships_red_sea,38.0,
,,2026-03-16,,ships_red_sea,32.0,
,,2026-03-17,,ships_red_sea,31.0,
,,2026-03-18,,ships_red_sea,30.0,
,,2026-03-19,,ships_red_sea,37.0,
,,2026-03-20,,ships_red_sea,31.0,
,,2026-03-21,,ships_red_sea,42.0,
,,2026-03-22,,ships_red_sea,39.0,
,,2026-03-23,,ships_red_sea,37.0,
,,2026-03-24,,ships_red_sea,40.0,
,,2026-03-25,,ships_red_sea,41.0,
,,2026-03-26,,ships_red_sea,33.0,
,,2026-03-27,,ships_red_sea,36.0,
,,2026-03-28,,ships_red_sea,36.0,
,,2026-03-29,,ships_red_sea,37.0,
,,2026-03-30,,ships_red_sea,35.0,
,,2026-03-31,,ships_red_sea,33.0,
,,2026-04-01,,ships_red_sea,38.0,
,,2026-04-02,,ships_red_sea,36.0,
,,2026-04-03,,ships_red_sea,35.0,
,,2026-04-04,,ships_red_sea,32.0,
,,2026-04-05,,ships_red_sea,30.0,
,,2026-04-06,,ships_red_sea,37.0,
,,2026-04-07,,ships_red_sea,36.0,
,,2026-04-08,,ships_red_sea,42.0,
,,2026-04-09,,ships_red_sea,45.0,
,,2026-04-10,,ships_red_sea,48.0,
,,2026-04-11,,ships_red_sea,43.0,
,,2026-04-12,,ships_red_sea,42.0,
,,2026-04-13,,ships_red_sea,38.0,
,,2026-04-14,,ships_red_sea,37.0,
,,2026-04-15,,ships_red_sea,47.0,
,,2026-04-16,,ships_red_sea,46.0,
,,2026-04-17,,ships_red_sea,40.0,
,,2026-04-18,,ships_red_sea,40.0,
,,2026-04-19,,ships_red_sea,44.0,
,,2026-04-20,,ships_red_sea,53.0,
,,2026-04-21,,ships_red_sea,52.0,
,,2026-04-22,,ships_red_sea,51.0,
,,2026-04-23,,ships_red_sea,47.0,
,,2026-04-24,,ships_red_sea,44.0,
,,2026-04-25,,ships_red_sea,39.0,
,,2026-04-26,,ships_red_sea,48.0,
,,2026-04-27,,ships_red_sea,48.0,
,,2026-04-28,,ships_red_sea,48.0,
,,2026-04-29,,ships_red_sea,56.0,
,,2026-04-30,,ships_red_sea,51.0,
,,2026-05-01,,ships_red_sea,51.0,
,,2026-05-02,,ships_red_sea,50.0,
,,2026-05-03,,ships_red_sea,38.0,
,,2026-05-04,,ships_red_sea,41.0,
,,2026-05-05,,ships_red_sea,39.0,
,,2026-05-06,,ships_red_sea,40.0,
,,2026-05-07,,ships_red_sea,42.0,
,,2026-05-08,,ships_red_sea,38.0,
,,2026-05-09,,ships_red_sea,44.0,
,,2026-05-10,,ships_red_sea,47.0,
,,2026-05-11,,ships_red_sea,48.0,
,,2026-05-12,,ships_red_sea,47.0,
,,2026-05-13,,ships_red_sea,55.0,
,,2026-05-14,,ships_red_sea,52.0,
,,2026-05-15,,ships_red_sea,49.0,
,,2026-05-16,,ships_red_sea,56.0,
,,2026-05-17,,ships_red_sea,49.0,
,,2026-05-18,,ships_red_sea,50.0,
,,2026-05-19,,ships_red_sea,58.0,
,,2026-05-20,,ships_red_sea,63.0,
,,2026-05-21,,ships_red_sea,61.0,
,,2026-05-22,,ships_red_sea,57.0,
,,2026-05-23,,ships_red_sea,59.0,
,,2026-05-24,,ships_red_sea,55.0,
,,2026-05-25,,ships_red_sea,59.0,
,,2026-05-26,,ships_red_sea,56.0,
,,2026-05-27,,ships_red_sea,61.0,
,,2026-05-28,,ships_red_sea,51.0,
,,2026-05-29,,ships_red_sea,54.0,
,,2026-05-30,,ships_red_sea,52.0,
,,2026-05-31,,ships_red_sea,50.0,
,,2026-06-01,,ships_red_sea,48.0,
,,2026-06-02,,ships_red_sea,52.0,
,,2026-06-03,,ships_red_sea,54.0,
,,2026-06-04,,ships_red_sea,58.0,
,,2026-06-05,,ships_red_sea,54.0,
,,2026-06-06,,ships_red_sea,49.0,
,,2026-06-07,,ships_red_sea,50.0,
,,2026-06-08,,ships_red_sea,49.0,
,,2026-06-09,,ships_red_sea,46.0,
,,2026-06-10,,ships_red_sea,45.0,
,,2026-06-11,,ships_red_sea,45.0,
,,2026-06-12,,ships_red_sea,52.0,
,,2026-06-13,,ships_red_sea,59.0,
,,2026-06-14,,ships_red_sea,59.0,
,,2026-06-15,,ships_red_sea,59.0,
,,2026-06-16,,ships_red_sea,60.0,
,,2026-06-17,,ships_red_sea,63.0,
,,2026-06-18,,ships_red_sea,65.0,
,,2026-06-19,,ships_red_sea,66.0,
,,2026-06-20,,ships_red_sea,66.0,
,,2026-06-21,,ships_red_sea,66.0,
,,2026-06-22,,ships_red_sea,65.0,
,,2026-06-23,,ships_red_sea,66.0,
,,2026-06-24,,ships_red_sea,63.0,
,,2026-06-25,,ships_red_sea,62.0,
,,2026-06-26,,ships_red_sea,57.0,
,,2026-06-27,,ships_red_sea,57.0,
,,2026-06-28,,ships_red_sea,51.0,
,,2026-06-29,,ships_red_sea,56.0,
,,2026-06-30,,ships_red_sea,61.0,
,,2026-07-01,,ships_red_sea,55.0,
,,2026-07-02,,ships_red_sea,56.0,
,,2026-07-03,,ships_red_sea,60.0,
,,2026-07-04,,ships_red_sea,60.0,
,,2026-07-05,,ships_red_sea,62.0,
,,2026-07-06,,ships_red_sea,61.0,
,,2026-07-07,,ships_red_sea,57.0,
,,2026-07-08,,ships_red_sea,68.0,
,,2026-07-09,,ships_red_sea,68.0,
,,2026-07-10,,ships_red_sea,62.0,
,,2026-07-11,,ships_red_sea,66.0,
,,2026-07-12,,ships_red_sea,69.0,
,,2026-07-13,,ships_red_sea,70.0,
,,2026-07-14,,ships_red_sea,67.0,
,,2026-07-15,,ships_red_sea,71.0,
,,2026-07-16,,ships_red_sea,69.0,
,,2026-07-17,,ships_red_sea,73.0,
,,2026-07-18,,ships_red_sea,75.0,
,,2026-07-19,,ships_red_sea,67.0,
,,2026-07-20,,ships_red_sea,72.0,
,,2026-07-21,,ships_red_sea,72.0,
,,2026-07-22,,ships_red_sea,76.0,
,,2026-07-23,,ships_red_sea,68.0,
,,2026-07-24,,ships_red_sea,70.0,
,,2026-07-25,,ships_red_sea,71.0,
,,2026-07-26,,ships_red_sea,55.0,
,,2026-07-27,,ships_red_sea,66.0,
,,2026-07-28,,ships_red_sea,64.0,
,,2026-07-29,,ships_red_sea,71.0,
,,2026-07-30,,ships_red_sea,68.0,
,,2026-07-31,,ships_red_sea,59.0,
,,2026-08-01,,ships_red_sea,53.0,
,,2026-08-02,,ships_red_sea,49.0,
,,2026-08-03,,ships_red_sea,52.0,
,,2026-08-04,,ships_red_sea,47.0,
,,2026-08-05,,ships_red_sea,44.0,
,,2026-08-06,,ships_red_sea,49.0,
,,2026-08-07,,ships_red_sea,42.0,
,,2026-08-08,,ships_red_sea,51.0,
,,2026-08-09,,ships_red_sea,47.0,
,,2026-08-10,,ships_red_sea,48.0,
,,2026-08-11,,ships_red_sea,49.0,
,,2026-08-12,,ships_red_sea,47.0,
,,2026-08-13,,ships_red_sea,49.0,
,,2026-08-14,,ships_red_sea,58.0,
,,2026-08-15,,ships_red_sea,51.0,
,,2026-08-16,,ships_red_sea,49.0,
,,2026-08-17,,ships_red_sea,46.0,
,,2026-08-18,,ships_red_sea,54.0,
,,2026-08-19,,ships_red_sea,49.0,
,,2026-08-20,,ships_red_sea,45.0,
,,2026-08-21,,ships_red_sea,45.0,
,,2026-08-22,,ships_red_sea,49.0,
,,2026-08-23,,ships_red_sea,47.0,
,,2026-08-24,,ships_red_sea,46.0,
,,2026-08-25,,ships_red_sea,48.0,
,,2026-08-26,,ships_red_sea,45.0,
,,2026-08-27,,ships_red_sea,43.0,
,,2026-08-28,,ships_red_sea,44.0,
,,2026-08-29,,ships_red_sea,47.0,
,,2026-08-30,,ships_red_sea,53.0,
,,2026-08-31,,ships_red_sea,50.0,
,,2026-09-01,,ships_red_sea,46.0,
,,2026-09-02,,ships_red_sea,49.0,
,,2026-09-03,,ships_red_sea,56.0,
,,2026-09-04,,ships_red_sea,49.0,
,,2026-09-05,,ships_red_sea,59.0,
,,2026-09-06,,ships_red_sea,52.0,
,,2026-09-07,,ships_red_sea,58.0,
,,2026-09-08,,ships_red_sea,49.0,
,,2026-09-09,,ships_red_sea,60.0,
,,2026-09-10,,ships_red_sea,59.0,
,,2026-09-11,,ships_red_sea,61.0,
,,2026-09-12,,ships_red_sea,53.0,
,,2026-09-13,,ships_red_sea,42.0,
,,2026-09-14,,ships_red_sea,52.0,
,,2026-09-15,,ships_red_sea,55.0,
,,2026-09-16,,ships_red_sea,63.0,
,,2023-01-01,,ships_panama_canal,31.0,
,,2023-01-02,,ships_panama_canal,30.0,
,,2023-01-03,,ships_panama_canal,25.0,
,,2023-01-04,,ships_panama_canal,28.0,
,,2023-01-05,,ships_panama_canal,29.0,
,,2023-01-06,,ships_panama_canal,30.0,
,,2023-01-07,,ships_panama_canal,25.0,
,,2023-01-08,,ships_panama_canal,33.0,
,,2023-01-09,,ships_panama_canal,34.0,
,,2023-01-10,,ships_panama_canal,26.0,
,,2023-01-11,,ships_panama_canal,24.0,
,,2023-01-12,,ships_panama_canal,22.0,
,,2023-01-13,,ships_panama_canal,20.0,
,,2023-01-14,,ships_panama_canal,22.0,
,,2023-01-15,,ships_panama_canal,25.0,
,,2023-01-16,,ships_panama_canal,19.0,
,,2023-01-17,,ships_panama_canal,20.0,
,,2023-01-18,,ships_panama_canal,25.0,
,,2023-01-19,,ships_panama_canal,24.0,
,,2023-01-20,,ships_panama_canal,29.0,
,,2023-01-21,,ships_panama_canal,24.0,
,,2023-01-22,,ships_panama_canal,27.0,
,,2023-01-23,,ships_panama_canal,28.0,
,,2023-01-24,,ships_panama_canal,29.0,
,,2023-01-25,,ships_panama_canal,21.0,
,,2023-01-26,,ships_panama_canal,28.0,
,,2023-01-27,,ships_panama_canal,27.0,
,,2023-01-28,,ships_panama_canal,30.0,
,,2023-01-29,,ships_panama_canal,26.0,
,,2023-01-30,,ships_panama_canal,29.0,
,,2023-01-31,,ships_panama_canal,24.0,
,,2023-02-01,,ships_panama_canal,26.0,
,,2023-02-02,,ships_panama_canal,21.0,
,,2023-02-03,,ships_panama_canal,26.0,
,,2023-02-04,,ships_panama_canal,28.0,
,,2023-02-05,,ships_panama_canal,25.0,
,,2023-02-06,,ships_panama_canal,29.0,
,,2023-02-07,,ships_panama_canal,26.0,
,,2023-02-08,,ships_panama_canal,30.0,
,,2023-02-09,,ships_panama_canal,25.0,
,,2023-02-10,,ships_panama_canal,25.0,
,,2023-02-11,,ships_panama_canal,26.0,
,,2023-02-12,,ships_panama_canal,20.0,
,,2023-02-13,,ships_panama_canal,24.0,
,,2023-02-14,,ships_panama_canal,29.0,
,,2023-02-15,,ships_panama_canal,24.0,
,,2023-02-16,,ships_panama_canal,24.0,
,,2023-02-17,,ships_panama_canal,25.0,
,,2023-02-18,,ships_panama_canal,29.0,
,,2023-02-19,,ships_panama_canal,28.0,
,,2023-02-20,,ships_panama_canal,25.0,
,,2023-02-21,,ships_panama_canal,30.0,
,,2023-02-22,,ships_panama_canal,24.0,
,,2023-02-23,,ships_panama_canal,28.0,
,,2023-02-24,,ships_panama_canal,25.0,
,,2023-02-25,,ships_panama_canal,27.0,
,,2023-02-26,,ships_panama_canal,25.0,
,,2023-02-27,,ships_panama_canal,28.0,
,,2023-02-28,,ships_panama_canal,24.0,
,,2023-03-01,,ships_panama_canal,26.0,
,,2023-03-02,,ships_panama_canal,24.0,
,,2023-03-03,,ships_panama_canal,27.0,
,,2023-03-04,,ships_panama_canal,28.0,
,,2023-03-05,,ships_panama_canal,32.0,
,,2023-03-06,,ships_panama_canal,28.0,
,,2023-03-07,,ships_panama_canal,28.0,
,,2023-03-08,,ships_panama_canal,22.0,
,,2023-03-09,,ships_panama_canal,26.0,
,,2023-03-10,,ships_panama_canal,27.0,
,,2023-03-11,,ships_panama_canal,30.0,
,,2023-03-12,,ships_panama_canal,27.0,
,,2023-03-13,,ships_panama_canal,26.0,
,,2023-03-14,,ships_panama_canal,29.0,
,,2023-03-15,,ships_panama_canal,26.0,
,,2023-03-16,,ships_panama_canal,27.0,
,,2023-03-17,,ships_panama_canal,20.0,
,,2023-03-18,,ships_panama_canal,25.0,
,,2023-03-19,,ships_panama_canal,25.0,
,,2023-03-20,,ships_panama_canal,24.0,
,,2023-03-21,,ships_panama_canal,21.0,
,,2023-03-22,,ships_panama_canal,26.0,
,,2023-03-23,,ships_panama_canal,29.0,
,,2023-03-24,,ships_panama_canal,21.0,
,,2023-03-25,,ships_panama_canal,23.0,
,,2023-03-26,,ships_panama_canal,23.0,
,,2023-03-27,,ships_panama_canal,26.0,
,,2023-03-28,,ships_panama_canal,29.0,
,,2023-03-29,,ships_panama_canal,25.0,
,,2023-03-30,,ships_panama_canal,20.0,
,,2023-03-31,,ships_panama_canal,21.0,
,,2023-04-01,,ships_panama_canal,20.0,
,,2023-04-02,,ships_panama_canal,22.0,
,,2023-04-03,,ships_panama_canal,27.0,
,,2023-04-04,,ships_panama_canal,30.0,
,,2023-04-05,,ships_panama_canal,30.0,
,,2023-04-06,,ships_panama_canal,26.0,
,,2023-04-07,,ships_panama_canal,23.0,
,,2023-04-08,,ships_panama_canal,23.0,
,,2023-04-09,,ships_panama_canal,27.0,
,,2023-04-10,,ships_panama_canal,26.0,
,,2023-04-11,,ships_panama_canal,31.0,
,,2023-04-12,,ships_panama_canal,27.0,
,,2023-04-13,,ships_panama_canal,31.0,
,,2023-04-14,,ships_panama_canal,25.0,
,,2023-04-15,,ships_panama_canal,27.0,
,,2023-04-16,,ships_panama_canal,31.0,
,,2023-04-17,,ships_panama_canal,34.0,
,,2023-04-18,,ships_panama_canal,29.0,
,,2023-04-19,,ships_panama_canal,29.0,
,,2023-04-20,,ships_panama_canal,29.0,
,,2023-04-21,,ships_panama_canal,23.0,
,,2023-04-22,,ships_panama_canal,28.0,
,,2023-04-23,,ships_panama_canal,30.0,
,,2023-04-24,,ships_panama_canal,34.0,
,,2023-04-25,,ships_panama_canal,26.0,
,,2023-04-26,,ships_panama_canal,21.0,
,,2023-04-27,,ships_panama_canal,25.0,
,,2023-04-28,,ships_panama_canal,29.0,
,,2023-04-29,,ships_panama_canal,26.0,
,,2023-04-30,,ships_panama_canal,26.0,
,,2023-05-01,,ships_panama_canal,22.0,
,,2023-05-02,,ships_panama_canal,23.0,
,,2023-05-03,,ships_panama_canal,29.0,
,,2023-05-04,,ships_panama_canal,25.0,
,,2023-05-05,,ships_panama_canal,23.0,
,,2023-05-06,,ships_panama_canal,26.0,
,,2023-05-07,,ships_panama_canal,26.0,
,,2023-05-08,,ships_panama_canal,21.0,
,,2023-05-09,,ships_panama_canal,23.0,
,,2023-05-10,,ships_panama_canal,23.0,
,,2023-05-11,,ships_panama_canal,25.0,
,,2023-05-12,,ships_panama_canal,24.0,
,,2023-05-13,,ships_panama_canal,22.0,
,,2023-05-14,,ships_panama_canal,24.0,
,,2023-05-15,,ships_panama_canal,24.0,
,,2023-05-16,,ships_panama_canal,24.0,
,,2023-05-17,,ships_panama_canal,20.0,
,,2023-05-18,,ships_panama_canal,17.0,
,,2023-05-19,,ships_panama_canal,20.0,
,,2023-05-20,,ships_panama_canal,21.0,
,,2023-05-21,,ships_panama_canal,27.0,
,,2023-05-22,,ships_panama_canal,23.0,
,,2023-05-23,,ships_panama_canal,22.0,
,,2023-05-24,,ships_panama_canal,25.0,
,,2023-05-25,,ships_panama_canal,32.0,
,,2023-05-26,,ships_panama_canal,22.0,
,,2023-05-27,,ships_panama_canal,24.0,
,,2023-05-28,,ships_panama_canal,24.0,
,,2023-05-29,,ships_panama_canal,31.0,
,,2023-05-30,,ships_panama_canal,23.0,
,,2023-05-31,,ships_panama_canal,23.0,
,,2023-06-01,,ships_panama_canal,22.0,
,,2023-06-02,,ships_panama_canal,19.0,
,,2023-06-03,,ships_panama_canal,23.0,
,,2023-06-04,,ships_panama_canal,19.0,
,,2023-06-05,,ships_panama_canal,19.0,
,,2023-06-06,,ships_panama_canal,20.0,
,,2023-06-07,,ships_panama_canal,25.0,
,,2023-06-08,,ships_panama_canal,27.0,
,,2023-06-09,,ships_panama_canal,26.0,
,,2023-06-10,,ships_panama_canal,30.0,
,,2023-06-11,,ships_panama_canal,24.0,
,,2023-06-12,,ships_panama_canal,24.0,
,,2023-06-13,,ships_panama_canal,22.0,
,,2023-06-14,,ships_panama_canal,18.0,
,,2023-06-15,,ships_panama_canal,28.0,
,,2023-06-16,,ships_panama_canal,20.0,
,,2023-06-17,,ships_panama_canal,19.0,
,,2023-06-18,,ships_panama_canal,23.0,
,,2023-06-19,,ships_panama_canal,24.0,
,,2023-06-20,,ships_panama_canal,24.0,
,,2023-06-21,,ships_panama_canal,30.0,
,,2023-06-22,,ships_panama_canal,23.0,
,,2023-06-23,,ships_panama_canal,23.0,
,,2023-06-24,,ships_panama_canal,25.0,
,,2023-06-25,,ships_panama_canal,24.0,
,,2023-06-26,,ships_panama_canal,29.0,
,,2023-06-27,,ships_panama_canal,26.0,
,,2023-06-28,,ships_panama_canal,27.0,
,,2023-06-29,,ships_panama_canal,26.0,
,,2023-06-30,,ships_panama_canal,24.0,
,,2023-07-01,,ships_panama_canal,22.0,
,,2023-07-02,,ships_panama_canal,22.0,
,,2023-07-03,,ships_panama_canal,23.0,
,,2023-07-04,,ships_panama_canal,21.0,
,,2023-07-05,,ships_panama_canal,25.0,
,,2023-07-06,,ships_panama_canal,30.0,
,,2023-07-07,,ships_panama_canal,23.0,
,,2023-07-08,,ships_panama_canal,31.0,
,,2023-07-09,,ships_panama_canal,33.0,
,,2023-07-10,,ships_panama_canal,30.0,
,,2023-07-11,,ships_panama_canal,25.0,
,,2023-07-12,,ships_panama_canal,31.0,
,,2023-07-13,,ships_panama_canal,30.0,
,,2023-07-14,,ships_panama_canal,25.0,
,,2023-07-15,,ships_panama_canal,28.0,
,,2023-07-16,,ships_panama_canal,27.0,
,,2023-07-17,,ships_panama_canal,25.0,
,,2023-07-18,,ships_panama_canal,20.0,
,,2023-07-19,,ships_panama_canal,29.0,
,,2023-07-20,,ships_panama_canal,37.0,
,,2023-07-21,,ships_panama_canal,30.0,
,,2023-07-22,,ships_panama_canal,30.0,
,,2023-07-23,,ships_panama_canal,29.0,
,,2023-07-24,,ships_panama_canal,32.0,
,,2023-07-25,,ships_panama_canal,25.0,
,,2023-07-26,,ships_panama_canal,34.0,
,,2023-07-27,,ships_panama_canal,28.0,
,,2023-07-28,,ships_panama_canal,30.0,
,,2023-07-29,,ships_panama_canal,31.0,
,,2023-07-30,,ships_panama_canal,32.0,
,,2023-07-31,,ships_panama_canal,29.0,
,,2023-08-01,,ships_panama_canal,28.0,
,,2023-08-02,,ships_panama_canal,32.0,
,,2023-08-03,,ships_panama_canal,38.0,
,,2023-08-04,,ships_panama_canal,34.0,
,,2023-08-05,,ships_panama_canal,30.0,
,,2023-08-06,,ships_panama_canal,30.0,
,,2023-08-07,,ships_panama_canal,30.0,
,,2023-08-08,,ships_panama_canal,33.0,
,,2023-08-09,,ships_panama_canal,28.0,
,,2023-08-10,,ships_panama_canal,28.0,
,,2023-08-11,,ships_panama_canal,19.0,
,,2023-08-12,,ships_panama_canal,27.0,
,,2023-08-13,,ships_panama_canal,28.0,
,,2023-08-14,,ships_panama_canal,31.0,
,,2023-08-15,,ships_panama_canal,32.0,
,,2023-08-16,,ships_panama_canal,34.0,
,,2023-08-17,,ships_panama_canal,33.0,
,,2023-08-18,,ships_panama_canal,28.0,
,,2023-08-19,,ships_panama_canal,32.0,
,,2023-08-20,,ships_panama_canal,28.0,
,,2023-08-21,,ships_panama_canal,28.0,
,,2023-08-22,,ships_panama_canal,24.0,
,,2023-08-23,,ships_panama_canal,25.0,
,,2023-08-24,,ships_panama_canal,26.0,
,,2023-08-25,,ships_panama_canal,27.0,
,,2023-08-26,,ships_panama_canal,29.0,
,,2023-08-27,,ships_panama_canal,31.0,
,,2023-08-28,,ships_panama_canal,29.0,
,,2023-08-29,,ships_panama_canal,22.0,
,,2023-08-30,,ships_panama_canal,22.0,
,,2023-08-31,,ships_panama_canal,20.0,
,,2023-09-01,,ships_panama_canal,25.0,
,,2023-09-02,,ships_panama_canal,20.0,
,,2023-09-03,,ships_panama_canal,28.0,
,,2023-09-04,,ships_panama_canal,24.0,
,,2023-09-05,,ships_panama_canal,26.0,
,,2023-09-06,,ships_panama_canal,29.0,
,,2023-09-07,,ships_panama_canal,26.0,
,,2023-09-08,,ships_panama_canal,26.0,
,,2023-09-09,,ships_panama_canal,29.0,
,,2023-09-10,,ships_panama_canal,30.0,
,,2023-09-11,,ships_panama_canal,32.0,
,,2023-09-12,,ships_panama_canal,33.0,
,,2023-09-13,,ships_panama_canal,31.0,
,,2023-09-14,,ships_panama_canal,31.0,
,,2023-09-15,,ships_panama_canal,24.0,
,,2023-09-16,,ships_panama_canal,26.0,
,,2023-09-17,,ships_panama_canal,31.0,
,,2023-09-18,,ships_panama_canal,32.0,
,,2023-09-19,,ships_panama_canal,24.0,
,,2023-09-20,,ships_panama_canal,23.0,
,,2023-09-21,,ships_panama_canal,20.0,
,,2023-09-22,,ships_panama_canal,24.0,
,,2023-09-23,,ships_panama_canal,19.0,
,,2023-09-24,,ships_panama_canal,28.0,
,,2023-09-25,,ships_panama_canal,25.0,
,,2023-09-26,,ships_panama_canal,23.0,
,,2023-09-27,,ships_panama_canal,26.0,
,,2023-09-28,,ships_panama_canal,29.0,
,,2023-09-29,,ships_panama_canal,16.0,
,,2023-09-30,,ships_panama_canal,19.0,
,,2023-10-01,,ships_panama_canal,27.0,
,,2023-10-02,,ships_panama_canal,31.0,
,,2023-10-03,,ships_panama_canal,24.0,
,,2023-10-04,,ships_panama_canal,31.0,
,,2023-10-05,,ships_panama_canal,29.0,
,,2023-10-06,,ships_panama_canal,30.0,
,,2023-10-07,,ships_panama_canal,29.0,
,,2023-10-08,,ships_panama_canal,29.0,
,,2023-10-09,,ships_panama_canal,26.0,
,,2023-10-10,,ships_panama_canal,27.0,
,,2023-10-11,,ships_panama_canal,30.0,
,,2023-10-12,,ships_panama_canal,27.0,
,,2023-10-13,,ships_panama_canal,22.0,
,,2023-10-14,,ships_panama_canal,28.0,
,,2023-10-15,,ships_panama_canal,26.0,
,,2023-10-16,,ships_panama_canal,25.0,
,,2023-10-17,,ships_panama_canal,25.0,
,,2023-10-18,,ships_panama_canal,22.0,
,,2023-10-19,,ships_panama_canal,21.0,
,,2023-10-20,,ships_panama_canal,21.0,
,,2023-10-21,,ships_panama_canal,29.0,
,,2023-10-22,,ships_panama_canal,30.0,
,,2023-10-23,,ships_panama_canal,29.0,
,,2023-10-24,,ships_panama_canal,29.0,
,,2023-10-25,,ships_panama_canal,27.0,
,,2023-10-26,,ships_panama_canal,30.0,
,,2023-10-27,,ships_panama_canal,25.0,
,,2023-10-28,,ships_panama_canal,27.0,
,,2023-10-29,,ships_panama_canal,27.0,
,,2023-10-30,,ships_panama_canal,31.0,
,,2023-10-31,,ships_panama_canal,30.0,
,,2023-11-01,,ships_panama_canal,25.0,
,,2023-11-02,,ships_panama_canal,29.0,
,,2023-11-03,,ships_panama_canal,30.0,
,,2023-11-04,,ships_panama_canal,27.0,
,,2023-11-05,,ships_panama_canal,27.0,
,,2023-11-06,,ships_panama_canal,24.0,
,,2023-11-07,,ships_panama_canal,22.0,
,,2023-11-08,,ships_panama_canal,22.0,
,,2023-11-09,,ships_panama_canal,28.0,
,,2023-11-10,,ships_panama_canal,31.0,
,,2023-11-11,,ships_panama_canal,23.0,
,,2023-11-12,,ships_panama_canal,30.0,
,,2023-11-13,,ships_panama_canal,34.0,
,,2023-11-14,,ships_panama_canal,30.0,
,,2023-11-15,,ships_panama_canal,33.0,
,,2023-11-16,,ships_panama_canal,34.0,
,,2023-11-17,,ships_panama_canal,34.0,
,,2023-11-18,,ships_panama_canal,36.0,
,,2023-11-19,,ships_panama_canal,33.0,
,,2023-11-20,,ships_panama_canal,33.0,
,,2023-11-21,,ships_panama_canal,31.0,
,,2023-11-22,,ships_panama_canal,31.0,
,,2023-11-23,,ships_panama_canal,36.0,
,,2023-11-24,,ships_panama_canal,33.0,
,,2023-11-25,,ships_panama_canal,31.0,
,,2023-11-26,,ships_panama_canal,34.0,
,,2023-11-27,,ships_panama_canal,37.0,
,,2023-11-28,,ships_panama_canal,30.0,
,,2023-11-29,,ships_panama_canal,36.0,
,,2023-11-30,,ships_panama_canal,26.0,
,,2023-12-01,,ships_panama_canal,25.0,
,,2023-12-02,,ships_panama_canal,27.0,
,,2023-12-03,,ships_panama_canal,26.0,
,,2023-12-04,,ships_panama_canal,35.0,
,,2023-12-05,,ships_panama_canal,28.0,
,,2023-12-06,,ships_panama_canal,31.0,
,,2023-12-07,,ships_panama_canal,36.0,
,,2023-12-08,,ships_panama_canal,37.0,
,,2023-12-09,,ships_panama_canal,39.0,
,,2023-12-10,,ships_panama_canal,37.0,
,,2023-12-11,,ships_panama_canal,38.0,
,,2023-12-12,,ships_panama_canal,28.0,
,,2023-12-13,,ships_panama_canal,28.0,
,,2023-12-14,,ships_panama_canal,36.0,
,,2023-12-15,,ships_panama_canal,30.0,
,,2023-12-16,,ships_panama_canal,29.0,
,,2023-12-17,,ships_panama_canal,36.0,
,,2023-12-18,,ships_panama_canal,33.0,
,,2023-12-19,,ships_panama_canal,25.0,
,,2023-12-20,,ships_panama_canal,23.0,
,,2023-12-21,,ships_panama_canal,22.0,
,,2023-12-22,,ships_panama_canal,18.0,
,,2023-12-23,,ships_panama_canal,21.0,
,,2023-12-24,,ships_panama_canal,23.0,
,,2023-12-25,,ships_panama_canal,27.0,
,,2023-12-26,,ships_panama_canal,31.0,
,,2023-12-27,,ships_panama_canal,29.0,
,,2023-12-28,,ships_panama_canal,31.0,
,,2023-12-29,,ships_panama_canal,34.0,
,,2023-12-30,,ships_panama_canal,30.0,
,,2023-12-31,,ships_panama_canal,31.0,
,,2024-01-01,,ships_panama_canal,36.0,
,,2024-01-02,,ships_panama_canal,29.0,
,,2024-01-03,,ships_panama_canal,29.0,
,,2024-01-04,,ships_panama_canal,25.0,
,,2024-01-05,,ships_panama_canal,27.0,
,,2024-01-06,,ships_panama_canal,21.0,
,,2024-01-07,,ships_panama_canal,21.0,
,,2024-01-08,,ships_panama_canal,30.0,
,,2024-01-09,,ships_panama_canal,31.0,
,,2024-01-10,,ships_panama_canal,33.0,
,,2024-01-11,,ships_panama_canal,32.0,
,,2024-01-12,,ships_panama_canal,27.0,
,,2024-01-13,,ships_panama_canal,26.0,
,,2024-01-14,,ships_panama_canal,27.0,
,,2024-01-15,,ships_panama_canal,28.0,
,,2024-01-16,,ships_panama_canal,29.0,
,,2024-01-17,,ships_panama_canal,27.0,
,,2024-01-18,,ships_panama_canal,27.0,
,,2024-01-19,,ships_panama_canal,24.0,
,,2024-01-20,,ships_panama_canal,24.0,
,,2024-01-21,,ships_panama_canal,25.0,
,,2024-01-22,,ships_panama_canal,26.0,
,,2024-01-23,,ships_panama_canal,24.0,
,,2024-01-24,,ships_panama_canal,30.0,
,,2024-01-25,,ships_panama_canal,29.0,
,,2024-01-26,,ships_panama_canal,32.0,
,,2024-01-27,,ships_panama_canal,30.0,
,,2024-01-28,,ships_panama_canal,32.0,
,,2024-01-29,,ships_panama_canal,34.0,
,,2024-01-30,,ships_panama_canal,26.0,
,,2024-01-31,,ships_panama_canal,24.0,
,,2024-02-01,,ships_panama_canal,28.0,
,,2024-02-02,,ships_panama_canal,33.0,
,,2024-02-03,,ships_panama_canal,34.0,
,,2024-02-04,,ships_panama_canal,32.0,
,,2024-02-05,,ships_panama_canal,33.0,
,,2024-02-06,,ships_panama_canal,34.0,
,,2024-02-07,,ships_panama_canal,35.0,
,,2024-02-08,,ships_panama_canal,36.0,
,,2024-02-09,,ships_panama_canal,35.0,
,,2024-02-10,,ships_panama_canal,32.0,
,,2024-02-11,,ships_panama_canal,31.0,
,,2024-02-12,,ships_panama_canal,33.0,
,,2024-02-13,,ships_panama_canal,26.0,
,,2024-02-14,,ships_panama_canal,31.0,
,,2024-02-15,,ships_panama_canal,32.0,
,,2024-02-16,,ships_panama_canal,26.0,
,,2024-02-17,,ships_panama_canal,33.0,
,,2024-02-18,,ships_panama_canal,35.0,
,,2024-02-19,,ships_panama_canal,34.0,
,,2024-02-20,,ships_panama_canal,27.0,
,,2024-02-21,,ships_panama_canal,30.0,
,,2024-02-22,,ships_panama_canal,31.0,
,,2024-02-23,,ships_panama_canal,25.0,
,,2024-02-24,,ships_panama_canal,23.0,
,,2024-02-25,,ships_panama_canal,26.0,
,,2024-02-26,,ships_panama_canal,25.0,
,,2024-02-27,,ships_panama_canal,26.0,
,,2024-02-28,,ships_panama_canal,30.0,
,,2024-02-29,,ships_panama_canal,28.0,
,,2024-03-01,,ships_panama_canal,30.0,
,,2024-03-02,,ships_panama_canal,32.0,
,,2024-03-03,,ships_panama_canal,29.0,
,,2024-03-04,,ships_panama_canal,34.0,
,,2024-03-05,,ships_panama_canal,34.0,
,,2024-03-06,,ships_panama_canal,25.0,
,,2024-03-07,,ships_panama_canal,30.0,
,,2024-03-08,,ships_panama_canal,26.0,
,,2024-03-09,,ships_panama_canal,24.0,
,,2024-03-10,,ships_panama_canal,27.0,
,,2024-03-11,,ships_panama_canal,31.0,
,,2024-03-12,,ships_panama_canal,27.0,
,,2024-03-13,,ships_panama_canal,28.0,
,,2024-03-14,,ships_panama_canal,29.0,
,,2024-03-15,,ships_panama_canal,25.0,
,,2024-03-16,,ships_panama_canal,24.0,
,,2024-03-17,,ships_panama_canal,28.0,
,,2024-03-18,,ships_panama_canal,32.0,
,,2024-03-19,,ships_panama_canal,36.0,
,,2024-03-20,,ships_panama_canal,33.0,
,,2024-03-21,,ships_panama_canal,34.0,
,,2024-03-22,,ships_panama_canal,29.0,
,,2024-03-23,,ships_panama_canal,25.0,
,,2024-03-24,,ships_panama_canal,23.0,
,,2024-03-25,,ships_panama_canal,32.0,
,,2024-03-26,,ships_panama_canal,24.0,
,,2024-03-27,,ships_panama_canal,31.0,
,,2024-03-28,,ships_panama_canal,32.0,
,,2024-03-29,,ships_panama_canal,26.0,
,,2024-03-30,,ships_panama_canal,34.0,
,,2024-03-31,,ships_panama_canal,25.0,
,,2024-04-01,,ships_panama_canal,30.0,
,,2024-04-02,,ships_panama_canal,34.0,
,,2024-04-03,,ships_panama_canal,37.0,
,,2024-04-04,,ships_panama_canal,39.0,
,,2024-04-05,,ships_panama_canal,33.0,
,,2024-04-06,,ships_panama_canal,29.0,
,,2024-04-07,,ships_panama_canal,32.0,
,,2024-04-08,,ships_panama_canal,31.0,
,,2024-04-09,,ships_panama_canal,31.0,
,,2024-04-10,,ships_panama_canal,27.0,
,,2024-04-11,,ships_panama_canal,28.0,
,,2024-04-12,,ships_panama_canal,25.0,
,,2024-04-13,,ships_panama_canal,28.0,
,,2024-04-14,,ships_panama_canal,29.0,
,,2024-04-15,,ships_panama_canal,29.0,
,,2024-04-16,,ships_panama_canal,32.0,
,,2024-04-17,,ships_panama_canal,31.0,
,,2024-04-18,,ships_panama_canal,31.0,
,,2024-04-19,,ships_panama_canal,33.0,
,,2024-04-20,,ships_panama_canal,29.0,
,,2024-04-21,,ships_panama_canal,31.0,
,,2024-04-22,,ships_panama_canal,38.0,
,,2024-04-23,,ships_panama_canal,33.0,
,,2024-04-24,,ships_panama_canal,35.0,
,,2024-04-25,,ships_panama_canal,32.0,
,,2024-04-26,,ships_panama_canal,33.0,
,,2024-04-27,,ships_panama_canal,33.0,
,,2024-04-28,,ships_panama_canal,26.0,
,,2024-04-29,,ships_panama_canal,38.0,
,,2024-04-30,,ships_panama_canal,36.0,
,,2024-05-01,,ships_panama_canal,35.0,
,,2024-05-02,,ships_panama_canal,37.0,
,,2024-05-03,,ships_panama_canal,32.0,
,,2024-05-04,,ships_panama_canal,40.0,
,,2024-05-05,,ships_panama_canal,43.0,
,,2024-05-06,,ships_panama_canal,41.0,
,,2024-05-07,,ships_panama_canal,46.0,
,,2024-05-08,,ships_panama_canal,38.0,
,,2024-05-09,,ships_panama_canal,46.0,
,,2024-05-10,,ships_panama_canal,47.0,
,,2024-05-11,,ships_panama_canal,48.0,
,,2024-05-12,,ships_panama_canal,46.0,
,,2024-05-13,,ships_panama_canal,44.0,
,,2024-05-14,,ships_panama_canal,45.0,
,,2024-05-15,,ships_panama_canal,42.0,
,,2024-05-16,,ships_panama_canal,50.0,
,,2024-05-17,,ships_panama_canal,48.0,
,,2024-05-18,,ships_panama_canal,43.0,
,,2024-05-19,,ships_panama_canal,40.0,
,,2024-05-20,,ships_panama_canal,46.0,
,,2024-05-21,,ships_panama_canal,41.0,
,,2024-05-22,,ships_panama_canal,38.0,
,,2024-05-23,,ships_panama_canal,43.0,
,,2024-05-24,,ships_panama_canal,38.0,
,,2024-05-25,,ships_panama_canal,40.0,
,,2024-05-26,,ships_panama_canal,34.0,
,,2024-05-27,,ships_panama_canal,40.0,
,,2024-05-28,,ships_panama_canal,36.0,
,,2024-05-29,,ships_panama_canal,34.0,
,,2024-05-30,,ships_panama_canal,34.0,
,,2024-05-31,,ships_panama_canal,30.0,
,,2024-06-01,,ships_panama_canal,31.0,
,,2024-06-02,,ships_panama_canal,37.0,
,,2024-06-03,,ships_panama_canal,38.0,
,,2024-06-04,,ships_panama_canal,35.0,
,,2024-06-05,,ships_panama_canal,36.0,
,,2024-06-06,,ships_panama_canal,40.0,
,,2024-06-07,,ships_panama_canal,40.0,
,,2024-06-08,,ships_panama_canal,38.0,
,,2024-06-09,,ships_panama_canal,37.0,
,,2024-06-10,,ships_panama_canal,38.0,
,,2024-06-11,,ships_panama_canal,35.0,
,,2024-06-12,,ships_panama_canal,41.0,
,,2024-06-13,,ships_panama_canal,41.0,
,,2024-06-14,,ships_panama_canal,35.0,
,,2024-06-15,,ships_panama_canal,42.0,
,,2024-06-16,,ships_panama_canal,39.0,
,,2024-06-17,,ships_panama_canal,37.0,
,,2024-06-18,,ships_panama_canal,47.0,
,,2024-06-19,,ships_panama_canal,53.0,
,,2024-06-20,,ships_panama_canal,43.0,
,,2024-06-21,,ships_panama_canal,40.0,
,,2024-06-22,,ships_panama_canal,37.0,
,,2024-06-23,,ships_panama_canal,36.0,
,,2024-06-24,,ships_panama_canal,43.0,
,,2024-06-25,,ships_panama_canal,45.0,
,,2024-06-26,,ships_panama_canal,43.0,
,,2024-06-27,,ships_panama_canal,41.0,
,,2024-06-28,,ships_panama_canal,40.0,
,,2024-06-29,,ships_panama_canal,39.0,
,,2024-06-30,,ships_panama_canal,36.0,
,,2024-07-01,,ships_panama_canal,39.0,
,,2024-07-02,,ships_panama_canal,36.0,
,,2024-07-03,,ships_panama_canal,39.0,
,,2024-07-04,,ships_panama_canal,39.0,
,,2024-07-05,,ships_panama_canal,36.0,
,,2024-07-06,,ships_panama_canal,42.0,
,,2024-07-07,,ships_panama_canal,41.0,
,,2024-07-08,,ships_panama_canal,46.0,
,,2024-07-09,,ships_panama_canal,40.0,
,,2024-07-10,,ships_panama_canal,36.0,
,,2024-07-11,,ships_panama_canal,39.0,
,,2024-07-12,,ships_panama_canal,37.0,
,,2024-07-13,,ships_panama_canal,42.0,
,,2024-07-14,,ships_panama_canal,42.0,
,,2024-07-15,,ships_panama_canal,33.0,
,,2024-07-16,,ships_panama_canal,40.0,
,,2024-07-17,,ships_panama_canal,38.0,
,,2024-07-18,,ships_panama_canal,39.0,
,,2024-07-19,,ships_panama_canal,41.0,
,,2024-07-20,,ships_panama_canal,39.0,
,,2024-07-21,,ships_panama_canal,48.0,
,,2024-07-22,,ships_panama_canal,44.0,
,,2024-07-23,,ships_panama_canal,48.0,
,,2024-07-24,,ships_panama_canal,48.0,
,,2024-07-25,,ships_panama_canal,40.0,
,,2024-07-26,,ships_panama_canal,46.0,
,,2024-07-27,,ships_panama_canal,47.0,
,,2024-07-28,,ships_panama_canal,48.0,
,,2024-07-29,,ships_panama_canal,48.0,
,,2024-07-30,,ships_panama_canal,49.0,
,,2024-07-31,,ships_panama_canal,47.0,
,,2024-08-01,,ships_panama_canal,43.0,
,,2024-08-02,,ships_panama_canal,49.0,
,,2024-08-03,,ships_panama_canal,41.0,
,,2024-08-04,,ships_panama_canal,39.0,
,,2024-08-05,,ships_panama_canal,44.0,
,,2024-08-06,,ships_panama_canal,49.0,
,,2024-08-07,,ships_panama_canal,56.0,
,,2024-08-08,,ships_panama_canal,45.0,
,,2024-08-09,,ships_panama_canal,38.0,
,,2024-08-10,,ships_panama_canal,47.0,
,,2024-08-11,,ships_panama_canal,48.0,
,,2024-08-12,,ships_panama_canal,56.0,
,,2024-08-13,,ships_panama_canal,49.0,
,,2024-08-14,,ships_panama_canal,49.0,
,,2024-08-15,,ships_panama_canal,50.0,
,,2024-08-16,,ships_panama_canal,48.0,
,,2024-08-17,,ships_panama_canal,46.0,
,,2024-08-18,,ships_panama_canal,44.0,
,,2024-08-19,,ships_panama_canal,43.0,
,,2024-08-20,,ships_panama_canal,41.0,
,,2024-08-21,,ships_panama_canal,40.0,
,,2024-08-22,,ships_panama_canal,45.0,
,,2024-08-23,,ships_panama_canal,41.0,
,,2024-08-24,,ships_panama_canal,42.0,
,,2024-08-25,,ships_panama_canal,34.0,
,,2024-08-26,,ships_panama_canal,36.0,
,,2024-08-27,,ships_panama_canal,33.0,
,,2024-08-28,,ships_panama_canal,50.0,
,,2024-08-29,,ships_panama_canal,44.0,
,,2024-08-30,,ships_panama_canal,37.0,
,,2024-08-31,,ships_panama_canal,39.0,
,,2024-09-01,,ships_panama_canal,49.0,
,,2024-09-02,,ships_panama_canal,44.0,
,,2024-09-03,,ships_panama_canal,48.0,
,,2024-09-04,,ships_panama_canal,42.0,
,,2024-09-05,,ships_panama_canal,44.0,
,,2024-09-06,,ships_panama_canal,15.0,
,,2024-09-07,,ships_panama_canal,15.0,
,,2024-09-08,,ships_panama_canal,15.0,
,,2024-09-09,,ships_panama_canal,45.0,
,,2024-09-10,,ships_panama_canal,45.0,
,,2024-09-11,,ships_panama_canal,49.0,
,,2024-09-12,,ships_panama_canal,51.0,
,,2024-09-13,,ships_panama_canal,56.0,
,,2024-09-14,,ships_panama_canal,54.0,
,,2024-09-15,,ships_panama_canal,48.0,
,,2024-09-16,,ships_panama_canal,47.0,
,,2024-09-17,,ships_panama_canal,49.0,
,,2024-09-18,,ships_panama_canal,48.0,
,,2024-09-19,,ships_panama_canal,51.0,
,,2024-09-20,,ships_panama_canal,53.0,
,,2024-09-21,,ships_panama_canal,43.0,
,,2024-09-22,,ships_panama_canal,41.0,
,,2024-09-23,,ships_panama_canal,16.0,
,,2024-09-24,,ships_panama_canal,23.0,
,,2024-09-25,,ships_panama_canal,31.0,
,,2024-09-26,,ships_panama_canal,14.0,
,,2024-09-27,,ships_panama_canal,32.0,
,,2024-09-28,,ships_panama_canal,25.0,
,,2024-09-29,,ships_panama_canal,16.0,
,,2024-09-30,,ships_panama_canal,12.0,
,,2024-10-01,,ships_panama_canal,45.0,
,,2024-10-02,,ships_panama_canal,15.0,
,,2024-10-03,,ships_panama_canal,27.0,
,,2024-10-04,,ships_panama_canal,31.0,
,,2024-10-05,,ships_panama_canal,32.0,
,,2024-10-06,,ships_panama_canal,37.0,
,,2024-10-07,,ships_panama_canal,36.0,
,,2024-10-08,,ships_panama_canal,38.0,
,,2024-10-09,,ships_panama_canal,38.0,
,,2024-10-10,,ships_panama_canal,38.0,
,,2024-10-11,,ships_panama_canal,34.0,
,,2024-10-12,,ships_panama_canal,39.0,
,,2024-10-13,,ships_panama_canal,42.0,
,,2024-10-14,,ships_panama_canal,38.0,
,,2024-10-15,,ships_panama_canal,33.0,
,,2024-10-16,,ships_panama_canal,1.0,
,,2024-10-19,,ships_panama_canal,40.0,
,,2024-10-20,,ships_panama_canal,35.0,
,,2024-10-21,,ships_panama_canal,35.0,
,,2024-10-22,,ships_panama_canal,37.0,
,,2024-10-23,,ships_panama_canal,29.0,
,,2024-10-24,,ships_panama_canal,31.0,
,,2024-10-25,,ships_panama_canal,31.0,
,,2024-10-26,,ships_panama_canal,13.0,
,,2024-10-27,,ships_panama_canal,20.0,
,,2024-10-28,,ships_panama_canal,26.0,
,,2024-10-29,,ships_panama_canal,35.0,
,,2024-10-30,,ships_panama_canal,35.0,
,,2024-10-31,,ships_panama_canal,38.0,
,,2024-11-01,,ships_panama_canal,23.0,
,,2024-11-02,,ships_panama_canal,32.0,
,,2024-11-03,,ships_panama_canal,34.0,
,,2024-11-04,,ships_panama_canal,38.0,
,,2024-11-05,,ships_panama_canal,34.0,
,,2024-11-06,,ships_panama_canal,35.0,
,,2024-11-07,,ships_panama_canal,32.0,
,,2024-11-08,,ships_panama_canal,24.0,
,,2024-11-09,,ships_panama_canal,19.0,
,,2024-11-10,,ships_panama_canal,21.0,
,,2024-11-11,,ships_panama_canal,28.0,
,,2024-11-12,,ships_panama_canal,20.0,
,,2024-11-13,,ships_panama_canal,17.0,
,,2024-11-14,,ships_panama_canal,28.0,
,,2024-11-15,,ships_panama_canal,17.0,
,,2024-11-16,,ships_panama_canal,46.0,
,,2024-11-17,,ships_panama_canal,38.0,
,,2024-11-18,,ships_panama_canal,36.0,
,,2024-11-19,,ships_panama_canal,34.0,
,,2024-11-20,,ships_panama_canal,17.0,
,,2024-11-21,,ships_panama_canal,21.0,
,,2024-11-22,,ships_panama_canal,28.0,
,,2024-11-23,,ships_panama_canal,16.0,
,,2024-11-24,,ships_panama_canal,27.0,
,,2024-11-25,,ships_panama_canal,26.0,
,,2024-11-26,,ships_panama_canal,11.0,
,,2024-11-27,,ships_panama_canal,34.0,
,,2024-11-28,,ships_panama_canal,13.0,
,,2024-11-29,,ships_panama_canal,37.0,
,,2024-11-30,,ships_panama_canal,33.0,
,,2024-12-01,,ships_panama_canal,31.0,
,,2024-12-02,,ships_panama_canal,28.0,
,,2024-12-03,,ships_panama_canal,32.0,
,,2024-12-04,,ships_panama_canal,38.0,
,,2024-12-05,,ships_panama_canal,52.0,
,,2024-12-06,,ships_panama_canal,52.0,
,,2024-12-07,,ships_panama_canal,25.0,
,,2024-12-08,,ships_panama_canal,28.0,
,,2024-12-09,,ships_panama_canal,28.0,
,,2024-12-10,,ships_panama_canal,24.0,
,,2024-12-11,,ships_panama_canal,33.0,
,,2024-12-12,,ships_panama_canal,35.0,
,,2024-12-13,,ships_panama_canal,37.0,
,,2024-12-14,,ships_panama_canal,31.0,
,,2024-12-15,,ships_panama_canal,68.0,
,,2024-12-16,,ships_panama_canal,71.0,
,,2024-12-17,,ships_panama_canal,86.0,
,,2024-12-18,,ships_panama_canal,82.0,
,,2024-12-19,,ships_panama_canal,83.0,
,,2024-12-20,,ships_panama_canal,65.0,
,,2024-12-21,,ships_panama_canal,33.0,
,,2024-12-22,,ships_panama_canal,28.0,
,,2024-12-23,,ships_panama_canal,31.0,
,,2024-12-24,,ships_panama_canal,30.0,
,,2024-12-25,,ships_panama_canal,17.0,
,,2024-12-26,,ships_panama_canal,38.0,
,,2024-12-27,,ships_panama_canal,33.0,
,,2024-12-28,,ships_panama_canal,37.0,
,,2024-12-29,,ships_panama_canal,32.0,
,,2024-12-30,,ships_panama_canal,28.0,
,,2024-12-31,,ships_panama_canal,31.0,
,,2025-01-01,,ships_panama_canal,29.0,
,,2025-01-02,,ships_panama_canal,35.0,
,,2025-01-03,,ships_panama_canal,36.0,
,,2025-01-04,,ships_panama_canal,36.0,
,,2025-01-05,,ships_panama_canal,35.0,
,,2025-01-06,,ships_panama_canal,37.0,
,,2025-01-07,,ships_panama_canal,31.0,
,,2025-01-08,,ships_panama_canal,35.0,
,,2025-01-09,,ships_panama_canal,36.0,
,,2025-01-10,,ships_panama_canal,32.0,
,,2025-01-11,,ships_panama_canal,34.0,
,,2025-01-12,,ships_panama_canal,42.0,
,,2025-01-13,,ships_panama_canal,46.0,
,,2025-01-14,,ships_panama_canal,43.0,
,,2025-01-15,,ships_panama_canal,46.0,
,,2025-01-16,,ships_panama_canal,40.0,
,,2025-01-17,,ships_panama_canal,36.0,
,,2025-01-18,,ships_panama_canal,64.0,
,,2025-01-19,,ships_panama_canal,110.0,
,,2025-01-20,,ships_panama_canal,83.0,
,,2025-01-21,,ships_panama_canal,49.0,
,,2025-01-22,,ships_panama_canal,42.0,
,,2025-01-23,,ships_panama_canal,48.0,
,,2025-01-24,,ships_panama_canal,47.0,
,,2023-09-01,,ships_cape_good_hope,11.0,
,,2023-09-02,,ships_cape_good_hope,10.0,
,,2023-09-03,,ships_cape_good_hope,12.0,
,,2023-09-04,,ships_cape_good_hope,13.0,
,,2023-09-05,,ships_cape_good_hope,6.0,
,,2023-09-06,,ships_cape_good_hope,12.0,
,,2023-09-07,,ships_cape_good_hope,20.0,
,,2023-09-08,,ships_cape_good_hope,22.0,
,,2023-09-09,,ships_cape_good_hope,15.0,
,,2023-09-10,,ships_cape_good_hope,9.0,
,,2023-09-11,,ships_cape_good_hope,9.0,
,,2023-09-12,,ships_cape_good_hope,18.0,
,,2023-09-13,,ships_cape_good_hope,19.0,
,,2023-09-14,,ships_cape_good_hope,17.0,
,,2023-09-15,,ships_cape_good_hope,14.0,
,,2023-09-16,,ships_cape_good_hope,7.0,
,,2023-09-17,,ships_cape_good_hope,11.0,
,,2023-09-18,,ships_cape_good_hope,25.0,
,,2023-09-19,,ships_cape_good_hope,20.0,
,,2023-09-20,,ships_cape_good_hope,25.0,
,,2023-09-21,,ships_cape_good_hope,18.0,
,,2023-09-22,,ships_cape_good_hope,13.0,
,,2023-09-23,,ships_cape_good_hope,12.0,
,,2023-09-24,,ships_cape_good_hope,7.0,
,,2023-09-25,,ships_cape_good_hope,13.0,
,,2023-09-26,,ships_cape_good_hope,15.0,
,,2023-09-27,,ships_cape_good_hope,11.0,
,,2023-09-28,,ships_cape_good_hope,14.0,
,,2023-09-29,,ships_cape_good_hope,19.0,
,,2023-09-30,,ships_cape_good_hope,20.0,
,,2023-10-01,,ships_cape_good_hope,16.0,
,,2023-10-02,,ships_cape_good_hope,16.0,
,,2023-10-03,,ships_cape_good_hope,14.0,
,,2023-10-04,,ships_cape_good_hope,13.0,
,,2023-10-05,,ships_cape_good_hope,11.0,
,,2023-10-06,,ships_cape_good_hope,6.0,
,,2023-10-07,,ships_cape_good_hope,6.0,
,,2023-10-08,,ships_cape_good_hope,14.0,
,,2023-10-09,,ships_cape_good_hope,13.0,
,,2023-10-10,,ships_cape_good_hope,13.0,
,,2023-10-11,,ships_cape_good_hope,12.0,
,,2023-10-12,,ships_cape_good_hope,11.0,
,,2023-10-13,,ships_cape_good_hope,13.0,
,,2023-10-14,,ships_cape_good_hope,16.0,
,,2023-10-15,,ships_cape_good_hope,15.0,
,,2023-10-16,,ships_cape_good_hope,16.0,
,,2023-10-17,,ships_cape_good_hope,16.0,
,,2023-10-18,,ships_cape_good_hope,17.0,
,,2023-10-19,,ships_cape_good_hope,16.0,
,,2023-10-20,,ships_cape_good_hope,17.0,
,,2023-10-21,,ships_cape_good_hope,9.0,
,,2023-10-22,,ships_cape_good_hope,13.0,
,,2023-10-23,,ships_cape_good_hope,18.0,
,,2023-10-24,,ships_cape_good_hope,12.0,
,,2023-10-25,,ships_cape_good_hope,11.0,
,,2023-10-26,,ships_cape_good_hope,17.0,
,,2023-10-27,,ships_cape_good_hope,11.0,
,,2023-10-28,,ships_cape_good_hope,12.0,
,,2023-10-29,,ships_cape_good_hope,11.0,
,,2023-10-30,,ships_cape_good_hope,12.0,
,,2023-10-31,,ships_cape_good_hope,12.0,
,,2023-11-01,,ships_cape_good_hope,14.0,
,,2023-11-02,,ships_cape_good_hope,13.0,
,,2023-11-03,,ships_cape_good_hope,17.0,
,,2023-11-04,,ships_cape_good_hope,12.0,
,,2023-11-05,,ships_cape_good_hope,14.0,
,,2023-11-06,,ships_cape_good_hope,11.0,
,,2023-11-07,,ships_cape_good_hope,6.0,
,,2023-11-08,,ships_cape_good_hope,7.0,
,,2023-11-09,,ships_cape_good_hope,11.0,
,,2023-11-10,,ships_cape_good_hope,14.0,
,,2023-11-11,,ships_cape_good_hope,9.0,
,,2023-11-12,,ships_cape_good_hope,9.0,
,,2023-11-13,,ships_cape_good_hope,10.0,
,,2023-11-14,,ships_cape_good_hope,10.0,
,,2023-11-15,,ships_cape_good_hope,15.0,
,,2023-11-16,,ships_cape_good_hope,15.0,
,,2023-11-17,,ships_cape_good_hope,17.0,
,,2023-11-18,,ships_cape_good_hope,11.0,
,,2023-11-19,,ships_cape_good_hope,17.0,
,,2023-11-20,,ships_cape_good_hope,15.0,
,,2023-11-21,,ships_cape_good_hope,11.0,
,,2023-11-22,,ships_cape_good_hope,11.0,
,,2023-11-23,,ships_cape_good_hope,10.0,
,,2023-11-24,,ships_cape_good_hope,10.0,
,,2023-11-25,,ships_cape_good_hope,15.0,
,,2023-11-26,,ships_cape_good_hope,16.0,
,,2023-11-27,,ships_cape_good_hope,13.0,
,,2023-11-28,,ships_cape_good_hope,9.0,
,,2023-11-29,,ships_cape_good_hope,13.0,
,,2023-11-30,,ships_cape_good_hope,12.0,
,,2023-12-01,,ships_cape_good_hope,11.0,
,,2023-12-02,,ships_cape_good_hope,10.0,
,,2023-12-03,,ships_cape_good_hope,6.0,
,,2023-12-04,,ships_cape_good_hope,10.0,
,,2023-12-05,,ships_cape_good_hope,10.0,
,,2023-12-06,,ships_cape_good_hope,10.0,
,,2023-12-07,,ships_cape_good_hope,12.0,
,,2023-12-08,,ships_cape_good_hope,9.0,
,,2023-12-09,,ships_cape_good_hope,7.0,
,,2023-12-10,,ships_cape_good_hope,12.0,
,,2023-12-11,,ships_cape_good_hope,21.0,
,,2023-12-12,,ships_cape_good_hope,21.0,
,,2023-12-13,,ships_cape_good_hope,16.0,
,,2023-12-14,,ships_cape_good_hope,8.0,
,,2023-12-15,,ships_cape_good_hope,16.0,
,,2023-12-16,,ships_cape_good_hope,7.0,
,,2023-12-17,,ships_cape_good_hope,10.0,
,,2023-12-18,,ships_cape_good_hope,8.0,
,,2023-12-19,,ships_cape_good_hope,14.0,
,,2023-12-20,,ships_cape_good_hope,18.0,
,,2023-12-21,,ships_cape_good_hope,15.0,
,,2023-12-22,,ships_cape_good_hope,14.0,
,,2023-12-23,,ships_cape_good_hope,10.0,
,,2023-12-24,,ships_cape_good_hope,17.0,
,,2023-12-25,,ships_cape_good_hope,26.0,
,,2023-12-26,,ships_cape_good_hope,27.0,
,,2023-12-27,,ships_cape_good_hope,36.0,
,,2023-12-28,,ships_cape_good_hope,42.0,
,,2023-12-29,,ships_cape_good_hope,48.0,
,,2023-12-30,,ships_cape_good_hope,37.0,
,,2023-12-31,,ships_cape_good_hope,46.0,
,,2024-01-01,,ships_cape_good_hope,46.0,
,,2024-01-02,,ships_cape_good_hope,48.0,
,,2024-01-03,,ships_cape_good_hope,49.0,
,,2024-01-04,,ships_cape_good_hope,46.0,
,,2024-01-05,,ships_cape_good_hope,39.0,
,,2024-01-06,,ships_cape_good_hope,40.0,
,,2024-01-07,,ships_cape_good_hope,36.0,
,,2024-01-08,,ships_cape_good_hope,44.0,
,,2024-01-09,,ships_cape_good_hope,40.0,
,,2024-01-10,,ships_cape_good_hope,36.0,
,,2024-01-11,,ships_cape_good_hope,43.0,
,,2024-01-12,,ships_cape_good_hope,45.0,
,,2024-01-13,,ships_cape_good_hope,46.0,
,,2024-01-14,,ships_cape_good_hope,36.0,
,,2024-01-15,,ships_cape_good_hope,36.0,
,,2024-01-16,,ships_cape_good_hope,33.0,
,,2024-01-17,,ships_cape_good_hope,35.0,
,,2024-01-18,,ships_cape_good_hope,40.0,
,,2024-01-19,,ships_cape_good_hope,38.0,
,,2024-01-20,,ships_cape_good_hope,33.0,
,,2024-01-21,,ships_cape_good_hope,29.0,
,,2024-01-22,,ships_cape_good_hope,31.0,
,,2024-01-23,,ships_cape_good_hope,40.0,
,,2024-01-24,,ships_cape_good_hope,44.0,
,,2024-01-25,,ships_cape_good_hope,42.0,
,,2024-01-26,,ships_cape_good_hope,40.0,
,,2024-01-27,,ships_cape_good_hope,41.0,
,,2024-01-28,,ships_cape_good_hope,33.0,
,,2024-01-29,,ships_cape_good_hope,40.0,
,,2024-01-30,,ships_cape_good_hope,29.0,
,,2024-01-31,,ships_cape_good_hope,29.0,
,,2024-02-01,,ships_cape_good_hope,44.0,
,,2024-02-02,,ships_cape_good_hope,37.0,
,,2024-02-03,,ships_cape_good_hope,36.0,
,,2024-02-04,,ships_cape_good_hope,41.0,
,,2024-02-05,,ships_cape_good_hope,32.0,
,,2024-02-06,,ships_cape_good_hope,28.0,
,,2024-02-07,,ships_cape_good_hope,28.0,
,,2024-02-08,,ships_cape_good_hope,32.0,
,,2024-02-09,,ships_cape_good_hope,37.0,
,,2024-02-10,,ships_cape_good_hope,44.0,
,,2024-02-11,,ships_cape_good_hope,35.0,
,,2024-02-12,,ships_cape_good_hope,28.0,
,,2024-02-13,,ships_cape_good_hope,28.0,
,,2024-02-14,,ships_cape_good_hope,28.0,
,,2024-02-15,,ships_cape_good_hope,20.0,
,,2024-02-16,,ships_cape_good_hope,26.0,
,,2024-02-17,,ships_cape_good_hope,36.0,
,,2024-02-18,,ships_cape_good_hope,47.0,
,,2024-02-19,,ships_cape_good_hope,40.0,
,,2024-02-20,,ships_cape_good_hope,34.0,
,,2024-02-21,,ships_cape_good_hope,42.0,
,,2024-02-22,,ships_cape_good_hope,44.0,
,,2024-02-23,,ships_cape_good_hope,40.0,
,,2024-02-24,,ships_cape_good_hope,34.0,
,,2024-02-25,,ships_cape_good_hope,35.0,
,,2024-02-26,,ships_cape_good_hope,40.0,
,,2024-02-27,,ships_cape_good_hope,41.0,
,,2024-02-28,,ships_cape_good_hope,47.0,
,,2024-02-29,,ships_cape_good_hope,48.0,
,,2024-03-01,,ships_cape_good_hope,52.0,
,,2024-03-02,,ships_cape_good_hope,48.0,
,,2024-03-03,,ships_cape_good_hope,39.0,
,,2024-03-04,,ships_cape_good_hope,34.0,
,,2024-03-05,,ships_cape_good_hope,34.0,
,,2024-03-06,,ships_cape_good_hope,37.0,
,,2024-03-07,,ships_cape_good_hope,48.0,
,,2024-03-08,,ships_cape_good_hope,42.0,
,,2024-03-09,,ships_cape_good_hope,46.0,
,,2024-03-10,,ships_cape_good_hope,40.0,
,,2024-03-11,,ships_cape_good_hope,40.0,
,,2024-03-12,,ships_cape_good_hope,45.0,
,,2024-03-13,,ships_cape_good_hope,47.0,
,,2024-03-14,,ships_cape_good_hope,36.0,
,,2024-03-15,,ships_cape_good_hope,33.0,
,,2024-03-16,,ships_cape_good_hope,42.0,
,,2024-03-17,,ships_cape_good_hope,42.0,
,,2024-03-18,,ships_cape_good_hope,35.0,
,,2024-03-19,,ships_cape_good_hope,22.0,
,,2024-03-20,,ships_cape_good_hope,27.0,
,,2024-03-21,,ships_cape_good_hope,35.0,
,,2024-03-22,,ships_cape_good_hope,28.0,
,,2024-03-23,,ships_cape_good_hope,27.0,
,,2024-03-24,,ships_cape_good_hope,31.0,
,,2024-03-25,,ships_cape_good_hope,36.0,
,,2024-03-26,,ships_cape_good_hope,30.0,
,,2024-03-27,,ships_cape_good_hope,29.0,
,,2024-03-28,,ships_cape_good_hope,34.0,
,,2024-03-29,,ships_cape_good_hope,45.0,
,,2024-03-30,,ships_cape_good_hope,42.0,
,,2024-03-31,,ships_cape_good_hope,38.0,
,,2024-04-01,,ships_cape_good_hope,45.0,
,,2024-04-02,,ships_cape_good_hope,40.0,
,,2024-04-03,,ships_cape_good_hope,38.0,
,,2024-04-04,,ships_cape_good_hope,39.0,
,,2024-04-05,,ships_cape_good_hope,32.0,
,,2024-04-06,,ships_cape_good_hope,31.0,
,,2024-04-07,,ships_cape_good_hope,24.0,
,,2024-04-08,,ships_cape_good_hope,28.0,
,,2024-04-09,,ships_cape_good_hope,30.0,
,,2024-04-10,,ships_cape_good_hope,39.0,
,,2024-04-11,,ships_cape_good_hope,48.0,
,,2024-04-12,,ships_cape_good_hope,39.0,
,,2024-04-13,,ships_cape_good_hope,40.0,
,,2024-04-14,,ships_cape_good_hope,46.0,
,,2024-04-15,,ships_cape_good_hope,50.0,
,,2024-04-16,,ships_cape_good_hope,41.0,
,,2024-04-17,,ships_cape_good_hope,35.0,
,,2024-04-18,,ships_cape_good_hope,46.0,
,,2024-04-19,,ships_cape_good_hope,56.0,
,,2024-04-20,,ships_cape_good_hope,48.0,
,,2024-04-21,,ships_cape_good_hope,46.0,
,,2024-04-22,,ships_cape_good_hope,40.0,
,,2024-04-23,,ships_cape_good_hope,35.0,
,,2024-04-24,,ships_cape_good_hope,37.0,
,,2024-04-25,,ships_cape_good_hope,36.0,
,,2024-04-26,,ships_cape_good_hope,41.0,
,,2024-04-27,,ships_cape_good_hope,50.0,
,,2024-04-28,,ships_cape_good_hope,45.0,
,,2024-04-29,,ships_cape_good_hope,29.0,
,,2024-04-30,,ships_cape_good_hope,23.0,
,,2024-05-01,,ships_cape_good_hope,37.0,
,,2024-05-02,,ships_cape_good_hope,47.0,
,,2024-05-03,,ships_cape_good_hope,41.0,
,,2024-05-04,,ships_cape_good_hope,32.0,
,,2024-05-05,,ships_cape_good_hope,51.0,
,,2024-05-06,,ships_cape_good_hope,45.0,
,,2024-05-07,,ships_cape_good_hope,36.0,
,,2024-05-08,,ships_cape_good_hope,27.0,
,,2024-05-09,,ships_cape_good_hope,36.0,
,,2024-05-10,,ships_cape_good_hope,42.0,
,,2024-05-11,,ships_cape_good_hope,45.0,
,,2024-05-12,,ships_cape_good_hope,42.0,
,,2024-05-13,,ships_cape_good_hope,36.0,
,,2024-05-14,,ships_cape_good_hope,30.0,
,,2024-05-15,,ships_cape_good_hope,34.0,
,,2024-05-16,,ships_cape_good_hope,38.0,
,,2024-05-17,,ships_cape_good_hope,53.0,
,,2024-05-18,,ships_cape_good_hope,49.0,
,,2024-05-19,,ships_cape_good_hope,34.0,
,,2024-05-20,,ships_cape_good_hope,26.0,
,,2024-05-21,,ships_cape_good_hope,30.0,
,,2024-05-22,,ships_cape_good_hope,35.0,
,,2024-05-23,,ships_cape_good_hope,44.0,
,,2024-05-24,,ships_cape_good_hope,40.0,
,,2024-05-25,,ships_cape_good_hope,32.0,
,,2024-05-26,,ships_cape_good_hope,28.0,
,,2024-05-27,,ships_cape_good_hope,35.0,
,,2024-05-28,,ships_cape_good_hope,45.0,
,,2024-05-29,,ships_cape_good_hope,49.0,
,,2024-05-30,,ships_cape_good_hope,46.0,
,,2024-05-31,,ships_cape_good_hope,33.0,
,,2024-06-01,,ships_cape_good_hope,18.0,
,,2024-06-02,,ships_cape_good_hope,30.0,
,,2024-06-03,,ships_cape_good_hope,35.0,
,,2024-06-04,,ships_cape_good_hope,36.0,
,,2024-06-05,,ships_cape_good_hope,43.0,
,,2024-06-06,,ships_cape_good_hope,34.0,
,,2024-06-07,,ships_cape_good_hope,44.0,
,,2024-06-08,,ships_cape_good_hope,43.0,
,,2024-06-09,,ships_cape_good_hope,33.0,
,,2024-06-10,,ships_cape_good_hope,35.0,
,,2024-06-11,,ships_cape_good_hope,44.0,
,,2024-06-12,,ships_cape_good_hope,48.0,
,,2024-06-13,,ships_cape_good_hope,50.0,
,,2024-06-14,,ships_cape_good_hope,51.0,
,,2024-06-15,,ships_cape_good_hope,43.0,
,,2024-06-16,,ships_cape_good_hope,37.0,
,,2024-06-17,,ships_cape_good_hope,42.0,
,,2024-06-18,,ships_cape_good_hope,37.0,
,,2024-06-19,,ships_cape_good_hope,40.0,
,,2024-06-20,,ships_cape_good_hope,36.0,
,,2024-06-21,,ships_cape_good_hope,29.0,
,,2024-06-22,,ships_cape_good_hope,31.0,
,,2024-06-23,,ships_cape_good_hope,46.0,
,,2024-06-24,,ships_cape_good_hope,36.0,
,,2024-06-25,,ships_cape_good_hope,19.0,
,,2024-06-26,,ships_cape_good_hope,40.0,
,,2024-06-27,,ships_cape_good_hope,48.0,
,,2024-06-28,,ships_cape_good_hope,62.0,
,,2024-06-29,,ships_cape_good_hope,48.0,
,,2024-06-30,,ships_cape_good_hope,29.0,
,,2024-07-01,,ships_cape_good_hope,33.0,
,,2024-07-02,,ships_cape_good_hope,38.0,
,,2024-07-03,,ships_cape_good_hope,48.0,
,,2024-07-04,,ships_cape_good_hope,45.0,
,,2024-07-05,,ships_cape_good_hope,43.0,
,,2024-07-06,,ships_cape_good_hope,25.0,
,,2024-07-07,,ships_cape_good_hope,5.0,
,,2024-07-08,,ships_cape_good_hope,2.0,
,,2024-07-09,,ships_cape_good_hope,8.0,
,,2024-07-10,,ships_cape_good_hope,33.0,
,,2024-07-11,,ships_cape_good_hope,43.0,
,,2024-07-12,,ships_cape_good_hope,63.0,
,,2024-07-13,,ships_cape_good_hope,82.0,
,,2024-07-14,,ships_cape_good_hope,63.0,
,,2024-07-15,,ships_cape_good_hope,38.0,
,,2024-07-16,,ships_cape_good_hope,43.0,
,,2024-07-17,,ships_cape_good_hope,44.0,
,,2024-07-18,,ships_cape_good_hope,41.0,
,,2024-07-19,,ships_cape_good_hope,30.0,
,,2024-07-20,,ships_cape_good_hope,31.0,
,,2024-07-21,,ships_cape_good_hope,39.0,
,,2024-07-22,,ships_cape_good_hope,56.0,
,,2024-07-23,,ships_cape_good_hope,53.0,
,,2024-07-24,,ships_cape_good_hope,42.0,
,,2024-07-25,,ships_cape_good_hope,47.0,
,,2024-07-26,,ships_cape_good_hope,25.0,
,,2024-07-27,,ships_cape_good_hope,3.0,
,,2024-07-28,,ships_cape_good_hope,3.0,
,,2024-07-29,,ships_cape_good_hope,17.0,
,,2024-07-30,,ships_cape_good_hope,44.0,
,,2024-07-31,,ships_cape_good_hope,74.0,
,,2024-08-01,,ships_cape_good_hope,77.0,
,,2024-08-02,,ships_cape_good_hope,49.0,
,,2024-08-03,,ships_cape_good_hope,33.0,
,,2024-08-04,,ships_cape_good_hope,39.0,
,,2024-08-05,,ships_cape_good_hope,30.0,
,,2024-08-06,,ships_cape_good_hope,39.0,
,,2024-08-07,,ships_cape_good_hope,51.0,
,,2024-08-08,,ships_cape_good_hope,38.0,
,,2024-08-09,,ships_cape_good_hope,10.0,
,,2024-08-10,,ships_cape_good_hope,24.0,
,,2024-08-11,,ships_cape_good_hope,45.0,
,,2024-08-12,,ships_cape_good_hope,37.0,
,,2024-08-13,,ships_cape_good_hope,39.0,
,,2024-08-14,,ships_cape_good_hope,55.0,
,,2024-08-15,,ships_cape_good_hope,48.0,
,,2024-08-16,,ships_cape_good_hope,45.0,
,,2024-08-17,,ships_cape_good_hope,50.0,
,,2024-08-18,,ships_cape_good_hope,47.0,
,,2024-08-19,,ships_cape_good_hope,40.0,
,,2024-08-20,,ships_cape_good_hope,47.0,
,,2024-08-21,,ships_cape_good_hope,51.0,
,,2024-08-22,,ships_cape_good_hope,39.0,
,,2024-08-23,,ships_cape_good_hope,47.0,
,,2024-08-24,,ships_cape_good_hope,35.0,
,,2024-08-25,,ships_cape_good_hope,31.0,
,,2024-08-26,,ships_cape_good_hope,33.0,
,,2024-08-27,,ships_cape_good_hope,17.0,
,,2024-08-28,,ships_cape_good_hope,14.0,
,,2024-08-29,,ships_cape_good_hope,32.0,
,,2024-08-30,,ships_cape_good_hope,58.0,
,,2024-08-31,,ships_cape_good_hope,83.0,
,,2024-09-01,,ships_cape_good_hope,67.0,
,,2024-09-02,,ships_cape_good_hope,51.0,
,,2024-09-03,,ships_cape_good_hope,42.0,
,,2024-09-04,,ships_cape_good_hope,40.0,
,,2024-09-05,,ships_cape_good_hope,43.0,
,,2024-09-06,,ships_cape_good_hope,48.0,
,,2024-09-07,,ships_cape_good_hope,44.0,
,,2024-09-08,,ships_cape_good_hope,30.0,
,,2024-09-09,,ships_cape_good_hope,22.0,
,,2024-09-10,,ships_cape_good_hope,34.0,
,,2024-09-11,,ships_cape_good_hope,49.0,
,,2024-09-12,,ships_cape_good_hope,44.0,
,,2024-09-13,,ships_cape_good_hope,41.0,
,,2024-09-14,,ships_cape_good_hope,31.0,
,,2024-09-15,,ships_cape_good_hope,40.0,
,,2024-09-16,,ships_cape_good_hope,35.0,
,,2024-09-17,,ships_cape_good_hope,40.0,
,,2024-09-18,,ships_cape_good_hope,43.0,
,,2024-09-19,,ships_cape_good_hope,39.0,
,,2024-09-20,,ships_cape_good_hope,30.0,
,,2024-09-21,,ships_cape_good_hope,29.0,
,,2024-09-22,,ships_cape_good_hope,39.0,
,,2024-09-23,,ships_cape_good_hope,55.0,
,,2024-09-24,,ships_cape_good_hope,51.0,
,,2024-09-25,,ships_cape_good_hope,38.0,
,,2024-09-26,,ships_cape_good_hope,34.0,
,,2024-09-27,,ships_cape_good_hope,45.0,
,,2024-09-28,,ships_cape_good_hope,31.0,
,,2024-09-29,,ships_cape_good_hope,15.0,
,,2024-09-30,,ships_cape_good_hope,23.0,
,,2024-10-01,,ships_cape_good_hope,38.0,
,,2024-10-02,,ships_cape_good_hope,38.0,
,,2024-10-03,,ships_cape_good_hope,63.0,
,,2024-10-04,,ships_cape_good_hope,64.0,
,,2024-10-05,,ships_cape_good_hope,50.0,
,,2024-10-06,,ships_cape_good_hope,48.0,
,,2024-10-07,,ships_cape_good_hope,39.0,
,,2024-10-08,,ships_cape_good_hope,35.0,
,,2024-10-09,,ships_cape_good_hope,34.0,
,,2024-10-10,,ships_cape_good_hope,33.0,
,,2024-10-11,,ships_cape_good_hope,37.0,
,,2024-10-12,,ships_cape_good_hope,38.0,
,,2024-10-13,,ships_cape_good_hope,34.0,
,,2024-10-14,,ships_cape_good_hope,32.0,
,,2024-10-15,,ships_cape_good_hope,27.0,
,,2024-10-16,,ships_cape_good_hope,44.0,
,,2024-10-17,,ships_cape_good_hope,46.0,
,,2024-10-18,,ships_cape_good_hope,42.0,
,,2024-10-19,,ships_cape_good_hope,30.0,
,,2024-10-20,,ships_cape_good_hope,33.0,
,,2024-10-21,,ships_cape_good_hope,41.0,
,,2024-10-22,,ships_cape_good_hope,37.0,
,,2024-10-23,,ships_cape_good_hope,33.0,
,,2024-10-24,,ships_cape_good_hope,42.0,
,,2024-10-25,,ships_cape_good_hope,42.0,
,,2024-10-26,,ships_cape_good_hope,38.0,
,,2024-10-27,,ships_cape_good_hope,23.0,
,,2024-10-28,,ships_cape_good_hope,34.0,
,,2024-10-29,,ships_cape_good_hope,59.0,
,,2024-10-30,,ships_cape_good_hope,56.0,
,,2024-10-31,,ships_cape_good_hope,43.0,
,,2024-11-01,,ships_cape_good_hope,44.0,
,,2024-11-02,,ships_cape_good_hope,48.0,
,,2024-11-03,,ships_cape_good_hope,37.0,
,,2024-11-04,,ships_cape_good_hope,33.0,
,,2024-11-05,,ships_cape_good_hope,37.0,
,,2024-11-06,,ships_cape_good_hope,38.0,
,,2024-11-07,,ships_cape_good_hope,38.0,
,,2024-11-08,,ships_cape_good_hope,43.0,
,,2024-11-09,,ships_cape_good_hope,28.0,
,,2024-11-10,,ships_cape_good_hope,38.0,
,,2024-11-11,,ships_cape_good_hope,29.0,
,,2024-11-12,,ships_cape_good_hope,32.0,
,,2024-11-13,,ships_cape_good_hope,48.0,
,,2024-11-14,,ships_cape_good_hope,37.0,
,,2024-11-15,,ships_cape_good_hope,36.0,
,,2024-11-16,,ships_cape_good_hope,40.0,
,,2024-11-17,,ships_cape_good_hope,43.0,
,,2024-11-18,,ships_cape_good_hope,41.0,
,,2024-11-19,,ships_cape_good_hope,42.0,
,,2024-11-20,,ships_cape_good_hope,48.0,
,,2024-11-21,,ships_cape_good_hope,50.0,
,,2024-11-22,,ships_cape_good_hope,39.0,
,,2024-11-23,,ships_cape_good_hope,37.0,
,,2024-11-24,,ships_cape_good_hope,40.0,
,,2024-11-25,,ships_cape_good_hope,27.0,
,,2024-11-26,,ships_cape_good_hope,36.0,
,,2024-11-27,,ships_cape_good_hope,46.0,
,,2024-11-28,,ships_cape_good_hope,46.0,
,,2024-11-29,,ships_cape_good_hope,37.0,
,,2024-11-30,,ships_cape_good_hope,38.0,
,,2024-12-01,,ships_cape_good_hope,37.0,
,,2024-12-02,,ships_cape_good_hope,44.0,
,,2024-12-03,,ships_cape_good_hope,44.0,
,,2024-12-04,,ships_cape_good_hope,46.0,
,,2024-12-05,,ships_cape_good_hope,47.0,
,,2024-12-06,,ships_cape_good_hope,35.0,
,,2024-12-07,,ships_cape_good_hope,29.0,
,,2024-12-08,,ships_cape_good_hope,32.0,
,,2024-12-09,,ships_cape_good_hope,44.0,
,,2024-12-10,,ships_cape_good_hope,52.0,
,,2024-12-11,,ships_cape_good_hope,42.0,
,,2024-12-12,,ships_cape_good_hope,37.0,
,,2024-12-13,,ships_cape_good_hope,38.0,
,,2024-12-14,,ships_cape_good_hope,31.0,
,,2024-12-15,,ships_cape_good_hope,36.0,
,,2024-12-16,,ships_cape_good_hope,43.0,
,,2024-12-17,,ships_cape_good_hope,41.0,
,,2024-12-18,,ships_cape_good_hope,42.0,
,,2024-12-19,,ships_cape_good_hope,41.0,
,,2024-12-20,,ships_cape_good_hope,39.0,
,,2024-12-21,,ships_cape_good_hope,34.0,
,,2024-12-22,,ships_cape_good_hope,37.0,
,,2024-12-23,,ships_cape_good_hope,47.0,
,,2024-12-24,,ships_cape_good_hope,43.0,
,,2024-12-25,,ships_cape_good_hope,37.0,
,,2024-12-26,,ships_cape_good_hope,48.0,
,,2024-12-27,,ships_cape_good_hope,53.0,
,,2024-12-28,,ships_cape_good_hope,32.0,
,,2024-12-29,,ships_cape_good_hope,40.0,
,,2024-12-30,,ships_cape_good_hope,35.0,
,,2024-12-31,,ships_cape_good_hope,33.0,
,,2025-01-01,,ships_cape_good_hope,48.0,
,,2025-01-02,,ships_cape_good_hope,49.0,
,,2025-01-03,,ships_cape_good_hope,42.0,
,,2025-01-04,,ships_cape_good_hope,40.0,
,,2025-01-05,,ships_cape_good_hope,38.0,
,,2025-01-06,,ships_cape_good_hope,38.0,
,,2025-01-07,,ships_cape_good_hope,39.0,
,,2025-01-08,,ships_cape_good_hope,39.0,
,,2025-01-09,,ships_cape_good_hope,32.0,
,,2025-01-10,,ships_cape_good_hope,29.0,
,,2025-01-11,,ships_cape_good_hope,41.0,
,,2025-01-12,,ships_cape_good_hope,47.0,
,,2025-01-13,,ships_cape_good_hope,47.0,
,,2025-01-14,,ships_cape_good_hope,47.0,
,,2025-01-15,,ships_cape_good_hope,32.0,
,,2025-01-16,,ships_cape_good_hope,39.0,
,,2025-01-17,,ships_cape_good_hope,41.0,
,,2025-01-18,,ships_cape_good_hope,33.0,
,,2025-01-19,,ships_cape_good_hope,35.0,
,,2025-01-20,,ships_cape_good_hope,35.0,
,,2025-01-21,,ships_cape_good_hope,52.0,
,,2025-01-22,,ships_cape_good_hope,50.0,
,,2025-01-23,,ships_cape_good_hope,38.0,
,,2025-01-24,,ships_cape_good_hope,39.0,
,,2025-01-25,,ships_cape_good_hope,44.0,
,,2025-01-26,,ships_cape_good_hope,35.0,
,,2025-01-27,,ships_cape_good_hope,33.0,
,,2025-01-28,,ships_cape_good_hope,51.0,
,,2025-01-29,,ships_cape_good_hope,53.0,
,,2025-01-30,,ships_cape_good_hope,47.0,
,,2025-01-31,,ships_cape_good_hope,36.0,
,,2025-02-01,,ships_cape_good_hope,32.0,
,,2025-02-02,,ships_cape_good_hope,41.0,
,,2025-02-03,,ships_cape_good_hope,41.0,
,,2025-02-04,,ships_cape_good_hope,43.0,
,,2025-02-05,,ships_cape_good_hope,45.0,
,,2025-02-06,,ships_cape_good_hope,49.0,
,,2025-02-07,,ships_cape_good_hope,50.0,
,,2025-02-08,,ships_cape_good_hope,45.0,
,,2025-02-09,,ships_cape_good_hope,45.0,
,,2025-02-10,,ships_cape_good_hope,38.0,
,,2025-02-11,,ships_cape_good_hope,42.0,
,,2025-02-12,,ships_cape_good_hope,41.0,
,,2025-02-13,,ships_cape_good_hope,44.0,
,,2025-02-14,,ships_cape_good_hope,53.0,
,,2025-02-15,,ships_cape_good_hope,57.0,
,,2025-02-16,,ships_cape_good_hope,48.0,
,,2025-02-17,,ships_cape_good_hope,41.0,
,,2025-02-18,,ships_cape_good_hope,47.0,
,,2025-02-19,,ships_cape_good_hope,47.0,
,,2025-02-20,,ships_cape_good_hope,53.0,
,,2025-02-21,,ships_cape_good_hope,48.0,
,,2025-02-22,,ships_cape_good_hope,55.0,
,,2025-02-23,,ships_cape_good_hope,53.0,
,,2025-02-24,,ships_cape_good_hope,43.0,
,,2025-02-25,,ships_cape_good_hope,35.0,
,,2025-02-26,,ships_cape_good_hope,47.0,
,,2025-02-27,,ships_cape_good_hope,52.0,
,,2025-02-28,,ships_cape_good_hope,43.0,
,,2025-03-01,,ships_cape_good_hope,37.0,
,,2025-03-02,,ships_cape_good_hope,37.0,
,,2025-03-03,,ships_cape_good_hope,44.0,
,,2025-03-04,,ships_cape_good_hope,43.0,
,,2025-03-05,,ships_cape_good_hope,35.0,
,,2025-03-06,,ships_cape_good_hope,40.0,
,,2025-03-07,,ships_cape_good_hope,42.0,
,,2025-03-08,,ships_cape_good_hope,46.0,
,,2025-03-09,,ships_cape_good_hope,52.0,
,,2025-03-10,,ships_cape_good_hope,50.0,
,,2025-03-11,,ships_cape_good_hope,38.0,
,,2025-03-12,,ships_cape_good_hope,38.0,
,,2025-03-13,,ships_cape_good_hope,43.0,
,,2025-03-14,,ships_cape_good_hope,55.0,
,,2025-03-15,,ships_cape_good_hope,66.0,
,,2025-03-16,,ships_cape_good_hope,43.0,
,,2025-03-17,,ships_cape_good_hope,36.0,
,,2025-03-18,,ships_cape_good_hope,41.0,
,,2025-03-19,,ships_cape_good_hope,41.0,
,,2025-03-20,,ships_cape_good_hope,39.0,
,,2025-03-21,,ships_cape_good_hope,48.0,
,,2025-03-22,,ships_cape_good_hope,45.0,
,,2025-03-23,,ships_cape_good_hope,40.0,
,,2025-03-24,,ships_cape_good_hope,41.0,
,,2025-03-25,,ships_cape_good_hope,40.0,
,,2025-03-26,,ships_cape_good_hope,47.0,
,,2025-03-27,,ships_cape_good_hope,55.0,
,,2025-03-28,,ships_cape_good_hope,60.0,
,,2025-03-29,,ships_cape_good_hope,36.0,
,,2025-03-30,,ships_cape_good_hope,27.0,
,,2025-03-31,,ships_cape_good_hope,34.0,
,,2025-04-01,,ships_cape_good_hope,41.0,
,,2025-04-02,,ships_cape_good_hope,49.0,
,,2025-04-03,,ships_cape_good_hope,45.0,
,,2025-04-04,,ships_cape_good_hope,59.0,
,,2025-04-05,,ships_cape_good_hope,59.0,
,,2025-04-06,,ships_cape_good_hope,42.0,
,,2025-04-07,,ships_cape_good_hope,44.0,
,,2025-04-08,,ships_cape_good_hope,43.0,
,,2025-04-09,,ships_cape_good_hope,38.0,
,,2025-04-10,,ships_cape_good_hope,36.0,
,,2025-04-11,,ships_cape_good_hope,37.0,
,,2025-04-12,,ships_cape_good_hope,38.0,
,,2025-04-13,,ships_cape_good_hope,40.0,
,,2025-04-14,,ships_cape_good_hope,40.0,
,,2025-04-15,,ships_cape_good_hope,41.0,
,,2025-04-16,,ships_cape_good_hope,41.0,
,,2025-04-17,,ships_cape_good_hope,52.0,
,,2025-04-18,,ships_cape_good_hope,55.0,
,,2025-04-19,,ships_cape_good_hope,52.0,
,,2025-04-20,,ships_cape_good_hope,38.0,
,,2025-04-21,,ships_cape_good_hope,28.0,
,,2025-04-22,,ships_cape_good_hope,39.0,
,,2025-04-23,,ships_cape_good_hope,57.0,
,,2025-04-24,,ships_cape_good_hope,51.0,
,,2025-04-25,,ships_cape_good_hope,42.0,
,,2025-04-26,,ships_cape_good_hope,46.0,
,,2025-04-27,,ships_cape_good_hope,48.0,
,,2025-04-28,,ships_cape_good_hope,42.0,
,,2025-04-29,,ships_cape_good_hope,37.0,
,,2025-04-30,,ships_cape_good_hope,35.0,
,,2025-05-01,,ships_cape_good_hope,31.0,
,,2025-05-02,,ships_cape_good_hope,37.0,
,,2025-05-03,,ships_cape_good_hope,44.0,
,,2025-05-04,,ships_cape_good_hope,34.0,
,,2025-05-05,,ships_cape_good_hope,48.0,
,,2025-05-06,,ships_cape_good_hope,55.0,
,,2025-05-07,,ships_cape_good_hope,46.0,
,,2025-05-08,,ships_cape_good_hope,43.0,
,,2025-05-09,,ships_cape_good_hope,38.0,
,,2025-05-10,,ships_cape_good_hope,32.0,
,,2025-05-11,,ships_cape_good_hope,40.0,
,,2025-05-12,,ships_cape_good_hope,42.0,
,,2025-05-13,,ships_cape_good_hope,45.0,
,,2025-05-14,,ships_cape_good_hope,57.0,
,,2025-05-15,,ships_cape_good_hope,58.0,
,,2025-05-16,,ships_cape_good_hope,60.0,
,,2025-05-17,,ships_cape_good_hope,51.0,
,,2025-05-18,,ships_cape_good_hope,36.0,
,,2025-05-19,,ships_cape_good_hope,24.0,
,,2025-05-20,,ships_cape_good_hope,22.0,
,,2025-05-21,,ships_cape_good_hope,25.0,
,,2025-05-22,,ships_cape_good_hope,33.0,
,,2025-05-23,,ships_cape_good_hope,46.0,
,,2025-05-24,,ships_cape_good_hope,49.0,
,,2025-05-25,,ships_cape_good_hope,49.0,
,,2025-05-26,,ships_cape_good_hope,44.0,
,,2025-05-27,,ships_cape_good_hope,36.0,
,,2025-05-28,,ships_cape_good_hope,48.0,
,,2025-05-29,,ships_cape_good_hope,37.0,
,,2025-05-30,,ships_cape_good_hope,25.0,
,,2025-05-31,,ships_cape_good_hope,23.0,
,,2025-06-01,,ships_cape_good_hope,29.0,
,,2025-06-02,,ships_cape_good_hope,27.0,
,,2025-06-03,,ships_cape_good_hope,54.0,
,,2025-06-04,,ships_cape_good_hope,68.0,
,,2025-06-05,,ships_cape_good_hope,60.0,
,,2025-06-06,,ships_cape_good_hope,45.0,
,,2025-06-07,,ships_cape_good_hope,32.0,
,,2025-06-08,,ships_cape_good_hope,25.0,
,,2025-06-09,,ships_cape_good_hope,48.0,
,,2025-06-10,,ships_cape_good_hope,56.0,
,,2025-06-11,,ships_cape_good_hope,35.0,
,,2025-06-12,,ships_cape_good_hope,36.0,
,,2025-06-13,,ships_cape_good_hope,41.0,
,,2025-06-14,,ships_cape_good_hope,43.0,
,,2025-06-15,,ships_cape_good_hope,52.0,
,,2025-06-16,,ships_cape_good_hope,46.0,
,,2025-06-17,,ships_cape_good_hope,35.0,
,,2025-06-18,,ships_cape_good_hope,36.0,
,,2025-06-19,,ships_cape_good_hope,38.0,
,,2025-06-20,,ships_cape_good_hope,69.0,
,,2025-06-21,,ships_cape_good_hope,72.0,
,,2025-06-22,,ships_cape_good_hope,39.0,
,,2025-06-23,,ships_cape_good_hope,48.0,
,,2025-06-24,,ships_cape_good_hope,38.0,
,,2025-06-25,,ships_cape_good_hope,11.0,
,,2025-06-26,,ships_cape_good_hope,8.0,
,,2025-06-27,,ships_cape_good_hope,33.0,
,,2025-06-28,,ships_cape_good_hope,71.0,
,,2025-06-29,,ships_cape_good_hope,67.0,
,,2025-06-30,,ships_cape_good_hope,47.0,
,,2025-07-01,,ships_cape_good_hope,44.0,
,,2025-07-02,,ships_cape_good_hope,48.0,
,,2025-07-03,,ships_cape_good_hope,46.0,
,,2025-07-04,,ships_cape_good_hope,38.0,
,,2025-07-05,,ships_cape_good_hope,30.0,
,,2025-07-06,,ships_cape_good_hope,45.0,
,,2025-07-07,,ships_cape_good_hope,41.0,
,,2025-07-08,,ships_cape_good_hope,41.0,
,,2025-07-09,,ships_cape_good_hope,46.0,
,,2025-07-10,,ships_cape_good_hope,34.0,
,,2025-07-11,,ships_cape_good_hope,29.0,
,,2025-07-12,,ships_cape_good_hope,41.0,
,,2025-07-13,,ships_cape_good_hope,63.0,
,,2025-07-14,,ships_cape_good_hope,63.0,
,,2025-07-15,,ships_cape_good_hope,45.0,
,,2025-07-16,,ships_cape_good_hope,33.0,
,,2025-07-17,,ships_cape_good_hope,28.0,
,,2025-07-18,,ships_cape_good_hope,36.0,
,,2025-07-19,,ships_cape_good_hope,53.0,
,,2025-07-20,,ships_cape_good_hope,55.0,
,,2025-07-21,,ships_cape_good_hope,46.0,
,,2025-07-22,,ships_cape_good_hope,38.0,
,,2025-07-23,,ships_cape_good_hope,28.0,
,,2025-07-24,,ships_cape_good_hope,34.0,
,,2025-07-25,,ships_cape_good_hope,49.0,
,,2025-07-26,,ships_cape_good_hope,51.0,
,,2025-07-27,,ships_cape_good_hope,45.0,
,,2025-07-28,,ships_cape_good_hope,36.0,
,,2025-07-29,,ships_cape_good_hope,33.0,
,,2025-07-30,,ships_cape_good_hope,38.0,
,,2025-07-31,,ships_cape_good_hope,30.0,
,,2025-08-01,,ships_cape_good_hope,44.0,
,,2025-08-02,,ships_cape_good_hope,69.0,
,,2025-08-03,,ships_cape_good_hope,55.0,
,,2025-08-04,,ships_cape_good_hope,31.0,
,,2025-08-05,,ships_cape_good_hope,16.0,
,,2025-08-06,,ships_cape_good_hope,50.0,
,,2025-08-07,,ships_cape_good_hope,57.0,
,,2025-08-08,,ships_cape_good_hope,30.0,
,,2025-08-09,,ships_cape_good_hope,26.0,
,,2025-08-10,,ships_cape_good_hope,38.0,
,,2025-08-11,,ships_cape_good_hope,40.0,
,,2025-08-12,,ships_cape_good_hope,41.0,
,,2025-08-13,,ships_cape_good_hope,45.0,
,,2025-08-14,,ships_cape_good_hope,44.0,
,,2025-08-15,,ships_cape_good_hope,39.0,
,,2025-08-16,,ships_cape_good_hope,46.0,
,,2025-08-17,,ships_cape_good_hope,38.0,
,,2025-08-18,,ships_cape_good_hope,34.0,
,,2025-08-19,,ships_cape_good_hope,53.0,
,,2025-08-20,,ships_cape_good_hope,59.0,
,,2025-08-21,,ships_cape_good_hope,38.0,
,,2025-08-22,,ships_cape_good_hope,17.0,
,,2025-08-23,,ships_cape_good_hope,16.0,
,,2025-08-24,,ships_cape_good_hope,32.0,
,,2025-08-25,,ships_cape_good_hope,49.0,
,,2025-08-26,,ships_cape_good_hope,67.0,
,,2025-08-27,,ships_cape_good_hope,49.0,
,,2025-08-28,,ships_cape_good_hope,31.0,
,,2025-08-29,,ships_cape_good_hope,29.0,
,,2025-08-30,,ships_cape_good_hope,38.0,
,,2025-08-31,,ships_cape_good_hope,42.0,
,,2025-09-01,,ships_cape_good_hope,45.0,
,,2025-09-02,,ships_cape_good_hope,40.0,
,,2025-09-03,,ships_cape_good_hope,44.0,
,,2025-09-04,,ships_cape_good_hope,36.0,
,,2025-09-05,,ships_cape_good_hope,36.0,
,,2025-09-06,,ships_cape_good_hope,44.0,
,,2025-09-07,,ships_cape_good_hope,40.0,
,,2025-09-08,,ships_cape_good_hope,50.0,
,,2025-09-09,,ships_cape_good_hope,46.0,
,,2025-09-10,,ships_cape_good_hope,36.0,
,,2025-09-11,,ships_cape_good_hope,33.0,
,,2025-09-12,,ships_cape_good_hope,27.0,
,,2025-09-13,,ships_cape_good_hope,41.0,
,,2025-09-14,,ships_cape_good_hope,34.0,
,,2025-09-15,,ships_cape_good_hope,19.0,
,,2025-09-16,,ships_cape_good_hope,25.0,
,,2025-09-17,,ships_cape_good_hope,32.0,
,,2025-09-18,,ships_cape_good_hope,32.0,
,,2025-09-19,,ships_cape_good_hope,49.0,
,,2025-09-20,,ships_cape_good_hope,48.0,
,,2025-09-21,,ships_cape_good_hope,35.0,
,,2025-09-22,,ships_cape_good_hope,33.0,
,,2025-09-23,,ships_cape_good_hope,28.0,
,,2025-09-24,,ships_cape_good_hope,24.0,
,,2025-09-25,,ships_cape_good_hope,28.0,
,,2025-09-26,,ships_cape_good_hope,34.0,
,,2025-09-27,,ships_cape_good_hope,27.0,
,,2025-09-28,,ships_cape_good_hope,30.0,
,,2025-09-29,,ships_cape_good_hope,34.0,
,,2025-09-30,,ships_cape_good_hope,33.0,
,,2025-10-01,,ships_cape_good_hope,28.0,
,,2025-10-02,,ships_cape_good_hope,31.0,
,,2025-10-03,,ships_cape_good_hope,42.0,
,,2025-10-04,,ships_cape_good_hope,38.0,
,,2025-10-05,,ships_cape_good_hope,19.0,
,,2025-10-06,,ships_cape_good_hope,21.0,
,,2025-10-07,,ships_cape_good_hope,38.0,
,,2025-10-08,,ships_cape_good_hope,36.0,
,,2025-10-09,,ships_cape_good_hope,48.0,
,,2025-10-10,,ships_cape_good_hope,48.0,
,,2025-10-11,,ships_cape_good_hope,35.0,
,,2025-10-12,,ships_cape_good_hope,33.0,
,,2025-10-13,,ships_cape_good_hope,21.0,
,,2025-10-14,,ships_cape_good_hope,27.0,
,,2025-10-15,,ships_cape_good_hope,30.0,
,,2025-10-16,,ships_cape_good_hope,34.0,
,,2025-10-17,,ships_cape_good_hope,35.0,
,,2025-10-18,,ships_cape_good_hope,42.0,
,,2025-10-19,,ships_cape_good_hope,38.0,
,,2025-10-20,,ships_cape_good_hope,28.0,
,,2025-10-21,,ships_cape_good_hope,34.0,
,,2025-10-22,,ships_cape_good_hope,34.0,
,,2025-10-23,,ships_cape_good_hope,30.0,
,,2025-10-24,,ships_cape_good_hope,38.0,
,,2025-10-25,,ships_cape_good_hope,28.0,
,,2025-10-26,,ships_cape_good_hope,26.0,
,,2025-10-27,,ships_cape_good_hope,38.0,
,,2025-10-28,,ships_cape_good_hope,39.0,
,,2025-10-29,,ships_cape_good_hope,37.0,
,,2025-10-30,,ships_cape_good_hope,34.0,
,,2025-10-31,,ships_cape_good_hope,31.0,
,,2025-11-01,,ships_cape_good_hope,39.0,
,,2025-11-02,,ships_cape_good_hope,37.0,
,,2025-11-03,,ships_cape_good_hope,38.0,
,,2025-11-04,,ships_cape_good_hope,33.0,
,,2025-11-05,,ships_cape_good_hope,23.0,
,,2025-11-06,,ships_cape_good_hope,25.0,
,,2025-11-07,,ships_cape_good_hope,31.0,
,,2025-11-08,,ships_cape_good_hope,28.0,
,,2025-11-09,,ships_cape_good_hope,31.0,
,,2025-11-10,,ships_cape_good_hope,30.0,
,,2025-11-11,,ships_cape_good_hope,29.0,
,,2025-11-12,,ships_cape_good_hope,28.0,
,,2025-11-13,,ships_cape_good_hope,27.0,
,,2025-11-14,,ships_cape_good_hope,34.0,
,,2025-11-15,,ships_cape_good_hope,27.0,
,,2025-11-16,,ships_cape_good_hope,17.0,
,,2025-11-17,,ships_cape_good_hope,28.0,
,,2025-11-18,,ships_cape_good_hope,35.0,
,,2025-11-19,,ships_cape_good_hope,38.0,
,,2025-11-20,,ships_cape_good_hope,32.0,
,,2025-11-21,,ships_cape_good_hope,38.0,
,,2025-11-22,,ships_cape_good_hope,36.0,
,,2025-11-23,,ships_cape_good_hope,21.0,
,,2025-11-24,,ships_cape_good_hope,28.0,
,,2025-11-25,,ships_cape_good_hope,38.0,
,,2025-11-26,,ships_cape_good_hope,37.0,
,,2025-11-27,,ships_cape_good_hope,39.0,
,,2025-11-28,,ships_cape_good_hope,45.0,
,,2025-11-29,,ships_cape_good_hope,38.0,
,,2025-11-30,,ships_cape_good_hope,30.0,
,,2025-12-01,,ships_cape_good_hope,33.0,
,,2025-12-02,,ships_cape_good_hope,37.0,
,,2025-12-03,,ships_cape_good_hope,41.0,
,,2025-12-04,,ships_cape_good_hope,38.0,
,,2025-12-05,,ships_cape_good_hope,36.0,
,,2025-12-06,,ships_cape_good_hope,37.0,
,,2025-12-07,,ships_cape_good_hope,33.0,
,,2025-12-08,,ships_cape_good_hope,25.0,
,,2025-12-09,,ships_cape_good_hope,31.0,
,,2025-12-10,,ships_cape_good_hope,39.0,
,,2025-12-11,,ships_cape_good_hope,39.0,
,,2025-12-12,,ships_cape_good_hope,35.0,
,,2025-12-13,,ships_cape_good_hope,25.0,
,,2025-12-14,,ships_cape_good_hope,29.0,
,,2025-12-15,,ships_cape_good_hope,30.0,
,,2025-12-16,,ships_cape_good_hope,29.0,
,,2025-12-17,,ships_cape_good_hope,28.0,
,,2025-12-18,,ships_cape_good_hope,36.0,
,,2025-12-19,,ships_cape_good_hope,39.0,
,,2025-12-20,,ships_cape_good_hope,34.0,
,,2025-12-21,,ships_cape_good_hope,42.0,
,,2025-12-22,,ships_cape_good_hope,38.0,
,,2025-12-23,,ships_cape_good_hope,22.0,
,,2025-12-24,,ships_cape_good_hope,26.0,
,,2025-12-25,,ships_cape_good_hope,35.0,
,,2025-12-26,,ships_cape_good_hope,43.0,
,,2025-12-27,,ships_cape_good_hope,29.0,
,,2025-12-28,,ships_cape_good_hope,34.0,
,,2025-12-29,,ships_cape_good_hope,40.0,
,,2025-12-30,,ships_cape_good_hope,36.0,
,,2025-12-31,,ships_cape_good_hope,34.0,
,,2026-01-01,,ships_cape_good_hope,42.0,
,,2026-01-02,,ships_cape_good_hope,45.0,
,,2026-01-03,,ships_cape_good_hope,41.0,
,,2026-01-04,,ships_cape_good_hope,38.0,
,,2026-01-05,,ships_cape_good_hope,40.0,
,,2026-01-06,,ships_cape_good_hope,37.0,
,,2026-01-07,,ships_cape_good_hope,33.0,
,,2026-01-08,,ships_cape_good_hope,29.0,
,,2026-01-09,,ships_cape_good_hope,39.0,
,,2026-01-10,,ships_cape_good_hope,42.0,
,,2026-01-11,,ships_cape_good_hope,30.0,
,,2026-01-12,,ships_cape_good_hope,31.0,
,,2026-01-13,,ships_cape_good_hope,36.0,
,,2026-01-14,,ships_cape_good_hope,33.0,
,,2026-01-15,,ships_cape_good_hope,34.0,
,,2026-01-16,,ships_cape_good_hope,37.0,
,,2026-01-17,,ships_cape_good_hope,32.0,
,,2026-01-18,,ships_cape_good_hope,29.0,
,,2026-01-19,,ships_cape_good_hope,26.0,
,,2026-01-20,,ships_cape_good_hope,25.0,
,,2026-01-21,,ships_cape_good_hope,34.0,
,,2026-01-22,,ships_cape_good_hope,34.0,
,,2026-01-23,,ships_cape_good_hope,34.0,
,,2026-01-24,,ships_cape_good_hope,40.0,
,,2026-01-25,,ships_cape_good_hope,40.0,
,,2026-01-26,,ships_cape_good_hope,37.0,
,,2026-01-27,,ships_cape_good_hope,33.0,
,,2026-01-28,,ships_cape_good_hope,34.0,
,,2026-01-29,,ships_cape_good_hope,36.0,
,,2026-01-30,,ships_cape_good_hope,37.0,
,,2026-01-31,,ships_cape_good_hope,30.0,
,,2026-02-01,,ships_cape_good_hope,26.0,
,,2026-02-02,,ships_cape_good_hope,30.0,
,,2026-02-03,,ships_cape_good_hope,32.0,
,,2026-02-04,,ships_cape_good_hope,32.0,
,,2026-02-05,,ships_cape_good_hope,36.0,
,,2026-02-06,,ships_cape_good_hope,33.0,
,,2026-02-07,,ships_cape_good_hope,28.0,
,,2026-02-08,,ships_cape_good_hope,26.0,
,,2026-02-09,,ships_cape_good_hope,28.0,
,,2026-02-10,,ships_cape_good_hope,32.0,
,,2026-02-11,,ships_cape_good_hope,33.0,
,,2026-02-12,,ships_cape_good_hope,37.0,
,,2026-02-13,,ships_cape_good_hope,46.0,
,,2026-02-14,,ships_cape_good_hope,43.0,
,,2026-02-15,,ships_cape_good_hope,38.0,
,,2026-02-16,,ships_cape_good_hope,29.0,
,,2026-02-17,,ships_cape_good_hope,29.0,
,,2026-02-18,,ships_cape_good_hope,43.0,
,,2026-02-19,,ships_cape_good_hope,41.0,
,,2026-02-20,,ships_cape_good_hope,35.0,
,,2026-02-21,,ships_cape_good_hope,35.0,
,,2026-02-22,,ships_cape_good_hope,40.0,
,,2026-02-23,,ships_cape_good_hope,37.0,
,,2026-02-24,,ships_cape_good_hope,36.0,
,,2026-02-25,,ships_cape_good_hope,36.0,
,,2026-02-26,,ships_cape_good_hope,42.0,
,,2026-02-27,,ships_cape_good_hope,46.0,
,,2026-02-28,,ships_cape_good_hope,26.0,
,,2026-03-01,,ships_cape_good_hope,17.0,
,,2026-03-02,,ships_cape_good_hope,35.0,
,,2026-03-03,,ships_cape_good_hope,39.0,
,,2026-03-04,,ships_cape_good_hope,42.0,
,,2026-03-05,,ships_cape_good_hope,37.0,
,,2026-03-06,,ships_cape_good_hope,38.0,
,,2026-03-07,,ships_cape_good_hope,33.0,
,,2026-03-08,,ships_cape_good_hope,28.0,
,,2026-03-09,,ships_cape_good_hope,34.0,
,,2026-03-10,,ships_cape_good_hope,39.0,
,,2026-03-11,,ships_cape_good_hope,42.0,
,,2026-03-12,,ships_cape_good_hope,42.0,
,,2026-03-13,,ships_cape_good_hope,47.0,
,,2026-03-14,,ships_cape_good_hope,33.0,
,,2026-03-15,,ships_cape_good_hope,38.0,
,,2026-03-16,,ships_cape_good_hope,35.0,
,,2026-03-17,,ships_cape_good_hope,28.0,
,,2026-03-18,,ships_cape_good_hope,36.0,
,,2026-03-19,,ships_cape_good_hope,34.0,
,,2026-03-20,,ships_cape_good_hope,31.0,
,,2026-03-21,,ships_cape_good_hope,29.0,
,,2026-03-22,,ships_cape_good_hope,34.0,
,,2026-03-23,,ships_cape_good_hope,31.0,
,,2026-03-24,,ships_cape_good_hope,29.0,
,,2026-03-25,,ships_cape_good_hope,32.0,
,,2026-03-26,,ships_cape_good_hope,34.0,
,,2026-03-27,,ships_cape_good_hope,35.0,
,,2026-03-28,,ships_cape_good_hope,28.0,
,,2026-03-29,,ships_cape_good_hope,34.0,
,,2026-03-30,,ships_cape_good_hope,28.0,
,,2026-03-31,,ships_cape_good_hope,30.0,
,,2026-04-01,,ships_cape_good_hope,33.0,
,,2026-04-02,,ships_cape_good_hope,26.0,
,,2026-04-03,,ships_cape_good_hope,34.0,
,,2026-04-04,,ships_cape_good_hope,39.0,
,,2026-04-05,,ships_cape_good_hope,31.0,
,,2026-04-06,,ships_cape_good_hope,23.0,
,,2026-04-07,,ships_cape_good_hope,33.0,
,,2026-04-08,,ships_cape_good_hope,47.0,
,,2026-04-09,,ships_cape_good_hope,42.0,
,,2026-04-10,,ships_cape_good_hope,37.0,
,,2026-04-11,,ships_cape_good_hope,33.0,
,,2026-04-12,,ships_cape_good_hope,29.0,
,,2026-04-13,,ships_cape_good_hope,29.0,
,,2026-04-14,,ships_cape_good_hope,34.0,
,,2026-04-15,,ships_cape_good_hope,31.0,
,,2026-04-16,,ships_cape_good_hope,28.0,
,,2026-04-17,,ships_cape_good_hope,47.0,
,,2026-04-18,,ships_cape_good_hope,37.0,
,,2026-04-19,,ships_cape_good_hope,18.0,
,,2026-04-20,,ships_cape_good_hope,18.0,
,,2026-04-21,,ships_cape_good_hope,30.0,
,,2026-04-22,,ships_cape_good_hope,35.0,
,,2026-04-23,,ships_cape_good_hope,49.0,
,,2026-04-24,,ships_cape_good_hope,54.0,
,,2026-04-25,,ships_cape_good_hope,39.0,
,,2026-04-26,,ships_cape_good_hope,23.0,
,,2026-04-27,,ships_cape_good_hope,32.0,
,,2026-04-28,,ships_cape_good_hope,40.0,
,,2026-04-29,,ships_cape_good_hope,24.0,
,,2026-04-30,,ships_cape_good_hope,39.0,
,,2026-05-01,,ships_cape_good_hope,44.0,
,,2026-05-02,,ships_cape_good_hope,43.0,
,,2026-05-03,,ships_cape_good_hope,39.0,
,,2026-05-04,,ships_cape_good_hope,26.0,
,,2026-05-05,,ships_cape_good_hope,24.0,
,,2026-05-06,,ships_cape_good_hope,35.0,
,,2026-05-07,,ships_cape_good_hope,44.0,
,,2026-05-08,,ships_cape_good_hope,33.0,
,,2026-05-09,,ships_cape_good_hope,39.0,
,,2026-05-10,,ships_cape_good_hope,17.0,
,,2026-05-11,,ships_cape_good_hope,4.0,
,,2026-05-12,,ships_cape_good_hope,14.0,
,,2026-05-13,,ships_cape_good_hope,34.0,
,,2026-05-14,,ships_cape_good_hope,36.0,
,,2026-05-15,,ships_cape_good_hope,46.0,
,,2026-05-16,,ships_cape_good_hope,52.0,
,,2026-05-17,,ships_cape_good_hope,32.0,
,,2026-05-18,,ships_cape_good_hope,32.0,
,,2026-05-19,,ships_cape_good_hope,32.0,
,,2026-05-20,,ships_cape_good_hope,38.0,
,,2026-05-21,,ships_cape_good_hope,41.0,
,,2026-05-22,,ships_cape_good_hope,42.0,
,,2026-05-23,,ships_cape_good_hope,37.0,
,,2026-05-24,,ships_cape_good_hope,31.0,
,,2026-05-25,,ships_cape_good_hope,29.0,
,,2026-05-26,,ships_cape_good_hope,31.0,
,,2026-05-27,,ships_cape_good_hope,22.0,
,,2026-05-28,,ships_cape_good_hope,30.0,
,,2026-05-29,,ships_cape_good_hope,49.0,
,,2026-05-30,,ships_cape_good_hope,48.0,
,,2026-05-31,,ships_cape_good_hope,43.0,
,,2026-06-01,,ships_cape_good_hope,42.0,
,,2026-06-02,,ships_cape_good_hope,31.0,
,,2026-06-03,,ships_cape_good_hope,27.0,
,,2026-06-04,,ships_cape_good_hope,29.0,
,,2026-06-05,,ships_cape_good_hope,34.0,
,,2026-06-06,,ships_cape_good_hope,32.0,
,,2026-06-07,,ships_cape_good_hope,37.0,
,,2026-06-08,,ships_cape_good_hope,38.0,
,,2026-06-09,,ships_cape_good_hope,38.0,
,,2026-06-10,,ships_cape_good_hope,34.0,
,,2026-06-11,,ships_cape_good_hope,24.0,
,,2026-06-12,,ships_cape_good_hope,40.0,
,,2026-06-13,,ships_cape_good_hope,37.0,
,,2026-06-14,,ships_cape_good_hope,27.0,
,,2026-06-15,,ships_cape_good_hope,34.0,
,,2026-06-16,,ships_cape_good_hope,34.0,
,,2026-06-17,,ships_cape_good_hope,27.0,
,,2026-06-18,,ships_cape_good_hope,42.0,
,,2026-06-19,,ships_cape_good_hope,45.0,
,,2026-06-20,,ships_cape_good_hope,44.0,
,,2026-06-21,,ships_cape_good_hope,42.0,
,,2026-06-22,,ships_cape_good_hope,35.0,
,,2026-06-23,,ships_cape_good_hope,22.0,
,,2026-06-24,,ships_cape_good_hope,19.0,
,,2026-06-25,,ships_cape_good_hope,37.0,
,,2026-06-26,,ships_cape_good_hope,44.0,
,,2026-06-27,,ships_cape_good_hope,29.0,
,,2026-06-28,,ships_cape_good_hope,23.0,
,,2026-06-29,,ships_cape_good_hope,35.0,
,,2026-06-30,,ships_cape_good_hope,28.0,
,,2026-07-01,,ships_cape_good_hope,33.0,
,,2026-07-02,,ships_cape_good_hope,41.0,
,,2026-07-03,,ships_cape_good_hope,37.0,
,,2026-07-04,,ships_cape_good_hope,41.0,
,,2026-07-05,,ships_cape_good_hope,35.0,
,,2026-07-06,,ships_cape_good_hope,33.0,
,,2026-07-07,,ships_cape_good_hope,33.0,
,,2026-07-08,,ships_cape_good_hope,30.0,
,,2026-07-09,,ships_cape_good_hope,32.0,
,,2026-07-10,,ships_cape_good_hope,44.0,
,,2026-07-11,,ships_cape_good_hope,35.0,
,,2026-07-12,,ships_cape_good_hope,30.0,
,,2026-07-13,,ships_cape_good_hope,29.0,
,,2026-07-14,,ships_cape_good_hope,39.0,
,,2026-07-15,,ships_cape_good_hope,39.0,
,,2026-07-16,,ships_cape_good_hope,42.0,
,,2026-07-17,,ships_cape_good_hope,37.0,
,,2026-07-18,,ships_cape_good_hope,32.0,
,,2026-07-19,,ships_cape_good_hope,27.0,
,,2026-07-20,,ships_cape_good_hope,22.0,
,,2026-07-21,,ships_cape_good_hope,29.0,
,,2026-07-22,,ships_cape_good_hope,29.0,
,,2026-07-23,,ships_cape_good_hope,31.0,
,,2026-07-24,,ships_cape_good_hope,27.0,
,,2026-07-25,,ships_cape_good_hope,23.0,
,,2026-07-26,,ships_cape_good_hope,33.0,
,,2026-07-27,,ships_cape_good_hope,25.0,
,,2026-07-28,,ships_cape_good_hope,29.0,
,,2026-07-29,,ships_cape_good_hope,33.0,
,,2026-07-30,,ships_cape_good_hope,36.0,
,,2026-07-31,,ships_cape_good_hope,35.0,
,,2026-08-01,,ships_cape_good_hope,32.0,
,,2026-08-02,,ships_cape_good_hope,29.0,
,,2026-08-03,,ships_cape_good_hope,23.0,
,,2026-08-04,,ships_cape_good_hope,25.0,
,,2026-08-05,,ships_cape_good_hope,26.0,
,,2026-08-06,,ships_cape_good_hope,32.0,
,,2026-08-07,,ships_cape_good_hope,39.0,
,,2026-08-08,,ships_cape_good_hope,34.0,
,,2026-08-09,,ships_cape_good_hope,29.0,
,,2026-08-10,,ships_cape_good_hope,31.0,
,,2026-08-11,,ships_cape_good_hope,27.0,
,,2026-08-12,,ships_cape_good_hope,29.0,
,,2026-08-13,,ships_cape_good_hope,30.0,
,,2026-08-14,,ships_cape_good_hope,28.0,
,,2026-08-15,,ships_cape_good_hope,35.0,
,,2026-08-16,,ships_cape_good_hope,32.0,
,,2026-08-17,,ships_cape_good_hope,35.0,
,,2026-08-18,,ships_cape_good_hope,35.0,
,,2026-08-19,,ships_cape_good_hope,48.0,
,,2026-08-20,,ships_cape_good_hope,48.0,
,,2026-08-21,,ships_cape_good_hope,43.0,
,,2026-08-22,,ships_cape_good_hope,36.0,
,,2026-08-23,,ships_cape_good_hope,27.0,
,,2026-08-24,,ships_cape_good_hope,34.0,
,,2026-08-25,,ships_cape_good_hope,32.0,
,,2026-08-26,,ships_cape_good_hope,25.0,
,,2026-08-27,,ships_cape_good_hope,27.0,
,,2026-08-28,,ships_cape_good_hope,33.0,
,,2026-08-29,,ships_cape_good_hope,25.0,
,,2026-08-30,,ships_cape_good_hope,30.0,
,,2026-08-31,,ships_cape_good_hope,27.0,
,,2026-09-01,,ships_cape_good_hope,31.0,
,,2026-09-02,,ships_cape_good_hope,25.0,
,,2026-09-03,,ships_cape_good_hope,25.0,
,,2026-09-04,,ships_cape_good_hope,25.0,
,,2026-09-05,,ships_cape_good_hope,36.0,
,,2026-09-06,,ships_cape_good_hope,44.0,
,,2026-09-07,,ships_cape_good_hope,38.0,
,,2026-09-08,,ships_cape_good_hope,22.0,
,,2026-09-09,,ships_cape_good_hope,26.0,
,,2026-09-10,,ships_cape_good_hope,30.0,
,,2026-09-11,,ships_cape_good_hope,30.0,
,,2026-09-12,,ships_cape_good_hope,19.0,
,,2026-09-13,,ships_cape_good_hope,29.0,
,,2026-09-14,,ships_cape_good_hope,24.0,
,,2026-09-15,,ships_cape_good_hope,28.0,
,,2026-09-16,,ships_cape_good_hope,29.0,
,,2021-12-26,,stationary_ships,34.0,
,,2021-12-27,,stationary_ships,37.0,
,,2021-12-28,,stationary_ships,793.0,
,,2021-12-29,,stationary_ships,755.0,
,,2021-12-30,,stationary_ships,730.0,
,,2021-12-31,,stationary_ships,732.0,
,,2022-01-01,,stationary_ships,738.0,
,,2022-01-02,,stationary_ships,821.0,
,,2022-01-03,,stationary_ships,851.0,
,,2022-01-04,,stationary_ships,834.0,
,,2022-01-05,,stationary_ships,773.0,
,,2022-01-06,,stationary_ships,761.0,
,,2022-01-07,,stationary_ships,699.0,
,,2022-01-08,,stationary_ships,671.0,
,,2022-01-09,,stationary_ships,651.0,
,,2022-01-10,,stationary_ships,629.0,
,,2022-01-11,,stationary_ships,621.0,
,,2022-01-12,,stationary_ships,685.0,
,,2022-01-13,,stationary_ships,675.0,
,,2022-01-14,,stationary_ships,694.0,
,,2022-01-15,,stationary_ships,645.0,
,,2022-01-16,,stationary_ships,604.0,
,,2022-01-17,,stationary_ships,657.0,
,,2022-01-18,,stationary_ships,641.0,
,,2022-01-19,,stationary_ships,652.0,
,,2022-01-20,,stationary_ships,633.0,
,,2022-01-21,,stationary_ships,640.0,
,,2022-01-22,,stationary_ships,662.0,
,,2022-01-23,,stationary_ships,575.0,
,,2022-01-24,,stationary_ships,631.0,
,,2022-01-25,,stationary_ships,712.0,
,,2022-01-26,,stationary_ships,618.0,
,,2022-01-27,,stationary_ships,626.0,
,,2022-01-28,,stationary_ships,630.0,
,,2022-01-29,,stationary_ships,672.0,
,,2022-01-30,,stationary_ships,663.0,
,,2022-01-31,,stationary_ships,653.0,
,,2022-02-01,,stationary_ships,639.0,
,,2022-02-02,,stationary_ships,708.0,
,,2022-02-03,,stationary_ships,648.0,
,,2022-02-04,,stationary_ships,627.0,
,,2022-02-05,,stationary_ships,652.0,
,,2022-02-06,,stationary_ships,628.0,
,,2022-02-07,,stationary_ships,660.0,
,,2022-02-08,,stationary_ships,687.0,
,,2022-02-09,,stationary_ships,705.0,
,,2022-02-10,,stationary_ships,700.0,
,,2022-02-11,,stationary_ships,660.0,
,,2022-02-12,,stationary_ships,659.0,
,,2022-02-13,,stationary_ships,648.0,
,,2022-02-14,,stationary_ships,666.0,
,,2022-02-15,,stationary_ships,676.0,
,,2022-02-16,,stationary_ships,657.0,
,,2022-02-17,,stationary_ships,707.0,
,,2022-02-18,,stationary_ships,684.0,
,,2022-02-19,,stationary_ships,682.0,
,,2022-02-20,,stationary_ships,701.0,
,,2022-02-21,,stationary_ships,715.0,
,,2022-02-22,,stationary_ships,753.0,
,,2022-02-23,,stationary_ships,691.0,
,,2022-02-24,,stationary_ships,658.0,
,,2022-02-25,,stationary_ships,637.0,
,,2022-02-26,,stationary_ships,668.0,
,,2022-02-27,,stationary_ships,698.0,
,,2022-02-28,,stationary_ships,693.0,
,,2022-03-01,,stationary_ships,689.0,
,,2022-03-02,,stationary_ships,649.0,
,,2022-03-03,,stationary_ships,681.0,
,,2022-03-04,,stationary_ships,656.0,
,,2022-03-05,,stationary_ships,715.0,
,,2022-03-06,,stationary_ships,693.0,
,,2022-03-07,,stationary_ships,656.0,
,,2022-03-08,,stationary_ships,710.0,
,,2022-03-09,,stationary_ships,724.0,
,,2022-03-10,,stationary_ships,662.0,
,,2022-03-11,,stationary_ships,651.0,
,,2022-03-12,,stationary_ships,699.0,
,,2022-03-13,,stationary_ships,712.0,
,,2022-03-14,,stationary_ships,688.0,
,,2022-03-15,,stationary_ships,665.0,
,,2022-03-16,,stationary_ships,668.0,
,,2022-03-17,,stationary_ships,668.0,
,,2022-03-18,,stationary_ships,691.0,
,,2022-03-19,,stationary_ships,692.0,
,,2022-03-20,,stationary_ships,721.0,
,,2022-03-21,,stationary_ships,735.0,
,,2022-03-22,,stationary_ships,753.0,
,,2022-03-23,,stationary_ships,730.0,
,,2022-03-24,,stationary_ships,712.0,
,,2022-03-25,,stationary_ships,712.0,
,,2022-03-26,,stationary_ships,660.0,
,,2022-03-27,,stationary_ships,732.0,
,,2022-03-28,,stationary_ships,755.0,
,,2022-03-29,,stationary_ships,699.0,
,,2022-03-30,,stationary_ships,698.0,
,,2022-03-31,,stationary_ships,692.0,
,,2022-04-01,,stationary_ships,685.0,
,,2022-04-02,,stationary_ships,649.0,
,,2022-04-03,,stationary_ships,687.0,
,,2022-04-04,,stationary_ships,670.0,
,,2022-04-05,,stationary_ships,671.0,
,,2022-04-06,,stationary_ships,672.0,
,,2022-04-07,,stationary_ships,664.0,
,,2022-04-08,,stationary_ships,664.0,
,,2022-04-09,,stationary_ships,633.0,
,,2022-04-10,,stationary_ships,620.0,
,,2022-04-11,,stationary_ships,662.0,
,,2022-04-12,,stationary_ships,715.0,
,,2022-04-13,,stationary_ships,724.0,
,,2022-04-14,,stationary_ships,698.0,
,,2022-04-15,,stationary_ships,675.0,
,,2022-04-16,,stationary_ships,666.0,
,,2022-04-17,,stationary_ships,691.0,
,,2022-04-18,,stationary_ships,693.0,
,,2022-04-19,,stationary_ships,701.0,
,,2022-04-20,,stationary_ships,711.0,
,,2022-04-21,,stationary_ships,732.0,
,,2022-04-22,,stationary_ships,707.0,
,,2022-04-23,,stationary_ships,709.0,
,,2022-04-24,,stationary_ships,700.0,
,,2022-04-25,,stationary_ships,689.0,
,,2022-04-26,,stationary_ships,720.0,
,,2022-04-27,,stationary_ships,745.0,
,,2022-04-28,,stationary_ships,723.0,
,,2022-04-29,,stationary_ships,648.0,
,,2022-04-30,,stationary_ships,678.0,
,,2022-05-01,,stationary_ships,671.0,
,,2022-05-02,,stationary_ships,721.0,
,,2022-05-03,,stationary_ships,754.0,
,,2022-05-04,,stationary_ships,791.0,
,,2022-05-05,,stationary_ships,760.0,
,,2022-05-06,,stationary_ships,780.0,
,,2022-05-07,,stationary_ships,712.0,
,,2022-05-08,,stationary_ships,698.0,
,,2022-05-09,,stationary_ships,669.0,
,,2022-05-10,,stationary_ships,652.0,
,,2022-05-11,,stationary_ships,681.0,
,,2022-05-12,,stationary_ships,717.0,
,,2022-05-13,,stationary_ships,717.0,
,,2022-05-14,,stationary_ships,729.0,
,,2022-05-15,,stationary_ships,732.0,
,,2022-05-16,,stationary_ships,733.0,
,,2022-05-17,,stationary_ships,727.0,
,,2022-05-18,,stationary_ships,718.0,
,,2022-05-19,,stationary_ships,717.0,
,,2022-05-20,,stationary_ships,707.0,
,,2022-05-21,,stationary_ships,694.0,
,,2022-05-22,,stationary_ships,698.0,
,,2022-05-23,,stationary_ships,680.0,
,,2022-05-24,,stationary_ships,670.0,
,,2022-05-25,,stationary_ships,650.0,
,,2022-05-26,,stationary_ships,652.0,
,,2022-05-27,,stationary_ships,682.0,
,,2022-05-28,,stationary_ships,677.0,
,,2022-05-29,,stationary_ships,659.0,
,,2022-05-30,,stationary_ships,661.0,
,,2022-05-31,,stationary_ships,645.0,
,,2022-06-01,,stationary_ships,655.0,
,,2022-06-02,,stationary_ships,651.0,
,,2022-06-03,,stationary_ships,662.0,
,,2022-06-04,,stationary_ships,701.0,
,,2022-06-05,,stationary_ships,720.0,
,,2022-06-06,,stationary_ships,689.0,
,,2022-06-07,,stationary_ships,652.0,
,,2022-06-08,,stationary_ships,637.0,
,,2022-06-09,,stationary_ships,629.0,
,,2022-06-10,,stationary_ships,612.0,
,,2022-06-11,,stationary_ships,621.0,
,,2022-06-12,,stationary_ships,610.0,
,,2022-06-13,,stationary_ships,609.0,
,,2022-06-14,,stationary_ships,642.0,
,,2022-06-15,,stationary_ships,626.0,
,,2022-06-16,,stationary_ships,642.0,
,,2022-06-17,,stationary_ships,638.0,
,,2022-06-18,,stationary_ships,600.0,
,,2022-06-19,,stationary_ships,620.0,
,,2022-06-20,,stationary_ships,635.0,
,,2022-06-21,,stationary_ships,647.0,
,,2022-06-22,,stationary_ships,651.0,
,,2022-06-23,,stationary_ships,644.0,
,,2022-06-24,,stationary_ships,626.0,
,,2022-06-25,,stationary_ships,639.0,
,,2022-06-26,,stationary_ships,626.0,
,,2022-06-27,,stationary_ships,662.0,
,,2022-06-28,,stationary_ships,637.0,
,,2022-06-29,,stationary_ships,625.0,
,,2022-06-30,,stationary_ships,635.0,
,,2022-07-01,,stationary_ships,639.0,
,,2022-07-02,,stationary_ships,650.0,
,,2022-07-03,,stationary_ships,690.0,
,,2022-07-04,,stationary_ships,676.0,
,,2022-07-05,,stationary_ships,699.0,
,,2022-07-06,,stationary_ships,676.0,
,,2022-07-07,,stationary_ships,692.0,
,,2022-07-08,,stationary_ships,668.0,
,,2022-07-09,,stationary_ships,646.0,
,,2022-07-10,,stationary_ships,658.0,
,,2022-07-11,,stationary_ships,686.0,
,,2022-07-12,,stationary_ships,680.0,
,,2022-07-13,,stationary_ships,703.0,
,,2022-07-14,,stationary_ships,667.0,
,,2022-07-15,,stationary_ships,715.0,
,,2022-07-16,,stationary_ships,697.0,
,,2022-07-17,,stationary_ships,699.0,
,,2022-07-18,,stationary_ships,697.0,
,,2022-07-19,,stationary_ships,694.0,
,,2022-07-20,,stationary_ships,686.0,
,,2022-07-21,,stationary_ships,715.0,
,,2022-07-22,,stationary_ships,708.0,
,,2022-07-23,,stationary_ships,649.0,
,,2022-07-24,,stationary_ships,647.0,
,,2022-07-25,,stationary_ships,654.0,
,,2022-07-26,,stationary_ships,675.0,
,,2022-07-27,,stationary_ships,708.0,
,,2022-07-28,,stationary_ships,735.0,
,,2022-07-29,,stationary_ships,733.0,
,,2022-07-30,,stationary_ships,661.0,
,,2022-07-31,,stationary_ships,647.0,
,,2022-08-01,,stationary_ships,683.0,
,,2022-08-02,,stationary_ships,677.0,
,,2022-08-03,,stationary_ships,693.0,
,,2022-08-04,,stationary_ships,673.0,
,,2022-08-05,,stationary_ships,685.0,
,,2022-08-06,,stationary_ships,661.0,
,,2022-08-07,,stationary_ships,671.0,
,,2022-08-08,,stationary_ships,700.0,
,,2022-08-09,,stationary_ships,665.0,
,,2022-08-10,,stationary_ships,670.0,
,,2022-08-11,,stationary_ships,655.0,
,,2022-08-12,,stationary_ships,678.0,
,,2022-08-13,,stationary_ships,669.0,
,,2022-08-14,,stationary_ships,690.0,
,,2022-08-15,,stationary_ships,640.0,
,,2022-08-16,,stationary_ships,651.0,
,,2022-08-17,,stationary_ships,707.0,
,,2022-08-18,,stationary_ships,676.0,
,,2022-08-19,,stationary_ships,645.0,
,,2022-08-20,,stationary_ships,660.0,
,,2022-08-21,,stationary_ships,667.0,
,,2022-08-22,,stationary_ships,655.0,
,,2022-08-23,,stationary_ships,656.0,
,,2022-08-24,,stationary_ships,680.0,
,,2022-08-25,,stationary_ships,689.0,
,,2022-08-26,,stationary_ships,675.0,
,,2022-08-27,,stationary_ships,634.0,
,,2022-08-28,,stationary_ships,655.0,
,,2022-08-29,,stationary_ships,658.0,
,,2022-08-30,,stationary_ships,652.0,
,,2022-08-31,,stationary_ships,665.0,
,,2022-09-01,,stationary_ships,667.0,
,,2022-09-02,,stationary_ships,641.0,
,,2022-09-03,,stationary_ships,652.0,
,,2022-09-04,,stationary_ships,660.0,
,,2022-09-05,,stationary_ships,723.0,
,,2022-09-06,,stationary_ships,716.0,
,,2022-09-07,,stationary_ships,662.0,
,,2022-09-08,,stationary_ships,630.0,
,,2022-09-09,,stationary_ships,603.0,
,,2022-09-10,,stationary_ships,653.0,
,,2022-09-11,,stationary_ships,673.0,
,,2022-09-12,,stationary_ships,614.0,
,,2022-09-13,,stationary_ships,586.0,
,,2022-09-14,,stationary_ships,625.0,
,,2022-09-15,,stationary_ships,610.0,
,,2022-09-16,,stationary_ships,588.0,
,,2022-09-17,,stationary_ships,603.0,
,,2022-09-18,,stationary_ships,618.0,
,,2022-09-19,,stationary_ships,701.0,
,,2022-09-20,,stationary_ships,673.0,
,,2022-09-21,,stationary_ships,603.0,
,,2022-09-22,,stationary_ships,601.0,
,,2022-09-23,,stationary_ships,607.0,
,,2022-09-24,,stationary_ships,616.0,
,,2022-09-25,,stationary_ships,587.0,
,,2022-09-26,,stationary_ships,611.0,
,,2022-09-27,,stationary_ships,638.0,
,,2022-09-28,,stationary_ships,650.0,
,,2022-09-29,,stationary_ships,619.0,
,,2022-09-30,,stationary_ships,617.0,
,,2022-10-01,,stationary_ships,593.0,
,,2022-10-02,,stationary_ships,599.0,
,,2022-10-03,,stationary_ships,626.0,
,,2022-10-04,,stationary_ships,650.0,
,,2022-10-05,,stationary_ships,713.0,
,,2022-10-06,,stationary_ships,690.0,
,,2022-10-07,,stationary_ships,676.0,
,,2022-10-08,,stationary_ships,631.0,
,,2022-10-09,,stationary_ships,642.0,
,,2022-10-10,,stationary_ships,624.0,
,,2022-10-11,,stationary_ships,613.0,
,,2022-10-12,,stationary_ships,668.0,
,,2022-10-13,,stationary_ships,698.0,
,,2022-10-14,,stationary_ships,702.0,
,,2022-10-15,,stationary_ships,648.0,
,,2022-10-16,,stationary_ships,658.0,
,,2022-10-17,,stationary_ships,667.0,
,,2022-10-18,,stationary_ships,648.0,
,,2022-10-19,,stationary_ships,727.0,
,,2022-10-20,,stationary_ships,720.0,
,,2022-10-21,,stationary_ships,704.0,
,,2022-10-22,,stationary_ships,675.0,
,,2022-10-23,,stationary_ships,619.0,
,,2022-10-24,,stationary_ships,627.0,
,,2022-10-25,,stationary_ships,623.0,
,,2022-10-26,,stationary_ships,640.0,
,,2022-10-27,,stationary_ships,672.0,
,,2022-10-28,,stationary_ships,644.0,
,,2022-10-29,,stationary_ships,632.0,
,,2022-10-30,,stationary_ships,637.0,
,,2022-10-31,,stationary_ships,639.0,
,,2022-11-01,,stationary_ships,653.0,
,,2022-11-02,,stationary_ships,642.0,
,,2022-11-03,,stationary_ships,593.0,
,,2022-11-04,,stationary_ships,649.0,
,,2022-11-05,,stationary_ships,637.0,
,,2022-11-06,,stationary_ships,642.0,
,,2022-11-07,,stationary_ships,640.0,
,,2022-11-08,,stationary_ships,650.0,
,,2022-11-09,,stationary_ships,595.0,
,,2022-11-10,,stationary_ships,583.0,
,,2022-11-11,,stationary_ships,604.0,
,,2022-11-12,,stationary_ships,607.0,
,,2022-11-13,,stationary_ships,613.0,
,,2022-11-14,,stationary_ships,594.0,
,,2022-11-15,,stationary_ships,601.0,
,,2022-11-16,,stationary_ships,595.0,
,,2022-11-17,,stationary_ships,586.0,
,,2022-11-18,,stationary_ships,590.0,
,,2022-11-19,,stationary_ships,586.0,
,,2022-11-20,,stationary_ships,581.0,
,,2022-11-21,,stationary_ships,600.0,
,,2022-11-22,,stationary_ships,620.0,
,,2022-11-23,,stationary_ships,639.0,
,,2022-11-24,,stationary_ships,619.0,
,,2022-11-25,,stationary_ships,625.0,
,,2022-11-26,,stationary_ships,608.0,
,,2022-11-27,,stationary_ships,637.0,
,,2022-11-28,,stationary_ships,642.0,
,,2022-11-29,,stationary_ships,638.0,
,,2022-11-30,,stationary_ships,669.0,
,,2022-12-01,,stationary_ships,642.0,
,,2022-12-02,,stationary_ships,630.0,
,,2022-12-03,,stationary_ships,643.0,
,,2022-12-04,,stationary_ships,632.0,
,,2022-12-05,,stationary_ships,631.0,
,,2022-12-06,,stationary_ships,663.0,
,,2022-12-07,,stationary_ships,634.0,
,,2022-12-08,,stationary_ships,603.0,
,,2022-12-09,,stationary_ships,637.0,
,,2022-12-10,,stationary_ships,632.0,
,,2022-12-11,,stationary_ships,618.0,
,,2022-12-12,,stationary_ships,605.0,
,,2022-12-13,,stationary_ships,643.0,
,,2022-12-14,,stationary_ships,682.0,
,,2022-12-15,,stationary_ships,648.0,
,,2022-12-16,,stationary_ships,671.0,
,,2022-12-17,,stationary_ships,594.0,
,,2022-12-18,,stationary_ships,625.0,
,,2022-12-19,,stationary_ships,629.0,
,,2022-12-20,,stationary_ships,642.0,
,,2022-12-21,,stationary_ships,642.0,
,,2022-12-22,,stationary_ships,588.0,
,,2022-12-23,,stationary_ships,641.0,
,,2022-12-24,,stationary_ships,672.0,
,,2022-12-25,,stationary_ships,671.0,
,,2022-12-26,,stationary_ships,732.0,
,,2022-12-27,,stationary_ships,798.0,
,,2022-12-28,,stationary_ships,771.0,
,,2022-12-29,,stationary_ships,737.0,
,,2022-12-30,,stationary_ships,712.0,
,,2022-12-31,,stationary_ships,702.0,
,,2023-01-01,,stationary_ships,692.0,
,,2023-01-02,,stationary_ships,790.0,
,,2023-01-03,,stationary_ships,799.0,
,,2023-01-04,,stationary_ships,776.0,
,,2023-01-05,,stationary_ships,745.0,
,,2023-01-06,,stationary_ships,706.0,
,,2023-01-07,,stationary_ships,662.0,
,,2023-01-08,,stationary_ships,663.0,
,,2023-01-09,,stationary_ships,639.0,
,,2023-01-10,,stationary_ships,610.0,
,,2023-01-11,,stationary_ships,626.0,
,,2023-01-12,,stationary_ships,638.0,
,,2023-01-13,,stationary_ships,683.0,
,,2023-01-14,,stationary_ships,683.0,
,,2023-01-15,,stationary_ships,636.0,
,,2023-01-16,,stationary_ships,664.0,
,,2023-01-17,,stationary_ships,608.0,
,,2023-01-18,,stationary_ships,642.0,
,,2023-01-19,,stationary_ships,641.0,
,,2023-01-20,,stationary_ships,616.0,
,,2023-01-21,,stationary_ships,628.0,
,,2023-01-22,,stationary_ships,698.0,
,,2023-01-23,,stationary_ships,684.0,
,,2023-01-24,,stationary_ships,707.0,
,,2023-01-25,,stationary_ships,704.0,
,,2023-01-26,,stationary_ships,694.0,
,,2023-01-27,,stationary_ships,690.0,
,,2023-01-28,,stationary_ships,732.0,
,,2023-01-29,,stationary_ships,722.0,
,,2023-01-30,,stationary_ships,709.0,
,,2023-01-31,,stationary_ships,699.0,
,,2023-02-01,,stationary_ships,725.0,
,,2023-02-02,,stationary_ships,764.0,
,,2023-02-03,,stationary_ships,748.0,
,,2023-02-04,,stationary_ships,726.0,
,,2023-02-05,,stationary_ships,745.0,
,,2023-02-06,,stationary_ships,747.0,
,,2023-02-07,,stationary_ships,756.0,
,,2023-02-08,,stationary_ships,742.0,
,,2023-02-09,,stationary_ships,740.0,
,,2023-02-10,,stationary_ships,726.0,
,,2023-02-11,,stationary_ships,713.0,
,,2023-02-12,,stationary_ships,665.0,
,,2023-02-13,,stationary_ships,671.0,
,,2023-02-14,,stationary_ships,691.0,
,,2023-02-15,,stationary_ships,663.0,
,,2023-02-16,,stationary_ships,684.0,
,,2023-02-17,,stationary_ships,651.0,
,,2023-02-18,,stationary_ships,698.0,
,,2023-02-19,,stationary_ships,685.0,
,,2023-02-20,,stationary_ships,710.0,
,,2023-02-21,,stationary_ships,694.0,
,,2023-02-22,,stationary_ships,681.0,
,,2023-02-23,,stationary_ships,658.0,
,,2023-02-24,,stationary_ships,662.0,
,,2023-02-25,,stationary_ships,646.0,
,,2023-02-26,,stationary_ships,641.0,
,,2023-02-27,,stationary_ships,673.0,
,,2023-02-28,,stationary_ships,655.0,
,,2023-03-01,,stationary_ships,644.0,
,,2023-03-02,,stationary_ships,638.0,
,,2023-03-03,,stationary_ships,614.0,
,,2023-03-04,,stationary_ships,622.0,
,,2023-03-05,,stationary_ships,619.0,
,,2023-03-06,,stationary_ships,649.0,
,,2023-03-07,,stationary_ships,602.0,
,,2023-03-08,,stationary_ships,599.0,
,,2023-03-09,,stationary_ships,628.0,
,,2023-03-10,,stationary_ships,587.0,
,,2023-03-11,,stationary_ships,624.0,
,,2023-03-12,,stationary_ships,638.0,
,,2023-03-13,,stationary_ships,645.0,
,,2023-03-14,,stationary_ships,660.0,
,,2023-03-15,,stationary_ships,644.0,
,,2023-03-16,,stationary_ships,658.0,
,,2023-03-17,,stationary_ships,613.0,
,,2023-03-18,,stationary_ships,615.0,
,,2023-03-19,,stationary_ships,606.0,
,,2023-03-20,,stationary_ships,570.0,
,,2023-03-21,,stationary_ships,613.0,
,,2023-03-22,,stationary_ships,642.0,
,,2023-03-23,,stationary_ships,612.0,
,,2023-03-24,,stationary_ships,629.0,
,,2023-03-25,,stationary_ships,576.0,
,,2023-03-26,,stationary_ships,585.0,
,,2023-03-27,,stationary_ships,636.0,
,,2023-03-28,,stationary_ships,635.0,
,,2023-03-29,,stationary_ships,606.0,
,,2023-03-30,,stationary_ships,602.0,
,,2023-03-31,,stationary_ships,609.0,
,,2023-04-01,,stationary_ships,611.0,
,,2023-04-02,,stationary_ships,612.0,
,,2023-04-03,,stationary_ships,550.0,
,,2023-04-04,,stationary_ships,629.0,
,,2023-04-05,,stationary_ships,633.0,
,,2023-04-06,,stationary_ships,612.0,
,,2023-04-07,,stationary_ships,612.0,
,,2023-04-08,,stationary_ships,585.0,
,,2023-04-09,,stationary_ships,601.0,
,,2023-04-10,,stationary_ships,601.0,
,,2023-04-11,,stationary_ships,603.0,
,,2023-04-12,,stationary_ships,632.0,
,,2023-04-13,,stationary_ships,641.0,
,,2023-04-14,,stationary_ships,590.0,
,,2023-04-15,,stationary_ships,552.0,
,,2023-04-16,,stationary_ships,583.0,
,,2023-04-17,,stationary_ships,630.0,
,,2023-04-18,,stationary_ships,629.0,
,,2023-04-19,,stationary_ships,608.0,
,,2023-04-20,,stationary_ships,599.0,
,,2023-04-21,,stationary_ships,603.0,
,,2023-04-22,,stationary_ships,626.0,
,,2023-04-23,,stationary_ships,661.0,
,,2023-04-24,,stationary_ships,651.0,
,,2023-04-25,,stationary_ships,645.0,
,,2023-04-26,,stationary_ships,633.0,
,,2023-04-27,,stationary_ships,639.0,
,,2023-04-28,,stationary_ships,614.0,
,,2023-04-29,,stationary_ships,549.0,
,,2023-04-30,,stationary_ships,591.0,
,,2023-05-01,,stationary_ships,594.0,
,,2023-05-02,,stationary_ships,597.0,
,,2023-05-03,,stationary_ships,597.0,
,,2023-05-04,,stationary_ships,613.0,
,,2023-05-05,,stationary_ships,612.0,
,,2023-05-06,,stationary_ships,597.0,
,,2023-05-07,,stationary_ships,572.0,
,,2023-05-08,,stationary_ships,589.0,
,,2023-05-09,,stationary_ships,587.0,
,,2023-05-10,,stationary_ships,590.0,
,,2023-05-11,,stationary_ships,601.0,
,,2023-05-12,,stationary_ships,566.0,
,,2023-05-13,,stationary_ships,583.0,
,,2023-05-14,,stationary_ships,560.0,
,,2023-05-15,,stationary_ships,556.0,
,,2023-05-16,,stationary_ships,570.0,
,,2023-05-17,,stationary_ships,586.0,
,,2023-05-18,,stationary_ships,572.0,
,,2023-05-19,,stationary_ships,576.0,
,,2023-05-20,,stationary_ships,581.0,
,,2023-05-21,,stationary_ships,557.0,
,,2023-05-22,,stationary_ships,563.0,
,,2023-05-23,,stationary_ships,576.0,
,,2023-05-24,,stationary_ships,538.0,
,,2023-05-25,,stationary_ships,524.0,
,,2023-05-26,,stationary_ships,529.0,
,,2023-05-27,,stationary_ships,547.0,
,,2023-05-28,,stationary_ships,554.0,
,,2023-05-29,,stationary_ships,563.0,
,,2023-05-30,,stationary_ships,558.0,
,,2023-05-31,,stationary_ships,507.0,
,,2023-06-01,,stationary_ships,534.0,
,,2023-06-02,,stationary_ships,580.0,
,,2023-06-03,,stationary_ships,512.0,
,,2023-06-04,,stationary_ships,583.0,
,,2023-06-05,,stationary_ships,607.0,
,,2023-06-06,,stationary_ships,586.0,
,,2023-06-07,,stationary_ships,572.0,
,,2023-06-08,,stationary_ships,571.0,
,,2023-06-09,,stationary_ships,576.0,
,,2023-06-10,,stationary_ships,543.0,
,,2023-06-11,,stationary_ships,528.0,
,,2023-06-12,,stationary_ships,583.0,
,,2023-06-13,,stationary_ships,582.0,
,,2023-06-14,,stationary_ships,575.0,
,,2023-06-15,,stationary_ships,576.0,
,,2023-06-16,,stationary_ships,562.0,
,,2023-06-17,,stationary_ships,550.0,
,,2023-06-18,,stationary_ships,517.0,
,,2023-06-19,,stationary_ships,530.0,
,,2023-06-20,,stationary_ships,563.0,
,,2023-06-21,,stationary_ships,561.0,
,,2023-06-22,,stationary_ships,539.0,
,,2023-06-23,,stationary_ships,549.0,
,,2023-06-24,,stationary_ships,541.0,
,,2023-06-25,,stationary_ships,512.0,
,,2023-06-26,,stationary_ships,540.0,
,,2023-06-27,,stationary_ships,557.0,
,,2023-06-28,,stationary_ships,580.0,
,,2023-06-29,,stationary_ships,569.0,
,,2023-06-30,,stationary_ships,618.0,
,,2023-07-01,,stationary_ships,576.0,
,,2023-07-02,,stationary_ships,608.0,
,,2023-07-03,,stationary_ships,613.0,
,,2023-07-04,,stationary_ships,582.0,
,,2023-07-05,,stationary_ships,576.0,
,,2023-07-06,,stationary_ships,636.0,
,,2023-07-07,,stationary_ships,598.0,
,,2023-07-08,,stationary_ships,579.0,
,,2023-07-09,,stationary_ships,563.0,
,,2023-07-10,,stationary_ships,544.0,
,,2023-07-11,,stationary_ships,560.0,
,,2023-07-12,,stationary_ships,589.0,
,,2023-07-13,,stationary_ships,605.0,
,,2023-07-14,,stationary_ships,569.0,
,,2023-07-15,,stationary_ships,549.0,
,,2023-07-16,,stationary_ships,548.0,
,,2023-07-17,,stationary_ships,592.0,
,,2023-07-18,,stationary_ships,548.0,
,,2023-07-19,,stationary_ships,553.0,
,,2023-07-20,,stationary_ships,559.0,
,,2023-07-21,,stationary_ships,577.0,
,,2023-07-22,,stationary_ships,565.0,
,,2023-07-23,,stationary_ships,560.0,
,,2023-07-24,,stationary_ships,576.0,
,,2023-07-25,,stationary_ships,587.0,
,,2023-07-26,,stationary_ships,593.0,
,,2023-07-27,,stationary_ships,625.0,
,,2023-07-28,,stationary_ships,617.0,
,,2023-07-29,,stationary_ships,599.0,
,,2023-07-30,,stationary_ships,565.0,
,,2023-07-31,,stationary_ships,558.0,
,,2023-08-01,,stationary_ships,619.0,
,,2023-08-02,,stationary_ships,596.0,
,,2023-08-03,,stationary_ships,619.0,
,,2023-08-04,,stationary_ships,645.0,
,,2023-08-05,,stationary_ships,612.0,
,,2023-08-06,,stationary_ships,561.0,
,,2023-08-07,,stationary_ships,567.0,
,,2023-08-08,,stationary_ships,601.0,
,,2023-08-09,,stationary_ships,617.0,
,,2023-08-10,,stationary_ships,602.0,
,,2023-08-11,,stationary_ships,602.0,
,,2023-08-12,,stationary_ships,591.0,
,,2023-08-13,,stationary_ships,630.0,
,,2023-08-14,,stationary_ships,619.0,
,,2023-08-15,,stationary_ships,612.0,
,,2023-08-16,,stationary_ships,641.0,
,,2023-08-17,,stationary_ships,623.0,
,,2023-08-18,,stationary_ships,598.0,
,,2023-08-19,,stationary_ships,602.0,
,,2023-08-20,,stationary_ships,576.0,
,,2023-08-21,,stationary_ships,589.0,
,,2023-08-22,,stationary_ships,602.0,
,,2023-08-23,,stationary_ships,607.0,
,,2023-08-24,,stationary_ships,608.0,
,,2023-08-25,,stationary_ships,591.0,
,,2023-08-26,,stationary_ships,568.0,
,,2023-08-27,,stationary_ships,613.0,
,,2023-08-28,,stationary_ships,581.0,
,,2023-08-29,,stationary_ships,580.0,
,,2023-08-30,,stationary_ships,569.0,
,,2023-08-31,,stationary_ships,575.0,
,,2023-09-01,,stationary_ships,560.0,
,,2023-09-02,,stationary_ships,543.0,
,,2023-09-03,,stationary_ships,560.0,
,,2023-09-04,,stationary_ships,582.0,
,,2023-09-05,,stationary_ships,613.0,
,,2023-09-06,,stationary_ships,626.0,
,,2023-09-07,,stationary_ships,593.0,
,,2023-09-08,,stationary_ships,594.0,
,,2023-09-09,,stationary_ships,580.0,
,,2023-09-10,,stationary_ships,543.0,
,,2023-09-11,,stationary_ships,571.0,
,,2023-09-12,,stationary_ships,596.0,
,,2023-09-13,,stationary_ships,607.0,
,,2023-09-14,,stationary_ships,568.0,
,,2023-09-15,,stationary_ships,579.0,
,,2023-09-16,,stationary_ships,566.0,
,,2023-09-17,,stationary_ships,535.0,
,,2023-09-18,,stationary_ships,512.0,
,,2023-09-19,,stationary_ships,571.0,
,,2023-09-20,,stationary_ships,621.0,
,,2023-09-21,,stationary_ships,599.0,
,,2023-09-22,,stationary_ships,618.0,
,,2023-09-23,,stationary_ships,589.0,
,,2023-09-24,,stationary_ships,595.0,
,,2023-09-25,,stationary_ships,577.0,
,,2023-09-26,,stationary_ships,585.0,
,,2023-09-27,,stationary_ships,654.0,
,,2023-09-28,,stationary_ships,630.0,
,,2023-09-29,,stationary_ships,625.0,
,,2023-09-30,,stationary_ships,631.0,
,,2023-10-01,,stationary_ships,593.0,
,,2023-10-02,,stationary_ships,579.0,
,,2023-10-03,,stationary_ships,603.0,
,,2023-10-04,,stationary_ships,606.0,
,,2023-10-05,,stationary_ships,666.0,
,,2023-10-06,,stationary_ships,655.0,
,,2023-10-07,,stationary_ships,678.0,
,,2023-10-08,,stationary_ships,680.0,
,,2023-10-09,,stationary_ships,706.0,
,,2023-10-10,,stationary_ships,689.0,
,,2023-10-11,,stationary_ships,697.0,
,,2023-10-12,,stationary_ships,740.0,
,,2023-10-13,,stationary_ships,669.0,
,,2023-10-14,,stationary_ships,661.0,
,,2023-10-15,,stationary_ships,612.0,
,,2023-10-16,,stationary_ships,660.0,
,,2023-10-17,,stationary_ships,684.0,
,,2023-10-18,,stationary_ships,649.0,
,,2023-10-19,,stationary_ships,674.0,
,,2023-10-20,,stationary_ships,717.0,
,,2023-10-21,,stationary_ships,712.0,
,,2023-10-22,,stationary_ships,669.0,
,,2023-10-23,,stationary_ships,659.0,
,,2023-10-24,,stationary_ships,704.0,
,,2023-10-25,,stationary_ships,649.0,
,,2023-10-26,,stationary_ships,647.0,
,,2023-10-27,,stationary_ships,682.0,
,,2023-10-28,,stationary_ships,643.0,
,,2023-10-29,,stationary_ships,645.0,
,,2023-10-30,,stationary_ships,646.0,
,,2023-10-31,,stationary_ships,639.0,
,,2023-11-01,,stationary_ships,645.0,
,,2023-11-02,,stationary_ships,625.0,
,,2023-11-03,,stationary_ships,668.0,
,,2023-11-04,,stationary_ships,700.0,
,,2023-11-05,,stationary_ships,698.0,
,,2023-11-06,,stationary_ships,682.0,
,,2023-11-07,,stationary_ships,641.0,
,,2023-11-08,,stationary_ships,647.0,
,,2023-11-09,,stationary_ships,637.0,
,,2023-11-10,,stationary_ships,611.0,
,,2023-11-11,,stationary_ships,613.0,
,,2023-11-12,,stationary_ships,637.0,
,,2023-11-13,,stationary_ships,631.0,
,,2023-11-14,,stationary_ships,639.0,
,,2023-11-15,,stationary_ships,631.0,
,,2023-11-16,,stationary_ships,638.0,
,,2023-11-17,,stationary_ships,649.0,
,,2023-11-18,,stationary_ships,621.0,
,,2023-11-19,,stationary_ships,656.0,
,,2023-11-20,,stationary_ships,697.0,
,,2023-11-21,,stationary_ships,668.0,
,,2023-11-22,,stationary_ships,631.0,
,,2023-11-23,,stationary_ships,615.0,
,,2023-11-24,,stationary_ships,627.0,
,,2023-11-25,,stationary_ships,646.0,
,,2023-11-26,,stationary_ships,615.0,
,,2023-11-27,,stationary_ships,680.0,
,,2023-11-28,,stationary_ships,675.0,
,,2023-11-29,,stationary_ships,659.0,
,,2023-11-30,,stationary_ships,651.0,
,,2023-12-01,,stationary_ships,656.0,
,,2023-12-02,,stationary_ships,645.0,
,,2023-12-03,,stationary_ships,626.0,
,,2023-12-04,,stationary_ships,654.0,
,,2023-12-05,,stationary_ships,646.0,
,,2023-12-06,,stationary_ships,670.0,
,,2023-12-07,,stationary_ships,648.0,
,,2023-12-08,,stationary_ships,642.0,
,,2023-12-09,,stationary_ships,633.0,
,,2023-12-10,,stationary_ships,629.0,
,,2023-12-11,,stationary_ships,637.0,
,,2023-12-12,,stationary_ships,647.0,
,,2023-12-13,,stationary_ships,653.0,
,,2023-12-14,,stationary_ships,635.0,
,,2023-12-15,,stationary_ships,626.0,
,,2023-12-16,,stationary_ships,665.0,
,,2023-12-17,,stationary_ships,713.0,
,,2023-12-18,,stationary_ships,650.0,
,,2023-12-19,,stationary_ships,625.0,
,,2023-12-20,,stationary_ships,638.0,
,,2023-12-21,,stationary_ships,662.0,
,,2023-12-22,,stationary_ships,719.0,
,,2023-12-23,,stationary_ships,679.0,
,,2023-12-24,,stationary_ships,653.0,
,,2023-12-25,,stationary_ships,657.0,
,,2023-12-26,,stationary_ships,772.0,
,,2023-12-27,,stationary_ships,799.0,
,,2023-12-28,,stationary_ships,766.0,
,,2023-12-29,,stationary_ships,732.0,
,,2023-12-30,,stationary_ships,731.0,
,,2023-12-31,,stationary_ships,656.0,
,,2024-01-01,,stationary_ships,696.0,
,,2024-01-02,,stationary_ships,807.0,
,,2024-01-03,,stationary_ships,864.0,
,,2024-01-04,,stationary_ships,731.0,
,,2024-01-05,,stationary_ships,698.0,
,,2024-01-06,,stationary_ships,703.0,
,,2024-01-07,,stationary_ships,642.0,
,,2024-01-08,,stationary_ships,625.0,
,,2024-01-09,,stationary_ships,640.0,
,,2024-01-10,,stationary_ships,648.0,
,,2024-01-11,,stationary_ships,618.0,
,,2024-01-12,,stationary_ships,620.0,
,,2024-01-13,,stationary_ships,616.0,
,,2024-01-14,,stationary_ships,609.0,
,,2024-01-15,,stationary_ships,603.0,
,,2024-01-16,,stationary_ships,608.0,
,,2024-01-17,,stationary_ships,612.0,
,,2024-01-18,,stationary_ships,597.0,
,,2024-01-19,,stationary_ships,594.0,
,,2024-01-20,,stationary_ships,590.0,
,,2024-01-21,,stationary_ships,585.0,
,,2024-01-22,,stationary_ships,634.0,
,,2024-01-23,,stationary_ships,692.0,
,,2024-01-24,,stationary_ships,696.0,
,,2024-01-25,,stationary_ships,627.0,
,,2024-01-26,,stationary_ships,620.0,
,,2024-01-27,,stationary_ships,617.0,
,,2024-01-28,,stationary_ships,620.0,
,,2024-01-29,,stationary_ships,599.0,
,,2024-01-30,,stationary_ships,599.0,
,,2024-01-31,,stationary_ships,580.0,
,,2024-02-01,,stationary_ships,598.0,
,,2024-02-02,,stationary_ships,632.0,
,,2024-02-03,,stationary_ships,590.0,
,,2024-02-04,,stationary_ships,618.0,
,,2024-02-05,,stationary_ships,600.0,
,,2024-02-06,,stationary_ships,587.0,
,,2024-02-07,,stationary_ships,570.0,
,,2024-02-08,,stationary_ships,580.0,
,,2024-02-09,,stationary_ships,588.0,
,,2024-02-10,,stationary_ships,584.0,
,,2024-02-11,,stationary_ships,617.0,
,,2024-02-12,,stationary_ships,629.0,
,,2024-02-13,,stationary_ships,672.0,
,,2024-02-14,,stationary_ships,646.0,
,,2024-02-15,,stationary_ships,661.0,
,,2024-02-16,,stationary_ships,684.0,
,,2024-02-17,,stationary_ships,683.0,
,,2024-02-18,,stationary_ships,637.0,
,,2024-02-19,,stationary_ships,659.0,
,,2024-02-20,,stationary_ships,706.0,
,,2024-02-21,,stationary_ships,702.0,
,,2024-02-22,,stationary_ships,703.0,
,,2024-02-23,,stationary_ships,671.0,
,,2024-02-24,,stationary_ships,624.0,
,,2024-02-25,,stationary_ships,639.0,
,,2024-02-26,,stationary_ships,639.0,
,,2024-02-27,,stationary_ships,642.0,
,,2024-02-28,,stationary_ships,608.0,
,,2024-02-29,,stationary_ships,588.0,
,,2024-03-01,,stationary_ships,616.0,
,,2024-03-02,,stationary_ships,594.0,
,,2024-03-03,,stationary_ships,597.0,
,,2024-03-04,,stationary_ships,596.0,
,,2024-03-05,,stationary_ships,611.0,
,,2024-03-06,,stationary_ships,612.0,
,,2024-03-07,,stationary_ships,617.0,
,,2024-03-08,,stationary_ships,593.0,
,,2024-03-09,,stationary_ships,567.0,
,,2024-03-10,,stationary_ships,598.0,
,,2024-03-11,,stationary_ships,577.0,
,,2024-03-12,,stationary_ships,613.0,
,,2024-03-13,,stationary_ships,632.0,
,,2024-03-14,,stationary_ships,678.0,
,,2024-03-15,,stationary_ships,648.0,
,,2024-03-16,,stationary_ships,634.0,
,,2024-03-17,,stationary_ships,629.0,
,,2024-03-18,,stationary_ships,584.0,
,,2024-03-19,,stationary_ships,586.0,
,,2024-03-20,,stationary_ships,633.0,
,,2024-03-21,,stationary_ships,666.0,
,,2024-03-22,,stationary_ships,624.0,
,,2024-03-23,,stationary_ships,643.0,
,,2024-03-24,,stationary_ships,655.0,
,,2024-03-25,,stationary_ships,616.0,
,,2024-03-26,,stationary_ships,646.0,
,,2024-03-27,,stationary_ships,654.0,
,,2024-03-28,,stationary_ships,683.0,
,,2024-03-29,,stationary_ships,684.0,
,,2024-03-30,,stationary_ships,650.0,
,,2024-03-31,,stationary_ships,647.0,
,,2024-04-01,,stationary_ships,659.0,
,,2024-04-02,,stationary_ships,615.0,
,,2024-04-03,,stationary_ships,636.0,
,,2024-04-04,,stationary_ships,647.0,
,,2024-04-05,,stationary_ships,648.0,
,,2024-04-06,,stationary_ships,653.0,
,,2024-04-07,,stationary_ships,633.0,
,,2024-04-08,,stationary_ships,605.0,
,,2024-04-09,,stationary_ships,606.0,
,,2024-04-10,,stationary_ships,617.0,
,,2024-04-11,,stationary_ships,613.0,
,,2024-04-12,,stationary_ships,665.0,
,,2024-04-13,,stationary_ships,679.0,
,,2024-04-14,,stationary_ships,695.0,
,,2024-04-15,,stationary_ships,682.0,
,,2024-04-16,,stationary_ships,644.0,
,,2024-04-17,,stationary_ships,643.0,
,,2024-04-18,,stationary_ships,610.0,
,,2024-04-19,,stationary_ships,615.0,
,,2024-04-20,,stationary_ships,617.0,
,,2024-04-21,,stationary_ships,588.0,
,,2024-04-22,,stationary_ships,601.0,
,,2024-04-23,,stationary_ships,584.0,
,,2024-04-24,,stationary_ships,587.0,
,,2024-04-25,,stationary_ships,629.0,
,,2024-04-26,,stationary_ships,601.0,
,,2024-04-27,,stationary_ships,623.0,
,,2024-04-28,,stationary_ships,621.0,
,,2024-04-29,,stationary_ships,673.0,
,,2024-04-30,,stationary_ships,623.0,
,,2024-05-01,,stationary_ships,620.0,
,,2024-05-02,,stationary_ships,627.0,
,,2024-05-03,,stationary_ships,695.0,
,,2024-05-04,,stationary_ships,654.0,
,,2024-05-05,,stationary_ships,671.0,
,,2024-05-06,,stationary_ships,658.0,
,,2024-05-07,,stationary_ships,662.0,
,,2024-05-08,,stationary_ships,643.0,
,,2024-05-09,,stationary_ships,636.0,
,,2024-05-10,,stationary_ships,607.0,
,,2024-05-11,,stationary_ships,613.0,
,,2024-05-12,,stationary_ships,619.0,
,,2024-05-13,,stationary_ships,665.0,
,,2024-05-14,,stationary_ships,643.0,
,,2024-05-15,,stationary_ships,627.0,
,,2024-05-16,,stationary_ships,629.0,
,,2024-05-17,,stationary_ships,657.0,
,,2024-05-18,,stationary_ships,529.0,
,,2024-05-19,,stationary_ships,533.0,
,,2024-05-20,,stationary_ships,555.0,
,,2024-05-21,,stationary_ships,542.0,
,,2024-05-22,,stationary_ships,601.0,
,,2024-05-23,,stationary_ships,571.0,
,,2024-05-24,,stationary_ships,559.0,
,,2024-05-25,,stationary_ships,557.0,
,,2024-05-26,,stationary_ships,539.0,
,,2024-05-27,,stationary_ships,542.0,
,,2024-05-28,,stationary_ships,552.0,
,,2024-05-29,,stationary_ships,582.0,
,,2024-05-30,,stationary_ships,564.0,
,,2024-05-31,,stationary_ships,558.0,
,,2024-06-01,,stationary_ships,525.0,
,,2024-06-02,,stationary_ships,505.0,
,,2024-06-03,,stationary_ships,512.0,
,,2024-06-04,,stationary_ships,554.0,
,,2024-06-05,,stationary_ships,553.0,
,,2024-06-06,,stationary_ships,550.0,
,,2024-06-07,,stationary_ships,556.0,
,,2024-06-08,,stationary_ships,556.0,
,,2024-06-09,,stationary_ships,573.0,
,,2024-06-10,,stationary_ships,546.0,
,,2024-06-11,,stationary_ships,528.0,
,,2024-06-12,,stationary_ships,555.0,
,,2024-06-13,,stationary_ships,558.0,
,,2024-06-14,,stationary_ships,530.0,
,,2024-06-15,,stationary_ships,540.0,
,,2024-06-16,,stationary_ships,513.0,
,,2024-06-17,,stationary_ships,560.0,
,,2024-06-18,,stationary_ships,582.0,
,,2024-06-19,,stationary_ships,565.0,
,,2024-06-20,,stationary_ships,590.0,
,,2024-06-21,,stationary_ships,578.0,
,,2024-06-22,,stationary_ships,570.0,
,,2024-06-23,,stationary_ships,521.0,
,,2024-06-24,,stationary_ships,514.0,
,,2024-06-25,,stationary_ships,530.0,
,,2024-06-26,,stationary_ships,547.0,
,,2024-06-27,,stationary_ships,590.0,
,,2024-06-28,,stationary_ships,552.0,
,,2024-06-29,,stationary_ships,562.0,
,,2024-06-30,,stationary_ships,561.0,
,,2024-07-01,,stationary_ships,518.0,
,,2024-07-02,,stationary_ships,448.0,
,,2024-07-03,,stationary_ships,489.0,
,,2024-07-04,,stationary_ships,509.0,
,,2024-07-05,,stationary_ships,491.0,
,,2024-07-06,,stationary_ships,539.0,
,,2024-07-07,,stationary_ships,489.0,
,,2024-07-08,,stationary_ships,500.0,
,,2024-07-09,,stationary_ships,485.0,
,,2024-07-10,,stationary_ships,450.0,
,,2024-07-11,,stationary_ships,482.0,
,,2024-07-12,,stationary_ships,524.0,
,,2024-07-13,,stationary_ships,486.0,
,,2024-07-14,,stationary_ships,521.0,
,,2024-07-15,,stationary_ships,504.0,
,,2024-07-16,,stationary_ships,478.0,
,,2024-07-17,,stationary_ships,506.0,
,,2024-07-18,,stationary_ships,520.0,
,,2024-07-19,,stationary_ships,489.0,
,,2024-07-20,,stationary_ships,508.0,
,,2024-07-21,,stationary_ships,496.0,
,,2024-07-22,,stationary_ships,486.0,
,,2024-07-23,,stationary_ships,488.0,
,,2024-07-24,,stationary_ships,466.0,
,,2024-07-25,,stationary_ships,501.0,
,,2024-07-26,,stationary_ships,518.0,
,,2024-07-27,,stationary_ships,519.0,
,,2024-07-28,,stationary_ships,474.0,
,,2024-07-29,,stationary_ships,486.0,
,,2024-07-30,,stationary_ships,513.0,
,,2024-07-31,,stationary_ships,533.0,
,,2024-08-01,,stationary_ships,526.0,
,,2024-08-02,,stationary_ships,547.0,
,,2024-08-03,,stationary_ships,537.0,
,,2024-08-04,,stationary_ships,519.0,
,,2024-08-05,,stationary_ships,533.0,
,,2024-08-06,,stationary_ships,549.0,
,,2024-08-07,,stationary_ships,564.0,
,,2024-08-08,,stationary_ships,556.0,
,,2024-08-09,,stationary_ships,520.0,
,,2024-08-10,,stationary_ships,529.0,
,,2024-08-11,,stationary_ships,535.0,
,,2024-08-12,,stationary_ships,544.0,
,,2024-08-13,,stationary_ships,547.0,
,,2024-08-14,,stationary_ships,553.0,
,,2024-08-15,,stationary_ships,537.0,
,,2024-08-16,,stationary_ships,486.0,
,,2024-08-17,,stationary_ships,514.0,
,,2024-08-18,,stationary_ships,462.0,
,,2024-08-19,,stationary_ships,487.0,
,,2024-08-20,,stationary_ships,493.0,
,,2024-08-21,,stationary_ships,517.0,
,,2024-08-22,,stationary_ships,554.0,
,,2024-08-23,,stationary_ships,553.0,
,,2024-08-24,,stationary_ships,538.0,
,,2024-08-25,,stationary_ships,540.0,
,,2024-08-26,,stationary_ships,493.0,
,,2024-08-27,,stationary_ships,524.0,
,,2024-08-28,,stationary_ships,507.0,
,,2024-08-29,,stationary_ships,553.0,
,,2024-08-30,,stationary_ships,562.0,
,,2024-08-31,,stationary_ships,536.0,
,,2024-09-01,,stationary_ships,544.0,
,,2024-09-02,,stationary_ships,538.0,
,,2024-09-03,,stationary_ships,523.0,
,,2024-09-04,,stationary_ships,534.0,
,,2024-09-05,,stationary_ships,523.0,
,,2024-09-06,,stationary_ships,546.0,
,,2024-09-07,,stationary_ships,525.0,
,,2024-09-08,,stationary_ships,498.0,
,,2024-09-09,,stationary_ships,530.0,
,,2024-09-10,,stationary_ships,502.0,
,,2024-09-11,,stationary_ships,501.0,
,,2024-09-12,,stationary_ships,515.0,
,,2024-09-13,,stationary_ships,500.0,
,,2024-09-14,,stationary_ships,461.0,
,,2024-09-15,,stationary_ships,462.0,
,,2024-09-16,,stationary_ships,481.0,
,,2024-09-17,,stationary_ships,450.0,
,,2024-09-18,,stationary_ships,474.0,
,,2024-09-19,,stationary_ships,504.0,
,,2024-09-20,,stationary_ships,520.0,
,,2024-09-21,,stationary_ships,525.0,
,,2024-09-22,,stationary_ships,524.0,
,,2024-09-23,,stationary_ships,501.0,
,,2024-09-24,,stationary_ships,512.0,
,,2024-09-25,,stationary_ships,513.0,
,,2024-09-26,,stationary_ships,548.0,
,,2024-09-27,,stationary_ships,553.0,
,,2024-09-28,,stationary_ships,536.0,
,,2024-09-29,,stationary_ships,492.0,
,,2024-09-30,,stationary_ships,509.0,
,,2024-10-01,,stationary_ships,514.0,
,,2024-10-02,,stationary_ships,519.0,
,,2024-10-03,,stationary_ships,483.0,
,,2024-10-04,,stationary_ships,468.0,
,,2024-10-05,,stationary_ships,488.0,
,,2024-10-06,,stationary_ships,525.0,
,,2024-10-07,,stationary_ships,502.0,
,,2024-10-08,,stationary_ships,522.0,
,,2024-10-09,,stationary_ships,535.0,
,,2024-10-10,,stationary_ships,538.0,
,,2024-10-11,,stationary_ships,487.0,
,,2024-10-12,,stationary_ships,489.0,
,,2024-10-13,,stationary_ships,514.0,
,,2024-10-14,,stationary_ships,506.0,
,,2024-10-15,,stationary_ships,484.0,
,,2024-10-16,,stationary_ships,472.0,
,,2024-10-17,,stationary_ships,502.0,
,,2024-10-18,,stationary_ships,494.0,
,,2024-10-19,,stationary_ships,490.0,
,,2024-10-20,,stationary_ships,479.0,
,,2024-10-21,,stationary_ships,523.0,
,,2024-10-22,,stationary_ships,495.0,
,,2024-10-23,,stationary_ships,484.0,
,,2024-10-24,,stationary_ships,478.0,
,,2024-10-25,,stationary_ships,498.0,
,,2024-10-26,,stationary_ships,470.0,
,,2024-10-27,,stationary_ships,478.0,
,,2024-10-28,,stationary_ships,471.0,
,,2024-10-29,,stationary_ships,478.0,
,,2024-10-30,,stationary_ships,468.0,
,,2024-10-31,,stationary_ships,494.0,
,,2024-11-01,,stationary_ships,494.0,
,,2024-11-02,,stationary_ships,464.0,
,,2024-11-03,,stationary_ships,443.0,
,,2024-11-04,,stationary_ships,443.0,
,,2024-11-05,,stationary_ships,474.0,
,,2024-11-06,,stationary_ships,449.0,
,,2024-11-07,,stationary_ships,478.0,
,,2024-11-08,,stationary_ships,489.0,
,,2024-11-09,,stationary_ships,481.0,
,,2024-11-10,,stationary_ships,451.0,
,,2024-11-11,,stationary_ships,482.0,
,,2024-11-12,,stationary_ships,507.0,
,,2024-11-13,,stationary_ships,497.0,
,,2024-11-14,,stationary_ships,503.0,
,,2024-11-15,,stationary_ships,509.0,
,,2024-11-16,,stationary_ships,506.0,
,,2024-11-17,,stationary_ships,477.0,
,,2024-11-18,,stationary_ships,486.0,
,,2024-11-19,,stationary_ships,483.0,
,,2024-11-20,,stationary_ships,448.0,
,,2024-11-21,,stationary_ships,471.0,
,,2024-11-22,,stationary_ships,462.0,
,,2024-11-23,,stationary_ships,445.0,
,,2024-11-24,,stationary_ships,462.0,
,,2024-11-25,,stationary_ships,493.0,
,,2024-11-26,,stationary_ships,478.0,
,,2024-11-27,,stationary_ships,489.0,
,,2024-11-28,,stationary_ships,454.0,
,,2024-11-29,,stationary_ships,439.0,
,,2024-11-30,,stationary_ships,467.0,
,,2024-12-01,,stationary_ships,450.0,
,,2024-12-02,,stationary_ships,464.0,
,,2024-12-03,,stationary_ships,475.0,
,,2024-12-04,,stationary_ships,452.0,
,,2024-12-05,,stationary_ships,485.0,
,,2024-12-06,,stationary_ships,506.0,
,,2024-12-07,,stationary_ships,489.0,
,,2024-12-08,,stationary_ships,470.0,
,,2024-12-09,,stationary_ships,492.0,
,,2024-12-10,,stationary_ships,459.0,
,,2024-12-11,,stationary_ships,477.0,
,,2024-12-12,,stationary_ships,467.0,
,,2024-12-13,,stationary_ships,490.0,
,,2024-12-14,,stationary_ships,524.0,
,,2024-12-15,,stationary_ships,453.0,
,,2024-12-16,,stationary_ships,489.0,
,,2024-12-17,,stationary_ships,487.0,
,,2024-12-18,,stationary_ships,483.0,
,,2024-12-19,,stationary_ships,519.0,
,,2024-12-20,,stationary_ships,495.0,
,,2024-12-21,,stationary_ships,487.0,
,,2024-12-22,,stationary_ships,478.0,
,,2024-12-23,,stationary_ships,476.0,
,,2024-12-24,,stationary_ships,494.0,
,,2024-12-25,,stationary_ships,491.0,
,,2024-12-26,,stationary_ships,570.0,
,,2024-12-27,,stationary_ships,643.0,
,,2024-12-28,,stationary_ships,568.0,
,,2024-12-29,,stationary_ships,559.0,
,,2024-12-30,,stationary_ships,514.0,
,,2024-12-31,,stationary_ships,507.0,
,,2025-01-01,,stationary_ships,545.0,
,,2025-01-02,,stationary_ships,631.0,
,,2025-01-03,,stationary_ships,658.0,
,,2025-01-04,,stationary_ships,611.0,
,,2025-01-05,,stationary_ships,563.0,
,,2025-01-06,,stationary_ships,559.0,
,,2025-01-07,,stationary_ships,547.0,
,,2025-01-08,,stationary_ships,549.0,
,,2025-01-09,,stationary_ships,522.0,
,,2025-01-10,,stationary_ships,492.0,
,,2025-01-11,,stationary_ships,463.0,
,,2025-01-12,,stationary_ships,498.0,
,,2025-01-13,,stationary_ships,478.0,
,,2025-01-14,,stationary_ships,498.0,
,,2025-01-15,,stationary_ships,523.0,
,,2025-01-16,,stationary_ships,462.0,
,,2025-01-17,,stationary_ships,482.0,
,,2025-01-18,,stationary_ships,487.0,
,,2025-01-19,,stationary_ships,466.0,
,,2025-01-20,,stationary_ships,502.0,
,,2025-01-21,,stationary_ships,496.0,
,,2025-01-22,,stationary_ships,533.0,
,,2025-01-23,,stationary_ships,504.0,
,,2023-01-01,,portcalls_china,274.0,Shanghai
,,2023-01-01,,portcalls_china,461.0,Hong Kong
,,2023-01-01,,portcalls_china,188.0,Shenzhen
,,2023-01-01,,portcalls_china,129.0,Ningbo
,,2023-01-08,,portcalls_china,235.0,Shanghai
,,2023-01-08,,portcalls_china,467.0,Hong Kong
,,2023-01-08,,portcalls_china,176.0,Shenzhen
,,2023-01-08,,portcalls_china,107.0,Ningbo
,,2023-01-15,,portcalls_china,285.0,Shanghai
,,2023-01-15,,portcalls_china,144.0,Ningbo
,,2023-01-15,,portcalls_china,423.0,Hong Kong
,,2023-01-15,,portcalls_china,164.0,Shenzhen
,,2023-01-22,,portcalls_china,212.0,Shanghai
,,2023-01-22,,portcalls_china,152.0,Shenzhen
,,2023-01-22,,portcalls_china,387.0,Hong Kong
,,2023-01-22,,portcalls_china,90.0,Ningbo
,,2023-01-29,,portcalls_china,214.0,Shanghai
,,2023-01-29,,portcalls_china,301.0,Hong Kong
,,2023-01-29,,portcalls_china,122.0,Shenzhen
,,2023-01-29,,portcalls_china,96.0,Ningbo
,,2023-02-05,,portcalls_china,258.0,Shanghai
,,2023-02-05,,portcalls_china,376.0,Hong Kong
,,2023-02-05,,portcalls_china,144.0,Shenzhen
,,2023-02-05,,portcalls_china,118.0,Ningbo
,,2023-02-12,,portcalls_china,269.0,Shanghai
,,2023-02-12,,portcalls_china,397.0,Hong Kong
,,2023-02-12,,portcalls_china,156.0,Shenzhen
,,2023-02-12,,portcalls_china,109.0,Ningbo
,,2023-02-19,,portcalls_china,273.0,Shanghai
,,2023-02-19,,portcalls_china,121.0,Ningbo
,,2023-02-19,,portcalls_china,421.0,Hong Kong
,,2023-02-19,,portcalls_china,172.0,Shenzhen
,,2023-02-26,,portcalls_china,283.0,Shanghai
,,2023-02-26,,portcalls_china,420.0,Hong Kong
,,2023-02-26,,portcalls_china,113.0,Ningbo
,,2023-02-26,,portcalls_china,171.0,Shenzhen
,,2023-03-05,,portcalls_china,272.0,Shanghai
,,2023-03-05,,portcalls_china,130.0,Ningbo
,,2023-03-05,,portcalls_china,413.0,Hong Kong
,,2023-03-05,,portcalls_china,172.0,Shenzhen
,,2023-03-12,,portcalls_china,296.0,Shanghai
,,2023-03-12,,portcalls_china,125.0,Ningbo
,,2023-03-12,,portcalls_china,408.0,Hong Kong
,,2023-03-12,,portcalls_china,169.0,Shenzhen
,,2023-03-19,,portcalls_china,259.0,Shanghai
,,2023-03-19,,portcalls_china,169.0,Shenzhen
,,2023-03-19,,portcalls_china,410.0,Hong Kong
,,2023-03-19,,portcalls_china,122.0,Ningbo
,,2023-03-26,,portcalls_china,364.0,Shanghai
,,2023-03-26,,portcalls_china,115.0,Ningbo
,,2023-03-26,,portcalls_china,418.0,Hong Kong
,,2023-03-26,,portcalls_china,174.0,Shenzhen
,,2023-04-02,,portcalls_china,124.0,Ningbo
,,2023-04-02,,portcalls_china,293.0,Shanghai
,,2023-04-02,,portcalls_china,401.0,Hong Kong
,,2023-04-02,,portcalls_china,170.0,Shenzhen
,,2023-04-09,,portcalls_china,291.0,Shanghai
,,2023-04-09,,portcalls_china,136.0,Ningbo
,,2023-04-09,,portcalls_china,401.0,Hong Kong
,,2023-04-09,,portcalls_china,169.0,Shenzhen
,,2023-04-16,,portcalls_china,117.0,Ningbo
,,2023-04-16,,portcalls_china,253.0,Shanghai
,,2023-04-16,,portcalls_china,405.0,Hong Kong
,,2023-04-16,,portcalls_china,170.0,Shenzhen
,,2023-04-23,,portcalls_china,397.0,Hong Kong
,,2023-04-23,,portcalls_china,132.0,Ningbo
,,2023-04-23,,portcalls_china,296.0,Shanghai
,,2023-04-23,,portcalls_china,165.0,Shenzhen
,,2023-04-30,,portcalls_china,265.0,Shanghai
,,2023-04-30,,portcalls_china,414.0,Hong Kong
,,2023-04-30,,portcalls_china,183.0,Shenzhen
,,2023-04-30,,portcalls_china,123.0,Ningbo
,,2023-05-07,,portcalls_china,268.0,Shanghai
,,2023-05-07,,portcalls_china,129.0,Ningbo
,,2023-05-07,,portcalls_china,391.0,Hong Kong
,,2023-05-07,,portcalls_china,164.0,Shenzhen
,,2023-05-14,,portcalls_china,124.0,Ningbo
,,2023-05-14,,portcalls_china,266.0,Shanghai
,,2023-05-14,,portcalls_china,413.0,Hong Kong
,,2023-05-14,,portcalls_china,163.0,Shenzhen
,,2023-05-21,,portcalls_china,265.0,Shanghai
,,2023-05-21,,portcalls_china,420.0,Hong Kong
,,2023-05-21,,portcalls_china,176.0,Shenzhen
,,2023-05-21,,portcalls_china,127.0,Ningbo
,,2023-05-28,,portcalls_china,268.0,Shanghai
,,2023-05-28,,portcalls_china,384.0,Hong Kong
,,2023-05-28,,portcalls_china,155.0,Shenzhen
,,2023-05-28,,portcalls_china,117.0,Ningbo
,,2023-06-04,,portcalls_china,297.0,Shanghai
,,2023-06-04,,portcalls_china,127.0,Ningbo
,,2023-06-04,,portcalls_china,401.0,Hong Kong
,,2023-06-04,,portcalls_china,162.0,Shenzhen
,,2023-06-11,,portcalls_china,262.0,Shanghai
,,2023-06-11,,portcalls_china,410.0,Hong Kong
,,2023-06-11,,portcalls_china,166.0,Shenzhen
,,2023-06-11,,portcalls_china,132.0,Ningbo
,,2023-06-18,,portcalls_china,427.0,Hong Kong
,,2023-06-18,,portcalls_china,285.0,Shanghai
,,2023-06-18,,portcalls_china,109.0,Ningbo
,,2023-06-18,,portcalls_china,179.0,Shenzhen
,,2023-06-25,,portcalls_china,237.0,Shanghai
,,2023-06-25,,portcalls_china,353.0,Hong Kong
,,2023-06-25,,portcalls_china,116.0,Ningbo
,,2023-06-25,,portcalls_china,148.0,Shenzhen
,,2023-07-02,,portcalls_china,117.0,Ningbo
,,2023-07-02,,portcalls_china,275.0,Shanghai
,,2023-07-02,,portcalls_china,396.0,Hong Kong
,,2023-07-02,,portcalls_china,157.0,Shenzhen
,,2023-07-09,,portcalls_china,270.0,Shanghai
,,2023-07-09,,portcalls_china,430.0,Hong Kong
,,2023-07-09,,portcalls_china,127.0,Ningbo
,,2023-07-09,,portcalls_china,179.0,Shenzhen
,,2023-07-16,,portcalls_china,380.0,Hong Kong
,,2023-07-16,,portcalls_china,109.0,Ningbo
,,2023-07-16,,portcalls_china,265.0,Shanghai
,,2023-07-16,,portcalls_china,154.0,Shenzhen
,,2023-07-23,,portcalls_china,275.0,Shanghai
,,2023-07-23,,portcalls_china,384.0,Hong Kong
,,2023-07-23,,portcalls_china,163.0,Shenzhen
,,2023-07-23,,portcalls_china,108.0,Ningbo
,,2023-07-30,,portcalls_china,414.0,Hong Kong
,,2023-07-30,,portcalls_china,211.0,Shanghai
,,2023-07-30,,portcalls_china,115.0,Ningbo
,,2023-07-30,,portcalls_china,186.0,Shenzhen
,,2023-08-06,,portcalls_china,112.0,Ningbo
,,2023-08-06,,portcalls_china,272.0,Shanghai
,,2023-08-06,,portcalls_china,379.0,Hong Kong
,,2023-08-06,,portcalls_china,147.0,Shenzhen
,,2023-08-13,,portcalls_china,265.0,Shanghai
,,2023-08-13,,portcalls_china,407.0,Hong Kong
,,2023-08-13,,portcalls_china,122.0,Ningbo
,,2023-08-13,,portcalls_china,167.0,Shenzhen
,,2023-08-20,,portcalls_china,271.0,Shanghai
,,2023-08-20,,portcalls_china,404.0,Hong Kong
,,2023-08-20,,portcalls_china,115.0,Ningbo
,,2023-08-20,,portcalls_china,173.0,Shenzhen
,,2023-08-27,,portcalls_china,74.0,Ningbo
,,2023-08-27,,portcalls_china,253.0,Shanghai
,,2023-08-27,,portcalls_china,280.0,Hong Kong
,,2023-08-27,,portcalls_china,108.0,Shenzhen
,,2023-09-03,,portcalls_china,248.0,Shanghai
,,2023-09-03,,portcalls_china,477.0,Hong Kong
,,2023-09-03,,portcalls_china,144.0,Ningbo
,,2023-09-03,,portcalls_china,187.0,Shenzhen
,,2023-09-10,,portcalls_china,274.0,Shanghai
,,2023-09-10,,portcalls_china,401.0,Hong Kong
,,2023-09-10,,portcalls_china,106.0,Ningbo
,,2023-09-10,,portcalls_china,170.0,Shenzhen
,,2023-09-17,,portcalls_china,266.0,Shanghai
,,2023-09-17,,portcalls_china,121.0,Ningbo
,,2023-09-17,,portcalls_china,405.0,Hong Kong
,,2023-09-17,,portcalls_china,159.0,Shenzhen
,,2023-09-24,,portcalls_china,261.0,Shanghai
,,2023-09-24,,portcalls_china,398.0,Hong Kong
,,2023-09-24,,portcalls_china,115.0,Ningbo
,,2023-09-24,,portcalls_china,168.0,Shenzhen
,,2023-10-01,,portcalls_china,224.0,Shanghai
,,2023-10-01,,portcalls_china,281.0,Hong Kong
,,2023-10-01,,portcalls_china,93.0,Ningbo
,,2023-10-01,,portcalls_china,107.0,Shenzhen
,,2023-10-08,,portcalls_china,240.0,Shanghai
,,2023-10-08,,portcalls_china,405.0,Hong Kong
,,2023-10-08,,portcalls_china,151.0,Shenzhen
,,2023-10-08,,portcalls_china,108.0,Ningbo
,,2023-10-15,,portcalls_china,271.0,Shanghai
,,2023-10-15,,portcalls_china,349.0,Hong Kong
,,2023-10-15,,portcalls_china,117.0,Ningbo
,,2023-10-15,,portcalls_china,143.0,Shenzhen
,,2023-10-22,,portcalls_china,249.0,Shanghai
,,2023-10-22,,portcalls_china,375.0,Hong Kong
,,2023-10-22,,portcalls_china,120.0,Ningbo
,,2023-10-22,,portcalls_china,154.0,Shenzhen
,,2023-10-29,,portcalls_china,270.0,Shanghai
,,2023-10-29,,portcalls_china,376.0,Hong Kong
,,2023-10-29,,portcalls_china,124.0,Ningbo
,,2023-10-29,,portcalls_china,144.0,Shenzhen
,,2023-11-05,,portcalls_china,254.0,Shanghai
,,2023-11-05,,portcalls_china,396.0,Hong Kong
,,2023-11-05,,portcalls_china,120.0,Ningbo
,,2023-11-05,,portcalls_china,157.0,Shenzhen
,,2023-11-12,,portcalls_china,270.0,Shanghai
,,2023-11-12,,portcalls_china,371.0,Hong Kong
,,2023-11-12,,portcalls_china,115.0,Ningbo
,,2023-11-12,,portcalls_china,152.0,Shenzhen
,,2023-11-19,,portcalls_china,258.0,Shanghai
,,2023-11-19,,portcalls_china,372.0,Hong Kong
,,2023-11-19,,portcalls_china,147.0,Shenzhen
,,2023-11-19,,portcalls_china,116.0,Ningbo
,,2023-11-26,,portcalls_china,258.0,Shanghai
,,2023-11-26,,portcalls_china,359.0,Hong Kong
,,2023-11-26,,portcalls_china,121.0,Ningbo
,,2023-11-26,,portcalls_china,157.0,Shenzhen
,,2023-12-03,,portcalls_china,268.0,Shanghai
,,2023-12-03,,portcalls_china,395.0,Hong Kong
,,2023-12-03,,portcalls_china,166.0,Shenzhen
,,2023-12-03,,portcalls_china,119.0,Ningbo
,,2023-12-10,,portcalls_china,236.0,Shanghai
,,2023-12-10,,portcalls_china,373.0,Hong Kong
,,2023-12-10,,portcalls_china,117.0,Ningbo
,,2023-12-10,,portcalls_china,147.0,Shenzhen
,,2023-12-17,,portcalls_china,248.0,Shanghai
,,2023-12-17,,portcalls_china,351.0,Hong Kong
,,2023-12-17,,portcalls_china,87.0,Ningbo
,,2023-12-17,,portcalls_china,137.0,Shenzhen
,,2023-12-24,,portcalls_china,199.0,Shanghai
,,2023-12-24,,portcalls_china,374.0,Hong Kong
,,2023-12-24,,portcalls_china,154.0,Shenzhen
,,2023-12-24,,portcalls_china,129.0,Ningbo
,,2023-12-31,,portcalls_china,285.0,Shanghai
,,2023-12-31,,portcalls_china,370.0,Hong Kong
,,2023-12-31,,portcalls_china,114.0,Ningbo
,,2023-12-31,,portcalls_china,140.0,Shenzhen
,,2024-01-07,,portcalls_china,276.0,Shanghai
,,2024-01-07,,portcalls_china,385.0,Hong Kong
,,2024-01-07,,portcalls_china,171.0,Shenzhen
,,2024-01-07,,portcalls_china,122.0,Ningbo
,,2024-01-14,,portcalls_china,272.0,Shanghai
,,2024-01-14,,portcalls_china,397.0,Hong Kong
,,2024-01-14,,portcalls_china,114.0,Ningbo
,,2024-01-14,,portcalls_china,156.0,Shenzhen
,,2024-01-21,,portcalls_china,234.0,Shanghai
,,2024-01-21,,portcalls_china,346.0,Hong Kong
,,2024-01-21,,portcalls_china,131.0,Ningbo
,,2024-01-21,,portcalls_china,152.0,Shenzhen
,,2024-01-28,,portcalls_china,236.0,Shanghai
,,2024-01-28,,portcalls_china,380.0,Hong Kong
,,2024-01-28,,portcalls_china,101.0,Ningbo
,,2024-01-28,,portcalls_china,150.0,Shenzhen
,,2024-02-04,,portcalls_china,260.0,Shanghai
,,2024-02-04,,portcalls_china,369.0,Hong Kong
,,2024-02-04,,portcalls_china,138.0,Shenzhen
,,2024-02-04,,portcalls_china,108.0,Ningbo
,,2024-02-11,,portcalls_china,232.0,Shanghai
,,2024-02-11,,portcalls_china,355.0,Hong Kong
,,2024-02-11,,portcalls_china,94.0,Ningbo
,,2024-02-11,,portcalls_china,142.0,Shenzhen
,,2024-02-18,,portcalls_china,289.0,Hong Kong
,,2024-02-18,,portcalls_china,209.0,Shanghai
,,2024-02-18,,portcalls_china,94.0,Ningbo
,,2024-02-18,,portcalls_china,109.0,Shenzhen
,,2024-02-25,,portcalls_china,262.0,Shanghai
,,2024-02-25,,portcalls_china,346.0,Hong Kong
,,2024-02-25,,portcalls_china,142.0,Shenzhen
,,2024-02-25,,portcalls_china,100.0,Ningbo
,,2024-03-03,,portcalls_china,266.0,Shanghai
,,2024-03-03,,portcalls_china,346.0,Hong Kong
,,2024-03-03,,portcalls_china,145.0,Shenzhen
,,2024-03-03,,portcalls_china,112.0,Ningbo
,,2024-03-10,,portcalls_china,228.0,Shanghai
,,2024-03-10,,portcalls_china,372.0,Hong Kong
,,2024-03-10,,portcalls_china,115.0,Ningbo
,,2024-03-10,,portcalls_china,155.0,Shenzhen
,,2024-03-17,,portcalls_china,294.0,Shanghai
,,2024-03-17,,portcalls_china,356.0,Hong Kong
,,2024-03-17,,portcalls_china,139.0,Shenzhen
,,2024-03-17,,portcalls_china,112.0,Ningbo
,,2024-03-24,,portcalls_china,249.0,Shanghai
,,2024-03-24,,portcalls_china,344.0,Hong Kong
,,2024-03-24,,portcalls_china,148.0,Shenzhen
,,2024-03-24,,portcalls_china,113.0,Ningbo
,,2024-03-31,,portcalls_china,262.0,Shanghai
,,2024-03-31,,portcalls_china,345.0,Hong Kong
,,2024-03-31,,portcalls_china,149.0,Shenzhen
,,2024-03-31,,portcalls_china,107.0,Ningbo
,,2024-04-07,,portcalls_china,249.0,Shanghai
,,2024-04-07,,portcalls_china,387.0,Hong Kong
,,2024-04-07,,portcalls_china,122.0,Ningbo
,,2024-04-07,,portcalls_china,156.0,Shenzhen
,,2024-04-14,,portcalls_china,267.0,Shanghai
,,2024-04-14,,portcalls_china,316.0,Hong Kong
,,2024-04-14,,portcalls_china,108.0,Ningbo
,,2024-04-14,,portcalls_china,135.0,Shenzhen
,,2024-04-21,,portcalls_china,272.0,Shanghai
,,2024-04-21,,portcalls_china,377.0,Hong Kong
,,2024-04-21,,portcalls_china,121.0,Ningbo
,,2024-04-21,,portcalls_china,155.0,Shenzhen
,,2024-04-28,,portcalls_china,249.0,Shanghai
,,2024-04-28,,portcalls_china,378.0,Hong Kong
,,2024-04-28,,portcalls_china,154.0,Shenzhen
,,2024-04-28,,portcalls_china,121.0,Ningbo
,,2024-05-05,,portcalls_china,260.0,Shanghai
,,2024-05-05,,portcalls_china,365.0,Hong Kong
,,2024-05-05,,portcalls_china,115.0,Ningbo
,,2024-05-05,,portcalls_china,158.0,Shenzhen
,,2024-05-12,,portcalls_china,268.0,Shanghai
,,2024-05-12,,portcalls_china,284.0,Hong Kong
,,2024-05-12,,portcalls_china,124.0,Shenzhen
,,2024-05-12,,portcalls_china,92.0,Ningbo
,,2024-05-19,,portcalls_china,241.0,Shanghai
,,2024-05-19,,portcalls_china,278.0,Hong Kong
,,2024-05-19,,portcalls_china,88.0,Ningbo
,,2024-05-19,,portcalls_china,122.0,Shenzhen
,,2024-05-26,,portcalls_china,257.0,Shanghai
,,2024-05-26,,portcalls_china,294.0,Hong Kong
,,2024-05-26,,portcalls_china,136.0,Shenzhen
,,2024-05-26,,portcalls_china,92.0,Ningbo
,,2024-06-02,,portcalls_china,229.0,Shanghai
,,2024-06-02,,portcalls_china,299.0,Hong Kong
,,2024-06-02,,portcalls_china,92.0,Ningbo
,,2024-06-02,,portcalls_china,134.0,Shenzhen
,,2024-06-09,,portcalls_china,271.0,Shanghai
,,2024-06-09,,portcalls_china,306.0,Hong Kong
,,2024-06-09,,portcalls_china,86.0,Ningbo
,,2024-06-09,,portcalls_china,149.0,Shenzhen
,,2024-06-16,,portcalls_china,232.0,Shanghai
,,2024-06-16,,portcalls_china,92.0,Ningbo
,,2024-06-16,,portcalls_china,272.0,Hong Kong
,,2024-06-16,,portcalls_china,119.0,Shenzhen
,,2024-06-23,,portcalls_china,227.0,Shanghai
,,2024-06-23,,portcalls_china,263.0,Hong Kong
,,2024-06-23,,portcalls_china,119.0,Shenzhen
,,2024-06-23,,portcalls_china,89.0,Ningbo
,,2024-06-30,,portcalls_china,257.0,Shanghai
,,2024-06-30,,portcalls_china,259.0,Hong Kong
,,2024-06-30,,portcalls_china,131.0,Shenzhen
,,2024-06-30,,portcalls_china,82.0,Ningbo
,,2024-07-07,,portcalls_china,259.0,Shanghai
,,2024-07-07,,portcalls_china,273.0,Hong Kong
,,2024-07-07,,portcalls_china,86.0,Ningbo
,,2024-07-07,,portcalls_china,140.0,Shenzhen
,,2024-07-14,,portcalls_china,274.0,Shanghai
,,2024-07-14,,portcalls_china,285.0,Hong Kong
,,2024-07-14,,portcalls_china,98.0,Ningbo
,,2024-07-14,,portcalls_china,132.0,Shenzhen
,,2024-07-21,,portcalls_china,231.0,Shanghai
,,2024-07-21,,portcalls_china,231.0,Hong Kong
,,2024-07-21,,portcalls_china,69.0,Ningbo
,,2024-07-21,,portcalls_china,110.0,Shenzhen
,,2024-07-28,,portcalls_china,253.0,Shanghai
,,2024-07-28,,portcalls_china,272.0,Hong Kong
,,2024-07-28,,portcalls_china,136.0,Shenzhen
,,2024-07-28,,portcalls_china,100.0,Ningbo
,,2024-08-04,,portcalls_china,265.0,Shanghai
,,2024-08-04,,portcalls_china,278.0,Hong Kong
,,2024-08-04,,portcalls_china,97.0,Ningbo
,,2024-08-04,,portcalls_china,137.0,Shenzhen
,,2024-08-11,,portcalls_china,250.0,Shanghai
,,2024-08-11,,portcalls_china,301.0,Hong Kong
,,2024-08-11,,portcalls_china,134.0,Shenzhen
,,2024-08-11,,portcalls_china,102.0,Ningbo
,,2024-08-18,,portcalls_china,267.0,Shanghai
,,2024-08-18,,portcalls_china,304.0,Hong Kong
,,2024-08-18,,portcalls_china,128.0,Shenzhen
,,2024-08-18,,portcalls_china,96.0,Ningbo
,,2024-08-25,,portcalls_china,241.0,Shanghai
,,2024-08-25,,portcalls_china,287.0,Hong Kong
,,2024-08-25,,portcalls_china,88.0,Ningbo
,,2024-08-25,,portcalls_china,124.0,Shenzhen
,,2024-09-01,,portcalls_china,257.0,Shanghai
,,2024-09-01,,portcalls_china,235.0,Hong Kong
,,2024-09-01,,portcalls_china,76.0,Ningbo
,,2024-09-01,,portcalls_china,79.0,Shenzhen
,,2024-09-08,,portcalls_china,229.0,Shanghai
,,2024-09-08,,portcalls_china,314.0,Hong Kong
,,2024-09-08,,portcalls_china,135.0,Shenzhen
,,2024-09-08,,portcalls_china,115.0,Ningbo
,,2024-09-15,,portcalls_china,187.0,Shanghai
,,2024-09-15,,portcalls_china,269.0,Hong Kong
,,2024-09-15,,portcalls_china,89.0,Ningbo
,,2024-09-15,,portcalls_china,127.0,Shenzhen
,,2024-09-22,,portcalls_china,249.0,Shanghai
,,2024-09-22,,portcalls_china,310.0,Hong Kong
,,2024-09-22,,portcalls_china,94.0,Ningbo
,,2024-09-22,,portcalls_china,133.0,Shenzhen
,,2024-09-29,,portcalls_china,238.0,Shanghai
,,2024-09-29,,portcalls_china,295.0,Hong Kong
,,2024-09-29,,portcalls_china,126.0,Shenzhen
,,2024-09-29,,portcalls_china,94.0,Ningbo
,,2024-10-06,,portcalls_china,249.0,Shanghai
,,2024-10-06,,portcalls_china,390.0,Hong Kong
,,2024-10-06,,portcalls_china,168.0,Shenzhen
,,2024-10-06,,portcalls_china,116.0,Ningbo
,,2024-10-13,,portcalls_china,242.0,Shanghai
,,2024-10-13,,portcalls_china,338.0,Hong Kong
,,2024-10-13,,portcalls_china,107.0,Ningbo
,,2024-10-13,,portcalls_china,151.0,Shenzhen
,,2024-10-20,,portcalls_china,243.0,Shanghai
,,2024-10-20,,portcalls_china,347.0,Hong Kong
,,2024-10-20,,portcalls_china,100.0,Ningbo
,,2024-10-20,,portcalls_china,149.0,Shenzhen
,,2024-10-27,,portcalls_china,200.0,Shanghai
,,2024-10-27,,portcalls_china,341.0,Hong Kong
,,2024-10-27,,portcalls_china,100.0,Ningbo
,,2024-10-27,,portcalls_china,140.0,Shenzhen
,,2024-11-03,,portcalls_china,241.0,Shanghai
,,2024-11-03,,portcalls_china,151.0,Shenzhen
,,2024-11-03,,portcalls_china,345.0,Hong Kong
,,2024-11-03,,portcalls_china,113.0,Ningbo
,,2024-11-10,,portcalls_china,250.0,Shanghai
,,2024-11-10,,portcalls_china,366.0,Hong Kong
,,2024-11-10,,portcalls_china,115.0,Ningbo
,,2024-11-10,,portcalls_china,138.0,Shenzhen
,,2024-11-17,,portcalls_china,245.0,Shanghai
,,2024-11-17,,portcalls_china,378.0,Hong Kong
,,2024-11-17,,portcalls_china,113.0,Ningbo
,,2024-11-17,,portcalls_china,161.0,Shenzhen
,,2024-11-24,,portcalls_china,239.0,Shanghai
,,2024-11-24,,portcalls_china,364.0,Hong Kong
,,2024-11-24,,portcalls_china,113.0,Ningbo
,,2024-11-24,,portcalls_china,165.0,Shenzhen
,,2024-12-01,,portcalls_china,246.0,Shanghai
,,2024-12-01,,portcalls_china,117.0,Ningbo
,,2024-12-01,,portcalls_china,354.0,Hong Kong
,,2024-12-01,,portcalls_china,147.0,Shenzhen
,,2024-12-08,,portcalls_china,262.0,Shanghai
,,2024-12-08,,portcalls_china,367.0,Hong Kong
,,2024-12-08,,portcalls_china,156.0,Shenzhen
,,2024-12-08,,portcalls_china,113.0,Ningbo
,,2024-12-15,,portcalls_china,122.0,Ningbo
,,2024-12-15,,portcalls_china,253.0,Shanghai
,,2024-12-15,,portcalls_china,342.0,Hong Kong
,,2024-12-15,,portcalls_china,151.0,Shenzhen
,,2024-12-22,,portcalls_china,234.0,Shanghai
,,2024-12-22,,portcalls_china,374.0,Hong Kong
,,2024-12-22,,portcalls_china,118.0,Ningbo
,,2024-12-22,,portcalls_china,167.0,Shenzhen
,,2024-12-29,,portcalls_china,373.0,Hong Kong
,,2024-12-29,,portcalls_china,249.0,Shanghai
,,2024-12-29,,portcalls_china,156.0,Shenzhen
,,2024-12-29,,portcalls_china,114.0,Ningbo
,,2025-01-05,,portcalls_china,236.0,Shanghai
,,2025-01-05,,portcalls_china,380.0,Hong Kong
,,2025-01-05,,portcalls_china,165.0,Shenzhen
,,2025-01-05,,portcalls_china,126.0,Ningbo
,,2025-01-12,,portcalls_china,239.0,Shanghai
,,2025-01-12,,portcalls_china,337.0,Hong Kong
,,2025-01-12,,portcalls_china,106.0,Ningbo
,,2025-01-12,,portcalls_china,158.0,Shenzhen
