cik,ticker,name,shares,max_adj_close,mcap,in_sp1500
1499961,BINI,"BOLLINGER INNOVATIONS, INC.",4604935.0,5774624868532224.0,2.6591772168974437e+22,False
1643918,BDRX,Biodexa Pharmaceuticals Plc,225817808922.0,79000000.0,1.7839606904838e+19,False
1726711,ADTX,"Aditxt, Inc.",815921.0,3710016028672.0,3.027079988130087e+18,False
1585608,JAGX,"Jaguar Health, Inc.",171350166.0,5767453184.0,9.882540604756285e+17,False
1674440,YYAI,AIRWA INC.,42095538.0,2016000000.0,8.4864604608e+16,False
1068689,ATDS,"Data443 Risk Mitigation, Inc.",1313420344.0,55000000.0,7.223811892e+16,False
1769256,XHG,XChange TEC.INC,25878920464.0,1524000.0,3.9439474787136e+16,False
1434601,TMGI,"Transglobal Management Group, Inc.",561229662.0,52000000.0,2.9183942424e+16,False
1517681,PPCB,"Propanc Biopharma, Inc.",56959280.0,500000000.0,2.847964e+16,False
1769768,EJH,E-Home Household Service Holdings Ltd,4003859.0,6750000128.0,2.702604876249395e+16,False
1648087,AREB,AMERICAN REBEL HOLDINGS INC,28489850.0,690750016.0,1.96793643433376e+16,False
1930510,VCIG,VCI Global Ltd,26310352.0,449288000.0,1.1820925429376e+16,False
1784970,NXTT,Next Technology Holding Inc.,147296192.0,76294000.0,1.1237815672448e+16,False
1506492,NUWE,"Nuwellis, Inc.",3647264.0,1852199936.0,6755462147375104.0,False
1747661,ZNB,Zeta Network Group,16191012.0,371200000.0,6010103654400000.0,False
1940674,SMX,SMX (Security Matters) Public Ltd Co,1795943.0,2444035584.0,4389348598835712.0,False
811222,CDIX,Cardiff Lexington Corp,15637361.0,275000000.0,4300274275000000.0,False
1709626,NCNA,NuCana plc,20809854947.0,90150.0,1876008423472050.0,False
1816319,LYTHF,Lytus Technologies Holdings PTV. Ltd.,179997491.0,7050000.0,1268982311550000.0,False
1682149,DVLT,Datavault AI Inc.,949728605.0,1200000.0,1139674326000000.0,False
1347858,XXII,"22nd Century Group, Inc.",713994.0,1256407168.0,897067179508992.0,False
1805521,FFAI,FARADAY FUTURE INTELLIGENT ELECTRIC INC.,29516511.0,27590400.0,814372345094400.0,False
1894693,SVRE,SaverOne 2014 Ltd.,29961257022.0,25747.1992,771418452827833.0,False
1541157,AKTX,Akari Therapeutics Plc,155758529533.0,4720.0,735180259395760.0,False
1610853,HSDT,Solana Co,60458703.0,12022500.0,726864756817500.0,False
1611747,SCNI,Scinai Immunotherapeutics Ltd.,13872899584.0,51100.0,708905168742400.0,False
1905660,HUBC,Hub Cyber Security Ltd.,36241405.0,18540000.0,671915648700000.0,False
1829794,EMPD,Empery Digital Inc.,28110111.0,23731200.0,667086666163200.0,False
927971,FNGD,BANK OF MONTREAL /CAN/,708905679.0,886200.0,628232212729800.0,False
1553846,RDHL,RedHill Biopharma Ltd.,50923261000.0,11290.0,574923616690000.0,False
1813783,VMAR,Vision Marine Technologies Inc.,4907137.0,87534000.0,429541330158000.0,False
1430306,TNXP,Tonix Pharmaceuticals Holding Corp.,17151024.0,21568000.0,369913285632000.0,False
1743745,GNLN,"Greenlane Holdings, Inc.",694544.0,278520000.0,193444394880000.0,False
1789299,FXHO,UTime Ltd,1692423.0,102712496.0,173832990617808.0,False
1860657,ALLR,"Allarity Therapeutics, Inc.",15910724.0,10605000.0,168733228020000.0,False
896493,GPUS,"Hyperscale Data, Inc.",1529995.0,100478392.0,153731437368040.0,False
1649009,CHAI,"Core AI Holdings, Inc.",19922402.0,7464240.0,148705589904480.0,False
1435064,CETX,CEMTREX INC,1721141.0,82026000.0,141178311666000.0,False
1427570,HIND,"Vyome Holdings, Inc",7018528.0,20010000.0,140440745280000.0,False
1787803,WNW,Meiwu Technology Co Ltd,15643353.0,8575000.0,134141751975000.0,False
1841675,ARBK,Argo Blockchain Plc,28857673160.0,4440.96,128155772196634.0,False
1755953,ABTC,American Bitcoin Corp.,82802406.0,1494000.0,123706794564000.0,False
1759136,BHATF,Blue Hat Interactive Entertainment Technology,493820989.0,237500.0,117282484887500.0,False
1929783,WOK,WORK Medical Technology Group LTD,14591942.0,7570000.0,110461000940000.0,False
1679817,OZSC,"OZOP ENERGY SOLUTIONS, INC.",11793584.0,9000000.0,106142256000000.0,False
1829635,RNAZ,"Transcode Therapeutics, Inc.",16930739.0,4767840.0,80723054633760.0,False
1471781,GTCH,GBT Technologies Inc.,24417866769.0,3250.0,79358066999250.0,False
1828098,STKH,Steakholder Foods Ltd.,5438836659.0,13416.0,72967432617144.0,False
1527613,CIMG,CIMG Inc.,1960301219.0,27972.0,54833545697868.0,False
1671584,APVO,Aptevo Therapeutics Inc.,1801970.0,28342828.0,51072925771160.0,False
1440799,MMEX,MMEX Resources Corp,22295726723.0,2090.0,46598068851070.0,False
1782107,ONCO,"Onconetix, Inc.",3949107.0,11543000.0,45584542101000.0,False
1869467,SVRN,OceanPal Inc.,7504982.0,5887841.0,44188140723862.0,False
1896212,CDT,CDT Equity Inc.,786670.0,50970000.0,40096569900000.0,False
1047716,LTM,LATAM AIRLINES GROUP S.A.,574215983709.0,68.2856,39210682977159.0,False
1840563,ELAB,PMGC Holdings Inc.,8095793.0,4762947.5,38559837029868.0,False
2015691,ELPW,Elong Power Holding Ltd.,58056099.0,662400.0,38456359977600.0,False
1809750,EDBL,Edible Garden AG Inc,1951509.0,19507500.0,38069061817500.0,False
1716621,VTAK,"Catheter Precision, Inc.",14391944.0,2325125.0,33463068793000.0,False
1785056,TRNR,"Interactive Strength, Inc.",1619702.0,19824000.0,32108972448000.0,False
890821,ENVB,"Enveric Biosciences, Inc.",4475884.0,6304500.0,28218210678000.0,False
1668010,DBGI,"Digital Brands Group, Inc.",933509.0,29850000.0,27865243650000.0,False
1824293,GRI,"GRI Bio, Inc.",2186115.0,12578966.0,27499066257090.0,False
946486,WINT,WINDTREE THERAPEUTICS INC /DE/,33708784.0,722250.75,24346194525588.0,False
1713539,KXIN,Kaixin Holdings,5489162.0,4212000.0,23120350344000.0,False
22701,SUNE,"SUNation Energy, Inc.",6513108.0,3546964.5,23101762860666.0,False
1687542,FRGT,"Freight Technologies, Inc.",1660627.0,13656388.0,22678166635276.0,False
1671502,QNRX,Quoin Pharmaceuticals Ltd.,70294615.0,320250.0,22511850453750.0,False
1826397,AVX,AVAX ONE TECHNOLOGY LTD.,7397383.0,3024000.0,22369686192000.0,False
1342958,KUST,"KUSTOM ENTERTAINMENT, INC.",6506860.0,3420000.0,22253461200000.0,False
1309082,CEIN,"Viking Global Technologies, Inc.",281786525.0,78125.0,22014572265625.0,False
1707919,CENN,Cenntro Inc.,2456452.0,8280000.0,20339422560000.0,False
1788841,MCOM,micromobility.com Inc.,92214637.0,211725.0469,19524148343691.0,False
1856084,RDGT,Ridgetech Inc.,133090838.0,120600.0,16050755062800.0,False
1806904,EZGO,EZGO Technologies Ltd.,5675172.0,2716500.0,15416604738000.0,False
1723980,SXTC,"China SXT Pharmaceuticals, Inc.",958077.0,14340000.0,13738824180000.0,False
1413855,AIFU,AIFU Inc.,1134236184.0,11910.7178,13509567106173.0,False
1046179,TSM,TAIWAN SEMICONDUCTOR MANUFACTURING CO LTD,25932524521.0,476.2923,12351461748913.0,False
1566826,LGMK,"LogicMark, Inc.",899759.0,12825000.0,11539409175000.0,False
1588084,TANH,TANTECH HOLDINGS LTD,6214872.0,1742400.0,10828792972800.0,False
1614744,PPBT,PURPLE BIOTECH LTD.,1858911801.0,5600.0,10409906085600.0,False
1357459,PALI,"PALISADE BIO, INC.",174270558.0,58500.0,10194827643000.0,False
1506983,GCTK,"Glucotrack, Inc.",10578822.0,877500.0,9282916305000.0,False
1852440,JZ,Jianzhi Education Technology Group Co Ltd,517110000.0,16875.0,8726231250000.0,False
1810560,REVB,"REVELATION BIOSCIENCES, INC.",3983416.0,2126880.0,8472247822080.0,False
1888151,FMTOF,Femto Technologies Inc.,861111.0,9625400.0,8288537819400.0,False
1839285,HCTI,"Healthcare Triangle, Inc.",14974322.0,536346.0,8031417707412.0,False
1781162,MNTS,Momentus Inc.,21963401.0,342750.0,7527955692750.0,False
1957413,DCX,Digital Currency X Technology Inc.,19560823.0,383400.0,7499619538200.0,False
1566610,TONX,TON Strategy Co,55071989.0,136160.0,7498602022240.0,False
1811115,RNLXY,Renalytix plc,331206012.0,21737.5,7199590685850.0,False
1027552,BSAC,BANCO SANTANDER CHILE,188446126794.0,36.15,6812327483603.0,False
1729427,CNSP,"CNS Pharmaceuticals, Inc.",1461449.0,4491000.0,6563367459000.0,False
1836875,NVVE,Nuvve Holding Corp.,993794.0,6413760.0,6373956205440.0,False
1928581,GMEX,GMEX Robotics Corp,21020597.0,274407.8438,5768216698159.0,False
1045810,NVDA,NVIDIA CORP,24100000000.0,235.2024,5668377840000.0,True
1787740,VBIO,"Valion Bio, Inc.",22189739.0,237150.0,5262296603850.0,False
1498148,AITX,Artificial Intelligence Technology Solutions Inc.,432030200.0,11950.0,5162760890000.0,False
320193,AAPL,Apple Inc.,14594180000.0,339.7869,4958911180242.0,True
1776067,OCG,Oriental Culture Holding LTD,98313864.0,45526.25,4475861550930.0,False
1161125,BCH,BANK OF CHILE,101017081114.0,43.7002,4414466648098.0,False
789019,MSFT,MICROSOFT CORP,7425545491.0,537.6464,3992317801272.0,True
1296774,NCTY,The9 LTD,4567660012.0,828.9,3786133383947.0,False
1800392,MLGO,MicroAlgo Inc.,51606706.0,71520.0,3690911613120.0,False
1655210,BYND,"BEYOND MEAT, INC.",515818978.0,7047.0,3634976337966.0,False
1094517,TM,TOYOTA MOTOR CORP/,13033931974.0,248.29,3236194969824.0,False
1018724,AMZN,AMAZON COM INC,10786313572.0,284.02,3063528780719.0,True
1782941,TIRXF,TIAN RUIXIANG HOLDINGS LTD,5000000.0,599937.5,2999687500000.0,False
1499494,DXF,Eason Technology Ltd,93677555803.0,30.51,2858102227550.0,False
1471727,SRXH,SRX Global Inc.,20265391.0,135234.3281,2740576535569.0,False
1857044,INDP,"Indaptus Therapeutics, Inc.",133242324.0,20428.8008,2721980895125.0,False
1687277,RETO,"ReTo Eco-Solutions, Inc.",43398885.0,61000.0,2647331985000.0,False
744452,BNBX,BNB PLUS CORP.,6197223.0,426000.0,2640016998000.0,False
1604191,GRDX,GridAI Technologies Corp.,7131123.0,364644.0,2600321215212.0,False
1735556,SGRX,SANGRIX INC.,58211111.0,44550.0,2593304995050.0,False
1812360,FOXO,FOXO TECHNOLOGIES INC.,1658116.0,1492537.375,2474800102086.0,False
1841209,HOLO,MicroCloud Hologram Inc.,22512360.0,103680.0,2334081484800.0,False
1730168,AVGO,Broadcom Inc.,4773629865.0,480.8091,2295204679124.0,True
1583771,HEPA,"Hepion Pharmaceuticals, Inc.",90219317.0,25410.0,2292472844970.0,False
1905956,TGL,TREASURE GLOBAL INC,1675725.0,1247400.0,2090299365000.0,False
1712178,NAAS,NaaS Technology Inc.,113030392.0,17536.0,1982100954112.0,False
1318605,TSLA,"Tesla, Inc.",3949547394.0,489.88,1934804277373.0,True
1089113,HSBC,HSBC HOLDINGS PLC,17175239862.0,107.3417,1843619444695.0,False
1874097,CYN,Cyngn Inc.,14423281.0,127350.0,1836804835350.0,False
1350102,ASTI,"Ascent Solar Technologies, Inc.",9816431.0,181900.0,1785608798900.0,False
1618835,EVFM,"Evofem Biosciences, Inc.",132530081.0,13387.5,1774246459388.0,False
1321834,QCLS,"Q/C TECHNOLOGIES, INC.",8189838.0,211680.0,1733624907840.0,False
1951667,CTNT,CHEETAH NET SUPPLY CHAIN SERVICE INC.,36177712.0,47232.0,1708745693184.0,False
1716947,ENSC,"Ensysce Biosciences, Inc.",19456794.0,86364.0,1680366557016.0,False
1129137,AMX,AMERICA MOVIL SAB DE CV/,60264000000.0,27.4216,1652535302400.0,False
1892492,ORBS,Eightco Holdings Inc.,429777400.0,3801.0,1633583897400.0,False
1870404,CERO,"CERO THERAPEUTICS HOLDINGS, INC.",71630992.0,22640.0,1621725658880.0,False
1896425,LBGJ,Li Bang International Corp Inc.,18748000.0,86200.0,1616077600000.0,False
1802450,MSPR,"MSP Recovery, Inc.",66142649.0,22137.502,1464233024523.0,False
1742341,HKIT,"Biddance AI Systems, Inc.",10987679.0,127500.0,1400929072500.0,False
723125,MU,MICRON TECHNOLOGY INC,1129393151.0,1213.3734,1370375607566.0,True
1296484,TOPS,TOP SHIPS INC.,10294906.0,132000.0,1358927592000.0,False
1425287,WKHS,Workhorse Group Inc.,10928585.0,124020.0,1355363111700.0,False
1730773,BSFC,Blue Star Foods Corp.,171880101.0,7870.0,1352696394870.0,False
1888014,AKAN,AKANDA CORP.,1983546.0,664977.5,1319013460215.0,False
1326706,FEED,"ENvue Medical, Inc.",11084615.0,118800.0,1316852262000.0,False
59478,LLY,ELI LILLY & Co,941357065.0,1280.34,1205257104602.0,True
1269026,SINT,"Sintx Technologies, Inc.",6664534.0,180000.0,1199616120000.0,False
1739016,ELVR,Elevra Lithium Ltd,11543296014.0,102.33,1181225481113.0,False
1498403,BLRX,BioLineRx Ltd.,2610814390.0,438.0,1143536702820.0,False
1635077,ACON,"Aclarion, Inc.",2882371.0,393638.4062,1134611926517.0,False
1534120,AVTX,"Avalo Therapeutics, Inc.",53629989.0,20793.5996,1115160517818.0,False
1470683,AEHL,Antelope Enterprise Holdings Ltd,4580547.0,239616.0,1097572349952.0,False
1417926,IVF,"INVO Fertility, Inc.",2506969.0,437169.2188,1095969679286.0,False
104169,WMT,Walmart Inc.,7933746241.0,133.8795,1062165979872.0,True
1066923,FTFT,Future FinTech Group Inc.,32246443.0,32544.0,1049428240992.0,False
1728117,GOSS,"Gossamer Bio, Inc.",488846722.0,2143.2,1047696294590.0,False
8504,UAVS,AgEagle Aerial Systems Inc.,62905706.0,15690.0,986990527140.0,False
1341439,ORCL,ORACLE CORP,3023736000.0,324.63,981595417680.0,True
1751876,PAVS,Paranovus Entertainment Technology Ltd.,78732.0,12378473.0,974581936236.0,False
19617,JPM,JPMORGAN CHASE & CO,2658186195.0,365.18,970716434690.0,True
748592,ERNA,Ernexa Therapeutics Inc.,1632411.0,588750.0,961081976250.0,False
2488,AMD,ADVANCED MICRO DEVICES INC,1632475042.0,580.91,948321076648.0,True
1592560,VSA,VisionSys AI Inc,54563321.0,16975.0,926212373975.0,False
1755101,ALDS,APPlife Digital Solutions Inc,2025025697.0,437.5,885948742438.0,False
937966,ASML,ASML HOLDING NV,385417665.0,1986.8704,765774950226.0,False
1704287,BJDX,"Bluejay Diagnostics, Inc.",4468051.0,170240.0,760641002240.0,False
1989930,FGL,Founder Group Ltd,17665289.0,43000.0,759607427000.0,False
1630212,CHGA,Change Agents Corporation.,19946803.0,37650.0,750997132950.0,False
1444406,EC,ECOPETROL S.A.,41116694690.0,18.26,750790845039.0,False
1402328,SBFM,Sunshine Biopharma Inc.,3877337.0,193000.0,748326041000.0,False
1843165,YHC,LQR House Inc.,1303857.0,546000.0,711905922000.0,False
50863,INTC,INTEL CORP,5044000000.0,140.94,710901360000.0,True
2115436,XOM,ExxonMobil Holdings Corp,4111911960.0,169.32,696228933067.0,True
1737995,SKYA,"SkyAI, Inc.",42982506.0,16038.0,689353431228.0,False
1450704,VIVK,"Vivakor, Inc.",8183626.0,84139.2656,688564281585.0,False
200406,JNJ,JOHNSON & JOHNSON,2409898597.0,278.43,670988066363.0,True
1479419,KALA,"KALA BIO, Inc.",19339786.0,34475.0,666739122350.0,False
1023994,OLOX,OLENOX INDUSTRIES INC.,1659347.0,385260.1875,639280336348.0,False
1976908,JDZG,JIADE Ltd,24535471.0,25940.0,636450117740.0,False
1389545,SDEV,Stablecoin Development Corp,50615437.0,12551.0596,635277366467.0,False
1638287,MTVA,MetaVia Inc.,6588101.0,94380.0,621784972380.0,False
1498382,HURA,"TuHURA Biosciences, Inc./NV",63726617.0,9625.0,613368688625.0,False
1757499,SHPH,"Shuttle Pharmaceuticals Holdings, Inc.",5851290.0,104800.0,613215192000.0,False
1690080,FRMM,FORUM MARKETS Inc,13198948.0,45524.0,600868908752.0,False
1651308,ONC,BeOne Medicines Ltd.,1478124405.0,403.14,595891072632.0,False
1075880,KZIA,KAZIA THERAPEUTICS LTD,809418734.0,735.5,595327478857.0,False
6951,AMAT,APPLIED MATERIALS INC /DE,793597443.0,722.2277,573158055984.0,True
1306965,SHEL,Shell plc,5689891670.0,98.95,563014780746.0,False
1411579,AMC,"AMC ENTERTAINMENT HOLDINGS, INC.",892604638.0,625.5,558324201069.0,False
1577552,BABA,Alibaba Group Holding Ltd,1858037427.0,298.4454,554522723116.0,False
707549,LRCX,LAM RESEARCH CORP,1251321000.0,433.33,542234928930.0,True
731766,UNH,UNITEDHEALTH GROUP INC,897594847.0,596.105,535060776271.0,True
1683553,SPRB,"SPRUCE BIOSCIENCES, INC.",2874013.0,182362.5,524112195712.0,False
1442620,RCON,"Recon Technology, Ltd",10627426.0,49248.0,523379475648.0,False
858877,CSCO,"CISCO SYSTEMS, INC.",3942586873.0,129.5155,510626110150.0,True
839923,VOD,VODAFONE GROUP PUBLIC LTD CO,28816835778.0,17.68,509481656555.0,False
1110646,NTES,"NetEase, Inc.",3192111251.0,155.5742,496610154185.0,False
811809,BHP,BHP Group Ltd,5075992235.0,96.5823,490251004838.0,False
1680378,SNES,"SenesTech, Inc.",5423542.0,90240.0,489420430080.0,False
18230,CAT,CATERPILLAR INC,459674889.0,1062.9282,488601402350.0,True
909832,COST,COSTCO WHOLESALE CORP /NEW,443478804.0,1092.5829,484537357763.0,True
1615219,DCOY,Decoy Therapeutics Inc.,655185.0,729000.0,477629865000.0,False
835403,DEO,DIAGEO PLC,2432397125.0,196.0608,476897726245.0,False
1004315,NGG,NATIONAL GRID PLC,5198968690.0,91.5236,475828330796.0,False
1551152,ABBV,AbbVie Inc.,1767117285.0,265.97,470000184291.0,True
1973239,ARM,ARM HOLDINGS PLC /UK,1064055252.0,439.46,467609721044.0,False
70858,BAC,BANK OF AMERICA CORP /DE/,6992748365.0,64.481,450899407324.0,True
1160106,LYG,Lloyds Banking Group plc,70465568224.0,6.21,437591178671.0,False
1688126,CRCW,Crypto Co,5829932017.0,74.0,431414969258.0,False
93410,CVX,CHEVRON CORP,1975771274.0,217.77,430263710339.0,True
1119190,RWAX,"TAP REAL ESTATE TECHNOLOGIES, INC.",61921332657.0,6.84,423541915374.0,False
354950,HD,"HOME DEPOT, INC.",997689626.0,411.9337,410981979090.0,True
1986247,BYAH,"Park Ha Biological Technology Co., Ltd.",25000000.0,16404.0,410100000000.0,False
80424,PG,PROCTER & GAMBLE Co,2324433060.0,171.2625,398088216938.0,True
1534248,CMMB,Chemomab Therapeutics Ltd.,575381320.0,691.2,397703568384.0,False
40545,GE,GENERAL ELECTRIC CO,1037562513.0,381.22,395539581206.0,True
319201,KLAC,KLA CORP,1306546783.0,301.3694,393753220065.0,True
312069,BCS,BARCLAYS PLC,13866661730.0,28.2428,391633353908.0,False
310158,MRK,"Merck & Co., Inc.",2467171638.0,155.5319,383723892484.0,True
1000184,SAPGF,SAP SE,1228504232.0,311.8,383047619538.0,False
1000184,SAP,SAP SE,1228504232.0,306.6001,376659520382.0,False
1714562,GAME,"GameSquare Holdings, Inc.",103809536.0,3600.0,373714329600.0,False
888721,TRIB,TRINITY BIOTECH PLC,374206640.0,996.0,372709813440.0,False
1383395,SQNS,SEQUANS COMMUNICATIONS,1599589702.0,232.25,371504708290.0,False
1843586,OTLY,Oatly Group AB,624500001.0,574.6,358837700575.0,False
895421,MS,MORGAN STANLEY,1570566292.0,227.2988,356987833492.0,True
1132924,CHT,CHUNGHWA TELECOM CO LTD,7757446545.0,45.9,356066796416.0,False
1589149,GWAV,"Greenwave Technology Solutions, Inc.",829631.0,425700.0,353173916700.0,False
1647822,SVMB,"Jingbo Technology, Inc.",555315412.0,634.0,352069971208.0,False
1033767,UMC,UNITED MICROELECTRONICS CORP,12588156344.0,27.5257,346497815078.0,False
2023554,SNDK,Sandisk Corp,146419001.0,2335.0,341888367335.0,True
12927,BA,BOEING CO,790370020.0,430.3,340096219606.0,True
1744489,DIS,Walt Disney Co,1726686902.0,195.7645,338023998027.0,True
1991592,INLF,INLIF Ltd,6400000.0,52256.0,334438400000.0,False
886982,GS,GOLDMAN SACHS GROUP INC,291171408.0,1146.4551,333814945676.0,True
1327567,PANW,Palo Alto Networks Inc,818000000.0,396.0,323928000000.0,True
1795589,KC,Kingsoft Cloud Holdings Ltd,4479857667.0,72.06,322818543484.0,False
1659939,ENIC,Enel Chile S.A.,69166557219.0,4.66,322316156641.0,False
1665300,PHUN,"Phunware, Inc.",20462675.0,15420.0,315534448500.0,False
1996810,GEV,GE Vernova Inc.,266333581.0,1174.86,312904670974.0,True
1114448,NVS,NOVARTIS AG,1908151679.0,163.6393,312248605045.0,False
1413329,PM,Philip Morris International Inc.,1558613439.0,200.17,311987652085.0,True
51143,IBM,INTERNATIONAL BUSINESS MACHINES CORP,942134390.0,326.8851,307969694289.0,True
1372920,EDU,New Oriental Education & Technology Group Inc.,1580288613.0,192.5929,304352366815.0,False
101829,RTX,RTX Corp,1347758144.0,225.49,303905983891.0,True
1460702,AIXC,"AIxCrypto Holdings, Inc.",20234993.0,15000.0,303524895000.0,False
1000275,RY,ROYAL BANK OF CANADA,1400635338.0,216.5685,303333494198.0,False
97476,TXN,TEXAS INSTRUMENTS INC,913247686.0,330.5874,301908178071.0,True
1108524,CRM,"Salesforce, Inc.",823000000.0,362.5813,298404409900.0,True
1981535,SBET,"Sharplink, Inc.",217223604.0,1365.6,296640553622.0,False
1641398,GDC,GD Culture Group Ltd,4162500.0,71250.0,296578125000.0,False
1814067,LXEH,Lixiang Education Holding Co. Ltd.,116667000.0,2500.0,291667500000.0,False
72971,WFC,WELLS FARGO & COMPANY/MN,3023999336.0,94.8289,286762530634.0,True
67088,MUFG,MITSUBISHI UFJ FINANCIAL GROUP INC,11867710920.0,24.13,286367864500.0,False
1283699,TMUS,"T-Mobile US, Inc.",1072671613.0,265.2682,284545667972.0,True
1835632,MRVL,"Marvell Technology, Inc.",876900000.0,316.352,277409068800.0,True
1595248,GNPX,"Genprex, Inc.",819709.0,337480.0,276635393320.0,False
796343,ADBE,ADOBE INC.,397500000.0,688.37,273627075000.0,True
78003,PFE,PFIZER INC,5699673589.0,47.4233,270297330513.0,True
106040,WDC,WESTERN DIGITAL CORP,360540944.0,745.9905,268960119085.0,True
1596532,ANET,"Arista Networks, Inc.",1261224648.0,210.5,265487788404.0,True
1828253,EVAX,Evaxion A/S,417010756.0,634.0,264384819304.0,False
804328,QCOM,QUALCOMM INC/DE,1050000000.0,248.7425,261179625000.0,True
4962,AXP,AMERICAN EXPRESS CO,675309833.0,381.7816,257820868538.0,True
47710,HTHIY,HITACHI LTD,4517600887.0,57.044,257702024998.0,False
1131399,GSK,GSK plc,4315445026.0,59.6035,257215627607.0,False
1484769,FUBO,FuboTV Inc.,342433118.0,744.0,254770239792.0,False
831001,C,CITIGROUP INC,1749319009.0,144.9331,253534226863.0,True
1535527,CRWD,"CrowdStrike Holdings, Inc.",1023934842.0,245.7,251580790679.0,True
1605331,AERA,AI Era Corp.,5988733.0,42000.0,251526786000.0,False
1707925,LIN,LINDE PLC,460980163.0,544.8458,251163105694.0,True
1137789,STX,Seagate Technology Holdings plc,226644518.0,1093.2605,247781499071.0,True
1467373,ACN,Accenture plc,637016143.0,386.3514,246112078671.0,True
1236275,QXO,"QXO, Inc.",1037490709.0,235.61,244443185947.0,False
97745,TMO,THERMO FISHER SCIENTIFIC INC.,369747286.0,658.32,243412033320.0,True
811809,BHPLF,BHP Group Ltd,5075992235.0,47.7,242124829610.0,False
1373715,NOW,"ServiceNow, Inc.",1034000000.0,234.078,242036652000.0,True
318154,AMGN,AMGEN INC,540632005.0,444.12,240105486061.0,True
77476,PEP,PEPSICO INC,1364891558.0,173.5502,236877202869.0,True
63908,MCD,MCDONALDS CORP,707641531.0,334.503,236708215044.0,True
1790169,ZSTK,ZeroStack Corp.,17489828.0,13416.0,234643532448.0,False
1130166,BGMS,"Bio Green Med Solution, Inc.",6622794.0,34758.6172,230199161440.0,False
1811210,LCID,"Lucid Group, Inc.",394070176.0,580.5,228757737168.0,False
1091667,CHTR,"CHARTER COMMUNICATIONS, INC. /MO/",270927828.0,821.01,222434456066.0,True
891478,SAN,"Banco Santander, S.A.",14689319502.0,15.05,221074258505.0,False
1737927,CGC,Canopy Growth Corp,423037675.0,521.7,220698755048.0,False
24741,GLW,CORNING INC /NY,861388331.0,255.2094,219834399122.0,True
1816172,JZXN,"Jiuzi Holdings, Inc.",1255785.0,174283.2031,218862232205.0,False
1082733,VISM,"VISIUM TECHNOLOGIES, INC.",1077502919.0,202.5,218194341098.0,False
1800637,RYM,"RYTHM, Inc.",2179128.0,99180.0,216125915040.0,False
1035267,ISRG,INTUITIVE SURGICAL INC,353278038.0,610.45,215658578297.0,True
1357671,CRTD,"Creatd, Inc.",3305235.0,65200.0,215501322000.0,False
6281,ADI,ANALOG DEVICES INC,484565465.0,444.1269,215208557818.0,True
1825079,VELO,"Velo3D, Inc.",32149118.0,6693.75,215198158612.0,False
732712,VZ,VERIZON COMMUNICATIONS INC,4154775202.0,51.45,213763184143.0,True
896878,INTU,INTUIT INC.,267236000.0,798.4205,213366700738.0,True
1854275,ZCAR,"Zoomcar Holdings, Inc.",8770836.0,24140.0,211727981040.0,False
947263,TD,TORONTO DOMINION BANK,1689495505.0,124.8,210849039024.0,False
879764,TTE,TotalEnergies SE,2206585543.0,93.6,206536406825.0,False
1420720,IBIO,"iBio, Inc.",64307256.0,3205.0,206104755480.0,False
1849820,KITT,"Nauticus Robotics, Inc.",7471960.0,27501.1191,205487261870.0,False
1821468,YQ,17 Education & Technology Group Inc.,508031685.0,403.6,205041588066.0,False
1947861,NMHI,Nature's Miracle Holding Inc.,606629892.0,337.5,204737588550.0,False
1543151,UBER,"Uber Technologies, Inc",2042560121.0,100.1,204460268112.0,True
313616,DHR,DANAHER CORP /DE/,702986054.0,287.5999,202178718832.0,True
753308,NEE,NEXTERA ENERGY INC,2085341456.0,96.443,201116586041.0,True
1691221,FRSX,Foresight Autonomous Holdings Ltd.,140634421.0,1426.3199,200589673297.0,False
1122411,ASX,"ASE Technology Holding Co., Ltd.",4447029782.0,44.6706,198651488580.0,False
1815566,IFBD,"Infobird Co., Ltd",8188574.0,24120.0,197508404880.0,False
316709,SCHW,SCHWAB CHARLES CORP,1729335714.0,113.65,196539003896.0,True
1076378,CX,CEMEX SAB DE CV,14507429244.0,13.4775,195523877636.0,False
1530185,ATVK,"Globaltek Ventures, Inc.",613226791.0,318.0,195006119538.0,False
732717,T,AT&T INC.,6852385650.0,28.4181,194731780640.0,True
1437107,WBD,"Warner Bros. Discovery, Inc.",2510703314.0,77.27,194002045073.0,True
1682852,MRNA,"Moderna, Inc.",399235889.0,484.47,193417811144.0,True
882095,GILD,"GILEAD SCIENCES, INC.",1239955155.0,153.0467,189771044621.0,True
1967631,NAMI,Jinxin Technology Holding Co,1423285396.0,132.75,188941136319.0,False
315189,DE,DEERE & CO,269625412.0,698.37,188298298978.0,True
1859795,NVX,NOVONIX Ltd,840073798.0,222.5,186916420055.0,False
1610520,UBS,UBS Group AG,3341581714.0,55.72,186192933104.0,False
109198,TJX,TJX COMPANIES INC /DE/,1099974061.0,167.8803,184663975353.0,True
100885,UNP,UNION PACIFIC CORP,594075498.0,309.1852,183679351664.0,True
1001838,SCCO,SOUTHERN COPPER CORP/,834331706.0,219.7,183302675808.0,False
2012383,BLK,"BlackRock, Inc.",154926181.0,1177.4276,182414361472.0,True
1002242,E,ENI SPA,3146765114.0,57.35,180466979288.0,False
1403161,V,VISA INC.,469280842.0,384.14,180269542646.0,True
1706946,SPCE,"Virgin Galactic Holdings, Inc",151595903.0,1188.2,180126251945.0,False
1346287,CLUS,Cluster Group Holdings Ltd Co,40004385.0,4500.0,180019732500.0,False
1551182,ETN,Eaton Corp plc,388400000.0,459.96,178648464000.0,True
1619227,CLOW,"Cloudweb, Inc.",27819385.0,6299.6851,175253365176.0,False
1861622,JTAI,Jet.AI Inc.,3557521.0,48848.1211,173778216624.0,False
1075531,BKNG,Booking Holdings Inc.,751380500.0,230.1302,172915344741.0,True
1681682,NDRA,ENDRA Life Sciences Inc.,1499838.0,115150.0,172706345700.0,False
1163165,COP,CONOCOPHILLIPS,1201337479.0,141.22,169652878784.0,True
1985337,YFOR,YYForce Inc.,33300000.0,5085.0,169330500000.0,False
842180,BBVA,"BANCO BILBAO VIZCAYA ARGENTARIA, S.A.",5708968700.0,29.64,169213832268.0,False
1961847,INHD,INNO HOLDINGS INC.,2520581.0,66576.0,167810200656.0,False
34956,TENX,"TENAX THERAPEUTICS, INC.",37423917.0,4464.0,167060365488.0,False
1668717,BUD,Anheuser-Busch InBev SA/NV,1797199994.0,92.1416,165596882967.0,False
1621672,SLE,"Super League Enterprise, Inc.",1695120.0,97344.0,165009761280.0,False
1483994,HTHT,H World Group Ltd,3071525690.0,53.5904,164604290337.0,False
1119639,PBR,PETROBRAS - PETROLEO BRASILEIRO SA,7442231382.0,21.77,162017377186.0,False
1738758,CHR,"Cheer Holding, Inc.",10070012.0,15870.0,159811090440.0,False
1639920,SPOT,Spotify Technology S.A.,205832527.0,775.9,159705457699.0,False
60667,LOW,LOWES COMPANIES INC,561054019.0,284.2603,159485383757.0,True
80661,PGR,PROGRESSIVE CORP/OH/,581371770.0,273.2502,158859952427.0,True
217410,UL,UNILEVER PLC,2181005247.0,72.7099,158580673409.0,False
1741534,UOKAF,MDJM LTD,25216523.0,6238.75,157319582866.0,False
885725,BSX,BOSTON SCIENTIFIC CORP,1449229526.0,108.14,156719680942.0,True
927628,COF,CAPITAL ONE FINANCIAL CORP,613484836.0,254.9582,156412989514.0,True
70858,BAC-PM,BANK OF AMERICA CORP /DE/,6992748365.0,22.1212,154687985132.0,False
936468,LMT,LOCKHEED MARTIN CORP,230790753.0,668.166,154206534269.0,True
310764,SYK,STRYKER CORP,383573046.0,399.4629,153223201317.0,True
1303523,BTI,British American Tobacco p.l.c.,2312454501.0,65.785,152124819348.0,False
1742518,MTC,"MMTEC, INC.",99587811.0,1524.0,151771823964.0,False
1404912,KKR,KKR & Co. Inc.,897635601.0,165.1852,148276116278.0,True
1613103,MDT,Medtronic plc,1279137890.0,115.5709,147831117171.0,True
1674101,VRT,Vertiv Holdings Co,384988173.0,376.0595,144778459844.0,True
1868275,CEG,Constellation Energy Corp,354307379.0,401.7044,142326833097.0,True
1164727,NEM,NEWMONT Corp /DE/,1053692271.0,134.8593,142100202082.0,True
1554818,AUUD,AUDDIA INC.,5803050.0,24445.7363,141859830036.0,False
1640147,SNOW,Snowflake Inc.,352800000.0,401.89,141786792000.0,False
875320,VRTX,VERTEX PHARMACEUTICALS INC / MA,253460924.0,557.96,141421057155.0,True
64803,CVS,CVS HEALTH Corp,1278970369.0,109.9195,140583783475.0,True
1393818,BX,Blackstone Inc.,750625114.0,187.2064,140521825342.0,True
1045609,PLD,"Prologis, Inc.",932338000.0,150.6805,140485156009.0,True
14272,BMY,BRISTOL MYERS SQUIBB CO,2042714656.0,68.7147,140364524773.0,True
1596812,ENLV,Enlivex Ltd.,237381498.0,591.3,140363679767.0,False
1803407,OST,"Ostin Technology Group Co., Ltd.",14006250.0,9915.0,138871968750.0,False
320187,NKE,"NIKE, Inc.",855351589.0,161.9678,138539415097.0,True
863064,RIO,RIO TINTO PLC,1256010314.0,109.6326,137699676351.0,False
1731348,TLRY,"Tilray Brands, Inc.",136203579.0,1001.5,136407884368.0,False
76334,PH,Parker-Hannifin Corp,126047469.0,1071.7115,135086522073.0,True
1796514,BTCT,BTC Digital Ltd.,9516975.0,14034.0,133561227150.0,False
2018529,NCT,Intercont (Cayman) Ltd,26675001.0,5006.25,133541723756.0,False
1879403,LRHC,La Rosa Holdings Corp.,3317834.0,40000.0,132713360000.0,False
1099590,MELI,MERCADOLIBRE INC,50696802.0,2613.6299,132502677542.0,False
927971,BMO,BANK OF MONTREAL /CAN/,708905679.0,185.81,131721764215.0,False
1468091,VEON,VEON Ltd.,1849190667.0,71.1524,131574354015.0,False
1090727,UPS,UNITED PARCEL SERVICE INC,713924267.0,184.1393,131461514778.0,True
1659617,MBRX,"Moleculin Biotech, Inc.",19477380.0,6705.0,130595832900.0,False
1469395,PAM,Pampa Energy Inc.,1359606137.0,94.88,128999430279.0,False
829224,SBUX,STARBUCKS CORP,1140000000.0,111.5394,127154916000.0,True
1262039,FTNT,"Fortinet, Inc.",733713653.0,172.78,126771044965.0,True
798354,FISV,FISERV INC,531766721.0,237.79,126448808587.0,True
2809,AEM,AGNICO EAGLE MINES LTD,500046600.0,251.013,125518197206.0,False
895728,ENB,ENBRIDGE INC,2184085509.0,57.2524,125044137195.0,False
8670,ADP,AUTOMATIC DATA PROCESSING INC,397262737.0,314.3807,124891737342.0,True
883241,SNPS,SYNOPSYS INC,191636646.0,645.35,123672709496.0,True
764180,MO,"ALTRIA GROUP, INC.",1669743926.0,73.7422,123130590540.0,True
1861657,CNTN,"Canton Strategic Holdings, Inc.",79681361.0,1537.5,122510092538.0,False
1053507,AMT,AMERICAN TOWER CORP /MA/,465960048.0,259.6935,121006795725.0,True
1510295,MPC,Marathon Petroleum Corp,280824763.0,424.89,119319633551.0,True
1035002,VLO,VALERO ENERGY CORP/TX,287927461.0,413.28,118994661082.0,True
1050915,PWR,"QUANTA SERVICES, INC.",150343393.0,785.1201,118037619746.0,True
1680048,MBIO,"MUSTANG BIO, INC.",24976289.0,4710.0,117638321190.0,False
9631,BNS,BANK OF NOVA SCOTIA,1236305738.0,94.92,117350140651.0,False
1156039,ELV,"Elevance Health, Inc.",216869290.0,539.8101,117068233122.0,True
1342874,TX,Ternium S.A.,2004743442.0,58.11,116495641415.0,False
1160106,LLDTF,Lloyds Banking Group plc,70465568224.0,1.65,116268187570.0,False
1650101,ATXG,ADDENTAX GROUP CORP.,1177974.0,98481.0,116008057494.0,False
1783407,SOGP,Sound Group Inc.,834829150.0,138.8124,115884637901.0,False
927653,MCK,MCKESSON CORP,116590363.0,993.5342,115836513031.0,True
1862044,ZKH,ZKH Group Ltd,5601860619.0,20.52,114950179902.0,False
831259,FCX,FREEPORT-MCMORAN INC,1436017523.0,79.91,114752160263.0,True
1045520,CM,CANADIAN IMPERIAL BANK OF COMMERCE /CAN/,926610598.0,123.74,114658795397.0,False
1826892,BCAB,"BioAtla, Inc.",32315301.0,3545.5,114573899696.0,False
1140625,EQNR,EQUINOR ASA,2500271030.0,45.75,114387399622.0,False
62709,MRSH,"MARSH & MCLENNAN COMPANIES, INC.",477211268.0,238.3301,113733809224.0,True
1589150,RGBPP,Regen BioPharma Inc,1675277503.0,67.75,113500050828.0,False
872589,REGN,"REGENERON PHARMACEUTICALS, INC.",93955110.0,1190.5253,111855935519.0,True
1390777,BNY,Bank of New York Mellon Corp,678504142.0,164.84,111844622767.0,True
1809104,ALIT,"Alight, Inc. / Delaware",446790011.0,248.4846,111020437167.0,False
1937737,MLEC,Moolec Science SA,38440602.0,2887.5,110997238275.0,False
1776985,BNTX,BioNTech SE,251204366.0,441.3838,110877537642.0,False
1466258,TT,Trane Technologies plc,220023177.0,502.2726,110511613172.0,True
1343009,CNBX,CNBX Pharmaceuticals Inc.,1605768095.0,68.5227,110031565443.0,False
1411690,BNGO,"Bionano Genomics, Inc.",11777000.0,9342.0,110020734000.0,False
92122,SO,SOUTHERN CO,1127301098.0,97.4911,109901824075.0,True
1101239,EQIX,EQUINIX INC,98671686.0,1110.6332,109588050372.0,True
1534701,PSX,Phillips 66,399020916.0,274.21,109415525376.0,True
1792030,IMCC,IM Cannabis Corp.,5894812.0,18460.8008,108822950085.0,False
820313,APH,AMPHENOL CORP /DE/,1232983457.0,88.16,108699821569.0,True
1039765,ING,ING GROEP NV,2902437688.0,37.27,108173852632.0,False
1133421,NOC,NORTHROP GRUMMAN CORP /DE/,142063026.0,761.1927,108137338331.0,True
1017413,CNQ,CANADIAN NATURAL RESOURCES Ltd,2081578000.0,51.55,107305345900.0,False
1425627,SOBR,"SOBR Safe, Inc.",5387210.0,19800.0,106666758000.0,False
1706524,FLZH,"Flash Sports & Media Holdings, Inc.",56716262.0,1874.75,106328812184.0,False
1022837,SMFG,"SUMITOMO MITSUI FINANCIAL GROUP, INC.",3827498140.0,27.56,105485848738.0,False
1048286,MAR,MARRIOTT INTERNATIONAL INC /MD/,260766288.0,401.7236,104755971974.0,True
719245,WEBNF,WESTPAC BANKING CORP,3420353305.0,30.57,104560200534.0,False
1571949,ICE,"Intercontinental Exchange, Inc.",561394487.0,185.4548,104113302308.0,True
27419,TGT,TARGET CORP,454296736.0,228.7448,103918016017.0,True
1963088,ATCH,"AtlasClear Holdings, Inc.",150337774.0,686.4,103191848074.0,False
1858681,APO,"Apollo Global Management, Inc.",590543159.0,173.9435,102721143978.0,True
713676,PNC,"PNC FINANCIAL SERVICES GROUP, INC.",398943667.0,256.97,102516554109.0,True
1326160,DUK,Duke Energy CORP,779596217.0,131.1634,102254490449.0,True
1093691,PLUG,PLUG POWER INC,1397195278.0,73.18,102246750444.0,False
36104,USB,US BANCORP DE,1558051446.0,65.42,101927725597.0,True
64463,SLNH,"Soluna Holdings, Inc",244590575.0,415.25,101566236269.0,False
1166691,CMCSA,COMCAST CORP,2063073161.0,49.1701,101441513634.0,True
1907223,GRML,Greenland Mines Ltd,158850637.0,632.5,100473027902.0,False
1116578,PUK,PRUDENTIAL PLC,2548213779.0,39.3852,100361909329.0,False
1935172,AIXI,Xiao-I Corp,55235284.0,1807.2,99821205245.0,False
26172,CMI,CUMMINS INC,137664487.0,724.8918,99791857778.0,True
1075124,TRI,THOMSON REUTERS CORP /CAN/,486092864.0,204.8398,99571165043.0,False
1900304,HLN,Haleon plc,8952353648.0,11.1191,99542115447.0,False
930157,RTO,RENTOKIL INITIAL PLC /FI,2526039885.0,39.2355,99110437908.0,False
277948,CSX,CSX CORP,1852474917.0,53.0847,98338075226.0,True
929869,RELX,RELX PLC,1819061446.0,53.8762,98004118277.0,False
1419275,RTB,"RTB Digital, Inc.",14008209.0,6965.0,97567175685.0,False
823768,WM,WASTE MANAGEMENT INC,399715184.0,243.3986,97290116184.0,True
924613,NOK,NOKIA CORP,5742239696.0,16.85,96756738878.0,False
1555280,ZTS,Zoetis Inc.,413223602.0,233.8113,96616347574.0,True
107263,WMB,"WILLIAMS COMPANIES, INC.",1223167472.0,78.2497,95712487734.0,True
884887,RCL,ROYAL CARIBBEAN CRUISES LTD,267452084.0,357.5653,95631584651.0,True
89800,SHW,SHERWIN WILLIAMS CO,242758151.0,393.3751,95495011925.0,True
1830072,IPW,iPower Inc.,5289919.0,18036.0,95408979084.0,False
1744676,TME,Tencent Music Entertainment Group,3147809000.0,30.2985,95373890986.0,False
1995075,MGN,Megan Holdings Ltd.,16250000.0,5820.0,94575000000.0,False
1648416,RACE,Ferrari N.V.,184747890.0,511.744,94543624220.0,False
2041610,PSKY,Paramount Skydance Corp,1071666977.0,88.1691,94487912862.0,True
1633978,LITE,Lumentum Holdings Inc.,89700000.0,1053.09,94462173000.0,True
66740,MMM,3M CO,515722417.0,182.979,94366372140.0,True
1505497,BRTX,"BioRestorative Therapies, Inc.",25478170.0,3680.0,93759665600.0,False
1733868,CNF,CNFinance Holdings Ltd.,1371643240.0,68.2,93546068968.0,False
1943421,RUBI,Rubico Inc.,385501.0,242578.125,93514109766.0,False
1067491,INFY,Infosys Ltd,4055591723.0,23.0036,93293209759.0,False
1560293,TNON,"Tenon Medical, Inc.",667047.0,139440.0,93013033680.0,False
1739940,CI,Cigna Group,264240486.0,351.992,93010537148.0,True
1059556,MCO,MOODYS CORP /DE/,173200000.0,536.0317,92840690440.0,True
1812727,EZRA,"Reliance Global Group, Inc.",1002998.0,92212.0859,92488537734.0,False
1002242,EIPAF,ENI SPA,3146765114.0,29.3,92200217840.0,False
1796898,MAXNQ,"Maxeon Solar Technologies, Ltd.",16711109.0,5514.0,92145055026.0,False
32604,EMR,EMERSON ELECTRIC CO,557800000.0,163.8244,91381250320.0,True
723254,CTAS,CINTAS CORP,400169561.0,224.9355,90012340288.0,True
1819994,RKLB,Rocket Lab Corp,598350482.0,150.23,89890192911.0,False
1971387,LIMN,"Liminatus Pharma, Inc.",67160362.0,1333.5,89558342727.0,False
936395,CIEN,CIENA CORP,141808525.0,627.0,88913945175.0,True
87347,SLB,SLB LIMITED/NV,1484143231.0,59.7898,88736626953.0,True
1810806,U,Unity Software Inc.,440088933.0,201.12,88510686205.0,False
354190,AJG,Arthur J. Gallagher & Co.,256300000.0,343.2867,87984381210.0,True
1677077,ALZN,"Alzamend Neuro, Inc.",4825723.0,18225.0,87948801675.0,False
1589150,RGBP,Regen BioPharma Inc,1675277503.0,52.2375,87512308563.0,False
756894,B,BARRICK MINING CORP,1675360395.0,52.117,87314757706.0,False
898173,ORLY,O REILLY AUTOMOTIVE INC,808960792.0,107.82,87222152593.0,True
1058090,CMG,CHIPOTLE MEXICAN GRILL INC,1265418000.0,68.5522,86747187820.0,True
849395,CRH,CRH PUBLIC LTD CO,665284511.0,129.9237,86436225222.0,True
1948099,MTEN,Mingteng International Corp Inc.,20255054.0,4260.0,86286530040.0,False
1697818,AMBR,Amber International Holding Ltd,471376257.0,183.0,86261855031.0,False
315293,AON,Aon plc,212125434.0,405.608,86039773034.0,True
1595353,EOCN,Galmed Pharmaceuticals Ltd.,6581390.0,13060.7998,85958217196.0,False
311337,SU,SUNCOR ENERGY INC,1193519494.0,71.87,85778246034.0,False
31462,ECL,ECOLAB INC.,280328603.0,305.8774,85746184231.0,True
16875,CP,CANADIAN PACIFIC KANSAS CITY LTD/CN,879079224.0,96.69,84998170169.0,False
1061219,EPD,ENTERPRISE PRODUCTS PARTNERS L.P.,2159477169.0,39.36,84997021372.0,False
49826,ITW,ILLINOIS TOOL WORKS INC,284800000.0,297.32,84676736000.0,True
1260221,TDG,TransDigm Group INC,55276525.0,1516.5503,83829630572.0,True
1819516,UP,Wheels Up Experience Inc.,36275841.0,2310.0,83797192710.0,False
1736297,ALAB,"Astera Labs, Inc.",173485104.0,483.02,83796774934.0,False
820318,COHR,COHERENT CORP.,195832246.0,426.89,83598827495.0,True
1280452,MPWR,"MONOLITHIC POWER SYSTEMS, INC.",49143000.0,1687.3154,82919740702.0,True
21665,CL,COLGATE PALMOLIVE CO,797172829.0,103.787,82736176403.0,True
1549084,CHRN,ChronoScale Holdings Corp,145637452.0,567.0,82576435284.0,False
86312,TRV,"TRAVELERS COMPANIES, INC.",208575022.0,395.8665,82567863947.0,True
1645590,HPE,Hewlett Packard Enterprise Co,1327464779.0,61.9333,82214274397.0,True
773840,HON,HONEYWELL INTERNATIONAL INC,316940010.0,257.9406,81751696343.0,True
68505,MSI,"Motorola Solutions, Inc.",165493788.0,493.915,81739864300.0,True
1829311,BMNR,"BITMINE IMMERSION TECHNOLOGIES, INC.",603226394.0,134.9604,81411675425.0,False
745732,ROST,"ROSS STORES, INC.",319453110.0,254.7377,81376750499.0,True
1419793,OCLN,"ORIGINCLEAR, INC.",16226290399.0,5.0,81131451995.0,False
1820875,CXAI,CXApp Inc.,116870315.0,692.5,80932693138.0,False
1600983,KSCP,"Knightscope, Inc.",75377489.0,1070.0,80653913230.0,False
821189,EOG,EOG RESOURCES INC,524529176.0,153.74,80641115518.0,True
1725430,INBS,INTELLIGENT BIO SOLUTIONS INC.,3027470.0,26448.0,80070526560.0,False
1048911,FDX,FEDEX CORP,236581188.0,338.023,79969882911.0,True
16868,CNI,CANADIAN NATIONAL RAILWAY CO,614433951.0,129.8783,79801637018.0,False
702165,NSC,NORFOLK SOUTHERN CORP,224608373.0,352.98,79282263502.0,True
1159508,DB,DEUTSCHE BANK AKTIENGESELLSCHAFT,1902873264.0,41.56,79083412852.0,False
1467858,GM,General Motors Co,877451541.0,90.1136,79070317185.0,True
1585689,HLT,Hilton Worldwide Holdings Inc.,225064910.0,350.0606,78786357434.0,True
1375365,SMCI,"Super Micro Computer, Inc.",656965384.0,118.807,78052086377.0,True
1060391,RSG,"REPUBLIC SERVICES, INC.",306212978.0,254.5249,77938827604.0,True
1516551,SKYE,"Skye Bioscience, Inc.",35421413.0,2180.0,77218680340.0,False
1110803,ILMN,"ILLUMINA, INC.",151000000.0,510.5447,77092249700.0,True
1463208,TLSS,"Transportation & Logistics Systems, Inc.",5889437474.0,13.0,76562687162.0,False
1038683,RYAAY,RYANAIR HOLDINGS PLC,1043931708.0,73.3343,76556001054.0,False
815097,CCL,Carnival Corp Ltd.,1369649119.0,55.4196,75905406315.0,True
1506307,KMI,"KINDER MORGAN, INC.",2226802089.0,33.9923,75694124650.0,True
97210,TER,"TERADYNE, INC",156340750.0,483.6542,75614860369.0,True
1099800,EW,Edwards Lifesciences Corp,576400000.0,130.68,75323952000.0,True
1430162,CSAN,Cosan S.A.,3966570932.0,18.9643,75223241126.0,False
1448397,SHIP,Seanergy Maritime Holdings Corp.,68314985.0,1096.9584,74938696642.0,False
1323404,WPM,Wheaton Precious Metals Corp.,454033830.0,164.9926,74912222100.0,False
4904,AEP,AMERICAN ELECTRIC POWER CO INC,544104955.0,137.6421,74891748627.0,True
1276187,ET,Energy Transfer LP,3443299601.0,21.73,74822900330.0,False
1187953,CELZ,"CREATIVE MEDICAL TECHNOLOGY HOLDINGS, INC.",6592557.0,11325.0,74660708025.0,False
1114446,CEFD,UBS AG,3858408466.0,19.0994,73693286656.0,False
1141391,MA,Mastercard Inc,122530193.0,599.86,73500961573.0,True
1605484,STLA,Stellantis N.V.,2897483196.0,25.2851,73263152359.0,False
1067701,URI,"UNITED RENTALS, INC.",62646557.0,1164.8199,72971956260.0,True
1692819,VST,Vistra Corp.,335635195.0,217.0162,72838274605.0,True
1035983,FIX,COMFORT SYSTEMS USA INC,35194329.0,2065.4404,72691788967.0,True
75362,PCAR,PACCAR INC,526364953.0,137.845,72556776946.0,True
2969,APD,"Air Products & Chemicals, Inc.",222685530.0,325.2187,72421498575.0,True
1090012,DVN,DEVON ENERGY CORP/DE,1100000000.0,65.788,72366800000.0,True
769397,ADSK,"Autodesk, Inc.",209000000.0,342.27,71534430000.0,True
1574232,ADXN,Addex Therapeutics Ltd.,147831814.0,483.8,71521031613.0,False
1385157,TEL,TE Connectivity plc,289513228.0,246.3216,71313361542.0,True
797468,OXY,OCCIDENTAL PETROLEUM CORP /DE/,999637371.0,71.1423,71116501739.0,True
866787,AZO,AUTOZONE INC,16325355.0,4354.54,71089411362.0,True
1140859,COR,"Cencora, Inc.",190827165.0,372.5274,71088347627.0,True
806968,WPP,WPP plc,1078802358.0,65.8684,71058985238.0,False
932787,STM,STMicroelectronics N.V.,888768152.0,79.82,70941473893.0,False
1347426,BMA,Macro Bank Inc.,639413408.0,110.8118,70854550685.0,False
1069183,AXON,"AXON ENTERPRISE, INC.",81237415.0,870.97,70755351343.0,True
1603993,AIOS,AIOS Tech Inc.,14695347.0,4798.0,70508274906.0,False
1051470,CCI,CROWN CASTLE INC.,425455439.0,164.1396,69834085575.0,True
1136893,FIS,"Fidelity National Information Services, Inc.",515705917.0,135.3908,69821836667.0,True
1789192,NXTS,Nexentis Technologies Inc.,1453333.0,48020.0,69789050660.0,False
803097,SPQS,"SportsQuest, Inc.",4024163151.0,17.3,69618022512.0,False
202058,LHX,"L3HARRIS TECHNOLOGIES, INC. /DE/",186214616.0,373.8531,69616911457.0,True
899051,ALL,ALLSTATE CORP,252857950.0,273.9698,69275441990.0,True
37996,F,FORD MOTOR CO,3727332952.0,18.5657,69200545387.0,True
1074828,USBC,"USBC, Inc.",388144429.0,178.0,69089708362.0,False
1701605,BKR,Baker Hughes Co,992674071.0,69.1833,68676468056.0,True
1190723,TS,TENARIS SA,1071994930.0,64.02,68629115419.0,False
1501697,XFOR,"X4 Pharmaceuticals, Inc",99146743.0,689.4,68351764624.0,False
1447669,TWLO,TWILIO INC,153575220.0,443.49,68109074318.0,True
1978057,TWG,Top Wealth Group Holding Ltd,56000000.0,1215.0,68040000000.0,False
1327811,WDAY,"Workday, Inc.",220000000.0,307.21,67586200000.0,True
1039684,OKE,ONEOK INC /NEW/,630369667.0,107.1189,67524505322.0,True
882291,AEMD,AETHLON MEDICAL INC,711136.0,94800.0,67415692800.0,False
1683541,ACB,AURORA CANNABIS INC,56234231.0,1195.2,67211152891.0,False
886128,FCEL,FUELCELL ENERGY INC,79954196.0,838.8,67065579605.0,False
1783180,CARR,CARRIER GLOBAL Corp,830580423.0,80.4338,66806739627.0,True
1798749,JBIO,"Jade Biosciences, Inc.",63597387.0,1048.7126,66695381074.0,False
49938,IMO,IMPERIAL OIL LTD,483592715.0,137.3898,66440706395.0,False
1826168,TIMB,TIM S.A.,2392125889.0,27.7544,66392018774.0,False
92230,TFC,TRUIST FINANCIAL CORP,1221626188.0,54.1385,66137009379.0,True
277135,GWW,"W.W. GRAINGER, INC.",47100942.0,1399.2974,65908225678.0,True
1121404,SNY,Sanofi,1219427096.0,53.908,65736875891.0,False
1178670,ALNY,"ALNYLAM PHARMACEUTICALS, INC.",133809118.0,491.22,65729714944.0,False
1697862,ARGX,ARGENX SE,61883306.0,1058.9,65528232723.0,False
1511737,UI,Ubiquiti Inc.,60528381.0,1081.3008,65449386798.0,False
1389170,TRGP,Targa Resources Corp.,214431021.0,302.25,64811776097.0,True
1032208,SRE,SEMPRA,653690046.0,99.0422,64742900274.0,True
4977,AFL,AFLAC INC,501343298.0,128.9008,64623552187.0,True
1004980,PCG,PG&E Corp,2680110496.0,23.9816,64273337871.0,True
1565025,ABEV,AMBEV S.A.,15761638756.0,4.0629,64037962102.0,False
1817229,VOR,Vor Biopharma Inc.,59162294.0,1081.6,63989937190.0,False
1475260,CVE,CENOVUS ENERGY INC.,1883400091.0,33.92,63884931087.0,False
1859007,ZVSA,"ZyVersa Therapeutics, Inc.",8095921.0,7875.0,63755377875.0,False
1601046,KEYS,"Keysight Technologies, Inc.",170244745.0,373.34,63559173098.0,True
1099219,MET,METLIFE INC,635476927.0,99.95,63515918854.0,True
2022308,KIDZ,KIDZ AI Inc.,1174718.0,53850.0,63258564300.0,False
715957,D,"DOMINION ENERGY, INC",879455403.0,71.8017,63146393010.0,True
1701261,FAMI,"Farmmi, Inc.",5481874.0,11496.0,63019623504.0,False
1091326,BIOM,"BIOMOLECULAR LIFE HOLDINGS, INC.",107883156.0,580.0,62572230480.0,False
1973832,AU,AngloGold Ashanti PLC,505007465.0,123.8421,62541184981.0,False
73309,NUE,NUCOR CORP,226875676.0,274.74,62331823224.0,True
726728,O,REALTY INCOME CORP,946218033.0,65.8234,62283288073.0,True
1264136,WF,WOORI FINANCIAL GROUP INC.,734022375.0,84.47,62002870016.0,False
715153,HMC,HONDA MOTOR CO LTD,1726609786.0,35.6676,61584027203.0,False
27904,DAL,"DELTA AIR LINES, INC.",657623030.0,93.4293,61441259357.0,True
1093557,DXCM,DEXCOM INC,377360765.0,162.815,61439992953.0,True
3570,LNG,"Cheniere Energy, Inc.",206534158.0,295.86,61105195986.0,False
1552000,MPLX,MPLX LP,1013858251.0,60.23,61064682458.0,False
874716,IDXX,IDEXX LABORATORIES INC /DE,78781116.0,766.68,60399906015.0,True
1853816,DRMA,"Dermata Therapeutics, Inc.",4022143.0,15000.0,60332145000.0,False
1755672,CTVA,"Corteva, Inc.",667196000.0,90.3175,60259474730.0,True
1713683,ZS,"Zscaler, Inc.",163054698.0,368.78,60131311528.0,False
815556,FAST,FASTENAL CO,1147497573.0,52.38,60105922874.0,True
1243429,MT,ArcelorMittal,761125819.0,78.74,59931046988.0,False
1701478,AZTR,"Azitra, Inc.",60603742.0,988.0,59876497096.0,False
866374,FLEX,FLEX LTD.,369402978.0,162.07,59869140644.0,True
1859199,AIRE,reAlpha Tech Corp.,5884275.0,10166.75,59823952856.0,False
1393311,PSA,Public Storage,175621134.0,339.7675,59670353646.0,True
1004980,PCG-PG,PG&E Corp,2680110496.0,22.2351,59592524890.0,False
1539838,FANG,"Diamondback Energy, Inc.",280024353.0,211.53,59233551390.0,True
1037868,AME,AMETEK INC/,229261244.0,258.1438,59182368719.0,True
900075,CPRT,COPART INC,925811482.0,63.84,59103805011.0,True
1004980,PCG-PE,PG&E Corp,2680110496.0,21.8896,58666546713.0,False
1837607,AEON,"AEON Biopharma, Inc.",49882790.0,1172.88,58506526735.0,False
1009001,CCJ,CAMECO CORP,435457978.0,134.09,58390560270.0,False
882835,ROP,ROPER TECHNOLOGIES INC,98900874.0,586.9385,58048730634.0,True
1261333,DOCU,"DOCUSIGN, INC.",186902452.0,310.05,57949105243.0,True
721371,CAH,CARDINAL HEALTH INC,232575728.0,248.61,57820651738.0,True
1004980,PCG-PD,PG&E Corp,2680110496.0,21.543,57737620415.0,False
1355444,EMBJ,EMBRAER S.A.,722766139.0,79.6016,57533341090.0,False
72971,WFC-PD,WELLS FARGO & COMPANY/MN,3023999336.0,18.9256,57231001833.0,False
1725964,NTR,Nutrien Ltd.,569260406.0,100.2643,57076496125.0,False
10795,BDX,BECTON DICKINSON & CO,272386800.0,208.9181,56906532721.0,True
1282571,GRNL,GREENLITE VENTURES INC,100466664.0,566.0,56864131824.0,False
1807794,CRDO,Credo Technology Group Holding Ltd,187951918.0,302.52,56859214233.0,False
917851,VALE,Vale S.A.,3256724482.0,17.3257,56425031358.0,False
1966233,NIPG,NIP Group Inc.,113396571.0,495.0,56131302645.0,False
47111,HSY,HERSHEY CO,223805223.0,250.4011,56041074025.0,True
1120193,NDAQ,"NASDAQ, INC.",558977372.0,99.9635,55877334526.0,True
1786909,SBSW,Sibanye Stillwater Ltd,2830567264.0,19.6744,55689712579.0,False
1004980,PCG-PB,PG&E Corp,2680110496.0,20.7497,55611488759.0,False
719245,WBKCY,WESTPAC BANKING CORP,3420353305.0,16.25,55580741206.0,False
1095981,CNSY,"CERENOME, INC.",7589625.0,7312.5,55499132812.0,False
827054,MCHP,MICROCHIP TECHNOLOGY INC,543008691.0,102.0957,55438852414.0,True
1393052,VEEV,VEEVA SYSTEMS INC,161908850.0,341.0,55210917850.0,True
2023796,FCHL,Fitness Champs Holdings Ltd,17000000.0,3240.0,55080000000.0,False
1621221,ARTL,"ARTELO BIOSCIENCES, INC.",4595068.0,11979.9004,55048456971.0,False
1123360,GPN,GLOBAL PAYMENTS INC,264618390.0,208.0237,55046896576.0,True
1896084,IONR,ioneer Ltd,2674633957.0,20.5,54829996118.0,False
1024478,ROK,"ROCKWELL AUTOMATION, INC",111048676.0,493.5596,54809140107.0,True
1030894,CLS,CELESTICA INC,114982086.0,472.4,54317537426.0,False
1728328,INM,InMed Pharmaceuticals Inc.,5493735.0,9850.5,54116036618.0,False
723531,PAYX,PAYCHEX INC,355682860.0,151.8873,54023709262.0,True
1397187,LULU,lululemon athletica inc.,105594064.0,511.29,53989188983.0,True
882184,DHI,HORTON D R INC /DE/,279701267.0,192.5686,53861681404.0,True
1456346,FNV,FRANCO NEVADA Corp,192798692.0,279.2995,53848578276.0,False
35527,FITB,FIFTH THIRD BANCORP,906892564.0,59.37,53842211525.0,True
1939780,UCAR,U Power Ltd,1243140.0,43180.0,53678785200.0,False
1635327,FLUT,Flutter Entertainment plc,173539102.0,308.6,53554166877.0,False
1477449,TDOC,"Teladoc Health, Inc.",181684021.0,294.54,53513211545.0,False
313216,RYLPF,KONINKLIJKE PHILIPS NV,962920132.0,55.5229,53464118197.0,False
1954694,LGCL,Lucas GC Ltd,2790404.0,19150.0,53436236600.0,False
65984,ETR,ENTERGY CORP /DE/,457832070.0,116.6636,53412337482.0,True
29534,DG,DOLLAR GENERAL CORP,220616790.0,242.0778,53406427166.0,True
93751,STT,STATE STREET CORP,274701765.0,194.26,53363564869.0,True
1604821,NTRA,"Natera, Inc.",144144170.0,369.39,53245414956.0,False
1468522,FER,Ferrovial N.V.,720626181.0,73.6583,53080099428.0,False
1123134,IMOS,CHIPMOS TECHNOLOGIES INC,699983126.0,75.79,53051721120.0,False
1855485,CLDI,"Calidi Biotherapeutics, Inc.",2584184.0,20524.8008,53039861831.0,False
1527636,ATHM,Autohome Inc.,463038708.0,114.2626,52908006677.0,False
1000694,NVAX,NOVAVAX INC,164945726.0,319.93,52771086119.0,False
1065088,EBAY,EBAY INC,445000000.0,118.2715,52630817500.0,True
2058897,CIB,Grupo Cibest S.A.,509103132.0,103.12,52498714972.0,False
1172724,GFI,GOLD FIELDS LTD,895024247.0,58.4424,52307365053.0,False
1097864,ON,ON SEMICONDUCTOR CORP,389311721.0,133.93,52140518794.0,True
1707502,SLDB,Solid Biosciences Inc.,107225238.0,485.55,52063214311.0,False
1066119,VIV,TELEFONICA BRASIL S.A.,3195606352.0,16.2568,51950333343.0,False
1097149,ALGN,ALIGN TECHNOLOGY INC,71039852.0,729.92,51853408772.0,True
943452,WAB,WESTINGHOUSE AIR BRAKE TECHNOLOGIES CORP,168910851.0,305.4747,51597991536.0,True
740260,VTR,"Ventas, Inc.",512946359.0,100.53,51566497470.0,True
878927,ODFL,"OLD DOMINION FREIGHT LINE, INC.",207356622.0,248.3443,51495835141.0,True
814547,FICO,FAIR ISAAC CORP,21597635.0,2382.3999,51454203464.0,True
1649989,OTLK,"Outlook Therapeutics, Inc.",243447554.0,211.2,51416123405.0,False
2011641,FERG,Ferguson Enterprises Inc. /DE/,193452717.0,265.6917,51398781249.0,True
1345099,MESO,MESOBLAST LTD,1296862776.0,39.62,51381703185.0,False
313216,PHG,KONINKLIJKE PHILIPS NV,962920132.0,53.3354,51357730408.0,False
1269238,TCOM,Trip.com Group Ltd,649583574.0,78.96,51291119003.0,False
72903,XEL,XCEL ENERGY INC,624634306.0,82.0098,51226134508.0,True
923601,RIME,"Algorhythm Holdings, Inc.",16990135.0,3000.0,50970405000.0,False
1873875,IXHL,Incannex Healthcare Inc.,11964554.0,4260.0,50969000040.0,False
1109357,EXC,EXELON CORP,1023208142.0,49.3516,50496958941.0,True
820027,AMP,AMERIPRISE FINANCIAL INC,88333219.0,570.68,50410001419.0,True
1816007,LU,Lufax Holding Ltd,1733376334.0,29.0111,50287154163.0,False
915191,FRFHF,FAIRFAX FINANCIAL HOLDINGS LTD/ CAN,26176506.0,1916.53,50168059044.0,False
1650107,CCEP,COCA-COLA EUROPACIFIC PARTNERS plc,449086551.0,111.71,50167458612.0,False
1709048,GFS,GLOBALFOUNDRIES Inc.,555888455.0,89.8305,49935737857.0,False
1318220,WCN,"Waste Connections, Inc.",252049532.0,198.0107,49908504266.0,False
1004980,PCG-PH,PG&E Corp,2680110496.0,18.5421,49694876828.0,False
1138118,CBRE,"CBRE GROUP, INC.",289575298.0,171.61,49694016890.0,True
1815903,PTPI,"Petros Pharmaceuticals, Inc.",42372260.0,1170.0,49575544200.0,False
1544227,TPST,"Tempest Therapeutics, Inc.",14806997.0,3334.5,49373931496.0,False
1650575,BRQSF,"Borqs Technologies, Inc.",45470079.0,1084.8,49325941699.0,False
946581,TTWO,TAKE TWO INTERACTIVE SOFTWARE INC,186980443.0,262.29,49043100394.0,True
865752,MNST,Monster Beverage Corp,979525882.0,49.97,48946908324.0,True
1123799,WIT,WIPRO LTD,10488412458.0,4.6623,48900125403.0,False
1418135,KDP,Keurig Dr Pepper Inc.,1360826038.0,35.8951,48846986717.0,True
1991332,MKDW,MKDWELL Tech Inc.,141039933.0,345.9,48785712825.0,False
1090872,A,"AGILENT TECHNOLOGIES, INC.",281928854.0,173.0287,48781783100.0,True
1743905,RVSN,Rail Vision Ltd.,2192186.0,22248.0,48771754128.0,False
1847806,GNS,Genius Group Ltd,159839164.0,305.0,48750945020.0,False
1167379,ALC,ALCON INC,487427920.0,99.919,48703310338.0,False
1954269,GSIW,Garden Stage Ltd,15625000.0,3100.0,48437500000.0,False
1071739,CNC,CENTENE CORP,493995000.0,97.22,48026193900.0,True
1780785,CNEY,CN ENERGY GROUP. INC.,4988337.0,9615.0,47962860255.0,False
1820302,BKKT,"Bakkt, Inc.",45069458.0,1063.0,47908833854.0,False
1445930,KB,KB Financial Group Inc.,358587722.0,132.88,47649136499.0,False
1004980,PCG-PC,PG&E Corp,2680110496.0,17.7565,47589382022.0,False
1725332,ALAR,Alarum Technologies Ltd.,71758374.0,662.0,47504043588.0,False
1628171,RVMD,"Revolution Medicines, Inc.",214336418.0,221.15,47400498841.0,False
1441816,MDB,"MongoDB, Inc.",80556341.0,585.03,47127876175.0,False
1934245,NWTG,"Newton Golf Company, Inc.",5422276.0,8691.0,47125000716.0,False
1178697,SONM,"DNA X, Inc.",1488268.0,31608.0,47041174944.0,False
1027664,ESLT,ELBIT SYSTEMS LTD,46442352.0,1011.9257,46996209557.0,False
1408198,MSCI,MSCI Inc.,72700000.0,641.5356,46639638120.0,True
1132597,ITUB,Itau Unibanco Holding S.A.,4958290359.0,9.3754,46485955432.0,False
1070304,IX,ORIX CORP,1124106624.0,41.31,46436844637.0,False
1944048,KVUE,Kenvue Inc.,1920773467.0,24.0721,46237050975.0,True
1104506,INSM,INSMED Inc,218381503.0,211.41,46168033549.0,False
1566044,YARW,"Yarrow Bioscience, Inc.",2669746.0,17292.9102,46167677835.0,False
55785,KMB,KIMBERLY CLARK CORP,332579038.0,137.5607,45749805273.0,True
818686,TEVJF,TEVA PHARMACEUTICAL INDUSTRIES LTD,1165296084.0,39.25,45737871297.0,False
818686,TEVA,TEVA PHARMACEUTICAL INDUSTRIES LTD,1165296084.0,39.25,45737871297.0,False
701818,KGC,KINROSS GOLD CORP,1199843037.0,37.9196,45497568026.0,False
1041061,YUM,YUM BRANDS INC,272901085.0,166.6498,45478911235.0,True
1828365,RLX,RLX Technology Inc.,1548940307.0,29.2159,45253685115.0,False
1329394,SIMO,Silicon Motion Technology CORP,134244840.0,336.217,45135397370.0,False
1084267,MOBQ,"Mobiquity Technologies, Inc.",31114238.0,1440.0,44804502720.0,False
1326110,IBRX,"ImmunityBio, Inc.",1059836273.0,42.25,44778082534.0,False
1644963,ATXI,"AVENUE THERAPEUTICS, INC.",3294967.0,13567.5,44704464772.0,False
1949257,RADX,Radiopharm Theranostics Ltd,2364949502.0,18.9,44697545588.0,False
1395213,EDN,EDENOR,906455100.0,49.23,44624784573.0,False
1889823,DFSC,DEFSEC Technologies Inc.,1579174.0,28224.0,44570606976.0,False
5272,AIG,"AMERICAN INTERNATIONAL GROUP, INC.",522893169.0,84.9512,44420402178.0,True
1335258,LYV,"Live Nation Entertainment, Inc.",235633860.0,188.46,44407557256.0,True
1300514,LVS,LAS VEGAS SANDS CORP,647701184.0,68.2933,44233651269.0,True
100517,UAL,"United Airlines Holdings, Inc.",324583772.0,136.11,44179097207.0,True
788784,PEG,PUBLIC SERVICE ENTERPRISE GROUP INC,498420030.0,88.6225,44171229109.0,True
56873,KR,KROGER CO,590588700.0,74.6913,44111837768.0,True
2018222,JEM,707 Cayman Holdings Ltd.,26340000.0,1668.0,43935120000.0,False
1326380,GME,GameStop Corp.,504500990.0,86.8775,43829784759.0,True
10456,BAX,BAXTER INTERNATIONAL INC,516995999.0,83.7438,43295209541.0,True
1837821,ZJYL,Jin Medical International Ltd.,156547100.0,276.11,43224219781.0,False
96021,SYY,SYSCO CORP,479096016.0,89.8822,43062203929.0,True
2064307,LOGC,ContextLogic Holdings Inc.,45753716.0,935.7,42811752061.0,False
1137774,PRU,PRUDENTIAL FINANCIAL INC,345000000.0,123.7019,42677155500.0,True
1404655,HUBS,HUBSPOT INC,49866201.0,852.08,42489992548.0,False
7084,ADM,Archer-Daniels-Midland Co,481959583.0,88.09,42455819666.0,True
916076,MLM,MARTIN MARIETTA MATERIALS INC,60065839.0,705.0883,42351720309.0,True
33213,EQT,EQT Corp,625516000.0,67.5273,42239406587.0,True
1000697,WAT,WATERS CORP /DE/,98248111.0,429.72,42219178259.0,True
1534708,BLNE,"Beeline Holdings, Inc.",32928148.0,1282.0,42213885736.0,False
1477641,DQ,DAQO NEW ENERGY CORP.,338330684.0,124.13,41996987805.0,False
943819,RMD,RESMED INC,144252306.0,290.6549,41927639575.0,True
1047862,ED,CONSOLIDATED EDISON INC,368529705.0,113.5694,41853697479.0,True
40704,GIS,GENERAL MILLS INC,533708396.0,78.3414,41811462934.0,True
1643154,ITHUF,"iANTHUS CAPITAL HOLDINGS, INC.",6974811082.0,5.986,41751219137.0,False
1637459,KHC,Kraft Heinz Co,1185823758.0,35.1664,41701152603.0,True
105634,EME,"EMCOR Group, Inc.",44109901.0,943.2628,41607228725.0,True
1818874,SOFI,"SoFi Technologies, Inc.",1291570324.0,32.21,41601480136.0,False
1158838,ATEYY,ADVANTEST CORP,174546476.0,237.44,41444315261.0,False
1439264,MVNC,Marvion Inc.,390024555.0,106.05,41362104058.0,False
1158838,ADTTF,ADVANTEST CORP,174546476.0,236.45,41271514250.0,False
1558569,ISPC,iSpecimen Inc.,2518590.0,16336.0,41143686240.0,False
79282,BRO,"BROWN & BROWN, INC.",334610357.0,122.8771,41115950298.0,True
1479681,NUTX,Nutex Health Inc.,6847973.0,6000.0,41087838000.0,False
1634117,BNED,"Barnes & Noble Education, Inc.",34664980.0,1177.5413,40819445614.0,False
1699150,IR,Ingersoll Rand Inc.,387999429.0,105.1684,40805279149.0,True
1002047,NTAP,"NetApp, Inc.",196419005.0,207.08,40674447555.0,True
1703647,KRRO,"Korro Bio, Inc.",14725646.0,2750.5,40502889323.0,False
1022671,STLD,STEEL DYNAMICS INC,143328088.0,282.1202,40435748852.0,True
1004980,PCG-PI,PG&E Corp,2680110496.0,15.0805,40417406335.0,False
1057352,CSGP,"COSTAR GROUP, INC.",405197588.0,99.74,40414407427.0,True
898293,JBL,JABIL INC,104787089.0,385.5467,40400316367.0,True
1263043,SHG,SHINHAN FINANCIAL GROUP CO LTD,477157399.0,84.47,40305485494.0,False
1552670,TAOP,Taoping Inc.,9552783.0,4218.0,40293638694.0,False
1172724,GFIOF,GOLD FIELDS LTD,895024247.0,45.0,40276091115.0,False
1041792,ELPC,ENERGY CO OF PARANA,2982810590.0,13.3894,39938044114.0,False
1751788,DOW,DOW INC.,720741438.0,55.0272,39660383257.0,True
718940,BCE,BCE INC,912274545.0,43.2446,39450947789.0,False
1474432,P,"Everpure, Inc.",333227251.0,118.16,39374131978.0,True
1811074,TPL,Texas Pacific Land Corp,68974683.0,570.1276,39324370480.0,True
1055726,INO,"INOVIO PHARMACEUTICALS, INC.",103397518.0,380.28,39320008145.0,False
1020569,IRM,IRON MOUNTAIN INC,297702812.0,132.0341,39306922850.0,True
874766,HIG,"HARTFORD INSURANCE GROUP, INC.",270872002.0,145.0437,39288277396.0,True
1781335,OTIS,Otis Worldwide Corp,380669339.0,102.023,38837027973.0,True
891103,MTCH,"Match Group, Inc.",229550985.0,168.533,38686916155.0,True
1829667,RGC,Regencell Bioscience Holdings Ltd,494488908.0,78.0,38570134824.0,False
1958713,MI,NFT Ltd,14318410.0,2690.0,38516522900.0,False
1951294,VSME,VS MEDIA Holdings Ltd,55013689.0,700.0,38509582300.0,False
1013871,NRG,"NRG ENERGY, INC.",210210483.0,182.8192,38430512334.0,True
845982,SNN,SMITH & NEPHEW PLC,877724845.0,43.7725,38420210778.0,False
772263,NICH,NITCHES INC,336821595.0,113.9998,38397594466.0,False
783325,WEC,"WEC ENERGY GROUP, INC.",325849383.0,117.8229,38392519268.0,True
1853070,SOAR,"Volato Group, Inc.",53633248.0,710.7016,38117235167.0,False
1374310,CBOE,"Cboe Global Markets, Inc.",104431019.0,364.9193,38108894352.0,True
1446159,AGPU,Axe Compute Inc.,11591124.0,3285.0,38076842340.0,False
1034054,SBAC,SBA COMMUNICATIONS CORP,106088110.0,358.3362,38015210203.0,True
1001290,BAP,CREDICORP LTD,94382317.0,402.27,37967174660.0,False
1647639,UPST,"Upstart Holdings, Inc.",97313046.0,390.0,37952087940.0,False
1113169,TROW,PRICE T ROWE GROUP INC,213315850.0,177.6683,37899464433.0,True
313838,SONY,Sony Group Corp,1250746867.0,30.26,37847600195.0,False
1815846,MNSO,MINISO Group Holding Ltd,1237564177.0,30.5791,37843598725.0,False
1899658,WLGSF,"WANG & LEE GROUP, Inc.",17357924.0,2160.0,37493115840.0,False
895728,ENBMF,ENBRIDGE INC,2184085509.0,17.1549,37467768498.0,False
1648257,HCM,HUTCHMED (China) Ltd,872327620.0,42.94,37457748003.0,False
947484,ACGL,ARCH CAPITAL GROUP LTD.,341229126.0,109.2202,37269113388.0,True
1799448,ALGS,"Aligos Therapeutics, Inc.",42608792.0,873.5,37218779812.0,False
1352010,EPAM,"EPAM Systems, Inc.",51586981.0,717.49,37013142998.0,True
1521332,APTV,Aptiv PLC,207633331.0,178.12,36983648918.0,True
2058873,Q,"Qnity Electronics, Inc.",209208543.0,175.5232,36720952935.0,True
36270,MTB,M&T BANK CORP,144416262.0,252.4608,36459445038.0,True
1527728,LNAI,Lunai Bioworks Inc.,36271119.0,1004.0,36416203476.0,False
915913,ALB,ALBEMARLE CORP,118005057.0,308.0954,36356815238.0,True
1575793,WATT,Energous Corp,5527071.0,6558.0,36246531618.0,False
1533743,PCSA,"Processa Pharmaceuticals, Inc.",2793386.0,12775.0,35685506150.0,False
928876,TSEM,TOWER SEMICONDUCTOR LTD,112534404.0,316.85,35656525907.0,False
2035989,AMRZ,Amrize Ltd,546925644.0,65.0554,35580466541.0,False
45012,HAL,HALLIBURTON CO,833130367.0,42.6002,35491520260.0,True
33185,EFX,EQUIFAX INC,117484896.0,301.1398,35379378084.0,True
1524472,XYL,Xylem Inc.,233486812.0,150.8356,35218123380.0,True
15615,MTZ,MASTEC INC,80304948.0,437.51,35134217799.0,True
1778982,HUIZ,Huize Holding Ltd,483310373.0,72.45,35015836524.0,False
720005,RJF,RAYMOND JAMES FINANCIAL INC,192361711.0,181.18,34852094799.0,True
749251,IT,GARTNER INC,63148976.0,551.8,34845604957.0,True
1801169,OPEN,Opendoor Technologies Inc.,971091050.0,35.88,34842746874.0,False
51253,IFF,INTERNATIONAL FLAVORS & FRAGRANCES INC,255149963.0,136.4402,34812711982.0,True
2083785,SUNB,"Sunbelt Rentals Holdings, Inc.",409764897.0,84.8304,34760520118.0,False
1383650,CQP,"Cheniere Energy Partners, L.P.",484057704.0,71.22,34474589679.0,False
1705696,VICI,VICI PROPERTIES INC.,1101077562.0,31.2693,34429924609.0,True
1944902,OMH,Ohmyhome Ltd,22259591.0,1544.0,34368808504.0,False
1766600,SNDL,SNDL Inc.,263359123.0,130.0,34236685990.0,False
1274494,FSLR,"FIRST SOLAR, INC.",107469788.0,318.25,34202260031.0,True
1969373,VTMX,"Vesta Real Estate Corporation, S.A.B. de C.V.",884486436.0,38.6508,34186108341.0,False
1748790,AMCCF,Amcor plc,462345690.0,73.8941,34164618651.0,False
1533040,PHIO,Phio Pharmaceuticals Corp.,11617250.0,2940.3,34158200175.0,False
1037646,MTD,METTLER TOLEDO INTERNATIONAL INC/,20036559.0,1702.53,34112842794.0,True
726958,CASY,CASEYS GENERAL STORES INC,36960167.0,915.5934,33840484968.0,True
1410636,AWK,"American Water Works Company, Inc.",198728989.0,170.1575,33815227946.0,True
1847986,DFLI,Dragonfly Energy Holdings Corp.,14978803.0,2257.2,33810154132.0,False
1580149,BIVI,BIOVIE INC.,7542638.0,4481.0,33798560878.0,False
1624326,PAVM,PAVmed Inc.,7995918.0,4225.5,33786751509.0,False
946644,AIM,AIM ImmunoTech Inc.,30442139.0,1109.6023,33778667451.0,False
1756770,CURLF,"Curaleaf Holdings, Inc.",623520125.0,54.0,33670086750.0,False
1561861,AERO,"Grupo Aeromexico, S.A.B. de C.V.",1459034090.0,22.91,33426471002.0,False
1901215,BRNX,BRENX LTD.,715852.0,46200.0,33072362400.0,False
1309251,MALG,MICROALLIANCE GROUP INC.,609316077.0,54.0541,32936032158.0,False
105770,WST,WEST PHARMACEUTICAL SERVICES INC,70375762.0,465.3921,32752323666.0,True
868675,TU,TELUS CORP,1548656383.0,21.1431,32743396771.0,False
1116132,TPR,"TAPESTRY, INC.",199391678.0,164.1577,32731679260.0,True
935703,DLTR,"DOLLAR TREE, INC.",187630299.0,174.08,32662682450.0,True
1023512,DRD,DRDGOLD LTD,864588711.0,37.7474,32635975910.0,False
721693,CREG,Smart Powerr Corp.,22959128.0,1420.0,32601961760.0,False
1140536,WTW,WILLIS TOWERS WATSON PLC,92871937.0,350.75,32574831903.0,True
1002910,AEE,AMEREN CORP,276843251.0,117.4865,32525344609.0,True
1511820,STEK,Stemtech Corp,2997032856.0,10.85,32517806488.0,False
47217,HPQ,HP INC,901790969.0,35.9342,32405137038.0,True
1849056,OKLO,Oklo Inc.,186017650.0,174.14,32393113571.0,False
936340,DTE,DTE ENERGY CO,208028313.0,154.43,32125812377.0,True
731802,ATO,ATMOS ENERGY CORP,168988553.0,190.0626,32118403753.0,True
1094285,TDY,TELEDYNE TECHNOLOGIES INC,46355673.0,691.3,32045676745.0,True
916365,TSCO,TRACTOR SUPPLY CO /DE/,521040137.0,61.1771,31875724565.0,True
1590364,FTAI,FTAI Aviation Ltd.,102707091.0,308.309,31665520519.0,False
1136869,ZBH,"ZIMMER BIOMET HOLDINGS, INC.",190737689.0,165.8202,31628161738.0,True
1888654,FEAM,"5E Advanced Materials, Inc.",41647371.0,759.23,31619933484.0,False
1018963,ATI,ATI INC,136170383.0,231.78,31561571372.0,True
1163653,NMR,NOMURA HOLDINGS INC,2901337224.0,10.86,31508522253.0,False
1035443,ARE,"ALEXANDRIA REAL ESTATE EQUITIES, INC.",174247570.0,180.6549,31478677334.0,True
1381640,MLCO,Melco Resorts & Entertainment LTD,1220376014.0,25.7919,31475816115.0,False
759944,CFG,CITIZENS FINANCIAL GROUP INC/RI,421176788.0,74.73,31474541367.0,True
1681459,FTI,TechnipFMC plc,392164388.0,80.08,31404524191.0,True
1395064,TAK,TAKEDA PHARMACEUTICAL CO LTD,1557765596.0,20.1464,31383368803.0,False
1493594,MTSI,"MACOM Technology Solutions Holdings, Inc.",76370931.0,409.68,31287643012.0,True
1397911,LPLA,LPL Financial Holdings Inc.,78742290.0,397.2254,31278437642.0,False
1824920,IONQ,"IonQ, Inc.",381002314.0,82.09,31276479956.0,False
1702318,AHG,Akso Health Group,1655583530.0,18.87,31240861211.0,False
84839,ROL,ROLLINS INC,481145404.0,64.8632,31208630569.0,True
29905,DOV,DOVER Corp,134680225.0,231.5927,31190956944.0,True
1402057,CDW,CDW Corp,125017426.0,247.8819,30989557090.0,True
827052,EIX,EDISON INTERNATIONAL,384793941.0,80.38,30929736978.0,True
2109150,INIO,INNIO N.V.,750000000.0,41.13,30847500000.0,False
1729214,XRTX,XORTX Therapeutics Inc.,12989678.0,2366.8201,30744230983.0,False
2033770,DAIC,"CID Holdco, Inc.",30259579.0,1015.25,30721037580.0,False
17843,CRS,CARPENTER TECHNOLOGY CORP,49558566.0,618.9904,30676276592.0,True
910521,DECK,DECKERS OUTDOOR CORP,136414227.0,223.11,30435378186.0,True
874238,STRL,"STERLING INFRASTRUCTURE, INC.",30588518.0,993.74,30397033877.0,True
1712762,BIAF,"bioAffinity Technologies, Inc.",8101725.0,3735.0,30259942875.0,False
1403568,ULTA,"Ulta Beauty, Inc.",42757471.0,706.82,30221835652.0,True
1635088,ROIV,Roivant Sciences Ltd.,722323015.0,41.81,30200325257.0,True
1049502,MKSI,MKS INC,67617558.0,444.3867,30048343462.0,True
72741,ES,EVERSOURCE ENERGY,376674754.0,79.2398,29847632172.0,True
1474735,GNRC,GENERAC HOLDINGS INC.,59006361.0,505.8,29845417394.0,True
1720635,NVT,nVent Electric plc,161857939.0,184.0962,29797431510.0,True
719955,WSM,WILLIAMS SONOMA INC,117779173.0,251.78,29654440178.0,True
1759509,LYFT,"Lyft, Inc.",378540249.0,78.29,29635916094.0,True
1383312,BR,"BROADRIDGE FINANCIAL SOLUTIONS, INC.",114021798.0,259.9096,29635359909.0,True
1666175,FTS,Fortis Inc.,507340068.0,58.3597,29608214166.0,False
1546066,PBA,PEMBINA PIPELINE CORP,581068405.0,50.7991,29517752012.0,False
51434,IP,INTERNATIONAL PAPER CO /NEW/,529569895.0,55.6907,29492118151.0,True
20286,CINF,CINCINNATI FINANCIAL CORP,153478045.0,192.03,29472388981.0,True
922224,PPL,PPL Corp,752350362.0,39.1669,29467231393.0,True
1792044,VTRS,Viatris Inc,1148590864.0,25.6347,29443782221.0,True
1031296,FE,FIRSTENERGY CORP,578431175.0,50.8757,29428090930.0,True
1507605,MARA,"MARA Holdings, Inc.",386299297.0,76.09,29393513509.0,True
906107,VMRK,VIVMARK RESIDENTIAL,374944409.0,78.2659,29345361620.0,True
1130310,CNP,CENTERPOINT ENERGY INC,654169480.0,44.7724,29288737626.0,True
26324,CW,CURTISS WRIGHT CORP,36934444.0,792.77,29280519170.0,True
1599298,SMMT,Summit Therapeutics Inc.,797749602.0,36.7,29277410393.0,False
1167419,RIOT,"Riot Platforms, Inc.",375258935.0,77.9,29232671037.0,False
1786352,BILL,"BILL Holdings, Inc.",85276782.0,342.26,29186831407.0,True
877212,ZBRA,ZEBRA TECHNOLOGIES CORP,47310660.0,614.55,29074766103.0,True
1489393,LYB,LyondellBasell Industries N.V.,323037952.0,89.293,28845027848.0,True
1879293,MMCP,"Mag Mile Capital, Inc.",100055935.0,288.0,28816109280.0,False
92380,LUV,SOUTHWEST AIRLINES CO,489208201.0,58.8479,28788875292.0,True
771992,PAAS,PAN AMERICAN SILVER CORP,421847046.0,68.0597,28710783397.0,False
858446,ICHGF,INTERCONTINENTAL HOTELS GROUP PLC /NEW/,164711854.0,174.3,28709276152.0,False
1163653,NRSCF,NOMURA HOLDINGS INC,2901337224.0,9.85,28578171656.0,False
858446,IHG,INTERCONTINENTAL HOTELS GROUP PLC /NEW/,164711854.0,173.4269,28565466232.0,False
1335730,MFG,MIZUHO FINANCIAL GROUP INC,2489848594.0,11.45,28508766401.0,False
1086745,FABC,"Fabric.AI, Inc.",7003613.0,4064.0,28462683232.0,False
1601712,SYF,Synchrony Financial,325370840.0,87.3779,28430220720.0,True
11544,WRB,BERKLEY W R CORP,371227529.0,76.4394,28376409580.0,True
1474627,NEGG,"Newegg Commerce, Inc.",20972505.0,1351.4,28342243257.0,False
1801198,LEGN,Legend Biotech Corp,369886369.0,76.5,28296307228.0,False
2082247,FDXF,"FedEx Freight Holding Company, Inc.",149518133.0,188.46,28178187345.0,True
1101302,ENTG,ENTEGRIS INC,152800000.0,183.8443,28091409040.0,True
2005951,SW,Smurfit Westrock plc,524522908.0,53.5365,28081120664.0,True
92122,SOJF,SOUTHERN CO,1127301098.0,24.889,28057397028.0,False
728535,JBHT,HUNT J B TRANSPORT SERVICES INC,93914939.0,297.9075,27977964690.0,True
895126,EXE,EXPAND ENERGY Corp,231503789.0,120.7623,27956930018.0,True
1175454,CPAY,"CORPAY, INC.",65659599.0,425.24,27921087879.0,True
1014473,VRSN,VERISIGN INC/CA,90300000.0,309.0927,27911070810.0,True
215466,CDE,"Coeur Mining, Inc.",1027934998.0,27.1195,27877083178.0,True
1094032,QDMI,QDM International Inc.,8636186.0,3213.0332,27748352339.0,False
1106644,CPHI,"CHINA PHARMA HOLDINGS, INC.",43022002.0,640.0,27534081280.0,False
93556,SWK,"STANLEY BLACK & DECKER, INC.",151016641.0,182.2265,27519233931.0,True
822416,PHM,PULTEGROUP INC/MI/,187452540.0,146.6333,27486784534.0,True
920148,LH,LABCORP HOLDINGS INC.,81100000.0,338.614,27461595400.0,True
1880343,AMZE,"AMAZE HOLDINGS, INC.",20824169.0,1315.6,27396276736.0,False
1513761,NCLH,Norwegian Cruise Line Holdings Ltd.,459187846.0,59.65,27390555014.0,True
1281761,RF,REGIONS FINANCIAL CORP,851929506.0,32.0747,27325383326.0,True
1022079,DGX,QUEST DIAGNOSTICS INC,110373360.0,247.45,27311887932.0,True
1644903,YCBD,"cbdMD, Inc.",11205045.0,2437.2,27308935674.0,False
1878848,IREN,IREN Ltd,357378674.0,76.41,27307304480.0,False
1370637,ETSY,ETSY INC,91781748.0,296.91,27250918799.0,True
1717161,CEPU,CENTRAL PUERTO S.A.,1513770222.0,17.95,27172175485.0,False
1957132,SN,"SharkNinja, Inc.",140871552.0,192.86,27168487519.0,True
1096343,MKL,MARKEL GROUP INC.,12389958.0,2191.8999,27157547701.0,False
1719406,NRXP,"NRX Pharmaceuticals, Inc.",43295767.0,627.1,27150775486.0,False
1609711,GDDY,GoDaddy Inc.,126647704.0,214.35,27146935352.0,True
92230,TFC-PI,TRUIST FINANCIAL CORP,1221626188.0,22.2202,27144778223.0,False
1849635,DJT,Trump Media & Technology Group Corp.,277941274.0,97.54,27110391866.0,False
1451809,SITM,SITIME Corp,30071036.0,901.48,27108437533.0,True
1408710,FN,Fabrinet,35834864.0,746.47,26749650930.0,True
1166003,XPO,"XPO, Inc.",117086465.0,228.37,26739036012.0,True
91576,KEY-PI,KEYCORP /NEW/,1067128554.0,25.03,26710227707.0,False
931427,TGS,GAS TRANSPORTER OF THE SOUTH INC,752761058.0,35.32,26587520569.0,False
1060955,ICLR,ICON PLC,76567325.0,346.2,26507607915.0,False
860731,TYL,TYLER TECHNOLOGIES INC,40952274.0,646.74,26485473687.0,True
906163,NVR,NVR INC,2664860.0,9924.4004,26447137650.0,True
313927,CHD,CHURCH & DWIGHT CO INC /DE/,237203907.0,111.0439,26340046929.0,True
1645113,NVCR,NovoCure Ltd,116445840.0,225.58,26267852587.0,False
106535,WY,WEYERHAEUSER CO,720736000.0,36.1525,26056408240.0,True
2041338,TDIC,Dreamland Ltd,28660000.0,908.75,26044775000.0,False
1800315,DMRA,"Damora Therapeutics, Inc.",61735519.0,421.0,25990653499.0,False
940944,DRI,DARDEN RESTAURANTS INC,114077969.0,227.68,25973271982.0,True
1757898,STE,STERIS plc,97500110.0,266.3608,25970207300.0,True
1130598,TRAW,"Traws Pharma, Inc.",15368277.0,1687.5,25933967438.0,False
4127,SWKS,"SKYWORKS SOLUTIONS, INC.",150472782.0,172.3359,25931862311.0,True
1378789,AER,AerCap Holdings N.V.,166876547.0,154.8241,25836511200.0,False
1643721,BOTX,DATZ WORLD HOLDINGS CORP.,100071075.0,257.4,25758294705.0,False
108312,WWD,"Woodward, Inc.",59045820.0,436.052,25747047903.0,True
85535,RGLD,ROYAL GOLD INC,84727857.0,303.0175,25674023408.0,True
109657,GTBP,"GT Biopharma, Inc.",45109497.0,568.8,25658281894.0,False
1754068,KLRS,"Kalaris Therapeutics, Inc.",23804981.0,1076.63,25629156694.0,False
1082554,UTHR,UNITED THERAPEUTICS Corp,42890692.0,596.76,25595449358.0,True
1618756,QSR,Restaurant Brands International Inc.,316382439.0,80.8466,25578444493.0,False
1818331,WGS,GeneDx Holdings Corp.,29822541.0,851.73,25400752846.0,False
1048477,BMRN,BIOMARIN PHARMACEUTICAL INC,193573759.0,131.03,25363969642.0,True
91576,KEY,KEYCORP /NEW/,1067128554.0,23.7624,25357535552.0,True
909037,SQM,CHEMICAL & MINING CO OF CHILE INC,263196524.0,96.1095,25295686323.0,False
1605888,CIRC,CIRCLE8 GROUP INC,114406923.0,220.4,25215285829.0,False
1689548,PRAX,"Praxis Precision Medicines, Inc.",27919988.0,903.0,25211749164.0,False
746515,EXPD,EXPEDITORS INTERNATIONAL OF WASHINGTON INC,129990622.0,193.9,25205181606.0,True
1713923,AIJTY,Jianpu Technology Inc.,400523605.0,62.72,25120840506.0,False
1748790,AMCR,Amcor plc,462345690.0,54.0836,25005319360.0,True
1584371,ICCM,IceCure Medical Ltd.,73122293.0,339.9,24854267391.0,False
1802768,RPRX,Royalty Pharma plc,388132400.0,63.96,24824948304.0,False
1652130,NTLA,"Intellia Therapeutics, Inc.",140126693.0,176.78,24771596789.0,False
927971,BRZL,BANK OF MONTREAL /CAN/,708905679.0,34.93,24762075367.0,False
1777393,CHPT,"ChargePoint Holdings, Inc.",26850324.0,922.0,24755998728.0,False
1336920,LDOS,"Leidos Holdings, Inc.",125492209.0,197.2656,24755295904.0,True
811156,CMS,CMS ENERGY CORP,313577136.0,78.6889,24675039897.0,True
1015922,CHKP,CHECK POINT SOFTWARE TECHNOLOGIES LTD,105596035.0,233.47,24653506291.0,False
1048695,FFIV,"F5, INC.",56627182.0,434.62,24611305841.0,True
1576280,GH,"Guardant Health, Inc.",134196170.0,183.1,24571318727.0,False
1069258,KTOS,"KRATOS DEFENSE & SECURITY SOLUTIONS, INC.",187721327.0,130.72,24538931865.0,True
1805833,SST,"System1, Inc.",91455846.0,268.1,24519312313.0,False
1145197,PODD,INSULET CORP,69354199.0,352.82,24469548491.0,True
92122,SOJD,SOUTHERN CO,1127301098.0,21.7046,24467619412.0,False
1662774,QNCX,"Quince Therapeutics, Inc.",1017063.0,24042.0,24452228646.0,False
749098,MGA,MAGNA INTERNATIONAL INC,280242006.0,87.2189,24442399497.0,False
60086,L,LOEWS CORP,204427720.0,119.3331,24394993554.0,True
1159152,JHIUF,James Hardie Industries plc,580522488.0,42.0,24381944496.0,False
1159152,JHX,James Hardie Industries plc,580522488.0,42.0,24381944496.0,False
1043277,CHRW,"C. H. ROBINSON WORLDWIDE, INC.",116851258.0,208.5206,24365894429.0,True
1590895,CZR,"Caesars Entertainment, Inc.",203720372.0,119.49,24342547250.0,True
1636282,SYRE,"Spyre Therapeutics, Inc.",88173762.0,275.875,24324936592.0,False
1341766,CELH,"Celsius Holdings, Inc.",253035047.0,96.11,24319198367.0,True
1590955,PAYC,"Paycom Software, Inc.",45071619.0,538.4174,24267343916.0,True
9389,BALL,BALL Corp,264703357.0,91.4856,24216545437.0,True
6201,AAL,American Airlines Group Inc.,661969951.0,36.4414,24123111772.0,True
1527166,CG,Carlyle Group Inc.,356332798.0,67.4628,24039208285.0,True
1665918,USFD,US Foods Holding Corp.,216330723.0,110.94,23999730410.0,True
1985487,KSPI,Joint Stock Co Kaspi.kz,190227932.0,126.1172,23991014146.0,False
1675149,AA,Alcoa Corp,263909445.0,90.6278,23917532400.0,True
1708441,MYND,"Mynd.ai, Inc.",462192400.0,51.5506,23826295535.0,False
1425205,IOVA,"IOVANCE BIOTHERAPEUTICS, INC.",452971432.0,52.59,23821767609.0,False
906709,NKTR,NEKTAR THERAPEUTICS,34142994.0,695.25,23737916578.0,False
88000,HKHC,Horizon Kinetics Holding Corp,18635321.0,1271.9867,23703880462.0,False
21076,CLX,CLOROX CO /DE/,120921351.0,194.9946,23579010470.0,True
857005,PTC,PTC INC.,108506261.0,216.53,23494860694.0,True
1988894,AS,"Amer Sports, Inc.",557667387.0,41.96,23399723559.0,False
1111711,NI,NISOURCE INC.,479560100.0,48.7533,23380137423.0,True
1579298,BURL,"Burlington Stores, Inc.",62815195.0,372.19,23379187427.0,True
1116942,TTMI,TTM TECHNOLOGIES INC,105348864.0,221.47,23331612910.0,True
832489,GOVX,"GeoVax Labs, Inc.",7369243.0,3165.0,23323654095.0,False
908937,SIRI,SIRIUS XM HOLDINGS INC.,337066891.0,69.0169,23263311909.0,True
1469367,RUN,Sunrun Inc.,240846982.0,96.5,23241733763.0,True
1178819,AGI,ALAMOS GOLD INC,419860744.0,55.1584,23158846862.0,False
1086222,AKAM,AKAMAI TECHNOLOGIES INC,143716609.0,161.14,23158494374.0,True
1177394,SNX,TD SYNNEX CORP,79958752.0,289.5683,23153519887.0,True
92122,SOJE,SOUTHERN CO,1127301098.0,20.5315,23145182494.0,False
91576,KEY-PK,KEYCORP /NEW/,1067128554.0,21.6079,23058407082.0,False
40987,GPC,GENUINE PARTS CO,137859758.0,167.1553,23043989206.0,True
764478,BBY,BEST BUY CO INC,209727698.0,109.2566,22914135209.0,True
1687229,INVH,Invitation Homes Inc.,590623226.0,38.7482,22885586886.0,True
12208,BIO,"BIO-RAD LABORATORIES, INC.",27668031.0,825.77,22847429959.0,True
75677,PKG,PACKAGING CORP OF AMERICA,89098299.0,255.7746,22789081787.0,True
1773383,DT,"Dynatrace, Inc.",289002128.0,78.76,22761807601.0,True
1845338,MNDY,monday.com Ltd.,51160822.0,444.7,22751217543.0,False
1316835,BLDR,"Builders FirstSource, Inc.",107596457.0,211.12,22715764002.0,True
1768259,GOTU,Gaotu Techedu Inc.,159097050.0,142.7,22703149035.0,False
1419612,SEDG,"SOLAREDGE TECHNOLOGIES, INC.",61525748.0,368.33,22661778761.0,True
904851,YPF,YPF SOCIEDAD ANONIMA,393312793.0,57.61,22658750005.0,False
12208,BIO-B,"BIO-RAD LABORATORIES, INC.",27668031.0,818.6,22649050177.0,False
70318,THC,TENET HEALTHCARE CORP,80519000.0,280.77,22607319630.0,True
1794515,GTM,ZoomInfo Technologies Inc.,291110046.0,77.35,22517362058.0,True
1618732,NTNX,"Nutanix, Inc.",270570179.0,83.07,22476264770.0,True
1333141,FMCQF,Fresenius Medical Care AG,279288885.0,80.2706,22418686372.0,False
1778016,NBP,NovaBridge Biosciences,265377891.0,84.43,22405855337.0,False
864749,TRMB,TRIMBLE INC.,233179848.0,95.72,22319975051.0,True
912595,MAA,MID AMERICA APARTMENT COMMUNITIES INC.,116384802.0,191.1489,22246826879.0,True
1673358,YUMC,"Yum China Holdings, Inc.",342458136.0,64.7702,22181081960.0,False
31791,RVTY,"REVVITY, INC.",111586401.0,198.7473,22177495915.0,True
1601830,RXRX,"RECURSION PHARMACEUTICALS, INC.",535342170.0,41.33,22125691886.0,False
746210,TWAV,"TaoWeave, Inc.",3877219.0,5700.0,22100148300.0,False
855658,LSCC,LATTICE SEMICONDUCTOR CORP,142030272.0,155.27,22053040333.0,True
1285785,MOS,MOSAIC CO,317895646.0,69.2148,22003083559.0,True
1170010,KMX,CARMAX INC,141911096.0,154.85,21974933216.0,True
1046102,RBA,RB GLOBAL INC.,185200000.0,118.3226,21913345520.0,True
1179929,MOH,"MOLINA HEALTHCARE, INC.",52200000.0,419.53,21899466000.0,True
1100682,CRL,"CHARLES RIVER LABORATORIES INTERNATIONAL, INC.",47738872.0,458.3,21878725038.0,True
1486957,BWXT,"BWX Technologies, Inc.",91621980.0,237.7264,21780963466.0,True
1419554,BBLG,Bone Biologics Corp,2756057.0,7891.2002,21748597550.0,False
711404,COO,"COOPER COMPANIES, INC.",190155294.0,113.9417,21666617462.0,True
91440,SNA,Snap-on Inc,51727124.0,416.7245,21555959885.0,True
1528396,GWRE,"Guidewire Software, Inc.",81992669.0,261.88,21472240158.0,True
1750106,AEI,Alset Inc.,38895830.0,550.0,21392706500.0,False
1622536,TLN,Talen Energy Corp,47914259.0,445.84,21362093233.0,True
719413,HL,HECLA MINING CO/DE/,671768431.0,31.7903,21355719952.0,True
1852131,NXT,Nextpower Inc.,136542423.0,156.4,21355234957.0,True
1796209,APG,APi Group Corp,432160297.0,49.4,21348718672.0,True
1443646,BAH,Booz Allen Hamilton Holding Corp,120284973.0,177.3523,21332816617.0,True
1582961,DOCN,"DigitalOcean Holdings, Inc.",117579550.0,181.29,21315996620.0,True
1281761,RF-PC,REGIONS FINANCIAL CORP,851929506.0,24.75,21085255274.0,False
1324404,CF,"CF Industries Holdings, Inc.",151338130.0,139.27,21076861365.0,True
1156375,CME,CME GROUP INC.,66643583.0,315.7112,21040125561.0,True
1402436,SSNC,SS&C Technologies Holdings Inc,234654996.0,88.8048,20838489989.0,False
2071778,FRMI,Fermi Inc.,640467348.0,32.53,20834402830.0,False
1368622,AVAV,AeroVironment Inc,50820702.0,409.83,20827848301.0,True
1990251,WCT,Wellchange Holdings Co Ltd,46265000.0,449.5,20796117500.0,False
2026053,PS,PERSHING SQUARE INC.,400000000.0,51.9086,20763440000.0,False
1915657,DINO,HF Sinclair Corp,177783849.0,116.62,20733152470.0,True
1816736,IRON,"Disc Medicine, Inc.",38392844.0,540.0,20732135760.0,False
1906324,QDEL,QuidelOrtho Corp,68575427.0,301.96,20707035937.0,True
842023,TECH,BIO-TECHNE Corp,156818238.0,131.6788,20649637398.0,True
1666700,DD,"DuPont de Nemours, Inc.",135042975.0,152.6918,20619954930.0,True
1324948,RBC,RBC Bearings INC,31659245.0,648.89,20543367488.0,True
1517413,FSLY,"Fastly, Inc.",159300000.0,128.83,20522619000.0,False
1206264,SGI,SOMNIGROUP INTERNATIONAL INC.,210365491.0,97.2915,20466774168.0,True
1868419,CYCU,"Cycurion, Inc.",25840335.0,789.7839,20408280554.0,False
1658566,PR,Permian Resources Corp,837557029.0,24.33,20377762516.0,True
1674416,CRSP,CRISPR Therapeutics AG,96692653.0,210.04,20309324836.0,False
1734750,MOVE,"Corvex, Inc.",27647305.0,733.4315,20277404377.0,False
1422892,SGLY,Singularity Future Technology Ltd.,7293492.0,2769.2,20197138046.0,False
1819848,JOBY,"Joby Aviation, Inc.",989124237.0,20.39,20168243192.0,False
1711269,EVRG,"Evergy, Inc.",230513025.0,87.4002,20146884488.0,True
1567094,CNH,CNH Industrial N.V.,1237725958.0,16.2492,20112056637.0,True
1095435,ALP,Alpha Compute Corp,23470877.0,856.2,20095764887.0,False
1888886,GPCR,Structure Therapeutics Inc.,213929572.0,93.79,20064454558.0,False
1848275,TOP,TOP Financial Group Ltd,37044475.0,541.05,20042913199.0,False
1553788,EDVA,"Endovia Health Sciences, Inc.",6412521.0,3120.0,20007065520.0,False
352541,LNT,ALLIANT ENERGY CORP,258277037.0,77.4411,20001257850.0,True
216228,ITT,ITT INC.,89400000.0,220.8251,19741763940.0,True
930157,RKLIF,RENTOKIL INITIAL PLC /FI,2526039885.0,7.8078,19722814214.0,False
1023549,XTLB,XTL BIOPHARMACEUTICALS LTD,946243356.0,20.8,19681861805.0,False
1423902,WES,"Western Midstream Partners, LP",393781339.0,49.8,19610310682.0,False
1707753,ESTC,Elastic N.V.,104991280.0,186.78,19610271278.0,False
1262823,WLK,WESTLAKE CORP,127796548.0,153.343,19596706060.0,True
1076378,CXMSF,CEMEX SAB DE CV,14507429244.0,1.35,19585029479.0,False
1808898,BNTC,Benitec Biopharma Inc.,34882726.0,558.45,19480258335.0,False
1372514,KPRX,KIORA PHARMACEUTICALS INC,4424387.0,4392.0,19431907704.0,False
1576789,WIX,Wix.com Ltd.,54989523.0,353.09,19416250676.0,False
1278021,MKTX,MARKETAXESS HOLDINGS INC,35192891.0,550.7753,19383375098.0,True
1661181,ORGO,Organogenesis Holdings Inc.,128674548.0,150.0,19301182200.0,False
1176948,ARES,Ares Management Corp,103332418.0,186.4321,19264479686.0,True
1898601,IPX,IPERIONX Ltd,319927854.0,60.11,19230863304.0,False
765880,DOC,"HEALTHPEAK PROPERTIES, INC.",689527260.0,27.8788,19223192576.0,True
2082866,PNFP,"Pinnacle Financial Partners, Inc.",151112640.0,126.7206,19149084408.0,True
845982,SNNUF,SMITH & NEPHEW PLC,877724845.0,21.8061,19139755743.0,False
1818644,LIDR,"AEye, Inc.",46488312.0,411.3,19120642726.0,False
1995306,HDL,SUPER HI INTERNATIONAL HOLDING LTD.,650299000.0,29.39,19112287610.0,False
1846832,DLO,dLocal Ltd,294931956.0,64.6949,19080593400.0,False
1913749,GMM,Global Mofy AI Ltd,25926155.0,735.0,19055723925.0,False
52988,J,JACOBS SOLUTIONS INC.,117038611.0,162.7066,19042954465.0,True
1003935,NICE,NICE Ltd.,60427562.0,315.02,19035890581.0,False
1999297,DSY,Big Tree Cloud Holdings Ltd,86972928.0,217.88,18949661553.0,False
1858985,ONON,On Holding AG,296873353.0,63.62,18887082718.0,False
873303,SRPT,"Sarepta Therapeutics, Inc.",105627021.0,178.74,18879773734.0,True
764065,CLF,CLEVELAND-CLIFFS INC.,570540047.0,33.07,18867759354.0,True
1158114,AAOI,"APPLIED OPTOELECTRONICS, INC.",84569237.0,223.1,18867396775.0,False
914475,NBIX,NEUROCRINE BIOSCIENCES INC,101649181.0,185.5,18855923076.0,True
1964664,ORISF,ORIENTAL RISE HOLDINGS Ltd,4206788.0,4480.7998,18849774829.0,False
1838359,RGTI,"Rigetti Computing, Inc.",333768747.0,56.34,18804531206.0,False
849399,GEN,Gen Digital Inc.,598587032.0,31.41,18801618675.0,True
1069157,EWBC,EAST WEST BANCORP INC,137011856.0,136.6,18715819530.0,True
1737287,ALLO,"Allogene Therapeutics, Inc.",345490881.0,54.04,18670327209.0,False
790051,CSL,CARLISLE COMPANIES INC,39714133.0,469.802,18657779112.0,True
1701963,VS,Versus Systems Inc.,6212646.0,3000.0,18637938000.0,False
1003935,NCSYF,NICE Ltd.,60427562.0,307.65,18590539449.0,False
72331,NDSN,NORDSON CORP,55699366.0,333.6978,18586755896.0,True
704532,ONTO,ONTO INNOVATION INC.,49074247.0,378.45,18572148777.0,True
1306830,CE,Celanese Corp,109748926.0,168.5741,18500826426.0,True
1792580,OVV,Ovintiv Inc.,275503580.0,66.97,18450474753.0,True
1499780,GLBS,GLOBUS MARITIME LTD,21582301.0,854.0,18431285054.0,False
1070423,PAA,PLAINS ALL AMERICAN PIPELINE LP,705566460.0,26.1,18415284606.0,False
887153,SIM,"GRUPO SIMEC, S.A.B. de C.V.",497709214.0,37.0,18415240918.0,False
1868159,LINE,"Lineage, Inc.",227710012.0,80.7604,18389951653.0,False
1618673,PFGC,Performance Food Group Co,157533032.0,116.65,18376228183.0,True
1032975,LOGI,LOGITECH INTERNATIONAL S.A.,143188332.0,128.2739,18367325780.0,False
1739104,ELAN,Elanco Animal Health Inc,499621830.0,36.72,18346113598.0,True
730272,RGEN,REPLIGEN CORP,56435621.0,324.21,18296992684.0,True
921738,PENN,"PENN Entertainment, Inc.",134066591.0,136.47,18296067674.0,True
1601936,CYTOF,Altamira Therapeutics Ltd.,4662080.0,3920.0,18275353600.0,False
1823306,LSPD,Lightspeed Commerce Inc.,146399347.0,124.41,18213542760.0,False
929008,WCC,WESCO INTERNATIONAL INC,48732854.0,373.5563,18204464629.0,True
38777,BEN,FRANKLIN TEMPLETON INC,508076910.0,35.77,18173911071.0,True
1831097,AGL,"agilon health, inc.",16791210.0,1081.25,18155495812.0,False
96943,TFX,TELEFLEX INC,42372397.0,426.7098,18080717049.0,True
1037976,JLL,JONES LANG LASALLE INC,46007703.0,392.79,18071365661.0,True
1056696,MANH,MANHATTAN ASSOCIATES INC,58304972.0,309.78,18061714226.0,True
1703057,ABCL,AbCellera Biologics Inc.,306611466.0,58.9,18059415347.0,False
1421876,LKFT,Lakefront Biotherapeutics NV,65897071.0,274.03,18057774366.0,False
1484612,OM,"Outset Medical, Inc.",18797164.0,960.0,18045277440.0,False
1713210,ATPC,Agape ATP Corp,1000626.0,18000.0,18011268000.0,False
1083301,WULF,TERAWULF INC.,498968677.0,36.0696,17997600592.0,False
1946573,NAKA,Nakamoto Inc.,17894943.0,1001.2,17916416932.0,False
1043219,NLY,ANNALY CAPITAL MANAGEMENT INC,753714442.0,23.74,17893180853.0,True
1026214,FMCCO,FEDERAL HOME LOAN MORTGAGE CORP,650059553.0,27.52,17889638899.0,False
2023311,AAPG,ASCENTAGE PHARMA GROUP INTERNATIONAL,373322192.0,47.9,17882132997.0,False
1872090,YXT,YXT.COM GROUP HOLDING Ltd,178456987.0,100.2,17881390097.0,False
1888525,MF,MindForge Inc.,20784142.0,857.5,17822401765.0,False
1109345,NVMI,NOVA LTD.,29278401.0,605.65,17732463566.0,False
832101,IEX,IDEX CORP /DE/,73719896.0,240.52,17731109386.0,True
1501585,HII,"HUNTINGTON INGALLS INDUSTRIES, INC.",39404598.0,449.6816,17719522676.0,True
1421876,GLPGF,Lakefront Biotherapeutics NV,65897071.0,268.65,17703248124.0,False
874761,AES,AES CORP,713438630.0,24.742,17651898583.0,True
1690585,DNTH,"Dianthus Therapeutics, Inc. /DE/",55934378.0,315.2,17630515946.0,False
912958,TIGO,MILLICOM INTERNATIONAL CELLULAR SA,169000000.0,104.31,17628390000.0,False
1743881,BBIO,"BridgeBio Pharma, Inc.",195487474.0,90.17,17627105531.0,False
1639438,CAVA,"CAVA GROUP, INC.",116806198.0,150.88,17623719154.0,True
927971,SHNY,BANK OF MONTREAL /CAN/,708905679.0,24.84,17609217066.0,False
1801368,MP,MP Materials Corp. / DE,178101588.0,98.65,17569721656.0,True
1026214,FREJN,FEDERAL HOME LOAN MORTGAGE CORP,650059553.0,27.0,17551607931.0,False
1649094,PCVX,"Vaxcyte, Inc.",148805278.0,117.93,17548606435.0,False
1026214,FREJO,FEDERAL HOME LOAN MORTGAGE CORP,650059553.0,26.95,17519104953.0,False
1070750,HST,"HOST HOTELS & RESORTS, INC.",685124399.0,25.54,17498077150.0,True
1817004,NXXT,"NEXTNRG, INC.",168221739.0,104.0,17495060856.0,False
1515673,RARE,Ultragenyx Pharmaceutical Inc.,98588873.0,177.39,17488680181.0,False
879101,KIM,KIMCO REALTY CORP,670789373.0,26.0712,17488283901.0,True
1025378,WPC,W. P. Carey Inc.,227816879.0,76.69,17471276451.0,True
812796,SNGX,"SOLIGENIX, INC.",21765479.0,801.6,17447207966.0,False
1853717,ATAT,Atour Lifestyle Holdings Ltd,412380886.0,42.2094,17406349770.0,False
1286681,DPZ,DOMINOS PIZZA INC,33081735.0,524.9164,17365145242.0,True
1668397,MEDP,"Medpace Holdings, Inc.",27911655.0,620.75,17326159841.0,True
110621,RPM,RPM INTERNATIONAL INC/DE/,127741412.0,135.6286,17325388872.0,True
217346,TXT,TEXTRON INC,171986917.0,100.701,17319254529.0,True
88941,SMTC,SEMTECH CORP,93151168.0,185.0,17232966080.0,True
813762,IEP,ICAHN ENTERPRISES L.P.,710915093.0,24.2046,17207415460.0,False
1612042,ASND,Ascendis Pharma A/S,61977408.0,277.18,17178897949.0,False
2003292,KLAR,Klarna Group plc,377507910.0,45.48,17169059747.0,False
1013237,FDS,FACTSET RESEARCH SYSTEMS INC,35565543.0,482.2915,17152959082.0,True
868857,ACM,AECOM,128696425.0,132.851,17097448758.0,True
1037540,BXP,"BXP, Inc.",159661556.0,106.8564,17060859093.0,True
1704292,ZLAB,Zai Lab Ltd,88592343.0,191.71,16984038077.0,False
1232524,JAZZ,Jazz Pharmaceuticals plc,64914577.0,261.62,16982951635.0,True
1162896,PROP,Prairie Operating Co.,112798010.0,150.0,16919701500.0,False
1390478,SLS,"SELLAS Life Sciences Group, Inc.",201945709.0,83.0,16761493847.0,False
1575515,SFM,"Sprouts Farmers Market, Inc.",93247625.0,179.53,16740746116.0,True
898174,RGA,REINSURANCE GROUP OF AMERICA INC,65301665.0,255.91,16711349090.0,True
2080845,PAYP,PayPay Corp,676955535.0,24.56,16626027940.0,False
1841666,APA,APA Corp,350351510.0,47.41,16610165089.0,True
8818,AVY,Avery Dennison Corp,75788142.0,219.073,16603135632.0,True
1907982,QBTS,D-Wave Quantum Inc.,369263837.0,44.78,16535634621.0,False
1832038,IVVD,"Invivyd, Inc.",294758746.0,56.08,16530070476.0,False
1770561,CODQL,Coronado Global Resources Inc.,167645373.0,98.4398,16502976989.0,False
910073,FLG,"FLAGSTAR BANK, NATIONAL ASSOCIATION",415092836.0,39.5528,16418083924.0,True
1584509,ARMK,Aramark,263625044.0,62.2663,16414956077.0,True
1964789,HUT,Hut 8 Corp.,123259468.0,133.02,16395974433.0,False
67347,MOD,MODINE MANUFACTURING CO,53112708.0,306.89,16299758958.0,False
1357874,DTIL,PRECISION BIOSCIENCES INC,27601554.0,589.8,16279396549.0,False
74208,UDR,"UDR, Inc.",324915653.0,50.0558,16263912943.0,True
1661998,QTTB,Q32 Bio Inc.,29769466.0,546.12,16257700772.0,False
1071321,TKC,TURKCELL ILETISIM HIZMETLERI A S,2200000000.0,7.3886,16254920000.0,False
1756708,JMIA,Jumia Technologies AG,247705230.0,65.51,16227169617.0,False
1591698,PCTY,Paylocity Holding Corp,53056963.0,305.75,16222166437.0,True
1023514,HMY,HARMONY GOLD MINING CO LTD,634767724.0,25.5485,16217363197.0,False
1331875,FNF,"Fidelity National Financial, Inc.",268192827.0,60.4339,16207938488.0,True
59527,LECO,LINCOLN ELECTRIC HOLDINGS INC,54505757.0,297.0224,16189430758.0,True
1177702,SAIA,SAIA INC,26674650.0,605.92,16162703928.0,True
1823466,NOTE,"FiscalNote Holdings, Inc.",121449403.0,132.96,16147912623.0,False
67215,DY,DYCOM INDUSTRIES INC,30160957.0,535.2,16142144186.0,True
1611052,PCOR,"PROCORE TECHNOLOGIES, INC.",151955338.0,105.94,16098148508.0,False
1211805,MYSZ,"My Size, Inc.",728482.0,22080.0,16084882560.0,False
1672619,ELVN,"Enliven Therapeutics, Inc.",73270761.0,219.48,16081466624.0,False
1571283,REXR,"Rexford Industrial Realty, Inc.",222988124.0,71.9344,16040516907.0,True
1370946,OC,Owens Corning,79048683.0,202.7745,16029057171.0,True
1643953,PRPL,"Purple Innovation, Inc.",15989770.0,1000.8975,16004120819.0,False
1762239,KAVL,"Kaival Brands Innovations Group, Inc.",19535402.0,819.0,15999494238.0,False
909327,SUZ,Suzano S.A.,1264117615.0,12.6438,15983250301.0,False
1023514,HGMCF,HARMONY GOLD MINING CO LTD,634767724.0,25.1171,15943524400.0,False
96223,JEF,Jefferies Financial Group Inc.,204432307.0,77.7868,15902134978.0,True
1299130,PACB,"PACIFIC BIOSCIENCES OF CALIFORNIA, INC.",310830759.0,51.15,15898993323.0,False
23217,CAG,CONAGRA BRANDS INC.,478565642.0,33.1849,15881152973.0,True
82811,RRX,REGAL REXNORD CORP,66591867.0,238.19,15861516801.0,True
827876,CLSK,"CLEANSPARK, INC.",256817073.0,61.6,15819931697.0,True
1964738,SOLV,Solventum Corp,170223729.0,92.44,15735481509.0,True
1308648,AG,FIRST MAJESTIC SILVER CORP,491322304.0,31.9555,15700449885.0,False
1288847,FIVN,"Five9, Inc.",74723531.0,209.7,15669524451.0,True
908255,BWA,BORGWARNER INC,203666354.0,76.8259,15646850946.0,True
927003,AEIS,ADVANCED ENERGY INDUSTRIES INC,40050442.0,388.7938,15571363537.0,True
851968,MHK,MOHAWK INDUSTRIES INC,67738145.0,229.74,15562161432.0,True
1889539,CRBG,"Corebridge Financial, Inc.",445772522.0,34.88,15548545567.0,True
1557860,GLOB,Globant S.A.,43835604.0,354.44,15537091482.0,False
1130781,BMPA,"BMP AI Technologies, Inc.",51783583.0,300.0001,15535080078.0,False
1862150,CING,Cingulate Inc.,14541826.0,1068.0,15530670168.0,False
1810182,ALXO,ALX ONCOLOGY HOLDINGS INC,138276997.0,112.26,15522975683.0,False
89439,MLI,MUELLER INDUSTRIES INC,221181388.0,70.0339,15490195209.0,True
888491,OHI,OMEGA HEALTHCARE INVESTORS INC,303013000.0,51.0254,15461359530.0,True
1837774,GIPL,Global Innovative Platforms Inc.,49751241.0,310.0,15422884710.0,False
1414767,NCPL,Netcapital Inc.,7847899.0,1960.0,15381882040.0,False
1842022,DTM,"DT Midstream, Inc.",102015296.0,150.74,15377785719.0,True
927066,DVA,DAVITA INC.,63800000.0,240.96,15373248000.0,True
1651562,COUR,"Coursera, Inc.",264400000.0,58.0,15335200000.0,False
1372920,NWOEF,New Oriental Education & Technology Group Inc.,1580288613.0,9.6987,15326745171.0,False
5513,UNM,Unum Group,158306798.0,96.57,15287687483.0,True
2040127,KRMN,Karman Holdings Inc.,132533708.0,115.29,15279811195.0,True
851205,CGNX,COGNEX CORP,168223842.0,90.7566,15267423939.0,True
1563190,COMP,"Compass, Inc.",757522197.0,20.15,15264072270.0,False
1507079,FND,"Floor & Decor Holdings, Inc.",106489965.0,143.31,15261076884.0,True
794170,TOL,"Toll Brothers, Inc.",92147000.0,165.5212,15252282016.0,True
42888,GGG,GRACO INC,161953824.0,94.127,15244227592.0,True
1840317,VEEA,VEEA INC.,62214156.0,245.0,15242468220.0,False
1095073,EG,"EVEREST GROUP, LTD.",38342734.0,396.5439,15204577277.0,True
1816815,BON,Bon Natural Life Ltd,3970558.0,3827.5,15197310745.0,False
897723,SANM,SANMINA CORP,53597356.0,282.72,15153044488.0,True
1531152,BJ,"BJ's Wholesale Club Holdings, Inc.",126314692.0,119.94,15150184158.0,True
91419,SJM,J M SMUCKER Co,106823183.0,141.7482,15141993909.0,True
1579241,ALLE,Allegion plc,85036786.0,177.7256,15113213814.0,True
37785,FMC,FMC CORP,125226839.0,120.5832,15100252973.0,True
1253689,CBIO,"CRESCENT BIOPHARMA, INC.",37143940.0,405.0,15043295700.0,False
16058,CACI,CACI INTERNATIONAL INC /DE/,22099539.0,680.08,15029454483.0,True
1061983,CYTK,CYTOKINETICS INC,139023418.0,108.06,15022870549.0,True
1174922,WYNN,WYNN RESORTS LTD,102973891.0,145.6558,14998744473.0,True
910606,REG,REGENCY CENTERS CORP,183096790.0,81.8511,14986673668.0,True
1265521,PMHS,"Polomar Health Services, Inc.",28380868.0,528.0,14985098304.0,False
1755237,KRSA,"Korsana Biosciences, Inc.",4681351.0,3199.0,14975641849.0,False
1714899,DNLI,Denali Therapeutics Inc.,159847403.0,93.56,14955323025.0,False
1026214,FMCCL,FEDERAL HOME LOAN MORTGAGE CORP,650059553.0,23.0,14951369719.0,False
1712807,PAGS,PagSeguro Digital Ltd.,262288607.0,56.9724,14943211433.0,False
887225,KEP,KOREA ELECTRIC POWER CORP,641964077.0,23.26,14932084431.0,False
2016337,PTLE,PTL Ltd,12687500.0,1175.2,14910350000.0,False
2019793,SAFX,"XCF Global, Inc.",410816896.0,36.22,14879787973.0,False
1828316,PHAR,Pharming Group N.V.,701680440.0,21.18,14861591719.0,False
1433270,AR,ANTERO RESOURCES Corp,307439000.0,48.31,14852378090.0,True
1333986,EQH,"Equitable Holdings, Inc.",273035157.0,54.3438,14837767965.0,True
1267238,AIZ,"ASSURANT, INC.",49323767.0,300.641,14828746635.0,True
21175,CNA,CNA FINANCIAL CORP,270600928.0,54.7894,14826062485.0,False
1482541,BNC,CEA Industries Inc.,41173850.0,360.0,14822586000.0,False
1026214,FMCCJ,FEDERAL HOME LOAN MORTGAGE CORP,650059553.0,22.79,14814857213.0,False
1287750,ARCC,ARES CAPITAL CORP,718022845.0,20.5848,14780356660.0,False
1026214,FMCCG,FEDERAL HOME LOAN MORTGAGE CORP,650059553.0,22.73,14775853640.0,False
1718405,HYMC,HYCROFT MINING HOLDING CORP,93181681.0,158.2,14741341934.0,False
1094324,SIFY,SIFY TECHNOLOGIES LTD,434607689.0,33.9,14733200657.0,False
1145604,NIKA,"NIKA PHARMACEUTICALS, INC",1051689224.0,13.99,14713132244.0,False
1070235,BB,BLACKBERRY Ltd,586100431.0,25.1,14711120818.0,False
914208,IVZ,Invesco Ltd.,441499780.0,33.31,14706357672.0,True
1679273,LW,"Lamb Weston Holdings, Inc.",137481011.0,106.8466,14689378590.0,True
1756607,EQX,Equinox Gold Corp.,785632450.0,18.6822,14677342557.0,False
16732,CPB,CAMPBELL'S Co,298206243.0,49.217,14676816662.0,True
2030781,SAIL,"SailPoint, Inc.",570911633.0,25.7,14672428968.0,False
1786909,SBYSF,Sibanye Stillwater Ltd,2830567264.0,5.1812,14665735108.0,False
939767,EXEL,"EXELIXIS, INC.",247781692.0,59.13,14651331448.0,True
46080,HAS,"HASBRO, INC.",141044467.0,103.5827,14609766712.0,True
1829118,TUYA,Tuya Inc.,611528176.0,23.8885,14608490832.0,False
725363,CVM,CEL SCI CORP,17588987.0,829.2,14584788020.0,False
1019849,PAG,"PENSKE AUTOMOTIVE GROUP, INC.",65662873.0,221.9686,14575095992.0,True
1203464,IAG,IAMGOLD CORP,591144545.0,24.57,14524421471.0,False
806968,WPPGF,WPP plc,1078802358.0,13.4348,14493493919.0,False
1144879,APLD,Applied Digital Corp.,291469112.0,49.65,14471441411.0,False
1177609,FIVE,"FIVE BELOW, INC",55054035.0,262.72,14463796075.0,True
1787518,DFNS,T3 Defense Inc.,1663806.0,8681.4287,14444213160.0,False
1865782,BTSG,"BrightSpring Health Services, Inc.",197864241.0,72.91,14426281811.0,True
1966678,ZDAI,"DirectBooking Technology Co., Ltd.",8388473.0,1717.76,14409383380.0,False
40729,ALLY,Ally Financial Inc.,304199693.0,47.2909,14385877262.0,True
874015,IONS,IONIS PHARMACEUTICALS INC,166184322.0,86.5,14374943853.0,False
1069878,TREX,TREX CO INC,101865190.0,140.68,14330394929.0,True
320335,GL,GLOBE LIFE INC.,76849447.0,186.02,14295534131.0,True
1413745,YDKG,Yueda Digital Holding,5529189.0,2584.0,14287424376.0,False
1898496,GETY,"Getty Images Holdings, Inc.",421018476.0,33.93,14285156891.0,False
913059,BBAR,Banco BBVA Argentina S.A.,612710079.0,23.2302,14233377677.0,False
1818844,DWTX,"Dogwood Therapeutics, Inc.",33992553.0,417.75,14200389016.0,False
1922641,ENLT,Enlight Renewable Energy Ltd.,132133899.0,107.42,14193823431.0,False
1691421,LMND,"Lemonade, Inc.",77396615.0,183.26,14183703665.0,False
1109354,BRKR,BRUKER CORP,151719365.0,93.3596,14164459229.0,True
18926,LUMN,"Lumen Technologies, Inc.",1031445404.0,13.7295,14161229674.0,True
1321732,PEN,Penumbra Inc,39389422.0,359.4,14156558267.0,True
1481513,JKS,"JinkoSolar Holding Co., Ltd.",209429353.0,67.2139,14076563590.0,False
1434316,FATE,FATE THERAPEUTICS INC,119820514.0,117.4,14066928344.0,False
1706431,VIR,"Vir Biotechnology, Inc.",169215958.0,83.07,14056769631.0,True
2064953,SOLS,Solstice Advanced Materials Inc.,158847369.0,88.4821,14055148789.0,True
1032033,SLMBP,SLM Corp,187946958.0,74.75,14049035110.0,False
2000756,NXAT,Nexus Advanced Technologies Inc.,64221193.0,218.7,14045174909.0,False
933267,IRS,IRSA INVESTMENTS & REPRESENTATIONS INC,762520793.0,18.41,14038007799.0,False
913144,RNR,RENAISSANCERE HOLDINGS LTD,41551893.0,337.5509,14025878879.0,True
1346830,TVRD,"Tvardi Therapeutics, Inc.",13338943.0,1050.84,14017094862.0,False
1289460,TXRH,"Texas Roadhouse, Inc.",65640926.0,213.4584,14011607038.0,True
779152,JKHY,JACK HENRY & ASSOCIATES INC,70112608.0,199.4844,13986371539.0,True
1528849,RH,RH,18933159.0,738.52,13982516585.0,True
1884164,KWIK,"KwikClick, Inc.",3892979.0,3584.0,13952436736.0,False
701985,BBWI,"Bath & Body Works, Inc.",201645313.0,69.1759,13948996008.0,True
1157601,MDGL,"MADRIGAL PHARMACEUTICALS, INC.",23104126.0,602.83,13927860277.0,False
1650664,EDIT,"Editas Medicine, Inc.",153580035.0,90.58,13911279570.0,False
1135951,RDY,DR REDDYS LABORATORIES LTD,834656970.0,16.6201,13872082307.0,False
1836242,TKLF,"Tokyo Lifestyle Co., Ltd.",42327806.0,327.5,13862356465.0,False
1556593,RITM-PE,Rithm Capital Corp.,558407031.0,24.8,13848494369.0,False
714310,VLYPP,VALLEY NATIONAL BANCORP,552605226.0,25.06,13848286964.0,False
1750264,MAAS,Maase Inc.,15917241.0,870.0,13847999670.0,False
736012,INTZ,INTRUSION INC,24506953.0,565.0,13846428445.0,False
1140215,REED,"REED'S, INC.",11857086.0,1167.0,13837219362.0,False
1611746,SPRC,SciSparc Ltd.,365444.0,37837.8008,13827597276.0,False
1835963,GLBE,Global-E Online Ltd.,169049616.0,81.69,13809663131.0,False
1745999,BEAM,Beam Therapeutics Inc.,103287665.0,133.6,13799232044.0,False
1530766,STEX,Streamex Corp.,116465417.0,118.4,13789505373.0,False
916540,DAR,DARLING INGREDIENTS INC.,157802916.0,87.18,13757258217.0,True
714310,VLYPO,VALLEY NATIONAL BANCORP,552605226.0,24.88,13748818023.0,False
1588823,TFII,TFI International Inc.,84408437.0,162.828,13744056980.0,False
1575965,GLPI,"Gaming & Leisure Properties, Inc.",290920043.0,47.2128,13735149806.0,True
1513525,ADIL,"ADIAL PHARMACEUTICALS, INC.",2625890.0,5206.25,13671039812.0,False
912093,VIAV,VIAVI SOLUTIONS INC.,246749828.0,55.33,13652667983.0,True
1843724,LNZA,"LanzaTech Global, Inc.",13089163.0,1043.0,13651997009.0,False
1831868,ICU,SeaStar Medical Holding Corp,4406841.0,3087.5,13606121588.0,False
1108205,CRIS,CURIS INC,2090077.0,6508.0,13602221116.0,False
1812364,RLAY,"Relay Therapeutics, Inc.",219141631.0,61.53,13483784555.0,False
1462223,NIXX,"Nixxy, Inc.",28908839.0,465.0,13442610135.0,False
894158,TOVX,"Theriva Biologics, Inc.",45892668.0,292.5,13423605390.0,False
1591913,IPSI,"Innovative Payment Solutions, Inc.",994175223.0,13.5,13421365510.0,False
1065696,LKQ,LKQ CORP,253002086.0,53.036,13418218633.0,True
1219601,CCK,"CROWN HOLDINGS, INC.",108760511.0,123.2124,13400643586.0,True
350894,SEIC,SEI INVESTMENTS CO,120019182.0,111.63,13397741287.0,True
1957538,OIO,OIO Group,348022108.0,38.49,13395370937.0,False
1579428,AXSM,"Axsome Therapeutics, Inc.",52380818.0,255.17,13366013329.0,False
1088856,CORT,CORCEPT THERAPEUTICS INC,108098397.0,123.57,13357718917.0,True
1604028,WMS,"ADVANCED DRAINAGE SYSTEMS, INC.",75405342.0,177.0019,13346888804.0,True
1992818,ZOOZ,ZOOZ Strategy Ltd.,161995282.0,82.0,13283613124.0,False
109563,AIT,APPLIED INDUSTRIAL TECHNOLOGIES INC,36698856.0,361.95,13283150929.0,True
1892292,MSS,Maison Solutions Inc.,17450476.0,760.5,13271086998.0,False
1061894,GIL,Gildan Activewear Inc.,185152443.0,71.6278,13262062157.0,False
1289419,MORN,"Morningstar, Inc.",37513571.0,353.5268,13262052712.0,True
1423689,AGNC,AGNC Investment Corp.,1185481447.0,11.1799,13253564029.0,False
1833756,DRS,"Leonardo DRS, Inc.",266891515.0,49.591,13235417120.0,False
1824502,ACHR,Archer Aviation Inc.,770023800.0,17.14,13198207932.0,False
764622,PNW,PINNACLE WEST CAPITAL CORP,121197234.0,108.3845,13135901608.0,True
78128,WTRG,"Essential Utilities, Inc.",283778605.0,46.2363,13120872714.0,True
1673481,SEGG,Sports Entertainment Gaming Global Corp,22816406.0,574.0,13096617044.0,False
1944013,CR,Crane Co,57800356.0,226.1611,13072192093.0,True
1158449,AAP,ADVANCE AUTO PARTS INC,60400000.0,216.1063,13052820520.0,True
1581280,TWST,Twist Bioscience Corp,62707424.0,207.97,13041262969.0,False
1468327,RENT,"Rent the Runway, Inc.",33774121.0,385.8,13030055882.0,False
1770121,SANA,"Sana Biotechnology, Inc.",299360637.0,43.5,13022187710.0,False
1237831,GMED,GLOBUS MEDICAL INC,134261914.0,96.82,12999238513.0,True
797721,VSAT,VIASAT INC,137755810.0,94.25,12983485092.0,True
866291,ALGM,"ALLEGRO MICROSYSTEMS, INC.",186402046.0,69.62,12977310443.0,True
1131383,STN,STANTEC INC,114066995.0,113.1808,12910193748.0,False
1775194,UPXI,"UPEXI, INC.",82102474.0,157.2,12906508913.0,False
1600033,ELF,"e.l.f. Beauty, Inc.",59007996.0,218.0,12863743128.0,True
885590,BHC,Bausch Health Companies Inc.,373990561.0,34.38,12857795487.0,False
1800667,FROG,JFrog Ltd,123301311.0,104.03,12827035383.0,False
789570,MGM,MGM Resorts International,251592756.0,50.9,12806071280.0,True
879407,ARWR,"ARROWHEAD PHARMACEUTICALS, INC.",141254467.0,90.47,12779291629.0,True
106640,WHR,WHIRLPOOL CORP /DE/,65199378.0,195.8233,12767557358.0,True
1160330,BBD,BANK BRADESCO,1880830018.0,6.7879,12766886079.0,False
1159036,HALO,"HALOZYME THERAPEUTICS, INC.",113498000.0,112.45,12762850100.0,True
831641,TTEK,TETRA TECH INC,256044428.0,49.7668,12742511839.0,True
1098009,AAGH,America Great Health,21204811608.0,0.6,12722886965.0,False
29644,DCI,DONALDSON Co INC,115911056.0,109.4952,12691704259.0,True
1759186,ZSQR,Z Squared Inc.,53000397.0,239.0,12667094883.0,False
1364954,CHGG,"CHEGG, INC",111027482.0,113.51,12602729482.0,False
1322422,HBM,Hudbay Minerals Inc.,395521903.0,31.8533,12598677833.0,False
1416090,BSAI,BLUSKY AI INC.,25173424.0,500.0,12586712000.0,False
1632970,AHR,"American Healthcare REIT, Inc.",217998775.0,57.72,12582889293.0,True
1125376,ENSG,"ENSIGN GROUP, INC",58282434.0,215.6714,12569854136.0,True
1811414,QS,QuantumScape Corp,95449946.0,131.67,12567894390.0,False
2042694,PRMB,Primo Brands Corp,362354045.0,34.5896,12533681475.0,False
2071668,MICC,Magnum Ice Cream Co N.V.,612259739.0,20.42,12502343870.0,False
1039399,FORM,FORMFACTOR INC,78120725.0,159.93,12493847549.0,True
785161,EHC,Encompass Health Corp,98653384.0,126.4648,12476180477.0,True
1781983,APRE,"Aprea Therapeutics, Inc.",12591136.0,990.6,12472779322.0,False
1406234,BIP,Brookfield Infrastructure Partners L.P.,295429987.0,42.111,12440852183.0,False
802481,PPC,PILGRIMS PRIDE CORP,238108524.0,52.1816,12424883756.0,True
1669162,KNSL,"Kinsale Capital Group, Inc.",22778425.0,545.3981,12423309716.0,True
818479,XRAY,DENTSPLY SIRONA Inc.,199353876.0,62.0096,12361854109.0,True
1174940,OGEN,ORAGENICS INC,4511957.0,2736.0,12344714352.0,False
88205,SPXC,"SPX Technologies, Inc.",50085860.0,246.41,12341656763.0,True
36966,FHN,FIRST HORIZON CORP,473777158.0,26.04,12337157194.0,True
1453015,BLDP,Ballard Power Systems Inc.,300784816.0,40.99,12329169608.0,False
1885408,NEXR,Nexera Technologies Ltd,250727.0,49113.6797,12314125570.0,False
1579091,CART,Maplebear Inc.,231500067.0,53.15,12304228561.0,True
1495932,AGNT,"AGNT, Inc.",167117937.0,73.4241,12270484118.0,True
824142,AAON,"AAON, INC.",82453639.0,147.9568,12199576575.0,True
1817760,SMTK,"SmartKem, Inc.",28263733.0,431.6,12198627163.0,False
1042046,AFG,AMERICAN FINANCIAL GROUP INC,82921466.0,146.73,12167066706.0,True
1015820,QGEN,QIAGEN N.V.,216920735.0,56.0851,12166021115.0,False
1499543,NOAH,NOAH HOLDINGS LTD,335258287.0,36.2287,12145971902.0,False
924805,FRHC,Freedom Holding Corp.,63787666.0,190.14,12128586813.0,False
915389,EMN,EASTMAN CHEMICAL CO,114377421.0,105.9908,12122954354.0,True
1175680,CYDY,CytoDyn Inc.,1381942000.0,8.77,12119631340.0,False
1819989,CIFR,Cipher Digital Inc.,415030722.0,29.18,12110596468.0,False
1632127,CABO,"Cable One, Inc.",5673925.0,2129.7424,12083998647.0,False
1785493,RHNO,RHINO BITCOIN INC.,74191114.0,162.5,12056056025.0,False
1212545,WAL,WESTERN ALLIANCE BANCORPORATION,109100864.0,110.1644,12019031222.0,True
49600,EGP,EASTGROUP PROPERTIES INC,53773317.0,223.38,12011883551.0,True
825542,SMG,SCOTTS MIRACLE-GRO CO,58220274.0,206.2303,12006784573.0,True
1720580,ACET,"Adicet Bio, Inc.",9361490.0,1282.4,12005174776.0,False
7536,ARW,"ARROW ELECTRONICS, INC.",50905423.0,234.83,11954120483.0,True
1977102,BIRK,Birkenstock Holding plc,187829202.0,63.57,11940302371.0,False
1833835,PSFE,Paysafe Ltd,51676354.0,230.88,11931036612.0,False
1123452,ASRMF,SOUTHEAST AIRPORT GROUP,300000000.0,39.7476,11924280000.0,False
1013857,PEGA,PEGASYSTEMS INC,164404945.0,72.314,11888779193.0,True
318306,ABEO,ABEONA THERAPEUTICS INC.,57184017.0,207.75,11879979532.0,False
1852244,GXO,"GXO Logistics, Inc.",114684579.0,103.57,11877881847.0,True
89089,SCI,SERVICE CORP INTERNATIONAL,136619474.0,86.9327,11876699747.0,True
1910139,MBLY,Mobileye Global Inc.,252419583.0,47.02,11868768793.0,False
1866226,EMAT,Evolution Metals & Technologies Corp.,621800646.0,19.0,11814212274.0,False
1646972,ACI,"Albertsons Companies, Inc.",485325683.0,24.315,11800693982.0,True
1819438,GWH,"ESS Tech, Inc.",32970025.0,357.0,11770298925.0,False
1829802,FTH,"Faeth Therapeutics, Inc.",25840425.0,455.0,11757393375.0,False
80420,POWL,POWELL INDUSTRIES INC,36432564.0,321.7968,11723882511.0,True
1816581,OUST,"Ouster, Inc.",72112333.0,162.5,11718254112.0,False
1482512,HPP,"Hudson Pacific Properties, Inc.",54242024.0,215.5727,11693099567.0,False
893538,SM,SM Energy Co,237854068.0,49.1565,11692073494.0,True
1024305,COTY,COTY INC.,880686464.0,13.2727,11689087231.0,True
1626450,CMRC,"Commerce.com, Inc.",82858991.0,141.0,11683117731.0,False
1836564,VALN,Valneva SE,173539745.0,67.28,11675754044.0,False
1762301,FVRR,Fiverr International Ltd.,36093139.0,323.1,11661693211.0,False
1130713,NXH,"NEIGHBORHOOD INTELLIGENCE, INC.",95330379.0,122.32,11660811959.0,False
810332,RJET,REPUBLIC AIRWAYS HOLDINGS INC.,46819500.0,248.7,11644009650.0,False
30625,FLS,FLOWSERVE CORP,127112780.0,91.4929,11629916869.0,True
36966,FHN-PE,FIRST HORIZON CORP,473777158.0,24.5448,11628765588.0,False
927628,COF-PN,CAPITAL ONE FINANCIAL CORP,613484836.0,18.9485,11624617415.0,False
1288469,MXL,"MAXLINEAR, INC",90693191.0,128.03,11611449244.0,True
1636222,WING,Wingstop Inc.,27242546.0,423.4985,11537177367.0,True
101382,UMBF,UMB FINANCIAL CORP,75950030.0,151.5017,11506558660.0,True
317788,APPS,"Digital Turbine, Inc.",121016250.0,94.74,11465079525.0,False
1809616,UPC,Universe Pharmaceuticals INC,563338.0,20340.0,11458294920.0,False
817720,SYNA,SYNAPTICS Inc,39106986.0,292.85,11452480850.0,True
913290,FRO,Frontline plc,222622889.0,51.42,11447268952.0,False
1573516,MUSA,Murphy USA Inc.,18380347.0,622.0695,11433853268.0,True
1701756,SDOT,Sadot Group Inc.,1320015.0,8660.0,11431329900.0,False
1956827,ABVX,Abivax S.A.,78536412.0,145.31,11412126028.0,False
1786286,DPRO,Draganfly Inc.,29344775.0,387.5,11371100312.0,False
1859807,PFSA,"Profusa, Inc.",605647.0,18750.0,11355881250.0,False
1002638,OTEX,OPEN TEXT CORP,242126739.0,46.8806,11351046800.0,False
91388,SFD,SMITHFIELD FOODS INC,393767431.0,28.8207,11348652999.0,False
59558,LNC,LINCOLN NATIONAL CORP,191447336.0,59.1682,11327594266.0,True
1803599,CNXC,Concentrix Corp,61018350.0,185.5206,11320160903.0,True
763901,BPOP,"POPULAR, INC.",63778501.0,176.8989,11282346671.0,False
1144215,AYI,ACUITY INC. (DE),29935547.0,376.4386,11268895403.0,True
1872195,BLSH,Bullish,150833916.0,74.63,11256735151.0,False
102729,VMI,VALMONT INDUSTRIES INC,19304858.0,582.78,11250485145.0,True
1005284,OLED,UNIVERSAL DISPLAY CORP \PA\,45966835.0,244.5612,11241704328.0,True
1828016,PLTK,Playtika Holding Corp.,381418186.0,29.4376,11228035992.0,False
1783036,NCEL,NewcelX Ltd.,4797505.0,2340.0,11226161700.0,False
1218683,BGDE,"Big Digital Energy, Inc.",5664339.0,1978.8,11208594013.0,False
100591,AGX,ARGAN INC,14029842.0,797.8958,11194352006.0,True
1711279,KRYS,"Krystal Biotech, Inc.",29598836.0,378.15,11192799833.0,True
1892500,CMND,Clearmind Medicine Inc.,158076.0,70800.0,11191780800.0,False
1192448,GKOS,GLAUKOS Corp,58983937.0,189.55,11180405258.0,True
913760,SNEX,StoneX Group Inc.,120616735.0,92.6733,11177950868.0,True
1411207,ALSN,Allison Transmission Holdings Inc,82578038.0,135.3582,11177614583.0,True
1298675,CUBE,CubeSmart,226413630.0,49.2625,11153701448.0,True
938323,PSO,PEARSON PLC,635814880.0,17.5206,11139858187.0,False
1071438,BAK,BRASKEM SA,451668652.0,24.6402,11129205919.0,False
2019410,CAI,"Caris Life Sciences, Inc.",282595186.0,39.3,11105990810.0,False
1805077,EOSE,"Eos Energy Enterprises, Inc.",364167744.0,30.44,11085266127.0,False
315852,RRC,RANGE RESOURCES CORP,233679515.0,47.4111,11079002854.0,True
1657853,HTZ,"HERTZ GLOBAL HOLDINGS, INC",315764523.0,35.06,11070704176.0,False
1845257,LFST,"LifeStance Health Group, Inc.",382055609.0,28.95,11060509881.0,True
1607678,VKTX,"Viking Therapeutics, Inc.",116652937.0,94.5,11023702546.0,False
775158,OSK,OSHKOSH CORP,62351309.0,176.5021,11005136976.0,True
1828108,AUR,"Aurora Innovation, Inc.",642869548.0,17.11,10999497966.0,False
1111928,IPGP,IPG PHOTONICS CORP,42534539.0,258.58,10998581095.0,True
1859690,ARQQ,Arqit Quantum Inc.,11545354.0,951.5,10985404331.0,False
1623925,AM,Antero Midstream Corp,474674000.0,23.1155,10972326847.0,True
2025410,SARO,"StandardAero, Inc.",330919431.0,33.12,10960051555.0,True
896622,ATR,"APTARGROUP, INC.",63581129.0,172.0282,10937747176.0,True
1956827,AAVXF,Abivax S.A.,78536412.0,139.0,10916561268.0,False
1361538,PRIM,Primoris Services Corp,53832327.0,202.7531,10914671179.0,True
1173382,CAE,CAE INC,320265108.0,34.05,10905026927.0,False
1764013,IMVT,"Immunovant, Inc.",206552682.0,52.71,10887391868.0,False
764038,SSB,SouthState Bank Corp,96974534.0,111.59,10821388249.0,True
1333141,FMS,Fresenius Medical Care AG,279288885.0,38.7203,10814149414.0,False
1478320,ADPT,Adaptive Biotechnologies Corp,159595842.0,67.74,10811022337.0,False
887343,COLB,"COLUMBIA BANKING SYSTEM, INC.",282902268.0,38.157,10794701840.0,True
1451505,RIG,Transocean Ltd.,1116880085.0,9.65,10777892820.0,False
1013131,BVN,BUENAVENTURA MINING CO INC,253715190.0,42.4376,10767063747.0,False
812011,MTN,VAIL RESORTS INC,35633526.0,301.8087,10754508158.0,True
85961,R,RYDER SYSTEM INC,38346868.0,279.2062,10706683296.0,True
1676238,BRZE,"Braze, Inc.",113584427.0,94.16,10695109646.0,False
74260,ORI,OLD REPUBLIC INTERNATIONAL CORP,241432922.0,44.2601,10685845271.0,True
1438133,TNDM,TANDEM DIABETES CARE INC,69578707.0,153.21,10660153699.0,True
1533232,BEP,Brookfield Renewable Partners L.P.,275084265.0,38.7444,10657974797.0,False
1849853,STVN,Stevanato Group S.p.A.,302842536.0,35.1627,10648761241.0,False
1688568,DXC,DXC Technology Co,159778689.0,66.5509,10633415554.0,True
109380,ZION,"ZIONS BANCORPORATION, NATIONAL ASSOCIATION /UT/",145953355.0,72.8207,10628425478.0,True
703351,EAT,"BRINKER INTERNATIONAL, INC",41765010.0,253.94,10605806639.0,True
1536196,CANF,Can-Fite BioPharma Ltd.,2618425.0,4050.0,10604621250.0,False
1815442,KYMR,"Kymera Therapeutics, Inc.",83150618.0,127.31,10585905178.0,False
1710350,BTBT,"Bit Digital, Inc",360633503.0,29.27,10555742633.0,False
711377,NEOG,NEOGEN CORP,218056016.0,48.335,10539737533.0,True
1050140,DSGX,DESCARTES SYSTEMS GROUP INC,86024747.0,122.5,10538031508.0,False
39263,CFR,"CULLEN/FROST BANKERS, INC.",62148785.0,168.9966,10502933359.0,True
315213,RHI,ROBERT HALF INC.,102361828.0,102.3818,10479988202.0,True
1604464,ATRA,"Atara Biotherapeutics, Inc.",10037710.0,1043.5,10474350385.0,False
1519751,FBIN,"Fortune Brands Innovations, Inc.",119371477.0,87.7119,10470299053.0,True
938323,PSORF,PEARSON PLC,635814880.0,16.45,10459154776.0,False
39911,GAP,GAP INC,351270137.0,29.7146,10437851613.0,True
1969302,PONY,Pony AI Inc.,433541553.0,24.06,10431009765.0,False
11544,WRB-PE,BERKLEY W R CORP,371227529.0,27.99,10390658537.0,False
1978867,CDLR,Cadeler A/S,350957583.0,29.57,10377815729.0,False
1611842,PYPD,PolyPid Ltd.,18204002.0,570.0,10376281140.0,False
1902733,NCNO,"nCino, Inc.",105736174.0,98.04,10366374499.0,False
737758,TTC,TORO CO,94663378.0,109.3763,10353930031.0,True
1806310,TSHA,"Taysha Gene Therapies, Inc.",325833545.0,31.75,10345215054.0,False
1468748,KOD,Kodiak Sciences Inc.,62849457.0,164.47,10336850193.0,False
1702780,OPTU,"Optimum Communications, Inc.",272565547.0,37.9,10330234231.0,False
1062579,DOX,AMDOCS LTD,112890564.0,91.5055,10330107504.0,False
1021635,OGE,OGE ENERGY CORP.,206374321.0,49.95,10308397334.0,True
20212,CHDN,Churchill Downs Inc,69700243.0,147.5826,10286543083.0,True
1757715,ATER,"Aterian, Inc.",17966910.0,571.92,10275635167.0,False
1377121,PTGX,"Protagonist Therapeutics, Inc",64708285.0,158.62,10264028167.0,True
2022416,SLXN,Silexion Therapeutics Corp,5560256.0,1845.0,10258672320.0,False
1782170,RELY,"Remitly Global, Inc.",211684054.0,48.45,10256092416.0,True
840489,FCFS,"FirstCash Holdings, Inc.",43371800.0,236.43,10254394674.0,True
1000228,HSIC,HENRY SCHEIN INC,111446542.0,91.96,10248624002.0,True
751978,VICR,VICOR CORP,26978949.0,379.78,10246065251.0,True
1833214,SABS,"SAB Biotherapeutics, Inc.",90986368.0,112.4,10226867763.0,False
1869198,LTH,"Life Time Group Holdings, Inc.",223461948.0,45.73,10218914882.0,True
1519472,SMXT,"SolarMax Technology, Inc.",56906572.0,178.92,10181723862.0,False
1405495,IDCC,"InterDigital, Inc.",25806007.0,393.7769,10161809438.0,True
52827,RYN,RAYONIER INC,300747223.0,33.5239,10082219829.0,True
46619,HEI,HEICO CORP,26905966.0,374.67,10080858281.0,False
1173313,ABVC,"ABVC BIOPHARMA, INC.",26654365.0,378.0,10075349970.0,False
98362,TKR,TIMKEN CO,69296839.0,144.9294,10043149298.0,True
1581068,BRX,Brixmor Property Group Inc.,306872316.0,32.69,10031656010.0,True
1741530,QFIN,"Qfin Holdings, Inc.",243823900.0,41.1364,10030037480.0,False
917251,ADC,AGREE REALTY CORP,124379310.0,80.5489,10018616603.0,True
1475922,PRI,"Primerica, Inc.",30777350.0,325.095,10005562598.0,True
910073,FLG-PA,"FLAGSTAR BANK, NATIONAL ASSOCIATION",415092836.0,24.04,9978831777.0,False
1759631,HYLN,Hyliion Holdings Corp.,178597218.0,55.85,9974654625.0,False
1334933,UEC,URANIUM ENERGY CORP,494872366.0,20.14,9966729451.0,False
1722731,FDCT,"FDCTECH, INC.",122823068.0,81.0,9948668508.0,False
1794669,FOUR,"Shift4 Payments, Inc.",78960120.0,125.66,9922128679.0,True
1004434,AMG,"AFFILIATED MANAGERS GROUP, INC.",25859933.0,383.4096,9914946568.0,True
1070494,ACAD,ACADIA PHARMACEUTICALS INC,172305518.0,57.0,9821414526.0,True
918608,EGO,ELDORADO GOLD CORP /FI,198570520.0,49.4338,9816095372.0,False
1720161,CTRM,Castor Maritime Inc.,9662354.0,1015.0,9807289310.0,False
1015650,SKM,SK TELECOM CO LTD,212982275.0,46.0,9797184650.0,False
880266,AGCO,AGCO CORP /DE,70031729.0,139.7081,9783999798.0,True
1597033,SABR,Sabre Corp,403583214.0,24.1534,9747906801.0,True
814453,NWL,NEWELL BRANDS INC.,425900000.0,22.7121,9673083390.0,True
7323,EAI,"ENTERGY ARKANSAS, LLC",466631498.0,20.7047,9661465177.0,False
1758766,STEM,"STEM, INC.",9626744.0,999.4,9620967954.0,False
918646,EXP,EAGLE MATERIALS INC,30675325.0,312.3417,9581183159.0,True
1034670,ALV,AUTOLIV INC,73237217.0,130.7579,9576344697.0,True
1280263,AMBA,AMBARELLA INC,44140971.0,216.84,9571528152.0,False
1068851,PB,PROSPERITY BANCSHARES INC,120176771.0,79.5774,9563354977.0,True
771999,DSS,"DSS, INC.",10042518.0,947.0752,9511019743.0,False
1109138,CAMT,CAMTEK LTD,45828133.0,207.46,9507504472.0,False
1026214,FMCKL,FEDERAL HOME LOAN MORTGAGE CORP,650059553.0,14.625,9507120963.0,False
1535929,VOYA,"Voya Financial, Inc.",90596349.0,104.86,9499933156.0,True
1026214,FMCKN,FEDERAL HOME LOAN MORTGAGE CORP,650059553.0,14.6,9490869474.0,False
1625414,BZUN,Baozun Inc.,172548611.0,54.98,9486722633.0,False
1903145,GRRR,Gorilla Technology Group Inc.,26188972.0,362.2,9485645658.0,False
1656081,DAVA,Endava plc,55718456.0,170.13,9479380919.0,False
1428336,HQY,"HEALTHEQUITY, INC.",82715296.0,114.51,9471728545.0,True
1867072,KD,"Kyndryl Holdings, Inc.",217818263.0,43.45,9464203527.0,True
1822993,JXN,Jackson Financial Inc.,67728744.0,139.718,9462924654.0,True
1941158,WETO,Wetour Robotics Ltd,22000000.0,430.0,9460000000.0,False
1637810,FSV,FirstService Corp,45722486.0,206.8501,9457700801.0,False
1813814,DFTX,"Definium Therapeutics, Inc.",134366950.0,70.35,9452714932.0,False
1830043,BMBL,Bumble Inc.,119799036.0,78.89,9450945950.0,False
1560327,RPD,"Rapid7, Inc.",67400640.0,140.13,9444851683.0,False
1631574,WVE,"Wave Life Sciences, Inc.",197048175.0,47.91,9440578064.0,False
65770,MVIS,"MICROVISION, INC.",23788425.0,396.6,9434489355.0,False
1503802,KPTI,Karyopharm Therapeutics Inc.,22681460.0,415.8,9430951068.0,False
1609550,INSP,"Inspire Medical Systems, Inc.",28910375.0,326.08,9427095080.0,True
1026214,FMCKO,FEDERAL HOME LOAN MORTGAGE CORP,650059553.0,14.5,9425863518.0,False
1760689,MVST,"Microvast Holdings, Inc.",384534486.0,24.5,9421094907.0,False
1647088,WSC,WillScot Holdings Corp,181190958.0,51.9504,9412942744.0,True
57083,KYOCF,KYOCERA CORP,367707758.0,25.56,9398610294.0,False
751364,NNN,"NNN REIT, INC.",191931400.0,48.9513,9395291541.0,True
1828105,HIPO,Hippo Holdings Inc.,26389381.0,356.0,9394619636.0,False
1023128,LAD,LITHIA MOTORS INC,21983116.0,426.6837,9379837272.0,True
1839341,CORZ,"Core Scientific, Inc./tx",321340441.0,29.16,9370287260.0,False
889132,PKX,POSCO HOLDINGS INC.,75620779.0,123.7299,9356551424.0,False
1603923,WFRD,Weatherford International plc,71685443.0,130.1733,9331530677.0,True
2000178,LOAR,Loar Holdings Inc.,93688471.0,99.49,9321065980.0,False
22356,CBSH,COMMERCE BANCSHARES INC /MO/,143432178.0,64.97,9318788605.0,True
1046257,INGR,Ingredion Inc,63063979.0,147.619,9309441516.0,True
1412558,EVOTF,Evotec SE,177778907.0,52.2056,9281054507.0,False
1848416,VRNO,Verano Holdings Corp.,73217970.0,126.75,9280377698.0,False
1520262,ALKS,Alkermes plc.,167763272.0,55.22,9263887880.0,True
1666071,CDLX,"Cardlytics, Inc.",5888716.0,1571.8,9255883809.0,False
1730463,AUTL,Autolus Therapeutics plc,266162540.0,34.71,9238501763.0,False
1051627,AXTI,AXT INC,65573212.0,140.83,9234675446.0,False
1772016,BRBR,"BELLRING BRANDS, INC.",116278194.0,79.39,9231325822.0,False
1682639,HYPD,"HYPERION DEFI, INC.",15539434.0,592.8,9211776475.0,False
1026214,FMCC,FEDERAL HOME LOAN MORTGAGE CORP,650059553.0,14.15,9198342675.0,False
910638,DDD,3D SYSTEMS CORP,166147027.0,55.35,9196237944.0,False
866706,ESE,ESCO TECHNOLOGIES INC,25907567.0,354.8165,9192432246.0,True
1698535,NXE,NexGen Energy Ltd.,659960072.0,13.92,9186644202.0,False
949858,ACHV,"ACHIEVE LIFE SCIENCES, INC.",102902490.0,89.2,9178902108.0,False
2011286,AMTM,"Amentum Holdings, Inc.",244506413.0,37.53,9176325680.0,True
1894954,XPON,"Expion Energy, Inc.",962335.0,9516.0,9157579860.0,False
1962746,LOT,Lotus Technology Inc.,642089875.0,14.25,9149780719.0,False
1410384,QTWO,"Q2 Holdings, Inc.",62354695.0,146.7,9147433756.0,True
1432364,AZUL,AZUL SA,928965058.0,9.83,9131726520.0,False
1486159,CHRD,Chord Energy Corp,54697872.0,166.1542,9088281164.0,True
1398659,G,Genpact LTD,168034407.0,54.0388,9080377713.0,True
1958399,HCAI,"Huachen AI Parking Management Technology Holding Co., Ltd",30000000.0,302.4,9072000000.0,False
70145,NFG,NATIONAL FUEL GAS CO,95045099.0,95.3021,9057997529.0,True
1001316,TGTX,"TG THERAPEUTICS, INC.",153069053.0,59.06,9040258270.0,True
1580905,IBP,"Installed Building Products, Inc.",26579177.0,340.1134,9039934259.0,True
1581760,LIF,"Life360, Inc.",81480369.0,110.89,9035358118.0,True
23194,CRK,COMSTOCK RESOURCES INC,293620548.0,30.74,9025895646.0,True
1935979,BHVN,Biohaven Ltd.,151043781.0,59.75,9024865915.0,False
1279704,CLRB,"Cellectar Biosciences, Inc.",9452108.0,951.0,8988954708.0,False
1468642,AUGO,Aura Minerals Inc.,83789223.0,107.0243,8967482939.0,False
772406,CRUS,"CIRRUS LOGIC, INC.",50117561.0,178.9,8966031663.0,True
1711012,VAI,Senmiao Technology Ltd,14557489.0,615.0,8952855735.0,False
1477294,ST,Sensata Technologies Holding plc,145535862.0,61.3408,8927286204.0,True
1296445,ORA,"ORMAT TECHNOLOGIES, INC.",61496941.0,144.9413,8913446575.0,True
1627272,OR,OR Royalties Inc.,187152235.0,47.5587,8900716999.0,False
1611647,FRPT,"Freshpet, Inc.",48058074.0,184.82,8882093237.0,True
1359931,TARA,"Protara Therapeutics, Inc.",59095488.0,150.0,8864323200.0,False
1595974,MGNI,"MAGNITE, INC.",143424157.0,61.8,8863612903.0,False
1703056,ADT,ADT Inc.,760784454.0,11.6398,8855378888.0,True
1433660,JBTM,JBT MAREL Corp,51876817.0,170.6347,8851985106.0,True
884614,UGI,UGI CORP /PA/,214494967.0,41.2593,8849912192.0,True
1388658,IRTC,"iRhythm Holdings, Inc.",32963003.0,268.46,8849247785.0,False
875357,BOKF,BOK FINANCIAL CORP,60766867.0,145.4354,8837653609.0,False
1437578,BFAM,BRIGHT HORIZONS FAMILY SOLUTIONS INC.,48635306.0,181.69,8836548747.0,True
842162,LEA,LEAR CORP,49324764.0,178.7854,8818547662.0,True
1282637,NEU,NEWMARKET CORP,9196406.0,958.6426,8816066558.0,True
1357615,KBR,"KBR, INC.",126067755.0,69.9129,8813762349.0,True
1429764,BLNK,Blink Charging Co.,144938716.0,60.72,8800678836.0,False
1806952,LYEL,"Lyell Immunopharma, Inc.",24505141.0,359.0,8797345619.0,False
1646188,ONDS,Ondas Inc.,570552341.0,15.4,8786506051.0,False
1818794,DYN,"Dyne Therapeutics, Inc.",186746431.0,47.04,8784552114.0,False
1638833,SGRY,"Surgery Partners, Inc.",130918260.0,67.05,8778069333.0,False
1289308,ENS,EnerSys,36065224.0,242.6604,8751601682.0,True
1666134,BL,"BLACKLINE, INC.",58125270.0,150.37,8740296850.0,True
1656472,CRON,Cronos Group Inc.,368412864.0,23.7,8731384877.0,False
1576873,ABAT,AMERICAN BATTERY TECHNOLOGY Co,142577758.0,61.125,8715065458.0,False
1597846,GRNQ,Greenpro Capital Corp.,18127663.0,480.0,8701278240.0,False
1990354,WAY,Waystar Holding Corp.,191748416.0,45.35,8695790666.0,True
1652561,DQWS,DSwiss Inc,206904585.0,42.0,8689992570.0,False
1034957,CRESY,CRESUD INC,614074273.0,14.11,8664587992.0,False
920371,SSD,"Simpson Manufacturing Co., Inc.",40984682.0,211.323,8661005954.0,True
1818201,CCC,CCC Intelligent Solutions Holdings Inc.,588994704.0,14.7,8658222149.0,False
1334036,CROX,"Crocs, Inc.",47945075.0,180.57,8657442193.0,True
2015845,ECG,"Everus Construction Group, Inc.",51063836.0,169.16,8637958498.0,True
1821825,OGN,Organon & Co.,262609433.0,32.8405,8624225084.0,True
1049659,SID,NATIONAL STEEL CO,1326093947.0,6.4953,8613378014.0,False
912242,MAC,MACERICH CO,283559375.0,30.3337,8601405013.0,True
1040829,RHP,"Ryman Hospitality Properties, Inc.",63119288.0,135.99,8583591975.0,True
1169138,GBUX,"GIVBUX, INC.",476022153.0,18.0,8568398754.0,False
766421,ALK,"ALASKA AIR GROUP, INC.",111603120.0,76.6,8548798992.0,True
7431,AWI,ARMSTRONG WORLD INDUSTRIES INC,42262826.0,202.1438,8543168246.0,True
1601712,SYF-PB,Synchrony Financial,325370840.0,26.22,8531223425.0,False
1408075,GPK,GRAPHIC PACKAGING HOLDING CO,296071573.0,28.7722,8518630513.0,True
1761918,ERAS,"Erasca, Inc.",349762035.0,24.34,8513207932.0,False
97216,TEX,TEREX CORP,114300000.0,74.3889,8502651270.0,True
1829726,TFPM,Triple Flag Precious Metals Corp.,206531806.0,41.1536,8499527331.0,False
1895262,NE,Noble Corp plc,159642218.0,53.2279,8497420015.0,True
2107018,DPC,DPC Holdings PLC,149393016.0,56.84,8491499029.0,False
103730,VSH,VISHAY INTERTECHNOLOGY INC,131143534.0,64.6952,8484357161.0,True
1791863,BEPC,Brookfield Renewable Corp,172218098.0,49.1787,8469462176.0,False
1057877,IDA,IDACORP INC,54899034.0,153.6093,8433002183.0,True
1361113,VRNS,VARONIS SYSTEMS INC,114860485.0,73.41,8431908204.0,False
19584,CHE,CHEMED CORP,13069961.0,643.5883,8411673981.0,True
1877461,CBDW,1606 CORP.,1342039105.0,6.25,8387744406.0,False
1520006,MTDR,Matador Resources Co,123754216.0,67.7582,8385362919.0,True
926326,OMCL,"OMNICELL, INC.",45614884.0,183.62,8375805000.0,True
1639300,OLLI,"Ollie's Bargain Outlet Holdings, Inc.",59402403.0,140.8,8363858342.0,True
1877322,ESAB,ESAB Corp,62167810.0,134.514,8362440794.0,True
1331421,SDCO,"SDR Drone, Inc.",66877720.0,125.0,8359715000.0,False
41719,MAGN,Magnera Corp,35800000.0,233.329,8353178200.0,False
1759425,MIRM,"Mirum Pharmaceuticals, Inc.",64932203.0,128.57,8348333340.0,False
714310,VLY,VALLEY NATIONAL BANCORP,552605226.0,15.0693,8327373932.0,True
717605,HXL,HEXCEL CORP /DE/,75623452.0,110.0881,8325242146.0,True
1506184,IMMP,IMMUTEP Ltd,1460389575.0,5.69,8309616682.0,False
1342338,HIMX,"Himax Technologies, Inc.",348851828.0,23.7716,8292766114.0,False
1750149,IKT,"Inhibikase Therapeutics, Inc.",139535900.0,59.4,8288432460.0,False
1727196,SRRK,Scholar Rock Holding Corp,121785282.0,68.02,8283834882.0,False
1822479,SHC,Sotera Health Co,285374795.0,28.98,8270161559.0,True
1431852,OGG,Osisko Gold Group Inc.,255069516.0,32.4,8264252318.0,False
1309108,WEX,WEX Inc.,34081611.0,242.22,8255247816.0,True
1429937,BTG,B2GOLD CORP,1340621856.0,6.1332,8222301967.0,False
1849253,RYAN,"RYAN SPECIALTY HOLDINGS, INC.",109903867.0,74.6944,8209203403.0,True
60519,LPX,LOUISIANA-PACIFIC CORP,69923410.0,117.3963,8208749617.0,True
907654,ORKA,"Oruka Therapeutics, Inc.",66209699.0,123.9788,8208599030.0,False
1816590,CMPS,COMPASS Pathways plc,138476822.0,59.2,8197827862.0,False
1164863,NPO,Enpro Inc.,21167681.0,387.2192,8196532503.0,True
1745916,PFSI,"PennyMac Financial Services, Inc.",51951572.0,157.7718,8196493027.0,False
1997711,LPA,Logistic Properties of the Americas,31617815.0,258.85,8184271413.0,False
1476150,TRNO,Terreno Realty Corp,108970310.0,75.08,8181490875.0,True
8858,AVT,AVNET INC,82072979.0,99.63,8176930898.0,True
1757073,NVST,Envista Holdings Corp,160617709.0,50.9,8175441388.0,True
1625791,KRNT,Kornit Digital Ltd.,46290822.0,176.4,8165701001.0,False
1158463,JBLU,JETBLUE AIRWAYS CORP,377312181.0,21.64,8165035597.0,True
1018840,ANF,ABERCROMBIE & FITCH CO /DE/,42434377.0,192.34,8161828072.0,True
277509,FSS,FEDERAL SIGNAL CORP /DE/,61041611.0,133.6968,8161068058.0,True
718937,STAA,STAAR SURGICAL CO,50143984.0,162.68,8157423317.0,True
1819576,LQDA,Liquidia Corp,89508891.0,91.03,8147994348.0,True
2041385,RAL,Ralliant Corp,110640008.0,73.572,8140006669.0,True
1793229,CTEV,Claritev Corp,16947463.0,478.8,8114445284.0,False
944695,THG,"HANOVER INSURANCE GROUP, INC.",34820221.0,232.83,8107192055.0,True
1094972,UGP,ULTRAPAR HOLDINGS INC,1068706822.0,7.58,8100797711.0,False
1169561,CVLT,COMMVAULT SYSTEMS INC,41444564.0,195.41,8098682251.0,True
1649904,RYTM,"RHYTHM PHARMACEUTICALS, INC.",68852082.0,117.62,8098381885.0,False
785786,PLXS,PLEXUS CORP,26652099.0,303.82,8097440718.0,True
1472787,FAF,First American Financial Corp,102100000.0,79.16,8082236000.0,True
1521036,LNTH,"Lantheus Holdings, Inc.",65272369.0,123.62,8068970256.0,True
56047,KEX,KIRBY CORP,52800000.0,152.59,8056752000.0,True
2019061,SOBO,South Bow Corp,208250512.0,38.67,8053047299.0,False
1530721,CPRI,Capri Holdings Ltd,113651618.0,70.76,8041988490.0,True
794367,M,"Macy's, Inc.",261176646.0,30.7877,8041028224.0,True
1711375,LOMA,Loma Negra Compania Industrial Argentina Sociedad Anonima,583483151.0,13.78,8040397821.0,False
354707,HE,HAWAIIAN ELECTRIC INDUSTRIES INC,172728004.0,46.4558,8024217608.0,True
1722684,WH,"WYNDHAM HOTELS & RESORTS, INC.",74211122.0,107.8608,8004470988.0,True
1174169,AQN,ALGONQUIN POWER & UTILITIES CORP.,597142219.0,13.3944,7998361738.0,False
2065601,CBC,"Central Bancompany, Inc.",239505133.0,33.3847,7995807014.0,False
921638,SSRM,SSR MINING INC.,203909312.0,39.21,7995284124.0,False
2018064,TTGT,"TechTarget, Inc.",72332660.0,110.5,7992758930.0,False
872912,DCTH,"DELCATH SYSTEMS, INC.",34698795.0,230.3,7991132488.0,False
1856437,VSXY,Victoria's Secret & Co.,79764039.0,99.97,7974010979.0,True
888746,CCU,UNITED BREWERIES CO INC,369502872.0,21.5349,7957207398.0,False
1053691,CRVO,CervoMed Inc.,15119096.0,525.0,7937525400.0,False
1893645,PLRZ,Polyrizon Ltd.,1608266.0,4935.0,7936792710.0,False
866439,DPLS,"DarkPulse, Inc.",226544189.0,34.98,7924515731.0,False
1048268,IESC,"IES Holdings, Inc.",19924356.0,396.98,7909570845.0,True
1424929,FOXF,FOX FACTORY HOLDING CORP,42031001.0,187.93,7898886018.0,True
1878057,SGHC,Super Group (SGHC) Ltd,505866911.0,15.59,7886465142.0,False
1124198,FLR,FLUOR CORP,133741067.0,58.93,7881361078.0,True
314808,VAL,Valaris Ltd,69435807.0,113.42,7875409230.0,True
1670592,YETI,"YETI Holdings, Inc.",72988796.0,107.73,7863082993.0,True
1820721,ARRY,"Array Technologies, Inc.",154007692.0,51.05,7862092677.0,False
1828318,ENVX,Enovix Corp,219448535.0,35.82,7860646524.0,False
2003061,STFS,Star Fashion Culture Holdings Ltd,12650000.0,620.0,7843000000.0,False
1584207,OMF,"OneMain Holdings, Inc.",115530952.0,67.6305,7813416049.0,False
700923,MYRG,MYR GROUP INC.,15569250.0,501.13,7802218252.0,True
1095651,SAFE,Safehold Inc.,70816280.0,109.9337,7785095681.0,True
66570,MSA,MSA Safety Inc,38578289.0,201.3493,7767711485.0,True
1092699,SPSC,SPS COMMERCE INC,36000174.0,215.42,7755157483.0,True
1916331,NCI,Neo-Concept International Group Holdings Ltd,20320000.0,380.0,7721600000.0,False
1364479,HRI,HERC HOLDINGS INC,33431444.0,230.5036,7706068195.0,False
63276,MAT,MATTEL INC /DE/,285700000.0,26.97,7705329000.0,True
1077183,NEO,NEOGENOMICS INC,128475440.0,59.88,7693109347.0,True
1613780,DBVT,DBV Technologies S.A.,296061497.0,25.96,7685756462.0,False
1981792,HHH,Howard Hughes Holdings Inc.,59721036.0,128.694,7685739007.0,False
1759546,SNFI,Stark Novus Financial Inc.,16289293.0,471.0,7672257003.0,False
2001184,PACS,"PACS Group, Inc.",158335612.0,48.45,7671360401.0,False
1142417,NXST,"NEXSTAR MEDIA GROUP, INC.",30808301.0,248.7717,7664233414.0,True
1767042,KGS,"Kodiak Gas Services, Inc.",101104031.0,75.6981,7653383049.0,True
1889109,BLTE,"BELITE BIO, INC",39339960.0,193.61,7616609656.0,False
350698,AN,"AUTONATION, INC.",33060806.0,229.98,7603324164.0,True
12659,HRB,H&R BLOCK INC,123265922.0,61.6481,7599109886.0,True
1049521,MRCY,MERCURY SYSTEMS INC,60136133.0,126.21,7589781346.0,True
1627475,UPWK,"UPWORK, INC",124903365.0,60.7,7581634256.0,True
1698990,MGY,Magnolia Oil & Gas Corp,236968592.0,31.9398,7568729435.0,True
1762506,VIST,"Vista Energy, S.A.B. de C.V.",95355430.0,79.25,7556917828.0,False
1718512,GTES,Gates Industrial Corp Ltd.,253151170.0,29.84,7554030913.0,True
1823144,GPGI,"GPGI, Inc.",289890082.0,25.9843,7532590858.0,False
1001233,SGMOQ,"SANGAMO THERAPEUTICS, INC",414288847.0,18.18,7531771238.0,False
1609809,MCRB,"Seres Therapeutics, Inc.",9941261.0,754.6,7501675551.0,False
1860742,BLCO,Bausch & Lomb Corp,357165246.0,20.99,7496898514.0,False
1070081,PTCT,"PTC THERAPEUTICS, INC.",83460802.0,89.55,7473914819.0,True
355811,GNTX,GENTEX CORP,210683331.0,35.414,7461139484.0,True
1131343,ATHE,ALTERITY THERAPEUTICS LTD,217508862.0,34.3,7460553967.0,False
912767,UFPI,UFP INDUSTRIES INC,55161491.0,135.0822,7451335560.0,True
709283,QMCO,QUANTUM CORP /DE/,39410001.0,189.0,7448490189.0,False
1622229,COGT,"Cogent Biosciences, Inc.",173524982.0,42.84,7433810229.0,False
1570827,VCTR,"Victory Capital Holdings, Inc.",61509572.0,120.5886,7417353174.0,True
84246,RLI,RLI CORP,91772970.0,80.7372,7409492633.0,True
1025996,KRC,KILROY REALTY CORP,116278807.0,63.7003,7406994890.0,True
1114995,PI,IMPINJ INC,30554413.0,241.91,7391418049.0,True
1038074,SLAB,SILICON LABORATORIES INC.,33366761.0,220.71,7364377820.0,True
1720424,HIVE,HIVE Digital Technologies Ltd.,274277338.0,26.85,7364346525.0,False
868671,GBCI,"GLACIER BANCORP, INC.",130211953.0,56.405,7344605209.0,True
1590750,VRDN,"Viridian Therapeutics, Inc.\DE",113292269.0,64.65,7324345191.0,False
1433607,NSPR,"InspireMD, Inc.",46489118.0,157.5,7322036085.0,False
1678660,PRLD,Prelude Therapeutics Inc,79803485.0,91.68,7316383505.0,False
2010499,DGNX,Diginex Ltd,29130130.0,251.12,7315158246.0,False
1404281,ELDN,"Eledon Pharmaceuticals, Inc.",81261152.0,90.0,7313503680.0,False
1389050,AROC,"Archrock, Inc.",175338185.0,41.6753,7307271461.0,True
1819928,DV,"DoubleVerify Holdings, Inc.",154986847.0,47.06,7293681020.0,True
1828937,FOA,Finance of America Companies Inc.,62642931.0,116.2,7279108582.0,False
1897762,INGM,Ingram Micro Holding Corp,230661904.0,31.5419,7275514710.0,False
811156,CMSD,CMS ENERGY CORP,313577136.0,23.1792,7268467151.0,False
9092,BMI,BADGER METER INC,28986847.0,250.7238,7267692430.0,True
769520,MIDD,MIDDLEBY Corp,45222349.0,160.6195,7263591085.0,True
1281895,RCKT,"ROCKET PHARMACEUTICALS, INC.",109774597.0,65.91,7235243688.0,False
885550,CACC,CREDIT ACCEPTANCE CORP,10380580.0,696.25,7227478825.0,True
811156,CMSA,CMS ENERGY CORP,313577136.0,23.014,7216664208.0,False
1763329,AIBT,"AIBOTICS, INC.",850165334.0,8.48,7209402032.0,False
788611,NTRP,"NextTrip, Inc.",14919927.0,482.0,7191404814.0,False
1739445,ACA,"Arcosa, Inc.",49106809.0,145.84,7161737025.0,True
1526520,TRIP,"TripAdvisor, Inc.",117199342.0,61.03,7152675842.0,True
1991792,CGON,"CG Oncology, Inc.",88640375.0,80.68,7151505455.0,False
1803914,PLBY,"Playboy, Inc.",119807688.0,59.6,7140538205.0,False
1490161,SOWG,Sow Good Inc.,20099893.0,355.2,7139481994.0,False
3453,MATX,"Matson, Inc.",29903458.0,238.6,7134965079.0,True
1107843,QLYS,"QUALYS, INC.",34595001.0,205.89,7122764756.0,True
1437071,IVR,Invesco Mortgage Capital Inc.,107640417.0,66.0505,7109703363.0,False
1003078,MSM,MSC INDUSTRIAL DIRECT CO INC,55846298.0,127.28,7108116809.0,True
912615,URBN,URBAN OUTFITTERS INC,85660181.0,82.95,7105512014.0,True
1362468,ALGT,Allegiant Travel CO,27337755.0,259.8153,7102767017.0,True
1603454,CELC,Celcuity Inc.,48931908.0,144.98,7094148022.0,False
1593899,AVIR,"Atea Pharmaceuticals, Inc.",80204699.0,88.44,7093303580.0,False
2007191,TLX,Telix Pharmaceuticals Ltd,338777049.0,20.93,7090603636.0,False
1914805,BANL,CBL International Ltd,27500000.0,257.4146,7078901500.0,False
730263,THO,THOR INDUSTRIES INC,52057373.0,135.9238,7075835956.0,True
1523836,LITB,"LightInTheBox Holding Co., Ltd.",217063339.0,32.52,7058899784.0,False
1157408,LRN,"Stride, Inc.",41559845.0,169.81,7057277279.0,True
1655759,ARVN,"ARVINAS, INC.",65386191.0,107.87,7053208423.0,False
1158172,SCOR,"COMSCORE, INC.",15184326.0,464.4,7051600994.0,False
1076930,NOVT,NOVANTA INC,37817770.0,186.2,7041668774.0,True
40211,GATX,GATX CORP,35300000.0,199.2514,7033574420.0,True
36029,FFIN,FIRST FINANCIAL BANKSHARES INC,143327507.0,49.0161,7025355416.0,True
861459,GVA,GRANITE CONSTRUCTION INC,43764510.0,160.2588,7013647855.0,True
1624794,CSW,"CSW INDUSTRIALS, INC.",16293487.0,429.1708,6992688851.0,True
56978,KLIC,KULICKE & SOFFA INDUSTRIES INC,52329115.0,133.4652,6984115799.0,True
1789029,AEVA,"Aeva Technologies, Inc.",69705758.0,100.0,6970575800.0,False
42582,GT,GOODYEAR TIRE & RUBBER CO /OH/,287898737.0,24.14,6949875511.0,True
1781397,EEIQ,EpicQuest Education Group International Ltd,23396667.0,296.64,6940387299.0,False
1385849,UUUU,ENERGY FUELS INC,249965000.0,27.72,6929029800.0,False
1141284,ASNS,ACTELIS NETWORKS INC,28837580.0,240.0,6921019200.0,False
1367644,EBS,Emergent BioSolutions Inc.,51273336.0,134.94,6918823960.0,False
1472072,CCM,Concord Medical Services Holdings Ltd,130251685.0,53.1,6916364474.0,False
1046311,CHH,CHOICE HOTELS INTERNATIONAL INC /DE,45008622.0,153.5602,6911532996.0,True
1672013,GOLF,Acushnet Holdings Corp.,58405044.0,118.1809,6902360664.0,True
1660280,TENB,"Tenable Holdings, Inc.",110139983.0,62.66,6901371335.0,False
1844452,LUNR,"Intuitive Machines, Inc.",84172557.0,81.99,6901307948.0,False
1827090,CERT,"Certara, Inc.",152538780.0,45.21,6896278244.0,True
74303,OLN,OLIN Corp,113982490.0,60.4983,6895746875.0,True
1561894,HASI,"HA Sustainable Infrastructure Capital, Inc.",128495790.0,53.5802,6884830127.0,True
1823529,ACT,"Enact Holdings, Inc.",137483671.0,50.07,6883807407.0,True
1582313,XENE,Xenon Pharmaceuticals Inc.,96840432.0,70.96,6871797055.0,False
102752,VSEC,VSE CORP,28064972.0,243.48,6833259383.0,True
885275,WBHC,WILSON BANK HOLDING CO,12420687.0,550.0,6831377850.0,False
37808,FNB,FNB CORP/PA/,353000972.0,19.351,6830921809.0,True
1377630,NCMI,"National CineMedia, Inc.",94070443.0,72.6003,6829542383.0,False
1286139,LZ,"LEGALZOOM.COM, INC.",171264812.0,39.85,6824902758.0,True
1404644,NGNE,Neurogene Inc.,20011382.0,341.0,6823881262.0,False
1371285,TRUP,"TRUPANION, INC.",43872611.0,155.41,6818242476.0,True
949157,CENX,CENTURY ALUMINUM CO,98993295.0,68.77,6807768897.0,True
790526,RDNT,"RadNet, Inc.",78697257.0,86.38,6797869060.0,True
1429260,FBIO,"Fortress Biotech, Inc.",82474127.0,82.2,6779373239.0,False
1601485,ELTX,"Elicio Therapeutics, Inc.",26281882.0,257.4,6764956427.0,False
2090312,MBGL,Mobility Global Inc.,294821320.0,22.9328,6761078367.0,True
1873722,BBLR,Bubblr Inc.,305309155.0,22.1421,6760185841.0,False
69891,FIZZ,NATIONAL BEVERAGE CORP,93615302.0,72.1001,6749672636.0,True
1583648,PVLA,"PALVELLA THERAPEUTICS, INC.",14408407.0,468.0,6743134476.0,False
1615903,IFS,Intercorp Financial Services Inc.,111082644.0,60.68,6740494838.0,False
1504776,WRBY,Warby Parker Inc.,113182975.0,59.5,6734387012.0,True
1692115,SWX,"Southwest Gas Holdings, Inc.",72445853.0,92.7221,6717331626.0,True
1127248,EMA,EMERA INC,122950000.0,54.5773,6710279035.0,False
14930,BC,BRUNSWICK CORP,64797428.0,103.5535,6710000460.0,True
2062583,MMED,"MiniMed Group, Inc.",281349931.0,23.84,6707382355.0,False
1645460,CUE,"Cue Biopharma, Inc.",7264414.0,921.9,6697063267.0,False
729986,UBSI,UNITED BANKSHARES INC/WV,136212571.0,48.9736,6670819967.0,True
1418819,IRDM,Iridium Communications Inc.,105960383.0,62.9234,6667387564.0,True
1083446,ASTH,"Astrana Health, Inc.",55737168.0,119.45,6657804718.0,True
91142,AOS,SMITH A O CORP,75732188.0,87.9104,6657646940.0,True
837465,CALY,Callaway Golf Co,178510521.0,37.29,6656657328.0,True
1959023,RENX,RenX Enterprises Corp.,2646209.0,2514.2856,6653325183.0,False
1858848,TNYA,"Tenaya Therapeutics, Inc.",224230012.0,29.58,6632723755.0,False
1585364,PRGO,PERRIGO Co plc,138769245.0,47.7088,6620514156.0,True
833079,MTH,Meritage Homes CORP,65174093.0,101.5702,6619745661.0,True
906553,BYD,BOYD GAMING CORP,72655414.0,91.0234,6613342811.0,True
932696,NSIT,INSIGHT ENTERPRISES INC,29348850.0,225.24,6610534974.0,True
1529864,ENVA,"Enova International, Inc.",24898371.0,265.45,6609272582.0,True
1374690,LRMR,"Larimar Therapeutics, Inc.",103882937.0,63.6,6606954793.0,False
1426800,ASMB,"ASSEMBLY BIOSCIENCES, INC.",20360596.0,324.48,6606606190.0,False
1439725,BDSX,BIODESIX INC,10551118.0,624.2,6586007856.0,False
856982,MMSI,MERIT MEDICAL SYSTEMS INC,59710420.0,110.29,6585462222.0,True
1655888,OBDC,Blue Owl Capital Corp,493142569.0,13.342,6579508156.0,False
1830033,PCT,"PureCycle Technologies, Inc.",200904810.0,32.69,6567578239.0,False
1710366,CNR,"Core Natural Resources, Inc.",49636257.0,132.176,6560721905.0,True
1384101,VCYT,"VERACYTE, INC.",80390731.0,81.38,6542197689.0,True
1108426,TXNM,TXNM ENERGY INC,110707257.0,59.0456,6536776414.0,True
1747777,OTF,Blue Owl Technology Finance Corp.,458185389.0,14.2611,6534227651.0,False
1750155,CWBHF,"Charlotte's Web Holdings, Inc.",271291529.0,24.05,6524561272.0,False
1230245,PIPR,PIPER SANDLER COMPANIES,70670291.0,92.2629,6520245992.0,True
1771910,ADCT,ADC Therapeutics SA,127667695.0,51.05,6517435830.0,False
889900,PTEN,PATTERSON UTI ENERGY INC,381384874.0,17.0755,6512337416.0,True
883984,ICUI,ICU MEDICAL INC/DE,25007038.0,260.0,6501829880.0,True
874866,CRVL,CORVEL CORP,50516571.0,128.46,6489358711.0,True
1854587,CLBT,Cellebrite DI Ltd.,249439817.0,26.0,6485435242.0,False
1091667,CHTRP,"CHARTER COMMUNICATIONS, INC. /MO/",270927828.0,23.92,6480593646.0,False
1819810,RDW,Redwire Corp,249992609.0,25.9,6474808573.0,False
1326190,ALT,"Altimmune, Inc.",194517701.0,33.26,6469658735.0,False
78239,PVH,PVH CORP. /DE/,46137833.0,139.9847,6458590711.0,True
1944885,APLM,Apollomics Inc.,2196052.0,2940.0,6456392880.0,False
1275014,UCTT,"Ultra Clean Holdings, Inc.",45277029.0,142.59,6456051565.0,True
876437,MTG,MGIC INVESTMENT CORP,205124840.0,31.47,6455278715.0,True
1604481,CMBT,CMB.TECH NV,315977647.0,20.41,6449103775.0,False
1180262,HLF,HERBALIFE LTD.,104803380.0,61.47,6442263769.0,False
886163,LGND,LIGAND PHARMACEUTICALS INC,19935609.0,322.61,6431426819.0,True
1681087,TECX,"Tectonic Therapeutic, Inc.",19549366.0,327.48,6402026378.0,False
1556593,RITM,Rithm Capital Corp.,558407031.0,11.4372,6386612895.0,True
926617,AWHL,Aspira Women's Health Inc.,46633744.0,136.95,6386491241.0,False
1345105,CPA,"Copa Holdings, S.A.",41138553.0,155.1144,6381181965.0,False
2013649,CHA,Chagee Holdings Ltd.,190763326.0,33.438,6378744095.0,False
887936,FCN,"FTI CONSULTING, INC",27611575.0,231.0,6378273825.0,True
1029199,EEFT,"EURONET WORLDWIDE, INC.",37403595.0,170.21,6366465905.0,True
1438533,TVTX,"Travere Therapeutics, Inc.",94261082.0,67.52,6364508257.0,False
750577,HWC,HANCOCK WHITNEY CORP,80223058.0,79.2524,6357869882.0,True
1465311,ZICX,Zicix Corp,12715111.0,500.0,6357555500.0,False
1591890,FGNX,FG Nexus Inc.,5095688.0,1246.25,6350501170.0,False
1662991,SEZL,Sezzle Inc.,33675014.0,188.55,6349423890.0,True
313143,HAE,HAEMONETICS CORP,45497051.0,139.48,6345928673.0,True
1820144,GRND,Grindr Inc.,173820627.0,36.5,6344452886.0,False
1532390,WTER,ALKALINE WATER Co INC,10895805.0,582.0,6341358510.0,False
912595,MAA-PI,MID AMERICA APARTMENT COMMUNITIES INC.,116384802.0,54.4428,6336314498.0,False
1831481,SOC,Sable Offshore Corp.,191869572.0,33.02,6335533267.0,False
717423,MUR,MURPHY OIL CORP,143381125.0,44.1051,6323838856.0,True
784977,POR,PORTLAND GENERAL ELECTRIC CO /OR/,117607740.0,53.6464,6309231863.0,True
1372299,OCGN,"Ocugen, Inc.",339110401.0,18.6,6307453459.0,False
1070412,CNX,CNX Resources Corp,147943637.0,42.61,6303878373.0,True
1571123,SAIC,Science Applications International Corp,41897635.0,150.4571,6303796659.0,True
1610250,BOOT,"Boot Barn Holdings, Inc.",30284844.0,207.98,6298641855.0,True
1032033,SLM,SLM Corp,187946958.0,33.5124,6298553635.0,True
1679688,DBRG,"DigitalBridge Group, Inc.",187495281.0,33.5872,6297441502.0,False
1759655,PRVA,"Privia Health Group, Inc.",127734207.0,49.25,6290909695.0,True
1637873,ACVA,ACV Auctions Inc.,169807980.0,37.04,6289687579.0,False
1777319,CISO,"CISO Global, Inc.",45525655.0,138.15,6289369238.0,False
1117228,MMMW,MASS MEGAWATTS WIND POWER INC,172214579.0,36.5,6285832134.0,False
1331520,HOMB,HOME BANCSHARES INC,200049630.0,31.39,6279557886.0,True
1666138,ATKR,Atkore Inc.,33772550.0,185.6346,6269353810.0,False
1448893,ESNT,Essent Group Ltd.,89876493.0,69.63,6258100208.0,True
1727263,FTDR,"Frontdoor, Inc.",68893316.0,90.83,6257579892.0,True
351569,ABCB,Ameris Bancorp,67107239.0,93.17,6252381458.0,True
1173420,NG,NOVAGOLD RESOURCES INC,438780614.0,14.2,6230684719.0,False
1795251,NNOX,Nano-X Imaging Ltd.,69590228.0,89.39,6220670481.0,False
230557,SIGI,SELECTIVE INSURANCE GROUP INC,59569119.0,104.3379,6215316781.0,True
1662579,CCCC,"C4 Therapeutics, Inc.",123025136.0,50.5,6212769368.0,False
1742692,INMD,InMode Ltd.,63358750.0,97.86,6200287275.0,False
1104657,MTRN,MATERION Corp,20833725.0,297.2142,6192078909.0,True
1113232,ACLS,AXCELIS TECHNOLOGIES INC,30881489.0,200.48,6191120915.0,True
1880319,PRM,"Perimeter Solutions, Inc.",163686923.0,37.78,6184091951.0,False
1724521,RCUS,"Arcus Biosciences, Inc.",127333376.0,48.47,6171848735.0,True
1781446,GAUZ,Gauzy Ltd.,18720287.0,329.0,6158974423.0,False
1670061,ALM,Almonty Industries Inc.,262776228.0,23.42,6154219260.0,False
1899123,BTDR,Bitdeer Technologies Group,235552084.0,26.1,6147909392.0,False
78150,PHI,PLDT Inc.,216055775.0,28.4481,6146376293.0,False
883948,AUB,Atlantic Union Bankshares Corp,142814896.0,43.0117,6142711462.0,True
1609253,CRC,California Resources Corp,88819893.0,69.1359,6140643240.0,True
1750,AIR,AAR CORP,39892472.0,153.71,6131871871.0,True
916789,HELE,HELEN OF TROY LTD,23292061.0,262.89,6123249916.0,False
1887673,WLDS,Wearable Devices Ltd.,2882802.0,2124.0,6123071448.0,False
1096275,WKSP,Worksport Ltd,15298333.0,400.0,6119333200.0,False
1756262,TMDX,"TransMedics Group, Inc.",34675145.0,176.11,6106639786.0,True
1723128,AMRX,"Amneal Pharmaceuticals, Inc.",319353919.0,19.1,6099659853.0,True
720672,SF,STIFEL FINANCIAL CORP,69584449.0,87.6068,6096070907.0,True
1290109,LPL,"LG Display Co., Ltd.",500000000.0,12.19,6095000000.0,False
356309,NJR,NEW JERSEY RESOURCES CORP,101467946.0,60.05,6093150157.0,True
1955520,KNF,Knife River Corp,56763420.0,107.31,6091282600.0,True
1786842,VNT,Vontier Corp,135200000.0,45.0418,6089651360.0,True
1836981,BBAI,"BigBear.ai Holdings, Inc.",479494493.0,12.69,6084785116.0,False
1434621,TREE,"LendingTree, Inc.",14039561.0,433.34,6083903364.0,False
1041803,PSMT,PRICESMART INC,30860524.0,197.1313,6083575215.0,True
1725160,ZNTL,"Zentalis Pharmaceuticals, Inc.",71671914.0,84.79,6077061588.0,False
935036,ACIW,"ACI WORLDWIDE, INC.",100955241.0,60.18,6075486403.0,True
1637715,OKUR,"OnKure Therapeutics, Inc.",40496309.0,150.0,6074446350.0,False
1674910,VVV,VALVOLINE INC,127586418.0,47.6,6073113497.0,True
921299,KYNB,"KYNTRA BIO, INC.",4049124.0,1497.75,6064575471.0,False
780571,ITRI,"ITRON, INC.",43786753.0,138.42,6060962350.0,True
7789,ASB,ASSOCIATED BANC-CORP,188849659.0,32.0765,6057636087.0,True
1673504,AGLY,Atlantis Glory Inc.,603970000.0,10.0,6039700000.0,False
1768267,CRNC,Cerence Inc.,45230257.0,133.43,6035073192.0,False
1443669,PRLB,Proto Labs Inc,23921897.0,251.49,6016117877.0,True
1671858,SPRY,"ARS Pharmaceuticals, Inc.",99447343.0,60.41,6007613991.0,False
1934850,FG,"F&G Annuities & Life, Inc.",130935209.0,45.8473,6003025808.0,True
1641631,XAIR,"Beyond Air, Inc.",957631.0,6244.0,5979447964.0,False
717954,UNF,UNIFIRST CORP,19868648.0,300.7904,5976298579.0,True
1299709,AX,"Axos Financial, Inc.",56734842.0,105.1,5962831894.0,True
1533998,DRIO,DarioHealth Corp.,9799481.0,608.4,5962004240.0,False
1065059,LEU,CENTRUS ENERGY CORP,13673933.0,436.0,5961834788.0,True
1999001,FUN,Six Flags Entertainment Corporation/NEW,102316312.0,58.2571,5960651620.0,True
917520,IART,INTEGRA LIFESCIENCES HOLDINGS CORP,77772506.0,76.63,5959707135.0,True
1948864,HCWC,HEALTHY CHOICE WELLNESS CORP.,32457828.0,183.4,5952765655.0,False
1819493,XOS,"Xos, Inc.",14217852.0,416.7,5924578928.0,False
892450,KT,KT CORP,241095063.0,24.54,5916472846.0,False
1307954,HUN,Huntsman CORP,175349112.0,33.7374,5915823131.0,False
90896,SKY,"Champion Homes, Inc.",54280134.0,108.92,5912192195.0,True
78150,PHTCF,PLDT Inc.,216055775.0,27.3579,5910832287.0,False
937098,TNET,"TRINET GROUP, INC.",45904738.0,128.6138,5903982792.0,False
913142,BDC,BELDEN INC.,39078191.0,150.7154,5889685188.0,True
1579877,OUT,OUTFRONT Media Inc.,176135251.0,33.4305,5888289509.0,True
1821806,LESL,"Leslie's, Inc.",9365475.0,626.8,5870279730.0,False
849869,SLGN,SILGAN HOLDINGS INC,105682020.0,55.4975,5865087905.0,True
1098972,AGEN,AGENUS INC,45020407.0,130.1276,5858397514.0,False
310142,SXT,SENSIENT TECHNOLOGIES CORP,42562811.0,137.45,5850258372.0,True
1575142,BDPT,"BIOADAPTIVES, INC.",196926762.0,29.7,5848724831.0,False
1876183,IHS,IHS Holding Ltd,335521222.0,17.43,5848134899.0,False
9326,BCPC,BALCHEM CORP,31878021.0,183.26,5841966128.0,True
3197,CECO,CECO ENVIRONMENTAL CORP,58569830.0,99.67,5837654956.0,False
887596,CAKE,CHEESECAKE FACTORY INC,49760634.0,117.29,5836424762.0,True
1627223,CC,Chemours Co,150498995.0,38.7766,5835839330.0,True
1396440,MAIN,Main Street Capital CORP,93508461.0,62.3829,5833328972.0,False
1821769,NVTS,Navitas Semiconductor Corp,183457686.0,31.79,5832119838.0,False
2054696,NIQ,NIQ Global Intelligence plc,294955864.0,19.74,5822428755.0,False
1691303,HCC,"WARRIOR MET COAL, INC.",52802087.0,110.1841,5817950434.0,True
1758009,QUBT,Quantum Computing Inc.,226346861.0,25.68,5812587390.0,False
1976695,MNDR,Mobile-health Network Solutions,885796.0,6544.7998,5797357484.0,False
1043000,SNDA,"SONIDA SENIOR LIVING, INC.",48047990.0,120.6,5794587594.0,False
833640,POWI,POWER INTEGRATIONS INC,55873298.0,103.6325,5790289555.0,True
1014763,AIMD,"Ainos, Inc.",7384073.0,783.75,5787267214.0,False
1031203,GPI,GROUP 1 AUTOMOTIVE INC,11922225.0,484.9799,5782039488.0,True
1680367,STTK,"Shattuck Labs, Inc.",100363253.0,57.61,5781927005.0,False
1850119,IPSC,"Century Therapeutics, Inc.",181075321.0,31.93,5781735000.0,False
16040,CBT,CABOT CORP,51631007.0,111.9017,5777597456.0,True
1692415,CODX,"Co-Diagnostics, Inc.",6252319.0,924.0,5777142756.0,False
749647,IMNN,"Imunon, Inc.",5611403.0,1029.1305,5774865975.0,False
1852551,NVA,Nova Minerals Corp,401501417.0,14.368,5768772359.0,False
1207179,GLNG,GOLAR LNG LTD,101319440.0,56.7974,5754680761.0,False
1434588,LOPE,"Grand Canyon Education, Inc.",26065037.0,220.55,5748643910.0,True
1130464,BKH,BLACK HILLS CORP /SD/,76253141.0,75.3844,5748297282.0,True
2025942,CURX,Curanex Pharmaceuticals Inc,31364812.0,183.2,5746033558.0,False
1857086,TRUG,"TruGolf Holdings, Inc.",914267.0,6275.0,5737025425.0,False
1591956,DRK,DarkHorse Technologies Inc.,8704816.0,658.0,5727768928.0,False
885639,KSS,KOHLS Corp,113376445.0,50.4512,5719977702.0,True
1997464,MRX,Marex Group Ltd,72937470.0,78.27,5708815777.0,False
88121,SEB,SEABOARD CORP /DE/,957794.0,5952.8955,5701647593.0,False
1794783,SLQT,"SelectQuote, Inc.",176573132.0,32.28,5699780701.0,False
1588978,PRCT,PROCEPT BioRobotics Corp,57273659.0,99.45,5695865388.0,False
1804745,DRVN,Driven Brands Holdings Inc.,164979816.0,34.5,5691803652.0,False
1565687,INTA,"Intapp, Inc.",76511148.0,74.1,5669476067.0,False
72444,VXRT,"Vaxart, Inc.",242835358.0,23.33,5665348902.0,False
1832466,ALHC,"Alignment Healthcare, Inc.",207435149.0,27.27,5656756513.0,True
29002,DIOD,DIODES INC /DEL/,46051705.0,122.76,5653307306.0,True
1438472,MIAX,"MIAMI INTERNATIONAL HOLDINGS, INC.",99230898.0,56.84,5640284242.0,False
1162194,LAB,STANDARD BIOTOOLS INC.,392578808.0,14.36,5637431683.0,False
1492298,SBRA,"Sabra Health Care REIT, Inc.",255462756.0,22.0567,5634665370.0,True
1581990,PAGP,PLAINS GP HOLDINGS LP,197904124.0,28.47,5634330410.0,False
1476204,PECO,"Phillips Edison & Company, Inc.",128700000.0,43.7612,5632066440.0,True
1598646,NERV,"Minerva Neurosciences, Inc.",47747559.0,117.6,5615112938.0,False
1704715,AMR,"Alpha Metallurgical Resources, Inc.",12679045.0,442.21,5606800489.0,True
1587732,OGS,"ONE Gas, Inc.",62856270.0,89.1369,5602813053.0,True
851520,EXPO,EXPONENT INC,47546084.0,117.5798,5590459048.0,True
912766,LAUR,"LAUREATE EDUCATION, INC.",137749360.0,40.46,5573339106.0,True
1616543,SENS,"Senseonics Holdings, Inc.",52874053.0,105.4,5572925186.0,False
1317685,ALH,Alliance Laundry Holdings Inc.,198769096.0,28.01,5567522379.0,False
1715497,BORR,Borr Drilling Ltd,307215419.0,18.1068,5562688149.0,False
78890,BCO,BRINKS CO,41189634.0,134.9641,5559121882.0,True
25232,CUZ,COUSINS PROPERTIES INC,164602058.0,33.7374,5553245472.0,True
1819133,TNGX,"Tango Therapeutics, Inc.",168610367.0,32.9,5547281074.0,False
1743759,CRSR,"Corsair Gaming, Inc.",108176959.0,51.26,5545150918.0,True
1639691,LIVN,LivaNova PLC,55093507.0,100.49,5536346518.0,True
776867,WTM,WHITE MOUNTAINS INSURANCE GROUP LTD,2386721.0,2319.4099,5535784316.0,False
1126956,SR,SPIRE INC,59116792.0,93.2575,5513084230.0,True
1228627,IRD,"Opus Genetics, Inc.",83195823.0,66.24,5510891316.0,False
1023731,EGHT,8X8 INC /DE/,144435501.0,38.13,5507325653.0,False
57515,MZTI,MARZETTI CO,27291000.0,201.7531,5506043852.0,True
1679049,INSW,"International Seaways, Inc.",49531311.0,111.15,5505405218.0,True
1364250,DEI,Douglas Emmett Inc,167485267.0,32.8632,5504101826.0,True
1409970,HAPN,"Happen, Inc.",115407464.0,47.61,5494549361.0,False
1798562,TMC,TMC the metals Co Inc.,441135482.0,12.45,5492136751.0,False
1524358,VAC,MARRIOTT VACATIONS WORLDWIDE Corp,34395320.0,159.6519,5491278189.0,True
1144980,ABG,ASBURY AUTOMOTIVE GROUP INC,17951917.0,305.86,5490773334.0,True
1368514,ADMA,"ADMA BIOLOGICS, INC.",223984680.0,24.51,5489864507.0,True
1994624,STAI,ScanTech AI Systems Inc.,75613124.0,72.6,5489512802.0,False
890394,PRSO,Peraso Inc.,15064476.0,364.4,5489495054.0,False
1812477,KEEL,Keel Infrastructure Corp.,617573212.0,8.87,5477874390.0,False
816761,TDC,TERADATA CORP /DE/,93000000.0,58.89,5476770000.0,True
1725255,AHCO,AdaptHealth Corp.,136344196.0,40.15,5474219469.0,True
919012,AEO,AMERICAN EAGLE OUTFITTERS INC,167573333.0,32.639,5469426016.0,True
1406234,BIPH,Brookfield Infrastructure Partners L.P.,295429987.0,18.4983,5464952529.0,False
1788028,JSPR,"Jasper Therapeutics, Inc.",33274561.0,164.2,5463682916.0,False
1527753,PSNL,"Personalis, Inc.",106799872.0,51.02,5448929469.0,False
1376139,CVI,CVR ENERGY INC,100530599.0,54.14,5442726630.0,True
1595097,CRBP,"Corbus Pharmaceuticals Holdings, Inc.",19341293.0,281.4,5442639850.0,False
1821586,MLTX,MoonLake Immunotherapeutics,85106685.0,63.86,5434912904.0,False
933974,AZTA,"Azenta, Inc.",43808393.0,124.0402,5434001829.0,True
1628369,CWK,Cushman & Wakefield Ltd.,234713708.0,23.12,5426580929.0,True
1827635,MANE,"Veradermics, Inc",41780136.0,129.74,5420554845.0,False
1787400,NKTX,"Nkarta, Inc.",71624791.0,75.62,5416266695.0,False
98222,TDW,TIDEWATER INC,49756231.0,108.83,5414970620.0,True
1428205,ARR,"Armour Residential REIT, Inc.",141553046.0,38.1862,5405372925.0,True
1898416,ALVO,Alvotech,312021375.0,17.27,5388609146.0,False
73756,OII,OCEANEERING INTERNATIONAL INC,99529645.0,54.11,5385549091.0,True
1221029,CPAC,CEMENTOS PACASMAYO SAA,423868449.0,12.7,5383129302.0,False
890564,EFOR,Everforth Inc,41000000.0,131.26,5381660000.0,True
818033,HRTX,"HERON THERAPEUTICS, INC. /DE/",189852307.0,28.34,5380414380.0,False
1648257,HMDCF,HUTCHMED (China) Ltd,872327620.0,6.16,5373538139.0,False
1810546,EBC,"Eastern Bankshares, Inc.",228511552.0,23.4905,5367850612.0,True
278166,CVCO,"CAVCO INDUSTRIES, INC.",7689402.0,697.76,5365357140.0,True
1365135,WU,Western Union CO,311878981.0,17.1873,5360357610.0,True
1553643,RLMD,"RELMADA THERAPEUTICS, INC.",106669846.0,50.12,5346292682.0,False
1921963,ATMU,Atmus Filtration Technologies Inc.,81595527.0,65.4167,5337710111.0,True
1050797,COLM,COLUMBIA SPORTSWEAR CO,51193194.0,104.0313,5325694523.0,True
16160,CALM,CAL-MAINE FOODS INC,46917080.0,113.4706,5323709218.0,True
795266,KBH,KB HOME,61309728.0,86.6925,5315093595.0,True
1711786,RKTO,Rocket One Inc.,24897581.0,213.25,5309409148.0,False
1530950,POST,"Post Holdings, Inc.",43956805.0,120.72,5306465500.0,True
1040971,SLG,SL GREEN REALTY CORP,71124483.0,74.4481,5295082623.0,True
1913577,SMNR,"Semnur Pharmaceuticals, Inc.",230209142.0,23.0,5294810266.0,False
1372612,BOX,BOX INC,137200773.0,38.55,5289089799.0,True
1459200,ALRM,"Alarm.com Holdings, Inc.",49090228.0,107.69,5286526653.0,True
1145986,ASPN,ASPEN AEROGELS INC,82988784.0,63.66,5283065989.0,False
1526119,VSTM,"Verastem, Inc.",90563441.0,58.2,5270792266.0,False
1395942,OPLN,"OPENLANE, Inc.",122797455.0,42.9,5268010820.0,True
1929561,RXO,"RXO, Inc.",164926128.0,31.9,5261143483.0,True
1789832,HESM,Hess Midstream LP,128350881.0,40.97,5258535595.0,False
1420800,ENOV,Enovis CORP,57669494.0,91.1704,5257750836.0,True
730464,CVSA,Covista Inc.,34038820.0,154.45,5257295749.0,True
1710072,EWTX,"Edgewise Therapeutics, Inc.",108604129.0,48.35,5251009637.0,False
1956744,TRON,Tron Inc.,474382064.0,11.04,5237177987.0,False
1224608,CNO,"CNO Financial Group, Inc.",92521371.0,56.5636,5233341821.0,True
1861795,DH,Definitive Healthcare Corp.,106744713.0,48.99,5229423490.0,False
1724965,TALO,TALOS ENERGY INC.,166965468.0,31.31,5227688803.0,True
733269,RAMP,"LiveRamp Holdings, Inc.",60794982.0,85.96,5225936653.0,True
1533232,BEPH,Brookfield Renewable Partners L.P.,275084265.0,18.9937,5224868004.0,False
890926,RDN,RADIAN GROUP INC,132301318.0,39.4333,5217077563.0,True
1328581,BCC,BOISE CASCADE Co,34891351.0,149.4765,5215437028.0,True
921638,SSRGF,SSR MINING INC.,203909312.0,25.57,5213961108.0,False
1549595,NRIX,"Nurix Therapeutics, Inc.",103781683.0,50.17,5206727036.0,False
77543,TPC,TUTOR PERINI CORP,52569117.0,99.0128,5205015468.0,True
1144800,TAC,TRANSALTA CORP,296717495.0,17.5271,5200597207.0,False
1672688,ABSI,Absci Corp,171614010.0,30.29,5198188363.0,False
1314727,SONO,Sonos Inc,118293979.0,43.89,5191922738.0,True
2013745,CLMT,"Calumet, Inc. /DE",87898234.0,59.05,5190390718.0,False
1013880,TTEC,"TTEC Holdings, Inc.",49295940.0,105.2842,5190083606.0,False
1719714,MREO,Mereo BioPharma Group plc,798454864.0,6.5,5189956616.0,False
2020795,UNIT,Uniti Group Inc.,242725135.0,21.3603,5184681701.0,True
1699031,GRAL,"GRAIL, Inc.",44666234.0,116.06,5183963118.0,False
1128928,FLO,FLOWERS FOODS INC,212057418.0,24.3813,5170235525.0,True
1284812,CNS,"COHEN & STEERS, INC.",51421533.0,100.3793,5161657487.0,True
1477845,ANVS,"Annovis Bio, Inc.",42606152.0,120.97,5154066207.0,False
1621832,AQMS,"Aqua Metals, Inc.",3563531.0,1444.0,5145738764.0,False
1866175,CRGY,Crescent Energy Co,330403696.0,15.5484,5137248827.0,True
1710155,EYE,"National Vision Holdings, Inc.",79069313.0,64.95,5135551879.0,True
1970622,USAR,"USA Rare Earth, Inc.",132638561.0,38.68,5130459539.0,False
1381668,TFSL,TFS Financial CORP,280442755.0,18.2697,5123605001.0,False
1279495,BTE,BAYTEX ENERGY CORP.,765568147.0,6.6883,5120349438.0,False
1811063,NUVB,Nuvation Bio Inc.,351123233.0,14.57,5115865505.0,False
1551306,PGNY,"Progyny, Inc.",76726798.0,66.66,5114608355.0,True
1529274,ALKT,"ALKAMI TECHNOLOGY, INC.",106941980.0,47.69,5100063026.0,False
1032220,MMS,"MAXIMUS, INC.",52357763.0,97.3682,5097981139.0,True
1850235,HEPS,D-MARKET Electronic Services & Trading,357225200.0,14.26,5094031352.0,False
1477815,SG,"Sweetgreen, Inc.",96076681.0,53.0,5092064093.0,False
1509991,KOS,Kosmos Energy Ltd.,595487651.0,8.55,5091419416.0,False
913353,CIGI,Colliers International Group Inc.,30070104.0,168.847,5077246850.0,False
1677576,IIPR,INNOVATIVE INDUSTRIAL PROPERTIES INC,27571349.0,184.1326,5076784177.0,True
103145,VECO,VEECO INSTRUMENTS INC,61129640.0,83.04,5076205306.0,True
1661059,NXTC,"NextCure, Inc.",4577359.0,1106.64,5065488564.0,False
2091467,BGSI,Boyd Group Services Inc.,27829821.0,181.8853,5061835342.0,False
1674930,FLGT,"Fulgent Genetics, Inc.",27515293.0,183.85,5058686618.0,False
886977,MEOH,METHANEX CORP,77339520.0,65.3159,5051500354.0,False
882796,BCRX,BIOCRYST PHARMACEUTICALS INC,255535105.0,19.76,5049373675.0,False
1393434,OCUL,"OCULAR THERAPEUTIX, INC",219615868.0,22.95,5040184171.0,False
1815779,HAFN,Hafnia Ltd,497989642.0,10.12,5039655177.0,False
1406666,CALX,"CALIX, INC",62963989.0,79.97,5035230200.0,True
1422183,FSK,FS KKR Capital Corp,276340280.0,18.1846,5025137456.0,False
1876581,IMPP,Imperial Petroleum Inc./Marshall Islands,44648737.0,112.5,5022982912.0,False
1772720,SPRU,SPRUCE POWER HOLDING CORP,19252186.0,260.72,5019429934.0,False
1412408,PHR,"Phreesia, Inc.",62070944.0,80.61,5003538796.0,False
2088281,MFP,"Midera Food Processing, Inc.",45230455.0,110.5,4997965278.0,True
1820872,GBTG,"Global Business Travel Group, Inc.",522373443.0,9.56,4993890115.0,False
1694426,DK,"Delek US Holdings, Inc.",61232174.0,81.55,4993483790.0,False
1156041,AGIG,"ABUNDIA GLOBAL IMPACT GROUP, INC.",44150321.0,113.0,4988986273.0,False
1954488,MENS,Jyong Biotech Ltd.,76027667.0,65.62,4988935509.0,False
1385818,AYTU,"AYTU BIOPHARMA, INC",10733208.0,464.0,4980208512.0,False
1611005,KEN,Kenon Holdings Ltd.,52108397.0,95.54,4978436249.0,False
1494413,QUTX,Quantum X Inc.,7697746967.0,0.6457,4970435217.0,False
1760965,KTB,"Kontoor Brands, Inc.",54653620.0,90.7924,4962133328.0,True
1737953,REPL,"Replimune Group, Inc.",94219634.0,52.65,4960663730.0,False
1170858,SBS,COMPANHIA DE SANEAMENTO BASICO DO ESTADO DE SAO PAULO-SABESP,700219438.0,7.082,4958954060.0,False
886346,KAI,KADANT INC,11809117.0,419.6887,4956152962.0,True
1936258,NAMS,NewAmsterdam Pharma Co N.V.,119537169.0,41.45,4954815655.0,False
1217234,CDNA,"CareDx, Inc.",51734223.0,95.6,4945791719.0,False
1039065,OSIS,OSI SYSTEMS INC,15941968.0,309.68,4936908650.0,True
1625297,INDV,"Indivior Pharmaceuticals, Inc.",118013649.0,41.83,4936510938.0,True
868780,DORM,"Dorman Products, Inc.",29675618.0,166.34,4936242298.0,True
1355848,TOON,"Kartoon Studios, Inc.",62204105.0,79.3,4932785526.0,False
1769624,ILLR,Triller Group Inc.,20487382.0,240.7025,4931364066.0,False
1142750,AMN,AMN HEALTHCARE SERVICES INC,38729991.0,127.04,4920258057.0,True
1881551,STI,Solidion Technology Inc.,8512771.0,577.5,4916125252.0,False
793952,HOG,"HARLEY-DAVIDSON, INC.",104072507.0,47.198,4912014185.0,True
1472012,IMNM,Immunome Inc.,113577629.0,43.24,4911096678.0,False
1753539,BKSY,BlackSky Technology Inc.,40924846.0,119.92,4907707532.0,False
1114483,ITGR,Integer Holdings Corp,33992048.0,144.36,4907092049.0,True
1615165,VERI,"Veritone, Inc.",100457068.0,48.83,4905318630.0,False
1122976,AVNT,AVIENT CORP,91719550.0,53.4801,4905170706.0,True
1124796,LASR,"NLIGHT, INC.",57690197.0,84.95,4900782235.0,False
2052959,LION,Lionsgate Studios Corp.,297559680.0,16.4,4879978752.0,False
1845815,PAYO,Payoneer Global Inc.,338850836.0,14.4,4879452038.0,True
1045450,EPR,EPR PROPERTIES,76608922.0,63.6753,4878096091.0,True
1101215,BFH,"BREAD FINANCIAL HOLDINGS, INC.",38419268.0,126.9368,4876818938.0,True
1778129,TSNDF,TerrAscend Corp.,309175647.0,15.74,4866424684.0,False
1716166,VVOS,"Vivos Therapeutics, Inc.",20118023.0,241.75,4863532060.0,False
50725,GFF,GRIFFON CORP,45294716.0,106.9817,4845705719.0,True
1854640,CGAU,Centerra Gold Inc.,199806355.0,24.25,4845304109.0,False
1657573,XMTR,"Xometry, Inc.",46123556.0,104.85,4836054847.0,False
1717393,CAAP,CORPORACION AMERICA AIRPORTS S.A.,165219146.0,29.2065,4825472988.0,False
81362,KWR,QUAKER CHEMICAL CORP,17207702.0,280.2958,4823246598.0,True
1482981,COCO,"Vita Coco Company, Inc.",57397082.0,84.02,4822502830.0,True
1940941,MFI,mF International Ltd,49045623.0,98.32,4822165653.0,False
1381074,RTCJF,Baijiayun Group Ltd,3265837.0,1476.0,4820375412.0,False
1120970,LODE,Comstock Inc.,75993047.0,63.4,4817959180.0,False
1850351,LFTO,"Liftoff Mobile, Inc.",169331527.0,28.45,4817481943.0,False
944148,CBZ,"CBIZ, Inc.",54263879.0,88.65,4810492873.0,False
700564,FULT,FULTON FINANCIAL CORP,190914563.0,25.19,4809137842.0,True
8947,AZZ,AZZ INC,30051501.0,159.9023,4805304128.0,True
793733,SKYW,SKYWEST INC,38828325.0,123.72,4803840369.0,True
899715,SKT,TANGER INC.,114878989.0,41.7885,4800620632.0,True
315709,IBOC,INTERNATIONAL BANCSHARES CORP,62191514.0,77.0659,4792844999.0,True
1385280,CNK,"Cinemark Holdings, Inc.",120424973.0,39.7627,4788422074.0,True
1064728,BTU,PEABODY ENERGY CORP,121900000.0,39.2546,4785135740.0,True
1674862,ASH,ASHLAND INC.,45793370.0,104.3549,4778762547.0,True
1750284,OLMA,"Olema Pharmaceuticals, Inc.",87497607.0,54.5,4768619582.0,False
1091223,MTLS,MATERIALISE NV,59067186.0,80.62,4761996535.0,False
46765,HP,"Helmerich & Payne, Inc.",99938945.0,47.64,4761091340.0,True
1361658,TNL,Travel & Leisure Co.,61204232.0,77.7303,4757423315.0,True
1817511,SOPAQ,SOCIETY PASS INCORPORATED.,6105525.0,778.65,4754067041.0,False
1040470,AEHR,AEHR TEST SYSTEMS,32620450.0,145.61,4749863724.0,False
1795589,KCLHF,Kingsoft Cloud Holdings Ltd,4479857667.0,1.06,4748649127.0,False
1574676,NGHI,"Galenfeha, Inc.",97525679.0,48.6,4739747999.0,False
1992243,TE,T1 Energy Inc.,294527066.0,16.08,4735995221.0,False
1386278,GDOT,GREEN DOT CORP,56985179.0,83.09,4734898523.0,False
67716,MDU,MDU RESOURCES GROUP INC,210349456.0,22.4814,4728950260.0,True
871763,MAN,ManpowerGroup Inc.,46505570.0,101.6734,4728379421.0,True
1626115,PJT,PJT Partners Inc.,24800541.0,190.5261,4725150355.0,True
1848309,SGML,Sigma Lithium Corp,111402979.0,42.4,4723486310.0,False
1394832,ATS,ATS Corp /ATS,96885705.0,48.73,4721240405.0,False
1818382,HUMA,"Humacyte, Inc.",277798105.0,16.99,4719789804.0,False
1705843,CBUS,"Cibus, Inc.",4973687.0,948.5,4717542120.0,False
1350593,MWA,"Mueller Water Products, Inc.",156125679.0,30.2098,4716525537.0,True
1412558,EVO,Evotec SE,177778907.0,26.525,4715585508.0,False
56679,KFY,KORN FERRY,54558851.0,86.28,4707337664.0,True
1740332,REZI,"RESIDEO TECHNOLOGIES, INC.",151847378.0,30.9673,4702303309.0,True
1682745,VRRM,VERRA MOBILITY Corp,151982804.0,30.84,4687149675.0,True
1881487,ACDC,ProFrac Holding Corp.,182122762.0,25.72,4684197439.0,False
1517396,SSYS,STRATASYS LTD.,86109936.0,54.37,4681797220.0,False
1333493,EHTH,"eHealth, Inc.",32032654.0,146.09,4679650423.0,False
1660046,IMRN,Immuron Ltd,233959013.0,20.0,4679180260.0,False
1077428,TCBI,TEXAS CAPITAL BANCSHARES INC/TX,43474369.0,107.5183,4674290248.0,True
1920294,RZLV,REZOLVE AI PLC,336327587.0,13.86,4661500356.0,False
1964504,ARIS,Aris Mining Corp,205532283.0,22.68,4661472178.0,False
1526243,PPTA,PERPETUA RESOURCES CORP.,125095803.0,37.22,4656065788.0,False
1749723,NFE,New Fortress Energy Inc.,285634650.0,16.3,4655844795.0,False
1726445,SEER,"Seer, Inc.",55372015.0,84.06,4654571581.0,False
1861737,HSAI,Hesai Group,156145167.0,29.8,4653125977.0,False
923796,GEO,GEO GROUP INC,131619584.0,35.35,4652752294.0,True
1787306,ARQT,"Arcutis Biotherapeutics, Inc.",125691961.0,36.98,4648088718.0,False
2014596,CON,"Concentra Group Holdings Parent, Inc.",127517736.0,36.37,4637820058.0,True
1845097,AMBP,Ardagh Metal Packaging S.A.,597699586.0,7.7444,4628824674.0,False
1713748,SKE,Skeena Resources Ltd,121300287.0,38.12,4623966940.0,False
1771515,GO,Grocery Outlet Holding Corp.,99084492.0,46.64,4621300707.0,True
936340,DTW,DTE ENERGY CO,208028313.0,22.1929,4616751548.0,False
76605,PATK,PATRICK INDUSTRIES INC,32118264.0,143.6839,4614877433.0,True
822663,IPAR,INTERPARFUMS INC,32025781.0,143.8817,4607923814.0,True
1761312,PLMR,"Palomar Holdings, Inc.",26317683.0,175.0605,4607186745.0,True
1453687,RNAC,"Cartesian Therapeutics, Inc.",30255352.0,152.1,4601839039.0,False
1792849,HPK,"HighPeak Energy, Inc.",126452804.0,36.329,4593903917.0,False
1411685,VTGN,"Vistagen Therapeutics, Inc.",44376911.0,103.5,4593010288.0,False
1200375,CDXS,"CODEXIS, INC.",109505765.0,41.78,4575150862.0,False
1831907,LUXE,LuxExperience B.V.,139699831.0,32.6945,4567416125.0,False
1382101,STRO,"SUTRO BIOPHARMA, INC.",16581171.0,275.4,4566454493.0,False
1658551,AMLX,"Amylyx Pharmaceuticals, Inc.",111423048.0,40.93,4560545355.0,False
1084048,ZD,"ZIFF DAVIS, INC.",34287208.0,132.98,4559512920.0,True
1676725,IDYA,"IDEAYA Biosciences, Inc.",96489484.0,47.13,4547549381.0,False
1483934,STNG,Scorpio Tankers Inc.,51762790.0,87.85,4547361102.0,False
1280776,IMUX,"IMMUNIC, INC.",13644467.0,332.0,4529963044.0,False
816956,CNMD,CONMED Corp,29951248.0,151.1677,4527661272.0,True
1497770,WD,"Walker & Dunlop, Inc.",34325745.0,131.8728,4526632105.0,True
1839530,XBP,"XBP Global Holdings, Inc.",11881339.0,380.0,4514908820.0,False
1568100,PD,"PagerDuty, Inc.",78649873.0,57.37,4512143214.0,False
760498,BANF,BANCFIRST CORP /OK/,33598745.0,134.1373,4506844938.0,True
1817358,ASO,"Academy Sports & Outdoors, Inc.",61578891.0,73.1648,4505407244.0,True
1623526,STOK,"Stoke Therapeutics, Inc.",64526242.0,69.81,4504576954.0,False
899923,MYGN,MYRIAD GENETICS INC,95649645.0,47.08,4503185287.0,False
1057706,FBP,FIRST BANCORP /PR/,152668268.0,29.4888,4502004021.0,True
1111335,VC,VISTEON CORP,26695429.0,168.5931,4500665131.0,True
82020,USLM,UNITED STATES LIME & MINERALS INC,28688363.0,156.8479,4499709491.0,True
860748,KMPR,KEMPER Corp,58923154.0,76.3245,4497280267.0,True
39368,FUL,FULLER H B CO,53787411.0,83.5763,4495352798.0,True
1628908,EVH,"Evolent Health, Inc.",113059335.0,39.74,4492977973.0,False
1695295,HYFM,"HYDROFARM HOLDINGS GROUP, INC.",4819323.0,932.0,4491609036.0,False
1903595,HODO,House of Doge Inc.,84902985.0,52.88,4489669847.0,False
1619762,BRSL,Brightstar Lottery PLC,186851561.0,23.974,4479579323.0,False
2007825,INFQ,"Infleqtion, Inc.",225357052.0,19.87,4477844623.0,False
1993004,NWE,"NorthWestern Energy Group, Inc.",61517850.0,72.735,4474500820.0,True
944809,OPK,"OPKO HEALTH, INC.",746328225.0,5.99,4470506068.0,False
1708599,SER,"Serina Therapeutics, Inc.",25400473.0,175.7143,4463226333.0,False
2058601,BRBI,BRBI BR Partners S.A.,200546184.0,22.2416,4460468006.0,False
1642365,ALTB,Alpine Auto Brokers Inc.,445500000.0,10.0,4455000000.0,False
1462120,LOB,"Live Oak Bancshares, Inc.",46283620.0,96.2033,4452636980.0,False
857855,UCB,UNITED COMMUNITY BANKS INC,120575503.0,36.8174,4439276524.0,True
1323885,ATRC,"AtriCure, Inc.",50866294.0,87.14,4432488859.0,False
1857853,COOK,"Traeger, Inc.",2798224.0,1582.5,4428189480.0,False
799292,MHO,"M/I HOMES, INC.",25283031.0,174.92,4422507783.0,True
1703625,NAPD,"NAPC Defense, Inc.",491254930.0,9.0,4421294370.0,False
744218,CLDX,"Celldex Therapeutics, Inc.",78529532.0,56.27,4418856766.0,False
1783183,PHAT,"Phathom Pharmaceuticals, Inc.",80900934.0,54.6,4417190996.0,False
1636422,HCAT,"Health Catalyst, Inc.",75256381.0,58.64,4413034182.0,False
1464521,HTFL,"Heartflow, Inc.",86953627.0,50.75,4412896570.0,False
1653087,ALEC,"Alector, Inc.",111656919.0,39.49,4409331731.0,False
1816708,OWLT,"Owlet, Inc.",29221677.0,150.78,4406044458.0,False
1600620,AUPH,Aurinia Pharmaceuticals Inc.,133051168.0,33.08,4401332637.0,False
1078271,EXTR,EXTREME NETWORKS INC,130490653.0,33.71,4398839913.0,True
1424182,BNL,"Broadstone Net Lease, Inc.",191892971.0,22.84,4382835458.0,True
1000753,NSP,"INSPERITY, INC.",38195270.0,114.613,4377674481.0,True
910406,HAIN,HAIN CELESTIAL GROUP INC,91002269.0,48.09,4376299116.0,False
877860,NHI,NATIONAL HEALTH INVESTORS INC,49110434.0,88.9368,4367724847.0,True
1835579,IMA,"ImageneBio, Inc.",11351456.0,384.0,4358959104.0,False
1886190,GGR,Gogoro Inc.,14773488.0,295.0,4358178960.0,False
1557746,ACRS,"Aclaris Therapeutics, Inc.",147198893.0,29.6,4357087233.0,False
1375877,CSIQ,Canadian Solar Inc.,67810136.0,64.15,4350020224.0,False
860546,CDP,COPT DEFENSE PROPERTIES,113410458.0,38.35,4349291064.0,True
1280058,BLKB,BLACKBAUD INC,45390097.0,95.7788,4347409023.0,True
1776661,ADV,Advantage Solutions Inc.,12822230.0,338.5,4340324855.0,False
1469395,PPENF,Pampa Energy Inc.,1359606137.0,3.1889,4335648010.0,False
354647,CVBF,CVB FINANCIAL CORP,175997435.0,24.6262,4334148034.0,True
821483,PARR,"PAR PACIFIC HOLDINGS, INC.",50099627.0,86.49,4333116739.0,True
310354,SXI,STANDEX INTERNATIONAL CORP/DE/,12119465.0,357.3098,4330403615.0,True
1509745,CYPH,CYPHERPUNK TECHNOLOGIES INC.,107764382.0,40.1,4321351718.0,False
1823652,EVEX,"Eve Holding, Inc.",348486333.0,12.38,4314260803.0,False
30697,WEN,Wendy's Co,190669930.0,22.612,4311428457.0,True
1879848,PEVM,PHOENIX MOTOR INC.,12870917.0,334.5,4305321736.0,False
861842,CATY,CATHAY GENERAL BANCORP,66713820.0,64.5328,4305229603.0,True
1522727,USAC,"USA Compression Partners, LP",144943345.0,29.697,4304382516.0,False
1759138,CABA,"Cabaletta Bio, Inc.",169545445.0,25.38,4303063394.0,False
1503274,QTRX,Quanterix Corp,47293065.0,90.64,4286643412.0,False
1625641,LAW,"CS Disco, Inc.",64919765.0,65.88,4276914118.0,False
1674168,HGV,Hilton Grand Vacations Inc.,77724145.0,55.0,4274827975.0,True
1512920,SII,SPROTT INC.,25786258.0,165.3167,4262899078.0,False
1580670,LGIH,"LGI Homes, Inc.",23248272.0,183.36,4262803154.0,True
1966983,LAC,LITHIUM AMERICAS CORP.,363042943.0,11.72,4254863292.0,False
1642380,IMDX,Insight Molecular Diagnostics Inc.,32724284.0,130.0,4254156920.0,False
2089661,SUNC,SunocoCorp LLC,51517198.0,82.38,4243986771.0,False
1777921,AVPT,"AvePoint, Inc.",211565426.0,19.99,4229192866.0,False
1295947,PBH,Prestige Consumer Healthcare Inc.,47374522.0,89.09,4220596165.0,True
1981599,CTRI,"Centuri Holdings, Inc.",100963053.0,41.8,4220255615.0,False
1124524,CYRX,"Cryoport, Inc.",50649100.0,83.29,4218563539.0,False
1853860,ERO,Ero Copper Corp.,104192288.0,40.4,4209368435.0,False
1951222,LAES,SEALSQ Corp,191525129.0,21.97,4207807084.0,False
1652535,ICHR,"ICHOR HOLDINGS, LTD.",37454229.0,112.28,4205360832.0,True
1624512,BOXL,Boxlight Corp,667393.0,6297.1201,4202653875.0,False
828944,WSFS,WSFS FINANCIAL CORP,51090605.0,82.0885,4193951129.0,True
1266806,VANI,"Vivani Medical, Inc.",90203356.0,46.44,4189043853.0,False
1822791,CLNN,Clene Inc.,12848513.0,326.0,4188615238.0,False
70866,VYX,NCR Voyix Corp,138069898.0,30.3067,4184442978.0,True
1933414,MLYS,"Mineralys Therapeutics, Inc.",88406885.0,47.33,4184297867.0,False
1341335,FSM,FORTUNA MINING CORP.,305959986.0,13.66,4179413409.0,False
903651,INOD,INNODATA INC,34382651.0,121.5,4177492096.0,False
1501989,CTMX,"CytomX Therapeutics, Inc.",217899284.0,19.16,4174950281.0,False
1616533,PENG,"Penguin Solutions, Inc.",51242699.0,81.39,4170643272.0,True
26780,DAN,DANA Inc,107576679.0,38.6244,4155084680.0,True
1381197,IBKR,"Interactive Brokers Group, Inc.",42231651.0,98.1012,4142975641.0,True
1210677,FA,FIRST ADVANTAGE CORP,171753691.0,24.12,4142699027.0,True
1853044,AERT,"Aeries Technology, Inc.",47152626.0,87.856,4142641110.0,False
1567900,ALOY,REALLOYS INC.,68987642.0,59.88,4130980003.0,False
776901,INDB,INDEPENDENT BANK CORP,47369099.0,87.17,4129164360.0,True
1796280,ORIC,"Oric Pharmaceuticals, Inc.",103652656.0,39.8,4125375709.0,False
1590877,RGNX,REGENXBIO Inc.,66013192.0,62.45,4122523840.0,False
912728,FWRD,FORWARD AIR CORP,33780862.0,121.9756,4120440911.0,False
1104485,NOG,"NORTHERN OIL & GAS, INC.",106549128.0,38.6694,4120190850.0,True
745308,JOE,ST JOE Co,56930451.0,72.273,4114534485.0,True
1368265,CLNE,Clean Energy Fuels Corp.,220445015.0,18.64,4109095080.0,False
1273813,AGO,ASSURED GUARANTY LTD,43979208.0,93.3625,4106008807.0,True
1817713,JANX,"Janux Therapeutics, Inc.",61136773.0,66.835,4086076223.0,False
105132,WDFC,WD 40 CO,13421096.0,304.2889,4083890539.0,True
1840416,SSM,Sono Group N.V.,1424834.0,2865.0,4082149410.0,False
1670541,ADNT,Adient plc,77096932.0,52.93,4080740611.0,True
1427925,TLPH,"TALPHERA, INC.",51905796.0,78.6,4079795566.0,False
832988,SIG,SIGNET JEWELERS LTD,38317243.0,106.4148,4077521750.0,True
1439222,AGIO,"AGIOS PHARMACEUTICALS, INC.",59701882.0,68.1,4065698164.0,False
1497253,VIVS,"VivoSim Labs, INC.",14850612.0,273.6,4063127443.0,False
203596,WSBC,WESBANCO INC,95905889.0,42.3072,4057509627.0,True
863894,VERU,VERU INC.,17050320.0,237.8,4054566096.0,False
1559053,PRTA,PROTHENA CORP PUBLIC LTD CO,51336974.0,78.89,4049973879.0,False
1853145,EVCM,EverCommerce Inc.,176665246.0,22.92,4049167438.0,False
1851961,GCTS,"GCT Semiconductor Holding, Inc.",91969726.0,44.0,4046667944.0,False
1062822,LXRX,"LEXICON PHARMACEUTICALS, INC.",444955934.0,9.09,4044649440.0,False
1294133,INGN,Inogen Inc,26538337.0,152.23,4039931042.0,False
1697884,VSBC,VITASPRING BIOMEDICAL CO. LTD.,207030030.0,19.5,4037085585.0,False
1937653,ZYME,Zymeworks Inc.,70959241.0,56.81,4031194481.0,False
1158324,CCOI,"COGENT COMMUNICATIONS HOLDINGS, INC.",51215736.0,78.6833,4029823120.0,True
1883313,SVV,"Savers Value Village, Inc.",153796187.0,26.18,4026384176.0,False
715072,RNST,RENASANT CORP,91404465.0,44.0404,4025489200.0,True
1653477,NGVT,Ingevity Corp,34377922.0,117.07,4024623329.0,True
1062231,DCH,Dauch Corp,237604602.0,16.93,4022645912.0,True
1617406,PK,Park Hotels & Resorts Inc.,201338330.0,19.9781,4022357291.0,True
2039972,GMTL,Guardian Metal Resources PLC,194807981.0,20.64,4020836728.0,False
1479615,SLN,Silence Therapeutics plc,141740037.0,28.35,4018330049.0,False
1293135,VET,VERMILION ENERGY INC.,152949630.0,26.245,4014163039.0,False
1831828,VERA,"Vera Therapeutics, Inc.",72063335.0,55.67,4011765859.0,False
1964979,ALUR,"ALLURION TECHNOLOGIES, INC.",15006253.0,267.25,4010421114.0,False
1326732,XNCR,Xencor Inc,74353397.0,53.88,4006161030.0,True
1276520,GNW,GENWORTH FINANCIAL INC,377851037.0,10.6,4005220992.0,True
1332349,BKD,Brookdale Senior Living Inc.,238817252.0,16.77,4004965316.0,False
78749,AGYS,AGILYSYS INC,28205788.0,141.74,3997888391.0,True
1993344,AAUC,Allied Gold Corp,124737221.0,32.01,3992838444.0,False
1035201,CWT,CALIFORNIA WATER SERVICE GROUP,61839101.0,64.5471,3991534636.0,True
1418121,APLE,"Apple Hospitality REIT, Inc.",236082698.0,16.9057,3991143268.0,True
1466593,OTTR,Otter Tail Corp,41985580.0,94.9483,3986459446.0,True
1651717,NOMD,Nomad Foods Ltd,142426655.0,27.9807,3985197506.0,False
1819790,TARS,"Tarsus Pharmaceuticals, Inc.",43882996.0,90.78,3983698377.0,False
1865631,NN,NEXTNAV INC.,168809910.0,23.59,3982225777.0,False
1847462,AYRWF,Ayr Wellness Inc.,108759747.0,36.54,3974081155.0,False
901491,PZZA,PAPA JOHNS INTERNATIONAL INC,32921687.0,120.6723,3972735690.0,True
1649313,BWLP,BW LPG Ltd,151342653.0,26.14,3956096949.0,False
1858724,FLX,BingEx Ltd,219389729.0,18.01,3951209019.0,False
1420565,RNTX,"Rein Therapeutics, Inc.",86267032.0,45.8,3951030066.0,False
1946563,SXTP,"60 DEGREES PHARMACEUTICALS, INC.",3516988.0,1123.2,3950280922.0,False
1702744,SMPL,Simply Good Foods Co,88460545.0,44.57,3942686491.0,True
1063259,DNN,DENISON MINES CORP.,901610950.0,4.37,3940039852.0,False
1527762,CD,Chaince Digital Holdings Inc.,110003800.0,35.79,3937036002.0,False
1625101,PLSE,"PULSE BIOSCIENCES, INC.",71322607.0,55.2,3937007906.0,False
1828536,NRGV,"Energy Vault Holdings, Inc.",181839570.0,21.64,3935008295.0,False
874499,GPOR,GULFPORT ENERGY CORP,17683866.0,222.49,3934483346.0,True
1072379,NWBO,NORTHWEST BIOTHERAPEUTICS INC,1705637993.0,2.3,3922967384.0,False
48287,HNI,HNI CORP,72181800.0,54.3194,3920872067.0,True
1356090,PGEN,"PRECIGEN, INC.",358035247.0,10.95,3920485955.0,False
1452804,RMHI,"Retrieve Medical Holdings, Inc.",78363567.0,50.0,3918178350.0,False
1858685,BFRI,Biofrontera Inc.,14852359.0,263.4,3912111361.0,False
25445,CXT,"Crane NXT, Co.",57561304.0,67.8998,3908401029.0,True
1941365,MBC,"MasterBrand, Inc.",203490490.0,19.2,3907017408.0,True
1374339,PMN,ProMIS Neurosciences Inc.,8967693.0,435.0,3900946455.0,False
895419,WOLF,"WOLFSPEED, INC.",52995396.0,73.5,3895161606.0,False
1042893,INVX,"Innovex International, Inc.",69935827.0,55.63,3890530056.0,True
1534675,TGLS,Tecnoglass Holdings Inc.,44364616.0,87.6574,3888886891.0,False
1671927,IMCR,Immunocore Holdings plc,51498617.0,75.36,3880935777.0,False
1958777,FBLG,"FibroBiologics, Inc.",6658193.0,582.0,3875068326.0,False
1655891,TRMD,TORM plc,101332707.0,38.23,3873949389.0,False
894405,ARCB,ARCBEST CORP /TX/,22351354.0,173.0663,3868266137.0,True
1549346,SSTK,"Shutterstock, Inc.",36947684.0,104.5602,3863257229.0,False
925741,BCDA,"BioCardia, Inc.",15138782.0,255.0,3860389410.0,False
1804469,GFAI,"Guardforce AI Co., Ltd.",24353539.0,158.4,3857600578.0,False
90498,SFNC,SIMMONS FIRST NATIONAL CORP,144513789.0,26.6434,3850338686.0,True
1833197,SWIM,"Latham Group, Inc.",117646086.0,32.7,3847027012.0,False
1818093,SKIN,SkinHealth Systems Inc.,130140763.0,29.49,3837851101.0,False
1610590,MBAI,MBody AI Ltd.,7020502.0,546.0,3833194092.0,False
46250,HWKN,HAWKINS INC,20875117.0,183.5234,3831072447.0,True
1685040,BHF,"Brighthouse Financial, Inc.",57511563.0,66.61,3830845211.0,True
1894562,PRME,"Prime Medicine, Inc.",181376856.0,21.12,3830679199.0,False
1965040,FTRE,Fortrea Holdings Inc.,95100000.0,40.28,3830628000.0,True
2105398,CSQR,"Csquare, Inc.",166633984.0,22.98,3829248952.0,False
805676,PRK,PARK NATIONAL CORP /OH/,18064161.0,211.4033,3818823247.0,True
2007691,IOND,Ionic Digital Inc.,44996175.0,84.85,3817925449.0,False
1604868,GRWG,GrowGeneration Corp.,58920449.0,64.58,3805082596.0,False
1161728,MGEE,MGE ENERGY INC,36756422.0,103.4844,3803716277.0,True
1382574,SCNX,"Scienture Holdings, Inc.",41064146.0,92.5108,3798876998.0,False
1556739,THRY,"Thryv Holdings, Inc.",44439111.0,85.4,3795100079.0,False
880631,WT,"WisdomTree, Inc.",151512111.0,25.04,3793863259.0,True
1342916,HNOI,"HNO International, Inc.",102355323.0,37.0,3787146951.0,False
860413,FIBK,FIRST INTERSTATE BANCSYSTEM INC,95304607.0,39.7299,3786442506.0,True
708955,FFBC,FIRST FINANCIAL BANCORP /OH/,104968940.0,35.8917,3767513704.0,True
1851484,CTOR,"CITIUS ONCOLOGY, INC.",92981204.0,40.5,3765738762.0,False
1517022,AKBA,"Akebia Therapeutics, Inc.",277106245.0,13.58,3763102807.0,False
921082,HIW,"HIGHWOODS PROPERTIES, INC.",110272697.0,34.1126,3761688404.0,True
1877787,ZGN,Ermenegildo Zegna N.V.,242802746.0,15.4344,3747514703.0,False
75252,ACH,ACCENDRA HEALTH INC/VA/,76904704.0,48.7092,3745966608.0,False
1584480,GTIC,"Greentech Innovations, Inc.",606475.0,6175.0,3744983125.0,False
1174850,NIC,NICOLET BANKSHARES INC,20957513.0,178.6394,3743837548.0,True
1339688,LCGMF,LION COPPER CORP.,431278822.0,8.68,3743500175.0,False
1841330,KTTA,Pasithea Therapeutics Corp.,33414448.0,112.0,3742418176.0,False
1331284,DHT,"DHT Holdings, Inc.",160799407.0,23.27,3741802201.0,False
1752828,CELU,Celularity Inc,28945961.0,129.1,3736923565.0,False
2062440,KYIV,Kyivstar Group Ltd.,230863624.0,16.17,3733064800.0,False
1708688,IFRX,InflaRx N.V.,72292859.0,51.61,3731034453.0,False
825313,AB,ALLIANCEBERNSTEIN HOLDING L.P.,93075219.0,40.0161,3724507271.0,False
1885522,NMRA,"Neumora Therapeutics, Inc.",187895912.0,19.76,3712823221.0,False
1047335,NHC,NATIONAL HEALTHCARE CORP,15661395.0,236.75,3707835266.0,True
723188,CBU,"COMMUNITY FINANCIAL SYSTEM, INC.",52615905.0,70.4408,3706306441.0,True
931148,EAF,GRAFTECH INTERNATIONAL LTD,26092164.0,141.9984,3705045541.0,False
763744,LCII,LCI INDUSTRIES,24311507.0,152.3982,3705029906.0,True
1277866,EXK,ENDEAVOUR SILVER CORP,262323863.0,14.12,3704012946.0,False
1422143,KURA,"Kura Oncology, Inc.",88960619.0,41.62,3702540963.0,False
1860871,TVGN,Tevogen Inc.,6511540.0,568.5,3701810490.0,False
1073404,GGB,GERDAU S.A.,717782619.0,5.15,3696580488.0,False
1803696,ADEA,Adeia Inc.,110280150.0,33.5035,3694771006.0,True
1056903,AWR,AMERICAN STATES WATER CO,39635626.0,93.1648,3692645169.0,True
1840616,NFGC,New Found Gold Corp.,342329665.0,10.78,3690313789.0,False
1386716,SBLK,Star Bulk Carriers Corp.,113424507.0,32.48,3684027987.0,False
1314196,OLB,"OLB GROUP, INC.",24020313.0,153.0,3675107889.0,False
1756594,IVA,Inventiva S.A.,193236978.0,19.0,3671502582.0,False
1789769,TIL,"Instil Bio, Inc.",6781976.0,541.2,3670405411.0,False
708821,PAR,PAR TECHNOLOGY CORP,41362708.0,88.71,3669285827.0,False
1698514,NESR,National Energy Services Reunited Corp.,100851754.0,36.31,3661927188.0,False
1654126,ZIM,ZIM Integrated Shipping Services Ltd.,120465908.0,30.36,3657344967.0,False
36377,FHB,"FIRST HAWAIIAN, INC.",121680634.0,30.0548,3657087119.0,True
911216,PTN,PALATIN TECHNOLOGIES INC,1779275.0,2050.0,3647513750.0,False
1557798,CIIT,"Tianci International, Inc.",9673907.0,376.6,3643193376.0,False
1024795,HLIO,"HELIOS TECHNOLOGIES, INC.",32950577.0,110.4381,3638999118.0,False
5513,UNMA,Unum Group,158306798.0,22.9613,3634929881.0,False
1422142,WHWK,"Whitehawk Therapeutics, Inc.",57009010.0,63.75,3634324388.0,False
1831915,CTKB,"Cytek Biosciences, Inc.",129983253.0,27.93,3630432256.0,False
1712463,PACK,Ranpak Holdings Corp.,85758289.0,42.2,3618999796.0,False
1231346,SA,SEABRIDGE GOLD INC,91912919.0,39.35,3616773363.0,False
1590418,FCUV,FOCUS UNIVERSAL INC.,702745.0,5141.3335,3613046410.0,False
1392380,GEVO,"Gevo, Inc.",247237104.0,14.61,3612134089.0,False
1512762,CHRS,"Coherus Oncology, Inc.",154500966.0,23.37,3610687575.0,False
38264,FWDI,"Forward Industries, Inc.",73846883.0,48.8,3603727890.0,False
1373670,GRBK,"Green Brick Partners, Inc.",43010696.0,83.77,3603006004.0,True
812074,OI,"O-I Glass, Inc. /DE/",153659747.0,23.44,3601784470.0,True
774415,KRFG,"King Resources, Inc.",10881149.0,331.0,3601660319.0,False
1826457,GLUE,"Monte Rosa Therapeutics, Inc.",85313401.0,42.21,3601078656.0,False
1698530,XCUR,"EXICURE, INC.",6545995.0,547.5,3583932262.0,False
1504008,BKU,"BankUnited, Inc.",71232249.0,50.2311,3578074223.0,True
913241,SHOO,"STEVEN MADDEN, LTD.",73177095.0,48.8221,3572659450.0,True
2004024,LHSW,Lianhe Sowell International Group Ltd,52000000.0,68.64,3569280000.0,False
1856485,SLVM,Sylvamo Corp,39760243.0,89.7466,3568346624.0,True
2035304,TTAM,Titan America SA,184362465.0,19.32,3561882824.0,False
2078008,VGNT,Versigent PLC,70835265.0,50.22,3557347008.0,True
1974138,NATL,NCR Atleos Corp,73896934.0,48.13,3556659433.0,True
1086600,ARLP,ALLIANCE RESOURCE PARTNERS LP,128658801.0,27.6384,3555923406.0,False
1834376,INNV,InnovAge Holding Corp.,136451425.0,26.04,3553195107.0,False
1726978,GSHD,"Goosehead Insurance, Inc.",21147289.0,167.8044,3548608142.0,True
1802665,HRMY,"Harmony Biosciences Holdings, Inc.",58236393.0,60.91,3547178698.0,True
863436,BHE,BENCHMARK ELECTRONICS INC,35919933.0,98.67,3544219789.0,True
1840502,TBLA,Taboola.com Ltd.,336208207.0,10.5,3530186174.0,False
1643303,NNDM,Nano Dimension Ltd.,210839011.0,16.72,3525228264.0,False
1838406,BKV,BKV Corp,109437830.0,32.16,3519520613.0,False
1476765,GBDC,"GOLUB CAPITAL BDC, Inc.",259651589.0,13.546,3517240425.0,False
1573221,REAL,"TheRealReal, Inc.",121671115.0,28.9,3516295224.0,False
1768224,ARCT,Arcturus Therapeutics Holdings Inc.,28423069.0,123.66,3514796713.0,False
1070985,CXW,"CoreCivic, Inc.",98893489.0,35.54,3514674599.0,True
1262976,CMPR,CIMPRESS plc,24349476.0,144.29,3513385892.0,False
104918,AVA,AVISTA CORP,83752830.0,41.8941,3508749435.0,True
1714174,BUR,Burford Capital Ltd,219584503.0,15.9748,3507818519.0,False
1350653,ATEC,"Alphatec Holdings, Inc.",154451076.0,22.68,3502950404.0,False
21535,COHU,COHU INC,47338433.0,73.91,3498783583.0,True
878518,TGB,Trekor Metals Ltd,361099176.0,9.68,3495440024.0,False
1770450,XRX,Xerox Holdings Corp,131314511.0,26.5516,3486610370.0,False
1873529,KLC,"KinderCare Learning Companies, Inc.",118517033.0,29.41,3485585941.0,False
1857154,DNUT,"Krispy Kreme, Inc.",173500000.0,20.0542,3479403700.0,False
730708,SBCF,SEACOAST BANKING CORP OF FLORIDA,96822799.0,35.9302,3478862533.0,True
1697851,REKR,"Rekor Systems, Inc.",137636495.0,25.23,3472568769.0,False
887359,VCEL,Vericel Corp,51206614.0,67.81,3472320495.0,True
25743,TXMD,"TherapeuticsMD, Inc.",11574362.0,299.5,3466521419.0,False
1737706,SDRL,SEADRILL Ltd,62541443.0,55.34,3461043456.0,False
1748824,AAMI,Acadian Asset Management Inc.,35490128.0,97.2043,3449793049.0,True
1904856,EFXT,Enerflex Ltd.,121801779.0,28.3182,3449207138.0,False
1951070,MH,"McGraw Hill, Inc.",191308814.0,17.99,3441645564.0,False
1547903,NMIH,"NMI Holdings, Inc.",75217851.0,45.71,3438207969.0,True
1831979,SDST,Stardust Power Inc.,14049388.0,244.7,3437885244.0,False
1789972,CGEM,"Cullinan Therapeutics, Inc.",64354694.0,53.42,3437827753.0,False
1106861,CSDX,CS DIAGNOSTICS CORP.,137340200.0,25.0,3433505000.0,False
1530804,TROX,Tronox Holdings plc,159700029.0,21.4782,3430069163.0,False
1169770,BANC,"BANC OF CALIFORNIA, INC.",157950529.0,21.6881,3425646868.0,True
1835654,INVZ,Innoviz Technologies Ltd.,214090980.0,16.0,3425455680.0,False
1949478,DTCKF,DAVIS COMMODITIES Ltd,24500625.0,139.6,3420287250.0,False
1340677,SVM,SILVERCORP METALS INC,217736326.0,15.6935,3417045032.0,False
1867096,XERS,"Xeris Biopharma Holdings, Inc.",182320306.0,18.74,3416682534.0,False
1013934,STRA,"Strategic Education, Inc.",22207559.0,153.8266,3416113295.0,True
1743725,GDYN,"GRID DYNAMICS HOLDINGS, INC.",81126881.0,42.08,3413819152.0,False
1620737,OGI,ORGANIGRAM GLOBAL INC.,108585492.0,31.4,3409584449.0,False
1282631,NLST,NETLIST INC,349583129.0,9.75,3408435508.0,False
1280784,HTGC,"Hercules Capital, Inc.",187164000.0,18.2007,3406515815.0,False
1776111,MBX,"MBX Biosciences, Inc.",48160096.0,70.7,3404918787.0,False
1022652,INSG,INSEEGO CORP.,16420592.0,206.8,3395778426.0,False
1750704,HAWK,"HawkEye 360, Inc.",97965552.0,34.66,3395486032.0,False
107140,WLY,"JOHN WILEY & SONS, INC.",60884591.0,55.72,3392489411.0,True
1496690,BCRD,"BlueOne Technologies, Inc.",14428865.0,235.0,3390783275.0,False
1510593,XNET,Xunlei Ltd,314277001.0,10.78,3387906071.0,False
1784535,PRCH,"Porch Group, Inc.",131832044.0,25.66,3382810249.0,False
1408443,MIST,Milestone Pharmaceuticals Inc.,124497980.0,27.15,3380120157.0,False
1564902,PRKS,United Parks & Resorts Inc.,45341309.0,74.44,3375207042.0,True
1780731,EPOW,E-Power Inc.,25361550.0,133.0,3373086150.0,False
2096997,KLRA,"Kailera Therapeutics, Inc.",129643676.0,26.0,3370735576.0,False
46195,BOH,BANK OF HAWAII CORP,39450396.0,85.0725,3356143814.0,True
1020859,UNFI,UNITED NATURAL FOODS INC,60317084.0,55.61,3354233041.0,True
1871509,PTLO,Portillo's Inc.,61794622.0,54.22,3350504405.0,False
1899287,AMPX,"Amprius Technologies, Inc.",146080618.0,22.91,3346706958.0,False
1819574,BARK,"Bark, Inc.",9033457.0,370.0,3342379090.0,False
107140,WLYB,"JOHN WILEY & SONS, INC.",60884591.0,54.73,3332213665.0,False
826675,DX,DYNEX CAPITAL INC,247429551.0,13.4598,3330352271.0,False
1019034,BKYI,BIO KEY INTERNATIONAL INC,1436344.0,2318.3999,3330019786.0,False
1649752,NMG,Nouveau Monde Graphite Inc.,160761539.0,20.7,3327763857.0,False
1060822,CRI,CARTERS INC,36711185.0,90.3314,3316172737.0,True
1570937,PREM,Premier Air Charter Holdings Inc.,280848293.0,11.8,3314009857.0,False
1356576,SUPN,"SUPERNUS PHARMACEUTICALS, INC.",58127013.0,57.0,3313239741.0,True
1124105,GYRE,"GYRE THERAPEUTICS, INC.",111509849.0,29.68,3309612318.0,False
19745,CPK,CHESAPEAKE UTILITIES CORP,24106455.0,137.1391,3305937543.0,True
1640384,PWCM,"POWERCOMPUTE, INC.",1794135.0,1837.5,3296723062.0,False
771497,ABM,ABM INDUSTRIES INC /DE/,58614592.0,56.1768,3292780212.0,True
910329,MED,MEDIFAST INC,11180703.0,294.2645,3290083978.0,False
1699382,PMVP,"PMV Pharmaceuticals, Inc.",53458058.0,61.51,3288205148.0,False
1654795,BBUC,Brookfield Business Corp,87720678.0,37.4049,3281183189.0,False
1295401,TBBK,"Bancorp, Inc.",40786809.0,80.34,3276812235.0,True
1892316,LDDD,Longduoduo Co Ltd,30015036.0,109.0,3271638924.0,False
886744,GERN,GERON CORP,642473409.0,5.09,3270189652.0,False
1178970,PFS,PROVIDENT FINANCIAL SERVICES INC,130422618.0,25.0374,3265443256.0,True
1958086,CLB,Core Laboratories Inc. /DE/,45884542.0,71.1319,3263854653.0,False
1078075,NTCT,NETSCOUT SYSTEMS INC,72707312.0,44.84,3260195870.0,True
55242,KMT,KENNAMETAL INC,76219022.0,42.7641,3259437879.0,True
1630805,BW,"Babcock & Wilcox Enterprises, Inc.",148965066.0,21.85,3254886692.0,False
1396814,PCRX,"Pacira BioSciences, Inc.",39861886.0,81.64,3254324373.0,True
31235,KODK,EASTMAN KODAK CO,97900000.0,33.2,3250280000.0,False
943535,WHEN,"WORLD HEALTH ENERGY HOLDINGS, INC.",550834347495.0,0.0059,3249922650.0,False
1619856,CRBU,"Caribou Biosciences, Inc.",107207513.0,30.29,3247315569.0,False
1504461,NGL-PC,NGL Energy Partners LP,124814289.0,26.0,3245171514.0,False
810136,PLAB,PHOTRONICS INC,58997167.0,54.96,3242484298.0,True
108516,WOR,"WORTHINGTON ENTERPRISES, INC.",48934416.0,66.2466,3241738683.0,True
1997859,WBTN,WEBTOON Entertainment Inc.,135711070.0,23.85,3236709020.0,False
854775,DGII,DIGI INTERNATIONAL INC,37948123.0,85.24,3234698005.0,True
1844862,SLDP,"Solid Power, Inc.",228181212.0,14.17,3233327774.0,False
1620463,LONA,"LeonaBio, Inc.",9421663.0,343.0,3231630409.0,False
880807,AMSC,AMERICAN SUPERCONDUCTOR CORP /DE/,48442143.0,66.68,3230122095.0,False
1840780,LOCL,Local Bounti Corporation/DE,23380119.0,138.06,3227859229.0,False
1490281,GRPN,"Groupon, Inc.",40665296.0,79.2,3220691443.0,False
1067294,CBRL,"CRACKER BARREL OLD COUNTRY STORE, INC",22351460.0,144.053,3219794867.0,True
1815776,LENZ,"LENZ Therapeutics, Inc.",31420343.0,102.3903,3217138346.0,False
1286973,USAS,Americas Gold & Silver Corp,320418782.0,10.03,3213800383.0,False
1318885,DSX-PB,DIANA SHIPPING INC.,115787434.0,27.75,3213101294.0,False
1612720,NEXT,NextDecade Corp,266185433.0,12.0,3194225196.0,False
1539638,TFIN,"Triumph Financial, Inc.",23894537.0,133.63,3193026979.0,True
1163739,NBR,NABORS INDUSTRIES LTD,15961327.0,200.02,3192584627.0,False
1552797,DKL,"Delek Logistics Partners, LP",53197301.0,60.0,3191838060.0,False
1738827,KLXE,"KLX Energy Services Holdings, Inc.",21273059.0,150.0,3190958850.0,False
1854270,SNTI,"Senti Biosciences Holdings, Inc.",31144754.0,102.4,3189222810.0,False
2115119,CLBK,"Columbia Financial, Inc./MD/",269545135.0,11.82,3186023496.0,False
811596,KALU,KAISER ALUMINUM CORP,16349092.0,194.7959,3184736090.0,True
1855644,ZURA,Zura Bio Ltd,95829137.0,33.21,3182485640.0,False
1599617,DNOW,DNOW Inc.,180785891.0,17.59,3180023823.0,True
1879016,IE,Ivanhoe Electric Inc.,159590259.0,19.92,3179037959.0,False
1558740,WNLV,Winvest Group Ltd,116494283.0,27.25,3174469212.0,False
110471,WWW,WOLVERINE WORLD WIDE INC /DE/,82066339.0,38.6346,3170600181.0,True
2032966,TIC,"TIC Solutions, Inc.",218220356.0,14.49,3162012958.0,False
1854078,MMTZF,MindMaze Therapeutics Holding SA,12540439.0,252.0,3160190628.0,False
1537054,GOGO,Gogo Inc.,135507862.0,23.28,3154623027.0,False
1081834,KUBR,Kuber Resources Corp,157556723.0,20.0,3151134460.0,False
1307579,LIQT,LIQTECH INTERNATIONAL INC,32947841.0,95.6,3149813600.0,False
785956,JJSF,J&J SNACK FOODS CORP,18681608.0,168.3965,3145917402.0,True
1951089,CRML,Critical Metals Corp.,104912853.0,29.97,3144238204.0,False
1348362,LEXX,Lexaria Bioscience Corp.,24787446.0,126.6,3138090664.0,False
1832332,AVAH,"Aveanna Healthcare Holdings, Inc.",218219696.0,14.38,3137999228.0,False
2027262,FTRKF,Fast Track Group,21812500.0,143.8,3136637500.0,False
30305,DCO,DUCOMMUN INC /DE/,15099779.0,206.98,3125352257.0,False
1020710,DXPE,DXP ENTERPRISES INC,15517148.0,200.84,3116464004.0,True
1362004,ICFI,"ICF International, Inc.",17933884.0,173.7462,3115944196.0,False
1054905,IOSP,INNOSPEC INC.,24631047.0,126.2536,3109758356.0,True
1792781,CURV,Torrid Holdings Inc.,99719435.0,31.16,3107257595.0,False
1968915,PHIN,PHINIA INC.,36638088.0,84.7866,3106418912.0,True
1631487,CLGN,CollPlant Biotechnologies Ltd,12803006.0,242.5,3104728955.0,False
1649749,FBK,FB Financial Corp,49978138.0,62.08,3102642807.0,True
1555279,MASS,908 Devices Inc.,41333705.0,75.0,3100027875.0,False
1886428,SLDE,"Slide Insurance Holdings, Inc.",116811719.0,26.48,3093174319.0,False
28823,DBD,"DIEBOLD NIXDORF, Inc",33946588.0,90.75,3080652861.0,True
1177648,ENTA,ENANTA PHARMACEUTICALS INC,29125402.0,105.66,3077389975.0,False
1309402,GPRE,Green Plains Inc.,70095328.0,43.86,3074381086.0,False
752714,MGRC,MCGRATH RENTCORP,24425663.0,125.7,3070305839.0,False
1856031,SEAT,Vivid Seats Inc.,11241195.0,273.0,3068846235.0,False
1964954,ECO,Okeanis Eco Tankers Corp.,35433544.0,86.3,3057914847.0,False
819793,AIN,ALBANY INTERNATIONAL CORP /DE/,28400000.0,107.6219,3056461960.0,True
1576018,SPNT,SiriusPoint Ltd,116165016.0,26.31,3056301571.0,True
2084227,ADBT,"Advasa Holdings, Inc.",487065702.0,6.26,3049031295.0,False
1923891,NNE,Nano Nuclear Energy Inc.,53698146.0,56.63,3040926008.0,False
99780,TRN,TRINITY INDUSTRIES INC,79669486.0,38.07,3033017332.0,True
1840439,BMEA,"Biomea Fusion, Inc.",72483852.0,41.8,3029825014.0,False
1680247,PUMP,ProPetro Holding Corp.,122823917.0,24.66,3028837793.0,False
903129,THRM,Gentherm Inc,30705208.0,98.58,3026919405.0,True
1834488,NABL,"N-able, Inc.",188906050.0,16.0,3022496800.0,True
8063,ATRO,ASTRONICS CORP,32282681.0,93.45,3016816539.0,False
1325964,LWLG,"Lightwave Logic, Inc.",154167255.0,19.56,3015511508.0,False
1885827,VRAX,Virax Biolabs Group Ltd,579218.0,5200.0,3011933600.0,False
1527702,IQST,iQSTEL Inc,10915859.0,275.3196,3005349934.0,False
320121,TLS,TELOS CORP,74736789.0,40.21,3005166286.0,False
921582,IMAX,IMAX CORP,54842114.0,54.79,3004799426.0,False
1362898,AVLNF,Avalon Advanced Materials Inc.,348413157.0,8.62,3003321413.0,False
1660334,VRCA,Verrica Pharmaceuticals Inc.,17178786.0,174.6,2999416036.0,False
912562,ROCK,"GIBRALTAR INDUSTRIES, INC.",29683889.0,100.98,2997479111.0,True
1227654,CMP,COMPASS MINERALS INTERNATIONAL INC,41980874.0,71.3991,2997396621.0,False
893949,MD,"Pediatrix Medical Group, Inc.",81253271.0,36.86,2994995569.0,True
1120914,PDFS,PDF SOLUTIONS INC,42227216.0,70.79,2989264621.0,True
1967822,CGTL,Creative Global Technology Holdings Ltd,21437500.0,139.35,2987315625.0,False
1692705,HTT,High Templar Tech Ltd,325838455.0,9.14,2978163479.0,False
1447362,CSTL,CASTLE BIOSCIENCES INC,30549507.0,97.33,2973383516.0,False
1984060,AESI,Atlas Energy Solutions Inc.,125003451.0,23.7632,2970482007.0,True
1369241,DAC,Danaos Corp,18264294.0,162.4,2966121346.0,False
1537137,SLI,STANDARD LITHIUM LTD.,239705571.0,12.37,2965157913.0,False
1127537,LUNG,Pulmonx Corp,42948269.0,69.02,2964289526.0,False
834365,BLFS,BIOLIFE SOLUTIONS INC,48906704.0,60.5,2958855592.0,True
1740279,INAB,"IN8BIO, INC.",9858383.0,300.0,2957514900.0,False
1611547,UE,Urban Edge Properties,126019994.0,23.4681,2957449821.0,True
1941500,MWG,Multi Ways Holdings Ltd,33330000.0,88.7,2956371000.0,False
1826681,PDYN,Palladyne AI Corp.,49338510.0,59.88,2954389979.0,False
1559865,EVTC,"EVERTEC, Inc.",59752542.0,49.3691,2949929221.0,True
1796949,GFLT,"GenFlat Holdings, Inc.",13105234.0,225.0,2948677650.0,False
2085187,BOBS,"Bob's Discount Furniture, Inc.",130687076.0,22.53,2944379822.0,False
1137883,BCLI,BRAINSTORM CELL THERAPEUTICS INC.,11034775.0,265.95,2934698411.0,False
1444192,GRCE,"Grace Therapeutics, Inc.",21035930.0,139.2,2928201456.0,False
1438461,ELRE,Yinfu Gold Corp.,121983993.0,24.0,2927615832.0,False
1576940,CCS,"Century Communities, Inc.",28432900.0,102.9498,2927161368.0,True
2054507,HBNB,Hotel101 Global Holdings Corp.,234032386.0,12.47,2918383853.0,False
885245,BKE,BUCKLE INC,51512434.0,56.63,2917149137.0,True
1674227,WORX,SCWorx Corp.,89789.0,32454.0,2914012206.0,False
1519449,SKWD,"Skyward Specialty Insurance Group, Inc.",44396493.0,65.63,2913741836.0,False
2039060,RBNE,Robin Energy Ltd.,2774865.0,1050.0,2913608250.0,False
1967649,VSTS,Vestis Corp,132160105.0,22.0356,2912227210.0,True
1728190,HUYA,HUYA Inc.,225231915.0,12.9298,2912203615.0,False
66382,MLKN,"MILLERKNOLL, INC.",68123238.0,42.6995,2908828201.0,True
1758488,OSW,ONESPAWORLD HOLDINGS Ltd,101498712.0,28.6252,2905420931.0,True
1506251,CTXR,"Citius Pharmaceuticals, Inc.",27452570.0,105.75,2903109278.0,False
1826600,MNTK,"Montauk Renewables, Inc.",142341139.0,20.32,2892371944.0,False
936528,WAFD,WAFD INC,73995238.0,39.0303,2888056338.0,True
1527352,NXL,"Nexalin Technology, Inc.",22036402.0,130.8,2882361382.0,False
1735438,MGTX,MeiraGTx Holdings plc,96042996.0,30.01,2882250310.0,False
1842295,MAZE,"Maze Therapeutics, Inc.",55549168.0,51.835,2879391123.0,False
1334978,CCO,"Clear Channel Outdoor Holdings, Inc.",509093845.0,5.65,2876380224.0,False
2035709,PHOE,Phoenix Asia Holdings Ltd,21600000.0,133.12,2875392000.0,False
797542,QXL,QUANTUM X LABS INC.,21567826.0,133.28,2874559849.0,False
2019804,IMSR,Terrestrial Energy Inc. /DE/,105935254.0,27.1,2870845383.0,False
1291855,SPCB,SuperCom Ltd,5369367.0,534.0,2867241978.0,False
876167,PRGS,PROGRESS SOFTWARE CORP /MA,41012942.0,69.89,2866394516.0,True
933036,UPBD,"UPBOUND GROUP, INC.",58299405.0,49.1116,2863177059.0,True
1753373,MTWO,"M2i Global, Inc.",953662377.0,3.0,2860987131.0,False
1290677,TPB,"Turning Point Brands, Inc.",20048922.0,142.5361,2857695151.0,False
1808805,NAUT,"Nautilus Biotechnology, Inc.",127255223.0,22.43,2854334652.0,False
1688757,ESTA,ESTABLISHMENT LABS HOLDINGS INC.,29801891.0,95.65,2850550874.0,False
1594204,RBTK,ZHEN DING RESOURCES INC.,110967348.0,25.68,2849641497.0,False
1756655,ARDT,"Ardent Health, Inc.",141045907.0,20.19,2847716862.0,False
1601548,VVX,"V2X, Inc.",31345358.0,90.81,2846471960.0,True
1041024,RMTI,"ROCKWELL MEDICAL, INC.",4030465.0,706.2,2846314383.0,False
2096861,SIND,Sinda Ltd.,158790885.0,17.92,2845532659.0,False
793074,WERN,WERNER ENTERPRISES INC,59977156.0,47.29,2836319707.0,True
1632790,ENR,"ENERGIZER HOLDINGS, INC.",68483637.0,41.389,2834469252.0,True
1464790,RILY,"BRC Group Holdings, Inc.",40199755.0,70.3821,2829343176.0,False
1901279,NYAX,Nayax Ltd.,37301367.0,75.81,2827816632.0,False
1488813,CUBI,"Customers Bancorp, Inc.",33783799.0,83.65,2826014786.0,True
1563568,AZIO,"AZIO AI HOLDINGS, INC.",16467848.0,171.6,2825882717.0,False
712534,FRME,FIRST MERCHANTS CORP,63022741.0,44.8325,2825467036.0,False
1261654,UTI,UNIVERSAL TECHNICAL INSTITUTE INC,55095231.0,51.2,2820875827.0,True
728387,CATX,"Perspective Therapeutics, Inc.",114151663.0,24.7,2819546076.0,False
94049,SCL,STEPAN CO,22732540.0,124.0174,2819230506.0,True
1854963,SHFS,"SHF Holdings, Inc.",12332955.0,228.4,2816846922.0,False
1953926,ZBIO,"Zenas BioPharma, Inc.",65176723.0,43.17,2813679132.0,False
1699963,LIME,"Neutron Holdings, Inc.",64984190.0,43.27,2811865901.0,False
897077,ALG,ALAMO GROUP INC,12170965.0,230.7003,2807845277.0,True
790359,NBTB,NBT BANCORP INC,51960061.0,53.8379,2797420568.0,True
1767258,XPEL,"XPEL, Inc.",27570748.0,101.4,2795673847.0,True
2078856,PURR,Hyperliquid Strategies Inc,197837597.0,14.09,2787531742.0,False
2020228,MSGY,Masonglory Ltd,16957000.0,164.16,2783661120.0,False
805928,AXGN,"Axogen, Inc.",53761513.0,51.73,2781083067.0,False
1563880,TRVI,"Trevi Therapeutics, Inc.",142475841.0,19.5,2778278900.0,False
1828673,HCWB,HCW Biologics Inc.,1836324.0,1512.0,2776521888.0,False
914156,UFPT,UFP TECHNOLOGIES INC,7745790.0,358.42,2776246052.0,True
1581760,LIFX,"Life360, Inc.",81480369.0,34.0,2770332546.0,False
1297184,AMPH,"Amphastar Pharmaceuticals, Inc.",42537944.0,65.0,2764966360.0,True
1631761,YRD,Yiren Digital Ltd.,174680826.0,15.8211,2763642816.0,False
1580808,ATEN,"A10 Networks, Inc.",72609021.0,38.0266,2761074198.0,True
884624,OFIX,Orthofix Medical Inc.,40732608.0,67.71,2758004888.0,False
803578,AIFF,"FIREFLY NEUROSCIENCE, INC.",15690316.0,175.5,2753650458.0,False
821026,ANDE,"Andersons, Inc.",33975570.0,80.87,2747604346.0,True
1643615,ONT,"Onterris, Inc.",35117424.0,78.21,2746533731.0,False
1813452,PLNH,Planet 13 Holdings Inc.,335319455.0,8.19,2746266336.0,False
811589,FBNC,FIRST BANCORP /NC/,41374221.0,66.34,2744765821.0,True
1844505,QTI,"QT IMAGING HOLDINGS, INC.",14636524.0,187.35,2742152771.0,False
1820190,SCLX,Scilex Holding Co,8493000.0,322.5405,2739336466.0,False
1298946,DRH,DiamondRock Hospitality Co,204605681.0,13.38,2737624012.0,True
835324,SYBT,"Stock Yards Bancorp, Inc.",31066643.0,88.03,2734796583.0,False
1108134,BBT,Beacon Financial Corp,83816086.0,32.61,2733242564.0,True
1813603,HSTA,Hestia Insight Inc.,27939260.0,97.675,2728967220.0,False
891014,MTX,MINERALS TECHNOLOGIES INC,31128762.0,87.5765,2726148025.0,True
1259429,OXSQH,Oxford Square Capital Corp.,107707775.0,25.295,2724468169.0,False
1709682,CTOS,"Custom Truck One Source, Inc.",227505535.0,11.97,2723241254.0,False
2091017,SSMR,Sunshine Silver Mining & Refining Co,143726603.0,18.94,2722181861.0,False
1835615,MHUAF,"Meihua International Medical Technologies Co., Ltd.",697914.0,3900.0,2721864600.0,False
1437424,POET,POET TECHNOLOGIES INC.,132290739.0,20.57,2721220501.0,False
1674335,JELD,"JELD-WEN Holding, Inc.",86763382.0,31.15,2702679349.0,False
2131524,BRVE,"Braveheart Bio, Inc.",90038969.0,30.0,2701169070.0,False
1837014,SMRT,"SmartRent, Inc.",191611799.0,14.06,2694061894.0,False
1415921,NMM,Navios Maritime Partners L.P.,28665121.0,93.71,2686208489.0,False
1785680,BVC,BitVentures Ltd,159750000.0,16.79,2682202500.0,False
1440972,LAR,Lithium Argentina AG,162406904.0,16.4895,2678008644.0,False
1853962,IAUX,i-80 Gold Corp.,865901683.0,3.09,2675636200.0,False
1314052,AVXL,ANAVEX LIFE SCIENCES CORP.,92696842.0,28.86,2675230860.0,False
2024876,EDHL,Everbright Digital Holding Ltd.,26660000.0,100.32,2674531200.0,False
1111485,RXST,"RxSight, Inc.",41593256.0,64.29,2674030428.0,False
1137091,PSIX,"POWER SOLUTIONS INTERNATIONAL, INC.",23065450.0,115.78,2670517801.0,False
1158895,LMAT,LEMAITRE VASCULAR INC,22869257.0,116.7516,2670022346.0,True
1668243,URGN,UroGen Pharma Ltd.,48880564.0,54.55,2666434766.0,False
1760854,NBTX,Nanobiotix S.A.,48410068.0,55.07,2665942445.0,False
1434647,ZVRA,"ZEVRA THERAPEUTICS, INC.",59383781.0,44.8,2660393389.0,False
1409493,CIM,CHIMERA INVESTMENT CORP,83711818.0,31.7224,2655539775.0,False
1829959,DCBO,Docebo Inc.,28747289.0,92.32,2653949720.0,False
748268,RCAT,"Red Cat Holdings, Inc.",152714362.0,17.36,2651121324.0,False
1045986,FORTY,FORMULA SYSTEMS (1985) LTD,15332667.0,172.8334,2649996969.0,False
1862463,AMOD,"ALPHA MODUS HOLDINGS, INC.",4966818.0,533.2,2648307358.0,False
1684144,ZOMDF,Zomedica Corp.,979949668.0,2.7,2645864104.0,False
1107421,TCRT,"Alaunos Therapeutics, Inc.",2540480.0,1041.0,2644639680.0,False
1419806,REEMF,RARE ELEMENT RESOURCES LTD,645368390.0,4.09,2639556715.0,False
1509261,RZLT,"Rezolute, Inc.",96292331.0,27.4,2638409869.0,False
6955,EPAC,ENERPAC TOOL GROUP CORP,51137646.0,51.5191,2634565498.0,True
1345016,YELP,YELP INC,54263621.0,48.43,2627987165.0,True
1660734,TRTN-PA,Triton International Ltd,101158891.0,25.95,2625073221.0,False
1430723,SFBS,"ServisFirst Bancshares, Inc.",54672510.0,47.9673,2622492689.0,True
1707303,DOGZ,Dogness (International) Corp,15000000.0,174.8,2622000000.0,False
1650648,FDMT,"4D Molecular Therapeutics, Inc.",49778127.0,52.67,2621813949.0,False
1871983,ANGH,Anghami Inc,9064808.0,288.8,2617916550.0,False
2100782,GENB,"Generate Biomedicines, Inc.",128352436.0,20.38,2615822646.0,False
1830487,PHVS,Pharvaris N.V.,65210590.0,40.11,2615596765.0,False
101538,UAMY,UNITED STATES ANTIMONY CORP,149669384.0,17.47,2614724138.0,False
1022408,PLUS,EPLUS INC,26090418.0,100.0752,2611003799.0,True
1833141,HELP,CYBIN INC.,21601208.0,120.84,2610289975.0,False
1610820,BCTX,BriaCell Therapeutics Corp.,8699787.0,300.0,2609936100.0,False
314489,BUSE,FIRST BUSEY CORP /NV/,82576956.0,31.58,2607780270.0,False
731012,HCSG,HEALTHCARE SERVICES GROUP INC,68632202.0,37.9094,2601805598.0,True
1822492,HLMN,Hillman Solutions Corp.,194544999.0,13.34,2595230287.0,False
876883,STGW,Stagwell Inc,244475451.0,10.61,2593884535.0,False
1395937,SNDX,Syndax Pharmaceuticals Inc,89297086.0,28.98,2587829552.0,False
844856,HCMC,Healthier Choices Management Corp.,527156418606.0,0.0049,2583066451.0,False
1589526,BLBD,Blue Bird Corp,31676039.0,81.5,2581597178.0,False
1501796,AURA,"Aura Biosciences, Inc.",103704809.0,24.89,2581212696.0,False
1463972,VUZI,Vuzix Corp,84414230.0,30.57,2580543011.0,False
1905920,GLXG,Galaxy Payroll Group Ltd,16000000.0,161.2,2579200000.0,False
1701541,BDTX,"Black Diamond Therapeutics, Inc.",57453747.0,44.8,2573927866.0,False
1791725,HUDI,"Huadi International Group Co., Ltd.",14299182.0,180.0,2573852760.0,False
742278,RES,RPC INC,221657012.0,11.5979,2570755859.0,True
1875444,ARHS,"Arhaus, Inc.",136946392.0,18.7554,2568484361.0,False
1571934,TAOX,TAO Synergies Inc.,7483242.0,343.0,2566752006.0,False
2114044,COAG,"Hemab Therapeutics Holdings, Inc.",46712117.0,54.94,2566363708.0,False
1021561,NUS,"NU SKIN ENTERPRISES, INC.",48676634.0,52.7061,2565555539.0,False
1907184,ELBM,Electra Battery Materials Corp,103738330.0,24.696,2561921798.0,False
1314102,EYPT,"EyePoint, Inc.",86212138.0,29.71,2561362620.0,False
1629019,MBIN,Merchants Bancorp,45938075.0,55.6047,2554372879.0,True
1653242,NTB,Bank of N.T. Butterfield & Son Ltd,39948264.0,63.91,2553093552.0,False
1446847,IRWD,IRONWOOD PHARMACEUTICALS INC,165239947.0,15.45,2552957181.0,False
1948294,NWGL,CL Workshop Group Ltd,132425321.0,19.27,2551835936.0,False
1400810,HCI,"HCI Group, Inc.",12438867.0,204.4097,2542625072.0,True
1468328,ADUS,Addus HomeCare Corp,18674300.0,135.92,2538210856.0,True
2104204,ALMR,"Alamar Biosciences, Inc.",69392766.0,36.57,2537693453.0,False
1898795,LVWR,"LiveWire Group, Inc.",205412457.0,12.29,2524519097.0,False
78814,PBI,PITNEY BOWES INC /DE/,137090212.0,18.4037,2522967135.0,True
771266,KOPN,KOPIN CORP,185872614.0,13.56,2520432646.0,False
2012593,RAPP,"Rapport Therapeutics, Inc.",47978286.0,52.5,2518860015.0,False
1808834,PRG,"PROG Holdings, Inc.",39831633.0,63.1963,2517211829.0,True
946673,BANR,BANNER CORP,33984909.0,74.01,2515223115.0,True
1869974,OCEA,"Ocean Biomedical, Inc.",232365143.0,10.8,2509543544.0,False
1857030,INCR,Intercure Ltd.,54681335.0,45.75,2501671076.0,False
1041859,PLCE,"Childrens Place, Inc.",22237067.0,112.4667,2500929543.0,False
1636639,PLGO,Pelagos Insurance Capital Ltd,96651534.0,25.8254,2496064526.0,False
1596993,LPG,DORIAN LPG LTD.,42782681.0,58.31,2494658129.0,True
1746473,PLRX,"PLIANT THERAPEUTICS, INC.",61921897.0,40.23,2491117916.0,False
1519061,TSEOQ,Trinseo PLC,36559868.0,68.1206,2490480144.0,False
1742927,RVPH,"REVIVA PHARMACEUTICALS HOLDINGS, INC.",13110377.0,189.8,2488349555.0,False
1287032,PSEC,PROSPECT CAPITAL CORP,524832496.0,4.7238,2479203745.0,False
107815,WELPP,WISCONSIN ELECTRIC POWER CO,33289327.0,74.4216,2477444978.0,False
1680689,NRHI,"Natural Resource Holdings, Inc.",5589891.0,443.0,2476321713.0,False
1530979,HNST,"Honest Company, Inc.",107284379.0,23.0,2467540717.0,False
1980088,MNR,MACH NATURAL RESOURCES LP,166948094.0,14.7781,2467175628.0,False
1025835,EFSC,ENTERPRISE FINANCIAL SERVICES CORP,36192520.0,68.1461,2466379087.0,False
1733998,NWN,Northwest Natural Holding Co,42093538.0,58.3795,2457399702.0,True
1593275,HG,"Hamilton Insurance Group, Ltd.",65890659.0,37.28,2456403768.0,False
1931717,CCTG,CCSC Technology International Holdings Ltd,11581250.0,211.9,2454066875.0,False
1823635,ECXJ,"CXJ GROUP CO., Ltd",102270517.0,23.94,2448356177.0,False
1968487,WS,"Worthington Steel, Inc.",50948146.0,48.0346,2447273814.0,True
1412095,TROO,"Troops, Inc. /Cayman Islands/",122160166.0,20.0,2443203320.0,False
1576427,CRTO,Criteo S.A.,48997559.0,49.66,2433218780.0,False
88948,SENEA,Seneca Foods Corp,11735631.0,207.3,2432796306.0,False
1462418,ASPS,ALTISOURCE PORTFOLIO SOLUTIONS S.A.,11420206.0,212.8,2430219837.0,False
1410428,XWEL,"XWELL, Inc.",8589266.0,282.6,2427326572.0,False
1437402,ARDX,"ARDELYX, INC.",249187572.0,9.74,2427086951.0,False
1687187,METC,"Ramaco Resources, Inc.",44414085.0,54.55,2422788337.0,False
1617867,AMIX,"Autonomix Medical, Inc.",971043.0,2494.8,2422558076.0,False
2123613,KARD,"Kardigan, Inc.",93503699.0,25.9,2421745804.0,False
42682,GRC,GORMAN RUPP CO,26410243.0,91.5219,2417115619.0,False
1023024,ANIP,ANI PHARMACEUTICALS INC,24422240.0,98.81,2413161534.0,True
1160308,SVRA,Savara Inc,205460015.0,11.7,2403882176.0,False
899460,MNKD,MANNKIND CORP,321540637.0,7.44,2392262339.0,False
1799011,LUCD,Lucid Diagnostics Inc.,203243970.0,11.76,2390149087.0,False
1667011,AIP,"Arteris, Inc.",49152102.0,48.59,2388300636.0,False
1677703,CNDT,CONDUENT Inc,155520800.0,15.35,2387244280.0,False
1627281,CLLS,Cellectis S.A.,71751201.0,33.25,2385727433.0,False
1295810,SHO,"Sunstone Hotel Investors, Inc.",185943941.0,12.8061,2381216703.0,True
1262104,LITS,"Lite Strategy, Inc.",34025200.0,69.9107,2378725550.0,False
1525769,PLAY,"Dave & Buster's Entertainment, Inc.",34830644.0,68.29,2378584679.0,False
1785424,KPLT,"Katapult Holdings, Inc.",4972405.0,477.25,2373080286.0,False
1584549,VFF,"Village Farms International, Inc.",122286297.0,19.37,2368685573.0,False
1504461,NGL,NGL Energy Partners LP,124814289.0,18.97,2367727062.0,False
1368458,SBH,"Sally Beauty Holdings, Inc.",93622292.0,25.29,2367707765.0,True
1051512,TDS,TELEPHONE & DATA SYSTEMS INC /DE/,49849632.0,47.448,2365265339.0,True
1534154,AUID,authID Inc.,16720339.0,141.44,2364924748.0,False
1863127,TYRA,"Tyra Biosciences, Inc.",59676939.0,39.61,2363803554.0,False
1680581,FULC,"Fulcrum Therapeutics, Inc.",76297257.0,30.97,2362926049.0,False
1539850,STCB,"Starco Brands, Inc.",784192033.0,3.0,2352576099.0,False
1046568,PRDO,PERDOCEO EDUCATION Corp,62577055.0,37.581,2351708304.0,True
80035,PLPC,PREFORMED LINE PRODUCTS CO,4888701.0,480.77,2350340780.0,False
1630627,TMCI,"TREACE MEDICAL CONCEPTS, INC.",65034552.0,36.11,2348397673.0,False
1108109,CYH,COMMUNITY HEALTH SYSTEMS INC,141009357.0,16.65,2347805794.0,False
1828161,FTCI,"FTC Solar, Inc.",16461251.0,142.6,2347374393.0,False
1881472,MEGL,Magic Empire Global Ltd,20256099.0,115.83,2346263947.0,False
887905,LTC,LTC PROPERTIES INC,53905563.0,43.5,2344891990.0,True
821130,AD,"ARRAY DIGITAL INFRASTRUCTURE, INC.",53155606.0,44.0514,2341578862.0,False
1824814,CGNT,Cognyte Software Ltd.,73078376.0,32.02,2339969600.0,False
1874252,QUCY,Quantum Cyber N.V.,84068192.0,27.76,2333733010.0,False
1774675,SKIL,Skillsoft Corp.,9100444.0,256.4,2333353842.0,False
1518621,ORC,"Orchid Island Capital, Inc.",199603438.0,11.6637,2328114620.0,False
1392694,SURG,"SurgePays, Inc.",52908423.0,43.95,2325325191.0,False
784199,AORT,"ARTIVION, INC.",48756221.0,47.63,2322258806.0,True
1766400,PNTG,"Pennant Group, Inc.",34929074.0,66.48,2322084840.0,False
1787297,PASG,"Passage BIO, Inc.",3217810.0,721.4,2321328134.0,False
1474167,COSM,Cosmos Health Inc.,100633773.0,23.01,2315583117.0,False
1471265,NWBI,"Northwest Bancshares, Inc.",146459122.0,15.8094,2315430843.0,True
1620459,JRVR,"James River Group Holdings, Inc.",46239030.0,49.9913,2311549220.0,False
1546417,BLMN,"Bloomin' Brands, Inc.",85620917.0,26.9703,2309221818.0,False
2036042,SION,"Sionna Therapeutics, Inc.",45212399.0,51.04,2307640845.0,False
1376339,MDXG,"MIMEDX GROUP, INC.",145760468.0,15.83,2307388208.0,False
1765850,AURE,Aurelion Inc.,9150000.0,252.0,2305800000.0,False
1864163,INTR,"Inter & Co, Inc.",228521790.0,10.0824,2304048095.0,False
1872789,EMBC,Embecta Corp.,56659599.0,40.6593,2303739634.0,False
1898766,TPET,Trio Petroleum Corp,5323907.0,432.0,2299927824.0,False
868278,PRPH,"ProPhase Labs, Inc.",15592556.0,147.0,2292105732.0,False
1127248,ERRAF,EMERA INC,122950000.0,18.6294,2290484730.0,False
1847075,SAIH,SAIHEAT Ltd,14413299.0,158.775,2288471549.0,False
1756390,AAWH,"Ascend Wellness Holdings, Inc.",203212781.0,11.25,2286143786.0,False
1614178,YEXT,"Yext, Inc.",98978704.0,23.06,2282448914.0,False
94344,STC,STEWART INFORMATION SERVICES CORP,30522199.0,74.7651,2281995260.0,True
1030469,OFG,OFG BANCORP,42265494.0,53.95,2280223401.0,True
1265131,HTH,Hilltop Holdings Inc.,57286417.0,39.79,2279426532.0,True
1809196,IMTX,Immatics N.V.,134071432.0,17.0,2279214344.0,False
1839140,RVRC,Revium Rx.,60729100.0,37.5,2277341250.0,False
1676163,SSII,"SS Innovations International, Inc.",200385435.0,11.35,2274374687.0,False
715787,TILE,INTERFACE INC,57800460.0,39.2876,2270841352.0,True
1125345,MGNX,MACROGENICS INC,63700187.0,35.63,2269637663.0,False
1071840,WNDW,"SolarWindow Technologies, Inc.",65779045.0,34.47,2267403681.0,False
1052752,GTY,GETTY REALTY CORP /MD/,61932699.0,36.61,2267356110.0,True
890541,BLX,"BLADEX, INC.",36539861.0,62.0326,2266662581.0,False
1512499,LIND,"LINDBLAD EXPEDITIONS HOLDINGS, INC.",65619689.0,34.48,2262566877.0,False
1913847,CNCK,Coincheck Group N.V.,162983725.0,13.88,2262214103.0,False
1498547,CMRF,"CIM GROUP, INC.",436300000.0,5.1845,2261997350.0,False
1526113,GNL,"Global Net Lease, Inc.",210930100.0,10.6864,2254083421.0,True
1870600,SBDS,"Solo Brands, Inc.",2568010.0,877.2,2252658372.0,False
1579733,VITL,"Vital Farms, Inc.",42931522.0,52.41,2250041068.0,False
1984086,SEPN,"Septerna, Inc.",46676947.0,48.19,2249362076.0,False
1786318,IBATF,INTERNATIONAL BATTERY METALS LTD.,379001682.0,5.91,2239899941.0,False
1681348,VIVO,VivoPower PLC,12527212.0,178.6,2237360063.0,False
1798100,NTST,NETSTREIT Corp.,101527998.0,22.014,2235037348.0,True
1760903,BNKK,"BONK, INC.",8000940.0,279.3,2234662542.0,False
829365,NTPIF,NAM TAI PROPERTY INC.,60547760.0,36.9,2234212344.0,False
1788348,BIPC,Brookfield Infrastructure Corp,44960449.0,49.401,2221091141.0,False
1622194,DEA,"Easterly Government Properties, Inc.",47321617.0,46.8431,2216691237.0,True
1936224,SRFM,SURF AIR MOBILITY INC.,100396873.0,22.05,2213751050.0,False
1838987,SPWR,SunPower Inc.,208796937.0,10.6,2213247532.0,False
712537,FCF,FIRST COMMONWEALTH FINANCIAL CORP /PA/,101055925.0,21.8067,2203696240.0,True
1084961,ECPG,ENCORE CAPITAL GROUP INC,21209366.0,103.74,2200259629.0,True
1050377,CNXN,PC CONNECTION INC,25238099.0,87.12,2198743185.0,True
896264,USNA,USANA HEALTH SCIENCES INC,18476534.0,118.97,2198153250.0,False
1713930,NEXA,Nexa Resources S.A.,132438611.0,16.5488,2191700086.0,False
1893219,ABPO,"Abpro Holdings, Inc.",5896048.0,371.7,2191561042.0,False
1853138,KDK,"Kodiak AI, Inc.",200618170.0,10.92,2190750416.0,False
1500412,AMBQ,"Ambiq Micro, Inc.",24184536.0,90.48,2188216817.0,False
1401667,PBYI,"PUMA BIOTECHNOLOGY, INC.",51620066.0,42.37,2187142196.0,False
34782,SRCE,1ST SOURCE CORP,24081826.0,90.82,2187111437.0,False
1873951,XZO,"Exzeo Group, Inc.",90085918.0,24.25,2184583512.0,False
2143673,UROY,Uranium Royalty Corp.,377210623.0,5.78,2180277401.0,False
109177,SPB,"Spectrum Brands Holdings, Inc.",22995596.0,94.8096,2180203259.0,False
1524566,WLTH,WEALTHFRONT CORP,156176440.0,13.95,2178661338.0,False
1096752,EPC,EDGEWELL PERSONAL CARE Co,46088915.0,47.2632,2178309607.0,True
850141,HMN,HORACE MANN EDUCATORS CORP /DE/,40501054.0,53.7265,2175979878.0,True
1871638,BZAI,"Blaize Holdings, Inc.",144832039.0,15.0,2172480585.0,False
1535929,VOYA-PB,"Voya Financial, Inc.",90596349.0,23.9301,2167979691.0,False
1499505,AGRO,Adecoagro S.A.,142576786.0,15.18,2164315611.0,False
2130606,OBX,"Obsidian Therapeutics, Inc.",61772876.0,35.0,2162050660.0,False
1503584,CMRE,Costamare Inc.,122160638.0,17.643,2155280136.0,False
1360214,HROW,"HARROW, INC.",37487850.0,57.48,2154801618.0,False
1921865,ASPI,ASP Isotopes Inc.,153309380.0,14.05,2153996789.0,False
1531177,SGHT,"Sight Sciences, Inc.",55087990.0,39.1,2153940409.0,False
1842731,SMWB,SIMILARWEB LTD.,86962202.0,24.76,2153184122.0,False
107687,WGO,WINNEBAGO INDUSTRIES INC,28268893.0,76.127,2152026017.0,True
1839839,JBI,"Janus International Group, Inc.",136435790.0,15.76,2150228050.0,False
1737450,OPRA,Opera Ltd,89648056.0,23.9828,2150011397.0,False
1475841,NBHC,National Bank Holdings Corp,44539547.0,48.2385,2148520938.0,True
1000623,MATV,"Mativ Holdings, Inc.",55190098.0,38.9197,2147982057.0,False
1855474,AIRJ,AirJoule Technologies Corp.,73347394.0,29.27,2146878222.0,False
1626971,CRVS,"Corvus Pharmaceuticals, Inc.",84120944.0,25.52,2146766491.0,False
2105139,ADIG,ADI GLOBAL DISTRIBUTION INC.,75923198.0,28.27,2146348807.0,True
1598981,SKYX,SKYX Platforms Corp.,135430994.0,15.78,2137101085.0,False
1841761,GROV,"Grove Collaborative Holdings, Inc.",42701046.0,50.0,2135052300.0,False
1944712,BIYA,Baiya International Group Inc.,1185835.0,1795.0,2128573825.0,False
1807120,DSGN,"Design Therapeutics, Inc.",62581651.0,34.01,2128401951.0,False
1508655,TSLX,"Sixth Street Specialty Lending, Inc.",95343139.0,22.3063,2126752661.0,False
1828102,KARO,Karooooo Ltd.,30893300.0,68.71,2122678643.0,False
1304492,ATEX,Anterix Inc.,19609786.0,108.205,2121876894.0,False
1824893,SRZN,"Surrozen, Inc./DE",11753558.0,180.45,2120929541.0,False
807882,JACK,JACK IN THE BOX INC,19179330.0,110.5647,2120556868.0,False
1999860,WYHG,Wing Yip Food Holdings Group Ltd,50330928.0,42.0,2113898976.0,False
1370416,WPRT,WESTPORT FUEL SYSTEMS INC.,17375213.0,121.6,2112825901.0,False
1712189,TH,Target Hospitality Corp.,99623423.0,21.19,2111020333.0,False
1892274,GVHGF,Visionary Holdings Inc.,5607348.0,375.0,2102755500.0,False
1473334,XMAX,XMax Inc.,64523426.0,32.5,2097011345.0,False
1345126,CODI,Compass Diversified Holdings,75235966.0,27.8442,2094885284.0,False
1736946,ARLO,"Arlo Technologies, Inc.",107613304.0,19.44,2092002630.0,True
1481582,RYZ,Ryerson Holding Corp,51898653.0,40.238,2088297999.0,False
923120,GBX,GREENBRIER COMPANIES INC,30939686.0,67.4934,2088224603.0,True
2007919,INBX,"Inhibrx Biosciences, Inc.",14717660.0,141.84,2087552894.0,False
1173489,CEVA,CEVA INC,28154072.0,74.11,2086498276.0,False
1779578,BGM,BGM Group Ltd.,35750000.0,58.3219,2085007925.0,False
1369290,MYO,"MYOMO, INC.",39607854.0,52.5,2079412335.0,False
1406587,FOR,Forestar Group Inc.,51017627.0,40.75,2078968300.0,False
1895249,CNTM,"ConnectM Technology Solutions, Inc.",5727583.0,362.88,2078425319.0,False
726854,CHCO,CITY HOLDING CO,14045160.0,147.98,2078402777.0,True
1432133,KLTR,KALTURA INC,152551223.0,13.61,2076222145.0,False
907471,CASH,"PATHWARD FINANCIAL, INC.",20773362.0,99.8056,2073297858.0,True
1098146,PNBK,PATRIOT NATIONAL BANCORP INC,118742200.0,17.4,2066114280.0,False
1134765,CHUC,"Charlie's Holdings, Inc.",280553242.0,7.36,2064871861.0,False
1832483,SERV,Serve Robotics Inc. /DE/,86707507.0,23.8,2063638667.0,False
789460,WKC,WORLD KINECT CORP,51151620.0,40.25,2058852705.0,True
66004,MSEX,MIDDLESEX WATER CO,18843946.0,109.1088,2056040335.0,True
1370450,WLDN,"Willdan Group, Inc.",15232091.0,134.94,2055418360.0,False
1585389,SMA,"SmartStop Self Storage REIT, Inc.",55368903.0,37.1177,2055166331.0,False
1133869,CAPR,"CAPRICOR THERAPEUTICS, INC.",58138989.0,35.34,2054631871.0,False
746838,UIS,UNISYS CORP,72915955.0,28.15,2052584133.0,False
1796073,VZLA,Vizsla Silver Corp.,298374460.0,6.86,2046848796.0,False
1572616,GUTS,"FRACTYL HEALTH, INC.",159179848.0,12.85,2045461047.0,False
1876431,PRE,Prenetics Global Ltd,16874089.0,120.8139,2038624501.0,False
1004702,OCFC,OCEANFIRST FINANCIAL CORP,96645219.0,21.0609,2035435293.0,False
1840233,XLO,"Xilio Therapeutics, Inc.",5782511.0,351.54,2032783917.0,False
1370053,ANAB,"ANAPTYSBIO, INC",29100902.0,69.81,2031533969.0,False
1926792,SFHG,SAMFINE CREATION HOLDINGS GROUP Ltd,18000000.0,112.5,2025000000.0,False
97134,TNC,TENNANT CO,17049303.0,118.4321,2019184758.0,True
2067627,NKLR,Terra Innovatum Global N.V.,110500908.0,18.26,2017746580.0,False
1855447,TYGO,"TIGO ENERGY, INC.",76773711.0,26.26,2016077651.0,False
1522767,MRMD,MARIMED INC.,403040674.0,5.0,2015203370.0,False
1616000,XHR,"Xenia Hotels & Resorts, Inc.",92245835.0,21.82,2012804120.0,True
2023658,BCAX,Bicara Therapeutics Inc.,66172934.0,30.4,2011657194.0,False
1339005,FEMY,FEMASYS INC,8375027.0,240.0,2010006480.0,False
1578732,MMI,"Marcus & Millichap, Inc.",37871003.0,53.0528,2009162748.0,True
2094496,SECZ,Securitize Corp.,163265685.0,12.3,2008167926.0,False
851310,HLIT,HARMONIC INC.,109066445.0,18.39,2005731924.0,True
1865107,AKA,A.K.A. BRANDS HOLDING CORP.,10991059.0,182.28,2003450235.0,False
69633,NSSC,"NAPCO SECURITY TECHNOLOGIES, INC",35768437.0,55.9699,2001955842.0,True
835662,AIXN,"AiXin Life International, Inc.",24999834.0,80.0,1999986720.0,False
1607962,LFWD,Lifeward Ltd.,2832016.0,705.6,1998270490.0,False
1278027,BGS,"B&G Foods, Inc.",81275671.0,24.5844,1998113606.0,False
1708055,RBBN,Ribbon Communications Inc.,178823352.0,11.14,1992092141.0,False
1400438,LGO,Largo Inc.,83673905.0,23.8,1991438939.0,False
1081938,CPMD,"CANNAPHARMARX, INC.",708689905.0,2.81,1991418633.0,False
1802974,AVO,"Mission Produce, Inc.",87678404.0,22.69,1989422987.0,False
1387467,AOSL,ALPHA & OMEGA SEMICONDUCTOR Ltd,30259255.0,65.72,1988638239.0,True
1289877,SFL,SFL Corp Ltd.,144562927.0,13.75,1987740246.0,False
926282,ADTN,"ADTRAN Holdings, Inc.",81481407.0,24.3226,1981839670.0,False
1047340,DMC,DEL MONTE CORP,47146218.0,41.9338,1977020076.0,True
1819794,HTOO,Fusion Fuel Green PLC,2288291.0,863.8,1976625766.0,False
1805385,EVLV,"Evolv Technologies Holdings, Inc.",181126146.0,10.9,1974274991.0,False
2031688,ANPA,Rich Sparkle Holdings Ltd,12500000.0,157.89,1973625000.0,False
1134982,AAPI,"Apple iSports Group, Inc.",219784477.0,8.976,1972785466.0,False
1454938,TEAD,Teads Holding Co.,98065162.0,20.05,1966206498.0,False
1860543,CDRE,"Cadre Holdings, Inc.",42820734.0,45.7646,1959673763.0,False
356171,TCBK,TRICO BANCSHARES /,31966630.0,61.2067,1956571932.0,False
2033377,MGRT,Mega Fortune Co Ltd,13750000.0,142.2,1955250000.0,False
885978,USPH,U S PHYSICAL THERAPY INC /NV,14922698.0,130.9014,1953402060.0,True
26058,CTS,CTS CORP,28592910.0,68.2691,1952012232.0,True
1462056,BLZE,"Backblaze, Inc.",61900000.0,31.5,1949850000.0,False
940942,HUBG,"Hub Group, Inc.",37315154.0,52.1918,1947545055.0,True
1612940,PRQR,ProQR Therapeutics N.V.,105361064.0,18.48,1947072463.0,False
46129,ALNT,ALLIENT INC,17002511.0,114.238,1942332852.0,False
1982012,TLIH,Ten-League International Holdings Ltd,29404342.0,66.0,1940686572.0,False
884219,PRSU,"Pursuit Attractions & Hospitality, Inc.",27264155.0,71.1742,1940504421.0,True
1998560,MIMI,Mint Inc Ltd,18012500.0,107.5,1936343750.0,False
714395,GABC,"GERMAN AMERICAN BANCORP, INC.",37578808.0,51.38,1930799155.0,False
1171326,EUBG,ENTREPRENEUR UNIVERSE BRIGHT GROUP,170118287.0,11.3405,1929226434.0,False
60714,LXU,"LSB INDUSTRIES, INC.",71997504.0,26.74,1925213257.0,False
1953575,CNL,Collective Mining Ltd.,92537998.0,20.79,1923864978.0,False
1213037,CRDF,"Cardiff Oncology, Inc.",77795249.0,24.71,1922320603.0,False
1570562,EOLS,"Evolus, Inc.",66050440.0,28.91,1909518220.0,False
1689796,JBGS,JBG SMITH Properties,59181298.0,32.23,1907413235.0,True
1980845,ENGN,enGene Therapeutics Inc.,67016316.0,28.44,1905944027.0,False
1425450,KIDS,ORTHOPEDIATRICS CORP,26109788.0,72.93,1904186839.0,False
1855129,GHRS,GH Research PLC,62029395.0,30.64,1900580663.0,False
1185348,PRAA,PRA GROUP INC,37648006.0,50.46,1899718383.0,False
738214,AMTX,"AEMETIS, INC",72169594.0,26.19,1890121667.0,False
703604,DSGR,"Distribution Solutions Group, Inc.",46255422.0,40.85,1889533989.0,False
866829,HOS,"HORNBECK OFFSHORE SERVICES, INC.",147382447.0,12.82,1889442971.0,False
1738177,CMBMF,Cambium Networks Corp,29032896.0,64.92,1884815608.0,False
1397183,IVDA,"Iveda Solutions, Inc.",12519027.0,150.4,1882861661.0,False
1527599,SYBX,"SYNLOGIC, INC.",12248950.0,153.6,1881438720.0,False
1781755,BWIN,"Baldwin Insurance Group, Inc.",33988164.0,55.29,1879205588.0,False
1347178,VNDA,Vanda Pharmaceuticals Inc.,60462687.0,31.05,1877366431.0,False
1680873,HFFG,HF Foods Group Inc.,53900945.0,34.81,1876291895.0,False
1424657,CUEN,Cuentas Inc.,7952797.0,235.625,1873877793.0,False
719220,STBA,S&T BANCORP INC,35265492.0,52.9729,1868115381.0,True
750577,HWCPZ,HANCOCK WHITNEY CORP,80223058.0,23.2826,1867801370.0,False
1994702,KYTX,"Kyverna Therapeutics, Inc.",61843444.0,30.1,1861487664.0,False
1744494,ADNH,"ADVENT TECHNOLOGIES HOLDINGS, INC.",3788634.0,491.1,1860598157.0,False
1157557,CIG-C,ENERGY CO OF MINAS GERAIS,487614213.0,3.8092,1857420060.0,False
1753162,FTHM,Fathom Holdings Inc.,34207238.0,54.25,1855742662.0,False
1128361,HOPE,HOPE BANCORP INC,127741836.0,14.5,1852256622.0,True
1323468,GLP,GLOBAL PARTNERS LP,33995563.0,54.3697,1848328562.0,False
1433551,SGLA,Sino Green Land Corp.,162093238.0,11.4,1847862913.0,False
1740797,AVAI,"AVAI BIO, INC.",153916565.0,12.0,1846998780.0,False
1448431,OPRX,OptimizeRx Corp,18835951.0,98.0,1845923198.0,False
821002,GIII,G III APPAREL GROUP LTD /DE/,42876508.0,43.048,1845747916.0,True
846617,DCOM,"Dime Commercial Bancshares, Inc. /NY/",44156595.0,41.74,1843096275.0,True
1710340,ETON,"Eton Pharmaceuticals, Inc.",28583135.0,64.43,1841611388.0,False
57131,LZB,LA-Z-BOY INC,40052771.0,45.9694,1841201851.0,True
1119774,CGEN,COMPUGEN LTD,94553191.0,19.45,1839059565.0,False
1487952,VPG,"Vishay Precision Group, Inc.",12256197.0,149.91,1837326492.0,False
1761612,BCYC,BICYCLE THERAPEUTICS PLC,30043486.0,61.14,1836858734.0,False
910612,CBL,CBL & ASSOCIATES PROPERTIES INC,30942757.0,59.3605,1836777527.0,False
752642,UMH,"UMH PROPERTIES, INC.",85385600.0,21.5099,1836635717.0,False
721994,LKFN,LAKELAND FINANCIAL CORP,24857840.0,73.6643,1831135383.0,True
1543418,TMQ,Trilogy Metals Inc.,172745639.0,10.6,1831103773.0,False
1734713,BV,"BrightView Holdings, Inc.",92600000.0,19.76,1829776000.0,False
316888,ASM,AVINO SILVER & GOLD MINES LTD,162308988.0,11.24,1824353025.0,False
844965,TTI,TETRA TECHNOLOGIES INC,148072779.0,12.32,1824256637.0,False
1704720,CNNE,"Cannae Holdings, Inc.",43374227.0,41.9758,1820667878.0,False
1938109,PAPL,Pineapple Financial Inc.,25271197.0,72.0,1819526184.0,False
1409493,CIM-PA,CHIMERA INVESTMENT CORP,83711818.0,21.726,1818722958.0,False
1437958,CCB,COASTAL FINANCIAL CORP,15286327.0,118.97,1818614323.0,False
862861,AIFC,AI Financial Corp,139836511.0,12.99,1816476278.0,False
2024218,SMC,Summit Midstream Corp,10648685.0,170.4316,1814872422.0,False
1861841,ARBE,Arbe Robotics Ltd.,122649743.0,14.79,1813989699.0,False
724004,MLAB,MESA LABORATORIES INC /CO/,5595869.0,324.0981,1813610511.0,False
1420520,ATOM,Atomera Inc,39024042.0,46.45,1812666751.0,False
883237,VRTS,"VIRTUS INVESTMENT PARTNERS, INC.",6622690.0,273.0937,1808614916.0,True
1591588,GOLD,"Gold.com, Inc.",29154756.0,62.0025,1807667759.0,False
1094366,RDWR,RADWARE LTD,43145971.0,41.74,1800912830.0,False
908315,WINA,WINMARK CORP,3592169.0,500.905,1799335413.0,True
1680062,ACMR,"ACM Research, Inc.",14176690.0,126.89,1798880194.0,True
1257640,KRO,KRONOS WORLDWIDE INC,115097516.0,15.6213,1797972827.0,False
1702750,BY,"BYLINE BANCORP, INC.",45186420.0,39.75,1796160195.0,False
1835268,CNTB,Connect Biopharma Holdings Ltd,62974309.0,28.5,1794767806.0,False
799167,MRTN,MARTEN TRANSPORT LTD,81661669.0,21.9479,1792302145.0,True
796505,CLFD,"Clearfield, Inc.",13583955.0,131.62,1787920157.0,False
2022626,UPB,"Upstream Bio, Inc.",54771041.0,32.6,1785535937.0,False
1606163,LMB,"Limbach Holdings, Inc.",11924993.0,149.53,1783144203.0,False
314203,MUX,McEwen Inc.,61358566.0,29.05,1782466342.0,False
2071288,LMRI,"Lumexa Imaging Holdings, Inc.",96074976.0,18.53,1780269305.0,False
1662684,KULR,"KULR Technology Group, Inc.",46280322.0,38.4,1777164365.0,False
1818838,ADAG,Adagene Inc.,59231993.0,29.99,1776367470.0,False
1023459,SLP,"Simulations Plus, Inc.",20224838.0,87.8153,1776050216.0,False
1287098,MXCT,"MAXCYTE, INC.",103206206.0,17.2,1775146743.0,False
93314,VNRX,VOLITIONRX LTD,13649384.0,130.0,1774419920.0,False
1624985,SFCX,SUPA Consolidated Inc.,290835500.0,6.1,1774096550.0,False
2039497,RHLD,"Resolute Holdings Management, Inc.",7819595.0,226.37,1770121720.0,False
836157,LNN,LINDSAY CORP,10168885.0,173.7171,1766509212.0,True
1286613,LINC,LINCOLN EDUCATIONAL SERVICES CORP,31721479.0,55.68,1766251951.0,False
1378950,PRTS,"CarParts.com, Inc.",8065432.0,218.7,1763909978.0,False
1822928,HLLY,Holley Inc.,121234143.0,14.52,1760319756.0,False
1772253,FLNG,Flex LNG Ltd.,54092376.0,32.52,1759084068.0,False
948708,SMSI,"SMITH MICRO SOFTWARE, INC.",5589880.0,314.4,1757458272.0,False
1786108,TRIN,Trinity Capital Inc.,94693574.0,18.5537,1756916164.0,False
1868279,AVBP,"ArriVent BioPharma, Inc.",49307729.0,35.63,1756834384.0,False
1746109,BFC,Bank First Corp,11085607.0,158.42,1756181861.0,False
1579684,TDAY,"USA TODAY Co., Inc.",146817941.0,11.9514,1754679940.0,False
1973368,SVUHF,SRIVARU Holding Ltd,14359907.0,122.1566,1754157415.0,False
1080014,INVA,"Innoviva, Inc.",72245485.0,24.24,1751230556.0,True
1411342,EFC,Ellington Financial Inc.,128887386.0,13.5787,1750123148.0,True
1000177,NAT,NORDIC AMERICAN TANKERS Ltd,211750663.0,8.25,1746942970.0,False
795800,NEXM,NexMetals Mining Corp.,35648164.0,49.0,1746760036.0,False
1593538,NAVI,NAVIENT CORP,93783828.0,18.6172,1745992283.0,True
2075320,PLYX,"Polaryx Therapeutics, Inc.",49845993.0,35.0,1744609755.0,False
1640266,VYGR,"Voyager Therapeutics, Inc.",61617948.0,28.29,1743171749.0,False
906465,QCRH,QCR HOLDINGS INC,16375614.0,106.4315,1742881161.0,False
1540171,AVLN,Avalyn Pharma Inc.,44333095.0,39.25,1740073979.0,False
2042022,WYFI,"WhiteFiber, Inc.",38848118.0,44.77,1739230243.0,False
6845,APOG,"APOGEE ENTERPRISES, INC.",20868294.0,83.3115,1738568876.0,True
1823794,ARKO,ARKO Corp.,112185721.0,15.4818,1736836895.0,False
27996,DLX,DELUXE CORP,45856290.0,37.7683,1731914118.0,True
1113423,CSCIF,COSCIENS Biopharma Inc.,3183330.0,543.0,1728548190.0,False
1027838,TCMD,TACTILE SYSTEMS TECHNOLOGY INC,22652286.0,76.29,1728142899.0,False
732417,HBIA,HILLS BANCORPORATION,17436739.0,99.01,1726411528.0,False
1173204,CNVS,Cineverse Corp.,23771387.0,72.6,1725802696.0,False
1020214,CERS,CERUS CORP,201524898.0,8.56,1725053127.0,False
1639877,GSM,Ferroglobe PLC,186860517.0,9.2221,1723246374.0,False
1231457,GNLX,GENELUX Corp,45245335.0,38.0,1719322730.0,False
1669811,DFIN,"Donnelley Financial Solutions, Inc.",24585383.0,69.9,1718518272.0,True
1909747,JUSH,Jushi Holdings Inc.,199698263.0,8.6,1717405062.0,False
1131312,ZNOG,ZION OIL & GAS INC,1191883199.0,1.44,1716311807.0,False
2091349,TRAX,"First Tracks Biotherapeutics, Inc.",35730843.0,47.92,1712221997.0,False
1517228,VISN,"Vistance Networks, Inc.",230626412.0,7.4218,1711663105.0,False
792987,ASTE,ASTEC INDUSTRIES INC,23025367.0,74.2747,1710202226.0,True
1423221,NX,Quanex Building Products CORP,45826208.0,37.266,1707759467.0,True
1762303,RCEL,"AVITA Medical, Inc.",30926847.0,55.2,1707161954.0,False
1481028,HYSR,"SUNHYDROGEN, INC.",5727959657.0,0.298,1706931978.0,False
712771,CNOB,"ConnectOne Bancorp, Inc.",50319832.0,33.9106,1706375695.0,False
1285819,OMER,OMEROS CORP,72388316.0,23.53,1703297075.0,False
1928948,HTCO,High-Trend International Group,6632441.0,256.75,1702879227.0,False
1956955,UMAC,"Unusual Machines, Inc.",49956505.0,34.06,1701518560.0,False
1801834,PRFX,PRF Technologies Ltd.,830613.0,2046.0,1699434198.0,False
1512228,NB,NIOCORP DEVELOPMENTS LTD,145587048.0,11.67,1699000850.0,False
744187,REX,REX AMERICAN RESOURCES Corp,33175640.0,51.16,1697265742.0,True
1582554,MTNB,"Matinas BioPharma Holdings, Inc.",14692796.0,115.5,1697017938.0,False
1384195,REI,"RING ENERGY, INC.",260539607.0,6.51,1696112842.0,False
1464343,ATLC,Atlanticus Holdings Corp,15170038.0,111.79,1695858548.0,False
1516912,OBK,"Origin Bancorp, Inc.",30849678.0,54.9577,1695427349.0,False
1988776,MRNO,Murano Global Investments Plc,79718832.0,21.25,1694025180.0,False
1420924,ADTI,"Adapti, Inc.",8098729.0,208.8,1691014615.0,False
1609151,WEAV,"Weave Communications, Inc.",79999119.0,21.13,1690381384.0,False
1770069,MPLT,"MapLight Therapeutics, Inc.",42436326.0,39.8,1688965775.0,False
1877184,KMTS,"KESTRA MEDICAL TECHNOLOGIES, LTD.",59561795.0,28.35,1688576888.0,False
2026514,NAMM,Namib Minerals,54084183.0,31.22,1688508193.0,False
1345126,CODI-PB,Compass Diversified Holdings,75235966.0,22.44,1688295077.0,False
1855509,VEEE,"Twin Vee PowerCats, Co.",574502.0,2937.8,1687771976.0,False
1877333,THCH,TH International Ltd,33243582.0,50.75,1687111786.0,False
1018164,WLFC,WILLIS LEASE FINANCE CORP,21144111.0,79.782,1686919464.0,False
1746466,EQ,"Equillium, Inc.",63408082.0,26.5,1680314173.0,False
1398805,BEEM,Beam Global,22633315.0,73.78,1669885981.0,False
1895597,ICG,Intchains Group Ltd,121423854.0,13.695,1662899681.0,False
1897087,SUPX,SuperX AI Technology Ltd,22169854.0,75.0,1662739050.0,False
2056611,LTGO,"Latigo Biotherapeutics, Inc.",66299347.0,25.0,1657483675.0,False
1883437,EPSM,Epsium Enterprise Ltd,12000534.0,138.0,1656073692.0,False
1317945,OFLX,"Omega Flex, Inc.",10094322.0,163.3743,1649152791.0,False
1653558,PRTHU,"Priority Technology Holdings, Inc.",82440372.0,20.0,1648807440.0,False
1930313,SBC,SBC Medical Group Holdings Inc,102846943.0,16.0,1645551088.0,False
1779128,SRTA,"Strata Critical Medical, Inc.",88466806.0,18.6,1645482592.0,False
720672,SF-PB,STIFEL FINANCIAL CORP,69584449.0,23.6188,1643501184.0,False
1768446,CLYM,"Climb Bio, Inc.",57436255.0,28.61,1643251256.0,False
1664710,KROS,"Keros Therapeutics, Inc.",19827188.0,82.74,1640501535.0,False
1888274,DEFT,"Defi Technologies, Inc.",385827975.0,4.25,1639768894.0,False
1611115,OMDA,"Omada Health, Inc.",61216703.0,26.78,1639383306.0,False
1708035,ECVT,Ecovyst Inc.,109468398.0,14.97,1638741918.0,False
1848739,GDEV,GDEV Inc.,18150489.0,90.2089,1637335647.0,False
1743344,PYRGF,PyroGenesis Canada Inc.,173580395.0,9.43,1636863125.0,False
2011674,YDES,YD Bio Ltd,70789261.0,23.11,1635939822.0,False
1581804,NVGS,Navigator Holdings Ltd.,65250444.0,25.06,1635176127.0,False
1338940,PERI,Perion Network Ltd.,39024964.0,41.85,1633194743.0,False
1468492,HSCS,HeartSciences Inc.,4800172.0,340.0,1632058480.0,False
1584547,GP,GREENPOWER MOTOR Co INC.,5029291.0,324.1,1629993213.0,False
1766140,UNCY,"Unicycive Therapeutics, Inc.",27855257.0,58.5,1629532534.0,False
945114,GIC,GLOBAL INDUSTRIAL Co,38108341.0,42.6941,1627001321.0,False
2028707,MRLN,"Merlin, Inc.",101067784.0,16.09,1626180645.0,False
1477960,LMED,LataMed AI Corp.,36134795.0,44.991,1625740562.0,False
799233,HTLD,HEARTLAND EXPRESS INC,77332611.0,21.0206,1625577883.0,True
1267565,COLL,"COLLEGIUM PHARMACEUTICAL, INC",32555613.0,49.84,1622571752.0,True
1227636,STIM,"Neuronetics, Inc.",76197222.0,21.27,1620714912.0,False
1583107,TBPH,"Theravance Biopharma, Inc.",51918754.0,31.21,1620384312.0,False
1991261,SKK,SKK Holdings Ltd,18750000.0,86.3,1618125000.0,False
842633,TRS,TRIMAS CORP,35873873.0,44.986,1613822051.0,False
17313,CSWC,CAPITAL SOUTHWEST CORP,63733867.0,25.3021,1612600676.0,False
1459839,SIBN,"SI-BONE, Inc.",44818575.0,35.96,1611675957.0,False
1636651,OVID,Ovid Therapeutics Inc.,195297857.0,8.24,1609254342.0,False
1421461,IPI,"Intrepid Potash, Inc.",13456674.0,119.5,1608072543.0,False
1531031,ESQ,"Esquire Financial Holdings, Inc.",12104583.0,132.718,1606496047.0,False
763901,BPOPO,"POPULAR, INC.",63778501.0,25.1583,1604558662.0,False
1132509,NNAX,New Momentum Corp.,825861858.0,1.94,1602172005.0,False
1022321,GEL,GENESIS ENERGY LP,88650988.0,18.0567,1600744295.0,False
1627282,CWD,CaliberCos Inc.,10384653.0,154.0,1599236562.0,False
1527590,RC,Ready Capital Corp,165190992.0,9.6767,1598503672.0,False
1691082,LBRX,LB PHARMACEUTICALS INC,32259175.0,49.48,1596183979.0,False
1050441,EGBN,EAGLE BANCORP INC,30483973.0,52.2915,1594052674.0,True
1857190,NYXH,Nyxoah SA,43026460.0,37.0,1591979020.0,False
1166663,TEN,TSAKOS ENERGY NAVIGATION LTD,30127603.0,52.81,1591038714.0,False
65270,MEI,METHODE ELECTRONICS INC,35645053.0,44.4952,1586033762.0,False
1282648,BATL,BATTALION OIL CORP,57282155.0,27.68,1585570050.0,False
1738021,CMPX,"Compass Therapeutics, Inc.",180087915.0,8.8,1584773652.0,False
1013488,BJRI,BJs RESTAURANTS INC,21273765.0,74.26,1579789789.0,True
1789940,FWRG,"First Watch Restaurant Group, Inc.",61712435.0,25.52,1574901341.0,False
897322,GILT,GILAT SATELLITE NETWORKS LTD,73831318.0,21.3,1572607073.0,False
1040971,SLG-PI,SL GREEN REALTY CORP,71124483.0,22.0842,1570727307.0,False
1609804,OEC,Orion S.A.,56522699.0,27.7413,1568013150.0,False
1695473,GCAN,"TRAFALGAR INTERNATIONAL, INC.",994379.0,1575.0004,1566147323.0,False
1436229,BTCS,BTCS Inc.,52471941.0,29.8341,1565453135.0,False
1421517,ERII,"Energy Recovery, Inc.",51044875.0,30.61,1562483624.0,False
1857475,DOLE,Dole plc,94458807.0,16.5267,1561092366.0,False
75288,OXM,OXFORD INDUSTRIES INC,14978274.0,104.2233,1561085145.0,False
1505155,UPLD,"Upland Software, Inc.",2957191.0,527.7,1560509691.0,False
1806837,VERX,"Vertex, Inc.",26359623.0,58.95,1553899776.0,False
317540,COKE,"Coca-Cola Consolidated, Inc.",7141447.0,216.3251,1544874236.0,True
2030617,PMI,"Picard Medical, Inc.",2338634.0,660.0,1543498440.0,False
1755058,AUC,ATIF Holdings Ltd,17317452.0,89.1,1542984973.0,False
1164771,NAK,NORTHERN DYNASTY MINERALS LTD,558461162.0,2.76,1541352807.0,False
1907108,LXEO,"Lexeo Therapeutics, Inc.",82046255.0,18.76,1539187744.0,False
34067,BOOM,DMC Global Inc.,20540949.0,74.9279,1539090173.0,False
1641281,BOLT,"Bolt Biotherapeutics, Inc.",1926345.0,798.6,1538379117.0,False
4457,UHAL,U-Haul Holding Co /NV/,19607788.0,78.4,1537250579.0,False
1822462,FHTX,Foghorn Therapeutics Inc.,59385315.0,25.88,1536891952.0,False
1401257,FET,"FORUM ENERGY TECHNOLOGIES, INC.",11304286.0,135.8,1535122039.0,False
1823608,AMAL,Amalgamated Financial Corp.,29900147.0,51.08,1527299509.0,False
1956741,ZONE,Zone Frontier Inc.,221938856.0,6.86,1522500552.0,False
1958133,DXST,Decent Holding Inc.,15000000.0,101.5,1522500000.0,False
1964333,BHRB,Burke & Herbert Financial Services Corp.,20187033.0,75.3991,1522084120.0,False
1313310,GRVY,"GRAVITY Co., Ltd.",6948900.0,218.97,1521600633.0,False
1172052,SAFT,SAFETY INSURANCE GROUP INC,14680482.0,103.55,1520163911.0,True
1612630,JYNT,JOINT Corp,14143154.0,107.3,1517560424.0,False
839470,WWR,"WESTWATER RESOURCES, INC.",128564833.0,11.8,1517065029.0,False
1005229,CMCO,COLUMBUS MCKINNON CORP,28864244.0,52.3246,1510310022.0,False
1969928,TJGC,TJGC GROUP Ltd,15300000.0,98.7,1510110000.0,False
102037,UVV,UNIVERSAL CORP /VA/,24899257.0,60.5643,1508006071.0,True
1793895,CDTG,CDT Environmental Technology Investment Holdings Ltd,13525000.0,111.25,1504656250.0,False
1847064,PSQH,"PSQ Holdings, Inc.",3365783.0,447.0,1504505001.0,False
318300,PEBO,PEOPLES BANCORP INC,35942315.0,41.8043,1502543319.0,False
1850902,TKNO,"Alpha Teknova, Inc.",53688246.0,27.98,1502197123.0,False
1094038,MRKR,"Marker Therapeutics, Inc.",16673127.0,90.0,1500581430.0,False
1803977,LIMX,Limitless X Holdings Inc.,18506957.0,81.0,1499063517.0,False
1846253,OABI,"OmniAb, Inc.",145390398.0,10.31,1498975003.0,False
1172358,DMLP,"DORCHESTER MINERALS, L.P.",49091408.0,30.41,1492869717.0,False
2042347,SPTX,"Seaport Therapeutics, Inc.",53530550.0,27.84,1490290512.0,False
1367993,HAFG,"Holistic Asset Finance Group Co., Ltd.",74228185.0,20.0,1484563700.0,False
1495240,LAND,GLADSTONE LAND Corp,43136573.0,34.377,1482905970.0,False
1386570,NAGE,"Niagen Bioscience, Inc.",79126002.0,18.74,1482821277.0,False
1661053,NVNO,enVVeno Medical Corp,682722.0,2170.0,1481506740.0,False
1460329,FLNT,"Fluent, Inc.",31607086.0,46.86,1481108050.0,False
1769697,FNUC,Frontier Nuclear & Minerals Inc.,8748167.0,169.0,1478440223.0,False
1525221,VTOL,Bristow Group Inc.,29642000.0,49.7292,1474072946.0,True
1500198,NMTC,NEUROONE MEDICAL TECHNOLOGIES Corp,9105763.0,161.82,1473494569.0,False
2119322,DMRC,Digimarc Corp,22475329.0,65.56,1473482569.0,False
1178253,SCYX,SCYNEXIS INC,9949609.0,148.0,1472542132.0,False
948320,LFMD,"LifeMD, Inc.",48200837.0,30.55,1472535570.0,False
1057060,HZO,MARINEMAX INC,22086746.0,66.48,1468326874.0,True
2002045,GCL,GCL Global Holdings Ltd,128008703.0,11.47,1468259823.0,False
1576885,ABOS,"Acumen Pharmaceuticals, Inc.",72317285.0,20.28,1466594540.0,False
1683606,CARS,Cars.com Inc.,53532714.0,27.37,1465190382.0,False
1834026,GROY,Gold Royalty Corp.,224530457.0,6.5025,1460009297.0,False
866729,SCHL,SCHOLASTIC CORP,30975371.0,47.0362,1456963745.0,True
1005817,TMP,TOMPKINS FINANCIAL CORP,14382905.0,101.21,1455693815.0,True
799850,CRMT,AMERICAS CARMART INC,8338478.0,174.52,1455231181.0,False
14707,CAL,CALERES INC,34504977.0,42.174,1455212900.0,False
1861233,ILLMF,illumin Holdings Inc.,56808921.0,25.6,1454308378.0,False
716314,GHM,GRAHAM CORP,11737033.0,123.79,1452927315.0,False
1782999,PTCHF,PureTech Health plc,241684038.0,6.006,1451554332.0,False
1681622,VREX,Varex Imaging Corp,42100000.0,34.4,1448240000.0,False
1825024,OPAD,Offerpad Solutions Inc.,4832749.0,299.55,1447649963.0,False
1001385,NWPX,"NWPX Infrastructure, Inc.",9637202.0,149.94,1445002068.0,False
1674632,BBNX,"Beta Bionics, Inc.",44989688.0,31.99,1439220119.0,False
101199,UFCS,UNITED FIRE GROUP INC,25705439.0,55.98,1438990475.0,True
1999480,ANRO,"Alto Neuroscience, Inc.",39242104.0,36.64,1437830691.0,False
3499,ALX,ALEXANDERS INC,5107290.0,281.4503,1437448303.0,False
1117297,QNST,"QUINSTREET, INC",57086409.0,25.17,1436864915.0,True
1750777,HWKE,"Hawkeye Digital, Inc.",266052926.0,5.4,1436685800.0,False
1684425,PETZ,"TDH Holdings, Inc.",10323268.0,139.0,1434934252.0,False
1818502,OPFI,OppFi Inc.,87306132.0,16.421,1433653994.0,False
2007825,INFQ-WT,"Infleqtion, Inc.",225357052.0,6.36,1433270851.0,False
311094,WABC,WESTAMERICA BANCORPORATION,23111153.0,61.9616,1432004018.0,True
1490078,PHOS,First Phosphate Corp.,73786772.0,19.37,1429249774.0,False
1494582,BOC,BOSTON OMAHA Corp,30249443.0,47.23,1428681193.0,False
4457,UHAL-B,U-Haul Holding Co /NV/,19607788.0,72.6671,1424841091.0,False
1392326,CCEC,Capital Clean Energy Carriers Corp.,59487853.0,23.9071,1422182050.0,False
1958217,LZM,Lifezone Metals Ltd,85509305.0,16.6,1419454463.0,False
1806347,WEST,Westrock Coffee Co,97627387.0,14.53,1418525933.0,False
1997652,TBN,Tamboran Resources Corp,28318909.0,49.99,1415662261.0,False
1510964,CVSI,"CV Sciences, Inc.",225829128.0,6.26,1413690341.0,False
928054,FTK,FLOTEK INDUSTRIES INC/CN/,36220429.0,38.82,1406077054.0,False
59255,VHI,VALHI INC /DE/,28321193.0,49.5551,1403459551.0,False
883569,FOSL,"Fossil Group, Inc.",59138052.0,23.66,1399206310.0,False
2076163,BRR,"Silvia, Inc.",88369575.0,15.76,1392704502.0,False
700565,FMBH,"FIRST MID BANCSHARES, INC.",26601912.0,52.3168,1391726910.0,False
2002473,BOW,Bowhead Specialty Holdings Inc.,32943005.0,42.15,1388547661.0,False
71829,NPKI,NPK International Inc.,84909894.0,16.35,1388276767.0,False
1053706,CRAI,"CRA INTERNATIONAL, INC.",6276860.0,221.0191,1387305948.0,False
2036307,OFAL,OFA Group,26370521.0,52.6,1387089405.0,False
1882782,ODTX,"Odyssey Therapeutics, Inc.",48058527.0,28.76,1382163237.0,False
924396,CRSF,Crisp Momentum Inc.,1969621210.0,0.699,1376765226.0,False
69488,MYE,MYERS INDUSTRIES INC,37618070.0,36.5822,1376151760.0,False
1673985,ASIX,AdvanSix Inc.,27001186.0,50.9401,1375443115.0,False
2040491,ASIC,Ategrity Specialty Insurance Co Holdings,47926928.0,28.66,1373585756.0,False
1476034,MCB,Metropolitan Bank Holding Corp.,12397778.0,110.7615,1373196488.0,False
1320461,CPS,Cooper-Standard Holdings Inc.,17769208.0,77.2,1371782858.0,False
2004489,BMGL,Basel Medical Group Ltd,18785750.0,72.96,1370608320.0,False
1410098,CRMD,CorMedix Inc.,77944324.0,17.58,1370261216.0,False
1235468,LQDT,LIQUIDITY SERVICES INC,31331618.0,43.58,1365431912.0,True
2046042,JCAP,"Jefferson Capital, Inc. / DE",57425536.0,23.7416,1363374105.0,False
1871321,DRTS,Alpha Tau Medical Ltd.,88009737.0,15.49,1363270826.0,False
1689375,TRDA,"Entrada Therapeutics, Inc.",38936669.0,35.0,1362783415.0,False
1055160,MFA,"MFA FINANCIAL, INC.",101087938.0,13.4387,1358490472.0,False
1414932,OCSL,Oaktree Specialty Lending Corp,88085523.0,15.3859,1355275048.0,False
1745648,APMD,"Apnimed, Inc.",41630779.0,32.55,1355081856.0,False
1854368,DGXX,Digi Power X Inc.,101393355.0,13.359,1354513829.0,False
1840706,SOPH,SOPHiA GENETICS SA,68486338.0,19.77,1353974902.0,False
775215,HBT,"HBT Financial, Inc.",36365612.0,37.22,1353528079.0,False
1966287,GFR,Greenfire Resources Ltd.,125407252.0,10.79,1353144249.0,False
1393781,QIND,Quality Industrial Corp.,193266631.0,7.0,1352866417.0,False
70487,NRC,NRC HEALTH,22119566.0,61.1148,1351832852.0,False
1116463,OSUR,ORASURE TECHNOLOGIES INC,68968627.0,19.58,1350405717.0,False
1528115,ANNX,"Annexon, Inc.",38563565.0,35.01,1350110411.0,False
99302,TRNS,TRANSCAT INC,9359813.0,144.07,1348468259.0,False
862651,INVU,"Investview, Inc.",1844470389.0,0.731,1348307854.0,False
1600222,PXED,"Phoenix Education Partners, Inc.",36047376.0,37.3386,1345958554.0,False
63296,MATW,MATTHEWS INTERNATIONAL CORP,31213173.0,43.0885,1344928805.0,True
1005210,SPH,SUBURBAN PROPANE PARTNERS LP,66712387.0,20.087,1340051718.0,False
1547459,NGVC,"Natural Grocers by Vitamin Cottage, Inc.",23045851.0,58.1392,1339867340.0,False
1340476,DRTTF,DIRTT ENVIRONMENTAL SOLUTIONS LTD,194332596.0,6.89,1338951586.0,False
1325618,IRMD,IRADIMED CORP,12786991.0,104.6274,1337869622.0,False
915779,DAKT,DAKTRONICS INC /SD/,48092650.0,27.73,1333609184.0,False
1814114,OBIO,"Orchestra BioMed Holdings, Inc.",60105049.0,22.18,1333129987.0,False
1308208,ULH,"UNIVERSAL LOGISTICS HOLDINGS, INC.",26367805.0,50.2564,1325150955.0,False
1866030,AZ,A2Z CUST2MATE SOLUTIONS CORP.,43888042.0,30.15,1323224466.0,False
1849396,NEXN,Nexxen International Ltd.,56284083.0,23.45,1319861746.0,False
1013605,PDS,PRECISION DRILLING Corp,12932399.0,101.96,1318587402.0,False
357173,OSBC,OLD SECOND BANCORP INC,50875716.0,25.91,1318189802.0,False
1701758,LOVE,Lovesac Co,14423433.0,91.39,1318157542.0,False
1805526,DFDV,DeFi Development Corp.,30997790.0,42.5,1317406075.0,False
1481241,PSHG,Performance Shipping Inc.,12279676.0,107.1,1315153300.0,False
1337117,ITRN,Ituran Location & Control Ltd.,19808642.0,65.8478,1304355497.0,False
1335105,NMAD,"NOMAD POWER SOLUTIONS, INC.",16101068.0,81.0,1304186508.0,False
1734342,AMTB,Amerant Bancorp Inc.,39189858.0,33.2662,1303697654.0,False
1074871,MODD,"Modular Medical, Inc.",8150823.0,159.6,1300871351.0,False
1092796,SWBI,"SMITH & WESSON BRANDS, INC.",44839680.0,28.9996,1300332784.0,False
1010086,SIGA,SIGA TECHNOLOGIES INC,71849716.0,18.0265,1295198905.0,False
1938046,MGRX,"MANGOCEUTICALS, INC.",21567422.0,60.0,1294045320.0,False
842717,BRBS,"BLUE RIDGE BANKSHARES, INC.",89688853.0,14.4252,1293779642.0,False
1488039,ATOS,"ATOSSA THERAPEUTICS, INC.",9979298.0,129.3,1290323231.0,False
1609258,PTCO,PetroGas Co,22996680.0,56.0,1287814080.0,False
1745114,MOLN,MOLECULAR PARTNERS AG,40374641.0,31.89,1287547301.0,False
1677940,BYSI,BeyondSpring Inc.,41119820.0,31.31,1287461564.0,False
1530746,KAYS,"Kaya Holdings, Inc.",686441673.0,1.875,1287078137.0,False
2096362,AIAI,AIAI Holdings Corp,70662761.0,18.21,1286768878.0,False
1540684,ATLX,Atlas Lithium Corp,30099805.0,42.75,1286766664.0,False
1288403,WTI,W&T OFFSHORE INC,150942952.0,8.5236,1286577346.0,False
1701108,SPRO,"Spero Therapeutics, Inc.",58234827.0,22.07,1285242632.0,False
1590715,AREC,American Resources Corp,106971272.0,12.014,1285152862.0,False
1835597,PEPG,PepGen Inc.,69259517.0,18.55,1284764040.0,False
1275187,ANGO,ANGIODYNAMICS INC,41332389.0,30.97,1280064087.0,False
1572694,GSBD,"Goldman Sachs BDC, Inc.",112569067.0,11.3583,1278593234.0,False
1157557,CIG,ENERGY CO OF MINAS GERAIS,487614213.0,2.6168,1275988873.0,False
1538716,OPRT,Oportun Financial Corp,45987253.0,27.74,1275686398.0,False
799288,LE,"LANDS' END, INC.",29544154.0,43.16,1275125687.0,False
1369085,NEWP,NEW PACIFIC METALS CORP,171904301.0,7.41,1273810870.0,False
1852767,MRT,"Marti Technologies, Inc.",86042726.0,14.8,1273432345.0,False
889971,LPTH,LIGHTPATH TECHNOLOGIES INC,70036252.0,18.15,1271157974.0,False
1534133,CALC,"CalciMedica, Inc.",34141460.0,37.2,1270062312.0,False
1922097,LANV,Lanvin Group Holdings Ltd,125595914.0,10.1,1268518731.0,False
1046025,HFWA,HERITAGE FINANCIAL CORP /WA/,40915558.0,30.9941,1268140896.0,True
1788999,XPER,Xperi Inc.,48771822.0,26.0,1268067372.0,False
2028336,NUAI,"New ERA Energy & Digital, Inc.",106559339.0,11.88,1265924947.0,False
911971,TK,TEEKAY CORP LTD,86056804.0,14.71,1265895587.0,False
899751,TWI,TITAN INTERNATIONAL INC,64542352.0,19.6,1265030099.0,False
2080073,VMET,Versamet Royalties Corp,93411746.0,13.53,1263860923.0,False
1754170,ASLE,AerSale Corp,52990947.0,23.83,1262774267.0,False
1603978,AQB,AQUABOUNTY TECHNOLOGIES INC,5147204.0,244.0,1255917776.0,False
891166,UVE,"UNIVERSAL INSURANCE HOLDINGS, INC.",27830355.0,45.08,1254592403.0,False
930420,KFRC,KFORCE INC,17909000.0,69.9508,1252748877.0,False
1568969,LOTT,Techlott Inc.,890742444.0,1.4,1247039422.0,False
1922446,DEC,Diversified Energy Co,70769563.0,17.5969,1245324923.0,False
1490906,CFFN,"Capitol Federal Financial, Inc.",125698283.0,9.9011,1244551270.0,True
1720116,RDVT,"Red Violet, Inc.",16046975.0,77.52,1243961502.0,False
1870940,AIRS,"Airsculpt Technologies, Inc.",72095209.0,17.2442,1243224203.0,False
1287213,PLOW,"DOUGLAS DYNAMICS, INC",23077046.0,53.8014,1241577383.0,False
102212,UVSP,UNIVEST FINANCIAL Corp,27580768.0,44.9782,1240533299.0,False
1860805,ASTL,Algoma Steel Group Inc.,104933802.0,11.7916,1237337420.0,False
1794338,IGIC,International General Insurance Holdings Ltd.,42842216.0,28.8473,1235882258.0,False
1720250,KNDI,"Kandi Technologies Group, Inc.",82705365.0,14.93,1234791099.0,False
1455365,CGTX,COGNITION THERAPEUTICS INC,95093746.0,12.98,1234316823.0,False
727273,CDZI,CADIZ INC,84677075.0,14.55,1232051441.0,False
1122904,NTGR,"NETGEAR, INC.",27179021.0,45.23,1229307120.0,False
1709442,FSUN,FIRSTSUN CAPITAL BANCORP,27923333.0,43.97,1227788952.0,False
1158780,PLUR,Pluri Inc.,12344736.0,99.44,1227560548.0,False
1447028,ABUS,Arbutus Biopharma Corp,197847835.0,6.2,1226656577.0,False
1560258,ECOR,"electroCore, Inc.",9015885.0,136.05,1226611154.0,False
1326200,GNK,GENCO SHIPPING & TRADING LTD,43586605.0,28.12,1225655333.0,False
1121484,OIS,"OIL STATES INTERNATIONAL, INC",60322619.0,20.3,1224549166.0,False
1339970,ATYR,aTYR PHARMA INC,98087425.0,12.48,1224131064.0,False
2030954,XHLD,"TEN Holdings, Inc.",11977443.0,102.0,1221699186.0,False
1774170,AIOT,"Powerfleet, Inc.",134225918.0,9.1,1221455854.0,False
1722606,MTA,Metalla Royalty & Streaming Ltd.,92899448.0,13.0834,1215440638.0,False
1788257,BWMX,"BETTERWARE DE MEXICO, S.A.P.I. DE C.V",37316546.0,32.5182,1213466906.0,False
1275168,FSBC,FIVE STAR BANCORP,24536614.0,49.4168,1212520947.0,False
1866633,CCSI,"Consensus Cloud Solutions, Inc.",18324922.0,66.09,1211094095.0,False
108385,WRLD,WORLD ACCEPTANCE CORP,4663180.0,259.0,1207763620.0,True
2048519,AEBI,Aebi Schmidt Holding AG,77603247.0,15.5465,1206458879.0,False
1115864,ILXP,ECOMINAS CORP.,48215467.0,25.0,1205386675.0,False
1638097,ENTX,Entera Bio Ltd.,173141831.0,6.9,1194678634.0,False
1109262,BSCL,"BILI Social International, Inc.",40388706.0,29.5,1191466827.0,False
1864531,VSEE,"VSEE HEALTH, INC.",56679813.0,21.01,1190842871.0,False
1682220,SCCD,Sachem Capital Corp.,47954632.0,24.808,1189658511.0,False
1651625,ACIU,AC Immune SA,101742231.0,11.68,1188349258.0,False
1863990,MSAI,"MultiSensor AI Holdings, Inc.",2205648.0,538.0,1186638624.0,False
918965,SCSC,"SCANSOURCE, INC.",20142812.0,58.89,1186210199.0,True
802257,MITI,"Mitesco, Inc.",48392796.0,24.5,1185623502.0,False
1709941,BIOA,"BioAge Labs, Inc.",45896909.0,25.83,1185517159.0,False
1814287,ABX,"Abacus Global Management, Inc.",97792249.0,12.0983,1183119966.0,False
1698991,ACEL,"Accel Entertainment, Inc.",81193475.0,14.55,1181365061.0,False
902791,BBSI,BARRETT BUSINESS SERVICES INC,24235180.0,48.6657,1179421999.0,False
1965143,NVNI,Nvni Group Ltd,10032710.0,117.3,1176836883.0,False
895447,SHOE,SHOE STATION GROUP INC,27183815.0,43.1964,1174242946.0,False
2001557,INV,"Innventure, Inc.",84612657.0,13.85,1171885299.0,False
1600641,DIBS,"1stdibs.com, Inc.",33615293.0,34.81,1170148349.0,False
2058707,ATTO,"Attovia Therapeutics, Inc.",45651262.0,25.55,1166389744.0,False
1861107,CBLL,"Ceribell, Inc.",38378101.0,30.24,1160553774.0,False
1863006,VLN,Valens Semiconductor Ltd.,103050266.0,11.25,1159315492.0,False
1899883,FIP,FTAI Infrastructure Inc.,118181737.0,9.7949,1157578296.0,False
1023313,FORR,"FORRESTER RESEARCH, INC.",19039000.0,60.73,1156238470.0,False
95029,RGR,STURM RUGER & CO INC,15978256.0,72.3308,1155720039.0,False
1668438,IMTE,Integrated Media Technology Ltd,3446434.0,335.0,1154555390.0,False
1176309,ORMP,ORAMED PHARMACEUTICALS INC.,41597354.0,27.7344,1153677655.0,False
1799191,STLN,"Starling Oncology, Inc.",101916115.0,11.29,1150632938.0,False
1969401,UZX,Linkage Global Inc,21500000.0,53.5,1150250000.0,False
1679268,TUSK,"MAMMOTH ENERGY SERVICES, INC.",48127585.0,23.8597,1148309740.0,False
2044725,EVMN,"Evommune, Inc.",36292113.0,31.57,1145742007.0,False
1912582,AIEV,"Thunder Power Holdings, Inc.",102597432.0,11.161,1145089939.0,False
1398733,AQST,"Aquestive Therapeutics, Inc.",125511648.0,9.09,1140900880.0,False
1044777,OSPN,OneSpan Inc.,36852173.0,30.9559,1140792182.0,False
1997377,ISOU,IsoEnergy Ltd.,54928896.0,20.76,1140323881.0,False
1782223,PYXS,"Pyxis Oncology, Inc.",83408050.0,13.64,1137685802.0,False
1015383,POWW,Outdoor Holding Co,116015357.0,9.79,1135790345.0,False
2087587,CSHR,CoinShares PLC,131780209.0,8.61,1134627599.0,False
1865494,IOBTQ,"IO Biotech, Inc.",71948842.0,15.65,1125999377.0,False
12239,DOMH,Dominari Holdings Inc.,24243646.0,46.3735,1124262718.0,False
788965,HNRG,HALLADOR ENERGY CO,47143357.0,23.81,1122483330.0,False
80172,NPK,NATIONAL PRESTO INDUSTRIES INC,7136067.0,156.8,1118935306.0,True
1409171,TITN,Titan Machinery Inc.,23532897.0,47.46,1116871292.0,False
1201792,APEI,AMERICAN PUBLIC EDUCATION INC,18301543.0,60.86,1113831907.0,False
1975940,FLYE,"Fly-E Group, Inc.",1632386.0,680.0,1110022480.0,False
1502377,CTGO,Contango Silver & Gold Inc.,33440691.0,33.1,1106886872.0,False
1941506,ZJK,"ZJK Industrial Co., Ltd.",63822249.0,17.26,1101572018.0,False
1869105,BBOT,"BridgeBio Oncology Therapeutics, Inc.",80174267.0,13.73,1100792686.0,False
1822359,DCGO,DocGo Inc.,98928369.0,11.1,1098104896.0,False
1546383,JXG,JX Luxventure Group Inc.,1426522.0,769.5,1097708679.0,False
1776909,CURI,CuriosityStream Inc.,59338028.0,18.4611,1095445269.0,False
1717547,BRSP,"BrightSpire Capital, Inc.",126524180.0,8.6564,1095243912.0,False
883975,MBOT,Microbot Medical Inc.,67164801.0,16.28,1093442960.0,False
2023153,HTLM,HomesToLife Ltd,89687500.0,12.1421,1088994594.0,False
1506184,PRRUF,IMMUTEP Ltd,1460389575.0,0.7455,1088720428.0,False
1696556,OFRM,"Once Upon a Farm, PBC",41990653.0,25.92,1088397726.0,False
1425355,SUIG,SUI Group Holdings Ltd.,76802872.0,14.1639,1087828199.0,False
1598428,MTUS,Metallus Inc.,41449284.0,26.18,1085142255.0,True
2000366,SCAG,Scage Future,72243992.0,15.01,1084382320.0,False
913277,CLAR,Clarus Corp,38288155.0,28.2279,1080794211.0,False
1058307,NXPL,NextPlat Corp,2713222.0,397.5,1078505745.0,False
705432,SBSI,SOUTHSIDE BANCSHARES INC,29807980.0,36.1448,1077403476.0,True
1497645,INN,"Summit Hotel Properties, Inc.",107853463.0,9.9874,1077175676.0,False
1042729,MBWM,MERCANTILE BANK CORP,17285929.0,62.14,1074147628.0,False
1438423,MRAM,EVERSPIN TECHNOLOGIES INC.,24350009.0,44.01,1071643896.0,False
1841387,CADL,"Candel Therapeutics, Inc.",76518565.0,14.0,1071259910.0,False
1230524,LEEN,"Leopard Energy, Inc.",1272917.0,840.0,1069250280.0,False
1872292,RAKR,Rainmaker Worldwide Inc.,83799728.0,12.75,1068446532.0,False
706129,HBNC,HORIZON BANCORP INC /IN/,51344519.0,20.8,1067965995.0,False
1843714,ZPTA,"Zapata Quantum, Inc.",187328921.0,5.7,1067774850.0,False
1762417,DOYU,DouYu International Holdings Ltd,30178859.0,35.3324,1066291518.0,False
1227500,EQBK,EQUITY BANCSHARES INC,20592490.0,51.73,1065249508.0,False
755001,UTL,UNITIL CORP,18236674.0,58.2668,1062592637.0,True
1043337,SRI,STONERIDGE INC,28522874.0,37.19,1060765684.0,False
1799788,GLSI,"Greenwich LifeSciences, Inc.",14678208.0,72.22,1060060182.0,False
1747068,MCBS,"MetroCity Bankshares, Inc.",28781229.0,36.7698,1058280034.0,False
1544206,CGBD,"Carlyle Secured Lending, Inc.",68804581.0,15.3801,1058221336.0,False
1709819,FEDU,Four Seasons Education (Cayman) Inc.,22614376.0,46.742,1057041163.0,False
1635282,RMNI,"Rimini Street, Inc.",93356000.0,11.3,1054922800.0,False
1653384,RWAYL,Runway Growth Finance Corp.,41909904.0,25.15,1054034086.0,False
1315257,KOP,Koppers Holdings Inc.,18911568.0,55.7323,1053985181.0,True
1598665,HRTG,"Heritage Insurance Holdings, Inc.",29732416.0,35.42,1053122175.0,False
736772,CCNE,CNB FINANCIAL CORP/PA,29620885.0,35.5193,1052113101.0,False
23197,CMTL,COMTECH TELECOMMUNICATIONS CORP /DE/,29961431.0,34.9624,1047523535.0,False
894871,PAAI,"Paradium.AI, Inc.",47610653.0,22.0,1047434366.0,False
1624322,BFST,"Business First Bancshares, Inc.",32549883.0,32.13,1045827741.0,False
93389,SMP,"STANDARD MOTOR PRODUCTS, INC.",22340293.0,46.802,1045570393.0,True
907254,BFS,"SAUL CENTERS, INC.",24717101.0,42.1877,1042757642.0,True
807863,MITK,MITEK SYSTEMS INC,45122374.0,23.03,1039168273.0,False
1084554,LTBR,LIGHTBRIDGE Corp,37458091.0,27.72,1038338283.0,False
1597672,RYAM,RAYONIER ADVANCED MATERIALS INC.,67644208.0,15.3477,1038183011.0,False
1964946,YAAS,Youxin Technology Ltd,2325550.0,446.4,1038125520.0,False
1085913,FMCB,FARMERS & MERCHANTS BANCORP,691944.0,1499.1063,1037297610.0,False
1873835,IMMX,"Immix Biopharma, Inc.",71539314.0,14.47,1035173874.0,False
1301787,BXC,BlueLinx Holdings Inc.,7860217.0,131.66,1034876170.0,False
1157075,PMCB,"PharmaCyte Biotech, Inc.",10735649.0,96.1,1031695869.0,False
909494,TCX,TUCOWS INC /PA/,11182112.0,92.26,1031661653.0,False
1847409,HITI,High Tide Inc.,87235986.0,11.82,1031129355.0,False
887396,EP,EMPIRE PETROLEUM CORP,41577341.0,24.8,1031118057.0,False
2011514,AVR,Anteris Technologies Global Corp.,97458474.0,10.57,1030136070.0,False
1838163,BNAI,Brand Engagement Network Inc.,7488046.0,137.5,1029606325.0,False
1333274,MERC,MERCER INTERNATIONAL INC.,67018033.0,15.3352,1027734940.0,False
1628808,PROF,Profound Medical Corp.,36532594.0,28.09,1026200565.0,False
1885680,RAJAF,"TFA Therapeutics, Inc.",111120000.0,9.22,1024526400.0,False
874501,OSG,OCTAVE SPECIALTY GROUP INC,45051486.0,22.7,1022668732.0,False
1840229,INKT,"MiNK Therapeutics, Inc.",5103002.0,200.3,1022131301.0,False
701347,CPF,CENTRAL PACIFIC FINANCIAL CORP,25747432.0,39.6729,1021475295.0,True
1086434,AUDC,AUDIOCODES LTD,27089259.0,37.6972,1021189214.0,False
1289340,STXS,"Stereotaxis, Inc.",100202178.0,10.17,1019056150.0,False
1979330,NBBK,"NB Bancorp, Inc.",43818490.0,23.25,1018779892.0,False
1770501,VENU,Venu Holding Corp,56210552.0,18.1,1017410991.0,False
1561921,TELA,"TELA Bio, Inc.",44894757.0,22.61,1015070456.0,False
1928446,GRNT,"Granite Ridge Resources, Inc.",131900242.0,7.6848,1013626980.0,False
1496443,PAYS,"Paysign, Inc.",56462156.0,17.95,1013495700.0,False
1653558,PRTH,"Priority Technology Holdings, Inc.",82440372.0,12.29,1013192172.0,False
49754,DIN,"Dine Brands Global, Inc.",12659150.0,79.9993,1012723139.0,False
1769484,BIOX,Bioceres Crop Solutions Corp.,63228239.0,16.0,1011651824.0,False
750686,CAC,CAMDEN NATIONAL CORP,16897049.0,59.77,1009936619.0,False
1747079,BALY,Bally's Corp,50469522.0,20.0,1009390440.0,False
1964314,JBDI,JBDI Holdings Ltd,19029064.0,52.9,1006637486.0,False
1758021,KRT,Karat Packaging Inc.,19931721.0,50.38,1004160104.0,False
1944558,VTS,"Vitesse Energy, Inc.",42104317.0,23.7592,1000364888.0,False
1788230,IPST,"IP STRATEGY HOLDINGS, INC.",686080.0,1456.0,998932480.0,False
94845,LEVI,LEVI STRAUSS & CO,37602843.0,26.5115,996907772.0,False
39020,FEIM,FREQUENCY ELECTRONICS INC,11273287.0,88.38,996333105.0,False
763532,LYTS,LSI INDUSTRIES INC,37261336.0,26.732,996070034.0,False
1365767,ALLT,Allot Ltd.,48645282.0,20.47,995768923.0,False
768899,TBI,"TrueBlue, Inc.",30444344.0,32.69,995225605.0,False
1787117,REF,Reformation Inc.,59079320.0,16.84,994895749.0,False
1781174,ACRV,"Acrivon Therapeutics, Inc.",42853362.0,23.2,994197998.0,False
1739410,RLYB,Rallybio Corp,5310499.0,187.2,994125413.0,False
1778922,SGP,"SpyGlass Pharma, Inc.",33447979.0,29.68,992736017.0,False
1878897,DOUG,Douglas Elliman Inc.,90890473.0,10.919,992433075.0,False
1868640,RDZN,Roadzen Inc.,85165063.0,11.65,992172984.0,False
1500881,EU,enCore Energy Corp.,194280971.0,5.1,990832952.0,False
1747172,KBDC,"Kayne Anderson BDC, Inc.",66037810.0,14.9907,989952998.0,False
1756064,OBAI,"Our Bond, Inc.",29975526.0,33.0,989192358.0,False
1329606,CETY,"Clean Energy Technologies, Inc.",12166106.0,81.3,989104418.0,False
1095565,HSTM,HEALTHSTREAM INC,29239955.0,33.8034,988409895.0,True
1785530,HOWL,"Werewolf Therapeutics, Inc.",48599066.0,20.31,987047030.0,False
1997637,IOTR,iOThree Ltd,24000000.0,41.1,986400000.0,False
714562,THFF,FIRST FINANCIAL CORP /IN/,11891896.0,82.79,984530070.0,False
1325702,MX,MAGNACHIP SEMICONDUCTOR Corp,36510111.0,26.96,984312593.0,False
61986,MTW,MANITOWOC CO INC,36061969.0,27.26,983049275.0,False
1016281,CSV,CARRIAGE SERVICES INC,15882296.0,61.8628,982523301.0,False
1278752,MFIC,MidCap Financial Investment Corp,82372628.0,11.9253,982318301.0,False
898437,ANIK,"Anika Therapeutics, Inc.",13382966.0,73.36,981774386.0,False
1602409,FNGR,"FingerMotion, Inc.",61310361.0,16.0,980965776.0,False
1430725,GSL-PB,"Global Ship Lease, Inc.",35913628.0,27.3116,980858642.0,False
1886362,MGAM,"Mobile Global Esports, Inc.",75457876.0,12.98,979443230.0,False
1109242,HAFC,HANMI FINANCIAL CORP,29649255.0,33.0174,978941312.0,True
1927958,AIRO,"AIRO Group Holdings, Inc.",31555917.0,31.0,978233427.0,False
1655050,BCSF,"Bain Capital Specialty Finance, Inc.",64868507.0,15.0768,978009506.0,False
1879248,ADSE,Ads-Tec Energy Public Ltd Co,60436227.0,16.18,977858153.0,False
1514705,SXC,"SunCoke Energy, Inc.",84874850.0,11.4818,974516053.0,False
879585,ATNI,"ATN International, Inc.",15403357.0,63.2532,974311621.0,False
879635,MPB,MID PENN BANCORP INC,25335215.0,38.43,973632312.0,False
1520358,MAMA,"Mama's Creations, Inc.",47147469.0,20.65,973595235.0,False
1334388,OBE,OBSIDIAN ENERGY LTD.,67274326.0,14.46,972786754.0,False
1559432,TXO,"TXO Partners, L.P.",55446407.0,17.4695,968621007.0,False
1040130,PETS,PETMED EXPRESS INC,21678914.0,44.4883,964458030.0,False
58361,LEE,"LEE ENTERPRISES, Inc",22292044.0,43.21,963239221.0,False
1379785,BBDC,"Barings BDC, Inc.",104706884.0,9.1858,961816495.0,False
1603345,AGTX,Agentix Corp.,40066951.0,24.0,961606824.0,False
2007846,JLHL,Julong Holding Ltd,21448632.0,44.8,960898714.0,False
709337,FMNB,FARMERS NATIONAL BANC CORP /OH/,59247572.0,16.1943,959472955.0,False
1467761,FIEE,"FiEE, Inc.",8528598.0,112.5,959467275.0,False
1131903,FCCN,SPECTRAL CAPITAL Corp,96291416.0,9.95,958099589.0,False
1987363,WTF,Waton Financial Ltd,48237472.0,19.85,957513819.0,False
1766368,MEC,"Mayville Engineering Company, Inc.",25500331.0,37.54,957282426.0,False
1412486,COCP,"Cocrystal Pharma, Inc.",19263200.0,49.68,956995776.0,False
1191070,NEUP,Neuphoria Therapeutics Inc.,5411334.0,176.76,956507398.0,False
1472091,PDSB,PDS Biotechnology Corp,55971338.0,17.08,955990453.0,False
915840,BZH,BEAZER HOMES USA INC,26679623.0,35.73,953262930.0,False
1491419,LVO,"LiveOne, Inc.",13711789.0,69.5,952969336.0,False
1034842,RIGL,RIGEL PHARMACEUTICALS INC,18679864.0,50.96,951925869.0,False
1469443,RKDA,"Arcadia Biosciences, Inc.",2409211.0,394.0,949229134.0,False
783412,DJCO,DAILY JOURNAL CORP,1377952.0,687.66,947562472.0,False
1757840,INDO,Indonesia Energy Corp Ltd,15386840.0,61.5,946290660.0,False
1434754,SB,"SAFE BULKERS, INC.",103005748.0,9.18,945592767.0,False
1807887,LASE,Laser Photonics Corp,50177716.0,18.8,943341061.0,False
1001614,REPX,"Riley Exploration Permian, Inc.",20400032.0,46.2363,943222000.0,False
1753368,SANG,Sangoma Technologies Corp,33262910.0,28.35,943003498.0,False
1948455,ISPR,Ispire Technology Inc.,57754471.0,16.3,941397877.0,False
1018979,AMSF,AMERISAFE INC,18536058.0,50.7172,940096961.0,True
1852353,DC,Dakota Gold Corp.,134172991.0,7.0,939210937.0,False
1367083,SNOA,"Sonoma Pharmaceuticals, Inc.",4788425.0,196.0,938531300.0,False
859070,FCBC,FIRST COMMUNITY BANKSHARES INC /VA/,18910329.0,49.55,937006802.0,False
2092574,SWMR,"Swarmer, Inc",11922750.0,78.52,936174330.0,False
1557376,ZEOX,"Zeo ScientifiX, Inc.",7837441.0,119.0,932655479.0,False
1641229,FFMGF,First Mining Gold Corp.,1343755162.0,0.694,932566082.0,False
1546296,IPDN,"Professional Diversity Network, Inc.",14450323.0,64.5,932045834.0,False
1875558,NVCT,"Nuvectis Pharma, Inc.",32581533.0,28.53,929551136.0,False
1504619,PFLT,PennantPark Floating Rate Capital Ltd.,99217896.0,9.3607,928748959.0,False
1377757,GAU,Galiano Gold Inc.,259790437.0,3.57,927451860.0,False
1467760,ARI,"Apollo Commercial Real Estate Finance, Inc.",128212093.0,7.2281,926729829.0,False
1379041,EIG,"Employers Holdings, Inc.",17960506.0,51.566,926151452.0,True
1844417,ESLA,"Estrella Immunopharma, Inc.",43497864.0,21.25,924329610.0,False
1464591,GPRK,GeoPark Ltd,51707198.0,17.8489,922916606.0,False
1783398,UWMC,UWM Holdings Corp,103104205.0,8.9431,922071216.0,False
1495240,LANDP,GLADSTONE LAND Corp,43136573.0,21.3735,921979543.0,False
2048951,TMS,Teamshares Inc,73660516.0,12.5,920756450.0,False
1538849,CAPL,CrossAmerica Partners LP,38173255.0,24.07,918830248.0,False
1113809,BBW,BUILD-A-BEAR WORKSHOP INC,12319335.0,74.3317,915717113.0,False
1420529,AACG,ATA Creativity Global,63912442.0,14.3,913947921.0,False
1038773,SMBK,SMARTFINANCIAL INC.,17098473.0,53.23,910151718.0,False
1870144,CDIO,"Cardio Diagnostics Holdings, Inc.",2959469.0,307.5,910036718.0,False
1528287,NPCE,NeuroPace Inc,34324274.0,26.5,909593261.0,False
1645469,MNPR,Monopar Therapeutics,6712172.0,135.0,906143220.0,False
1273441,GTE,GRAN TIERRA ENERGY INC.,35380429.0,25.6,905738982.0,False
1318484,CTRN,Citi Trends Inc,8339447.0,108.45,904413027.0,False
1285550,CLPT,"ClearPoint Neuro, Inc.",30504227.0,29.6,902925119.0,False
1959455,HSHP,Himalaya Shipping Ltd.,46650000.0,19.33,901744500.0,False
880117,JBSS,SANFILIPPO JOHN B & SON INC,8121180.0,110.4926,897330293.0,True
1496099,NMFC,New Mountain Finance Corp,94452390.0,9.4887,896230393.0,False
1341235,ALDX,"Aldeyra Therapeutics, Inc.",60326421.0,14.85,895847352.0,False
854560,GSBC,"GREAT SOUTHERN BANCORP, INC.",10897507.0,82.02,893813524.0,False
318833,TISI,TEAM INC,4583209.0,194.7,892350792.0,False
1568385,BMTM,"Bright Mountain Media, Inc.",186936398.0,4.75,887947890.0,False
1679628,JUNS,"JUPITER NEUROSCIENCES, INC.",770081.0,1152.75,887710873.0,False
1518715,MCHB,Mechanics Bancorp,18920808.0,46.9006,887397248.0,False
1861123,EIKN,"Eikon Therapeutics, Inc.",54165030.0,16.26,880723388.0,False
1235912,CVRX,"CVRx, Inc.",26641597.0,33.01,879439117.0,False
1846715,WAVE,Eco Wave Power Global AB (publ),46717308.0,18.79,877818217.0,False
1320760,TSSI,"TSS, Inc.",28219070.0,31.1,877613077.0,False
933972,SCWO,374Water Inc.,17718161.0,49.4,875277153.0,False
918541,NNBR,NN INC,82580864.0,10.5932,874795609.0,False
1715925,HYFT,MindWalk Holdings Corp.,46711866.0,18.7,873511894.0,False
916907,SMBC,"SOUTHERN MISSOURI BANCORP, INC.",11013279.0,79.0527,870629441.0,False
1504678,LOOP,"Loop Industries, Inc.",48380371.0,17.98,869879071.0,False
2013223,HSLV,Highlander Silver Corp.,130910687.0,6.64,869246962.0,False
2013186,TNMG,TNL Mediagene,2556405.0,340.0,869177700.0,False
1574565,EVGN,Evogene Ltd.,8718193.0,99.4,866588384.0,False
1163668,SPFI,"SOUTH PLAINS FINANCIAL, INC.",18839105.0,45.7746,862352496.0,False
1918102,FISN,"DEEP FISSION, INC.",58905938.0,14.56,857670457.0,False
1050743,PGC,PEAPACK GLADSTONE FINANCIAL CORP,17727952.0,48.2777,855864748.0,False
826154,ORRF,ORRSTOWN FINANCIAL SERVICES INC,19669626.0,43.48,855235338.0,False
39311,IBCP,INDEPENDENT BANK CORP /MI/,22199295.0,38.5,854672858.0,False
1962738,CASIF,"CASI Pharmaceuticals, Inc.",20555873.0,41.5,853068730.0,False
1839970,BLSM,"BlossomHill Therapeutics, Inc.",31784909.0,26.82,852471259.0,False
1790340,IMRX,Immuneering Corp,25938064.0,32.84,851806022.0,False
903419,ALRS,ALERUS FINANCIAL CORP,24903238.0,34.12,849698481.0,False
1780201,LVLU,"Lulu's Fashion Lounge Holdings, Inc.",2871576.0,295.5,848550708.0,False
717720,VALU,VALUE LINE INC,9382098.0,90.0596,844947993.0,False
1464790,RILYP,"BRC Group Holdings, Inc.",40199755.0,21.0136,844741572.0,False
1638290,MCFT,"MasterCraft Boat Holdings, Inc.",24339371.0,34.7,844576174.0,False
924822,MLR,MILLER INDUSTRIES INC /TN/,11352184.0,74.2592,843004102.0,False
1723069,TLSA,Tiziana Life Sciences Ltd,120507401.0,6.99,842346733.0,False
1602842,ORIO,Orion Digital Corp.,24472377.0,34.41,842094493.0,False
1722387,ITRG,Integra Resources Corp.,182070050.0,4.62,841163631.0,False
1880438,ANTX,"AN2 Therapeutics, Inc.",37736237.0,22.29,841140723.0,False
778164,ALTO,"Alto Ingredients, Inc.",77567564.0,10.83,840056718.0,False
2023730,HDRN,"Hadron Energy, Inc.",71498842.0,11.72,837966428.0,False
1737523,BGLC,BioNexus Gene Lab Corp,2933442.0,285.6,837791035.0,False
1318008,ZUMZ,Zumiez Inc,15330613.0,54.63,837511388.0,False
1418076,SLRC,SLR Investment Corp.,54554634.0,15.3468,837239057.0,False
1375205,URG,UR-ENERGY INC,397863720.0,2.1,835513812.0,False
862831,FISI,FINANCIAL INSTITUTIONS INC,19706360.0,42.3669,834897383.0,False
1030192,IDR,"Idaho Strategic Resources, Inc.",15826170.0,52.66,833406112.0,False
1736243,ACXP,"Acurx Pharmaceuticals, Inc.",5269921.0,157.8,831593534.0,False
1234006,GOOD,GLADSTONE COMMERCIAL CORP,48407501.0,17.1759,831442396.0,False
1821534,EXOD,"Exodus Movement, Inc.",9300739.0,89.3,830555993.0,False
1873923,ONL,Orion Properties Inc.,57044714.0,14.5412,829498595.0,False
934549,ACTG,ACACIA RESEARCH CORP,97586805.0,8.5,829487842.0,False
1053369,ELTP,ELITE PHARMACEUTICALS INC /NV/,1077136442.0,0.77,829395060.0,False
822370,EMMA,"Emmaus Life Sciences, Inc.",70188263.0,11.814,829204139.0,False
2106613,QNC,Quantum eMotion Corp,218588670.0,3.79,828451059.0,False
798287,PAMT,PAMT CORP,20942257.0,39.555,828370976.0,False
1533615,XRN,Chiron Real Estate Inc.,13237830.0,62.5107,827506020.0,False
1577437,ASC,Ardmore Shipping Corp,40731441.0,20.2275,823895223.0,False
887151,CAPS,Capstone Holding Corp.,20578551.0,40.0,823142040.0,False
1692376,VEL,"Velocity Financial, Inc.",39481457.0,20.76,819635047.0,False
1364125,WRN,Western Copper & Gold Corp,202337592.0,4.05,819467248.0,False
1805594,JWEL,Jowell Global Ltd.,2376131.0,344.8,819289969.0,False
1971532,TELO,"Telomir Pharmaceuticals, Inc.",68774956.0,11.9,818421976.0,False
1842939,XAGE,"Longevity Health Holdings, Inc.",2475321.0,330.0,816855930.0,False
1683695,IMXI,"International Money Express, Inc.",30211627.0,27.03,816620278.0,False
1035092,SHBI,SHORE BANCSHARES INC,33372276.0,24.4586,816239150.0,False
1645155,WBSR,Webstar Technology Group Inc.,405558604.0,2.0,811117208.0,False
1840877,COCH,"Envoy Medical, Inc.",77194595.0,10.5,810543248.0,False
1649739,BAFN,BayFirst Financial Corp.,26962815.0,30.0542,810345835.0,False
1700844,EVOH,EvoAir Holdings Inc.,27180631.0,29.76,808895579.0,False
1567264,INTS,"INTENSITY THERAPEUTICS, INC.",3264879.0,247.0,806425113.0,False
1604665,WLKP,Westlake Chemical Partners LP,35245879.0,22.8319,804730385.0,False
1540159,EDSA,"Edesa Biotech, Inc.",9641031.0,83.44,804447627.0,False
1514443,AGSS,"AMERIGUARD SECURITY SERVICES, INC.",89348478.0,9.0,804136302.0,False
1756180,NCRA,"NOCERA, INC.",2376148.0,337.5,801949950.0,False
2087398,TMCR,Metals Royalty Co Inc.,50926632.0,15.7,799548122.0,False
1620749,PHCI,Panamera Holdings Corp,79886074.0,10.0,798860740.0,False
18498,GCO,GENESCO INC,10820152.0,73.49,795172970.0,False
1606757,KE,"Kimball Electronics, Inc.",23966995.0,33.13,794026544.0,False
808439,TATT,TAT TECHNOLOGIES LTD,12983137.0,61.11,793399502.0,False
1407583,BHLL,Bunker Hill Mining Corp.,47207589.0,16.765,791435230.0,False
1829576,CARE,"Carter Bankshares, Inc.",22163931.0,35.6118,789297478.0,False
1978527,GVH,Globavend Holdings Ltd,1526113.0,516.0,787474308.0,False
101984,UEIC,UNIVERSAL ELECTRONICS INC,12885062.0,61.0516,786653651.0,False
1847345,ASBP,"Aspire Biopharma Holdings, Inc.",1402557.0,560.4,785992943.0,False
876343,LCTX,"Lineage Cell Therapeutics, Inc.",252907464.0,3.1,784013138.0,False
1506929,VRDR,"VERDE RESOURCES, INC.",1304292407.0,0.6,782575444.0,False
717538,AROW,ARROW FINANCIAL CORP,18523723.0,42.1725,781191708.0,False
1648960,MYSE,"Myseum.AI, Inc.",5196430.0,150.1,779984143.0,False
1171759,RRGB,RED ROBIN GOURMET BURGERS INC,18903752.0,41.14,777700357.0,False
1354866,BYRN,Byrna Technologies Inc.,22693356.0,34.19,775885842.0,False
1817241,ARTV,"Artiva Biotherapeutics, Inc.",48890121.0,15.83,773930615.0,False
62234,MCS,MARCUS CORP,19023386.0,40.6791,773854221.0,False
108985,YORW,YORK WATER CO,16228581.0,47.672,773648913.0,False
2104052,NVRI,Enviri Corp,28190119.0,27.44,773536865.0,False
1711754,INMB,"Inmune Bio, Inc.",27753789.0,27.85,772943024.0,False
1847590,BWMN,Bowman Consulting Group Ltd.,17335512.0,44.43,770216798.0,False
1488813,CUBB,"Customers Bancorp, Inc.",33783799.0,22.7936,770054401.0,False
1598599,IPHA,Innate Pharma SA,93719323.0,8.2,768498449.0,False
1781730,TCBX,"Third Coast Bancshares, Inc.",16654970.0,46.13,768293766.0,False
1141197,PED,PEDEVCO CORP,13290902.0,57.8,768214136.0,False
1831096,GEGGL,"Great Elm Group, Inc.",31094890.0,24.7,768043783.0,False
1513363,FDUS,FIDUS INVESTMENT Corp,37954364.0,20.15,764780435.0,False
1351636,SSTI,"SOUNDTHINKING, INC.",13163790.0,58.08,764552923.0,False
1117057,PLAG,Planet Green Holdings Corp.,14232714.0,53.5,761450199.0,False
76282,PKOH,PARK OHIO HOLDINGS CORP,14490010.0,52.51,760870425.0,False
1057379,HCKT,"HACKETT GROUP, INC.",24877873.0,30.5456,759909558.0,False
2030763,MEDS,"DataMeds AI, Inc.",3061919.0,248.0,759355912.0,False
1824403,RSVR,"Reservoir Media, Inc.",65930743.0,11.48,756884930.0,False
1127371,CWBC,Community West Bancshares,27131078.0,27.8876,756620651.0,False
1837429,BNT,Brookfield Wealth Solutions Ltd.,15311749.0,49.3498,755631751.0,False
5981,AVD,AMERICAN VANGUARD CORP,29500632.0,25.4188,749870665.0,False
701719,ELA,Envela Corp,25963476.0,28.88,749825187.0,False
1587987,NEWTH,"NewtekOne, Inc.",28884731.0,25.911,748432265.0,False
1702924,WRAP,"WRAP TECHNOLOGIES, INC.",56003638.0,13.35,747648567.0,False
708781,CASS,CASS INFORMATION SYSTEMS INC,12806149.0,58.2057,745390867.0,False
1737924,NCDL,Nuveen Churchill Direct Lending Corp.,49387065.0,15.0899,745245872.0,False
1916416,INTJ,Intelligent Group Ltd,11250000.0,66.0,742500000.0,False
764401,IIIN,INSTEEL INDUSTRIES INC,19358247.0,38.2365,740191611.0,False
1826667,TLSI,"TriSalus Life Sciences, Inc.",61574600.0,12.0,738895200.0,False
1972234,VHUB,"VenHub Global, Inc.",91392857.0,8.08,738454285.0,False
1472326,GRO,Brazil Potash Corp.,53692089.0,13.75,738266224.0,False
1349436,SD,SANDRIDGE ENERGY INC,37075296.0,19.9114,738221049.0,False
1622345,POLA,"Polar Power, Inc.",3851684.0,191.66,738213755.0,False
1736730,CAMP,Camp4 Therapeutics Corp,62753200.0,11.74,736722568.0,False
719135,APYX,Apyx Medical Corp,42124023.0,17.4,732958000.0,False
1587987,NEWT,"NewtekOne, Inc.",28884731.0,25.3393,731918864.0,False
1930021,HOVR,New Horizon Aircraft Ltd.,66825837.0,10.92,729738140.0,False
2074850,GFUZ,General Fusion Group Ltd.,52988419.0,13.76,729120645.0,False
1959224,AXG,"Solowin Holdings, Ltd.",15500000.0,47.0,728500000.0,False
1175151,CTSO,Cytosorbents Corp,62842748.0,11.545,725519526.0,False
894627,EGY,VAALCO ENERGY INC /DE/,105191778.0,6.8938,725171079.0,False
879911,AERG,"APPLIED ENERGETICS, INC.",230105003.0,3.15,724830759.0,False
729580,BELFB,BEL FUSE INC /NJ,2174912.0,332.9566,724151305.0,False
1561032,NHPBP,"National Healthcare Properties, Inc.",28412183.0,25.45,723090057.0,False
1574094,RNXT,"RenovoRx, Inc.",45129508.0,16.02,722974718.0,False
935419,RICK,"RCI HOSPITALITY HOLDINGS, INC.",7644500.0,94.4826,722272236.0,False
1378325,CV,"CapsoVision, Inc",50046913.0,14.42,721676485.0,False
1056943,PFIS,PEOPLES FINANCIAL SERVICES CORP.,10010367.0,72.05,721246942.0,False
766011,CMCL,Caledonia Mining Corp Plc,19304784.0,37.2848,719775010.0,False
320017,LSTA,"LISATA THERAPEUTICS, INC.",9010937.0,79.8,719072773.0,False
1873454,RYET,Ruanyun Edai Technology Inc.,35550004.0,20.22,718821081.0,False
1967621,ATGL,Alpha Technology Group Ltd,15262500.0,47.0,717337500.0,False
2084026,QMLS,"QumulusAI, Inc.",33458515.0,21.43,717015976.0,False
1574085,BHR,Braemar Hotels & Resorts Inc.,68679318.0,10.3843,713186642.0,False
1795815,BCAL,California BanCorp \ CA,32150541.0,22.09,710205451.0,False
1466026,MSBI,"Midland States Bancorp, Inc.",20752112.0,34.1912,709539612.0,False
1134115,THM,INTERNATIONAL TOWER HILL MINES LTD,195885531.0,3.61,707146767.0,False
1853921,SCTX,"Scribe Therapeutics, Inc.",18931680.0,37.25,705205080.0,False
1138723,ARAY,ACCURAY INC,119439307.0,5.89,703497518.0,False
1132105,SPWH,"SPORTSMAN'S WAREHOUSE HOLDINGS, INC.",39141465.0,17.95,702589297.0,False
1368519,NOA,North American Construction Group Ltd.,28821481.0,24.373,702465956.0,False
1514597,FURY,FURY GOLD MINES LTD,189143299.0,3.7037,700530037.0,False
1555017,SKYI,"Sky Century Investment, Inc.",6935477.0,101.0,700483177.0,False
1534525,XBIO,"Xenetic Biosciences, Inc.",2343181.0,298.8,700142483.0,False
2101698,ELMT,Elmet Group Co.,30459498.0,22.98,699959264.0,False
1636051,FUST,FUSE GROUP HOLDING INC.,17225716.0,40.5,697641498.0,False
1436208,LEGH,Legacy Housing Corp,23781601.0,29.33,697514357.0,False
1828185,BRNS,Barinthus Biotherapeutics plc.,40848893.0,17.0,694431181.0,False
1998056,PC,Premium Catering (Holdings) Ltd,16000000.0,43.38,694080000.0,False
1274737,XGN,EXAGEN INC.,24225339.0,28.48,689937655.0,False
1819411,GANX,"Gain Therapeutics, Inc.",43643619.0,15.8,689569180.0,False
1818274,ARAI,Arrive AI Inc.,51876209.0,13.25,687359769.0,False
1617242,KRNY,Kearny Financial Corp.,64929382.0,10.585,687277508.0,False
1036044,INVE,"INVE Technologies, Inc.",24235753.0,28.33,686598882.0,False
743367,BHB,BAR HARBOR BANKSHARES,16766080.0,40.91,685900333.0,False
1360442,DOGP,"Dogecoin Cash, Inc.",162609031.0,4.21,684584021.0,False
1842952,CNTX,Context Therapeutics Inc.,91879177.0,7.45,684499869.0,False
1963439,TURB,"Turbo Energy, S.A.",55085700.0,12.4,683062680.0,False
1493761,TBCH,Turtle Beach Corp,17909711.0,38.12,682718183.0,False
1071236,RRBI,RED RIVER BANCSHARES INC,6584106.0,103.48,681323289.0,False
1943289,SVCO,"Silvaco Group, Inc.",33885758.0,19.98,677037445.0,False
1498067,SKTG,SKYTECH ORION GLOBAL CORP.,1247885009.0,0.54,673857905.0,False
1505065,BWAY,Brainsway Ltd.,39165806.0,17.17,672476889.0,False
715579,ACNB,ACNB CORP,10169930.0,65.95,670706884.0,False
1975641,ZYBT,Zhengye Biotechnology Holding Ltd,47391376.0,14.15,670587970.0,False
945983,CLMB,"Climb Global Solutions, Inc.",18660639.0,35.7949,667955707.0,False
1327688,OOMA,OOMA INC,27600000.0,24.2,667920000.0,False
1336706,NPB,NORTHPOINTE BANCSHARES INC,34581842.0,19.2841,666879699.0,False
866273,MTRX,MATRIX SERVICE CO,28291921.0,23.55,666274740.0,False
1515139,WAST,WASTE ENERGY CORP.,192326122.0,3.46,665448382.0,False
1734107,SOHU,Sohu.com Ltd,26069022.0,25.49,664499371.0,False
1436126,MG,"Mistras Group, Inc.",31849893.0,20.75,660885280.0,False
1505065,BRSYF,Brainsway Ltd.,39165806.0,16.84,659552173.0,False
712034,ACCO,ACCO BRANDS Corp,92307568.0,7.1209,657312961.0,False
1133416,GALT,GALECTIN THERAPEUTICS INC,100849644.0,6.51,656531182.0,False
784539,EACO,EACO CORP,4861590.0,135.0,656314650.0,False
1626878,XBIT,XBiotech Inc.,30487731.0,21.4895,655166095.0,False
1891512,XTXXF,Adastra Holdings Ltd.,55970547.0,11.688,654183753.0,False
1401521,ACIC,AMERICAN COASTAL INSURANCE Corp,48464047.0,13.476,653101497.0,False
1901203,UCFI,CN Healthy Food Tech Group Corp.,52234983.0,12.5,652937288.0,False
1226616,MNOV,MEDICINOVA INC,49221246.0,13.22,650704872.0,False
103595,VLGEA,VILLAGE SUPER MARKET INC,13845449.0,46.8935,649261563.0,False
1163370,NRIM,NORTHRIM BANCORP INC,22244766.0,29.1863,649242414.0,False
2040475,DMII,Drugs Made In America Acquisition II Corp.,63700000.0,10.18,648466000.0,False
1650696,LSF,"Laird Superfood, Inc.",11192884.0,57.83,647284482.0,False
1484674,ATMH,"ALL THINGS MOBILE ANALYTIC, INC.",343589316.0,1.88,645947914.0,False
1095052,PLG,PLATINUM GROUP METALS LTD,112571113.0,5.73,645032477.0,False
946563,RVP,RETRACTABLE TECHNOLOGIES INC,29937159.0,21.5,643648918.0,False
724910,NVEC,NVE CORP /NEW/,4837166.0,133.0557,643612508.0,False
1096938,UEEC,"United Health Products, Inc.",262685588.0,2.45,643579691.0,False
1985273,TOYO,"TOYO Co., Ltd",37758997.0,16.99,641525359.0,False
1370755,TCPC,BlackRock TCP Capital Corp.,83902775.0,7.6382,640866176.0,False
1009919,IVHI,"Invech Holdings, Inc.",106700968.0,6.0,640205808.0,False
1791145,GBFH,GBank Financial Holdings Inc.,14516457.0,44.0,638724108.0,False
1006837,VATE,INNOVATE Corp.,13641866.0,46.8,638439329.0,False
896156,ETD,ETHAN ALLEN INTERIORS INC,25202503.0,25.2843,637227647.0,False
1021917,AWCA,"Awaysis Capital, Inc.",409386192.0,1.55,634548598.0,False
1275158,NDLS,NOODLES & Co,5966660.0,106.16,633420626.0,False
729580,BELFA,BEL FUSE INC /NJ,2174912.0,291.1556,633237808.0,False
1487428,HRZN,Horizon Technology Finance Corp,67033909.0,9.4338,632384491.0,False
2014254,KBSX,FST Corp.,44766003.0,14.08,630305322.0,False
925528,HDSN,HUDSON TECHNOLOGIES INC /NY,42088547.0,14.96,629644663.0,False
1341317,BWB,Bridgewater Bancshares Inc,27883823.0,22.49,627107179.0,False
1889123,FLD,"Fold Holdings, Inc.",55077187.0,11.375,626503002.0,False
1567529,KMDA,KAMADA LTD,57686056.0,10.8433,625507211.0,False
1795851,SWRD,"Stewards, Inc.",211149963.0,2.96,625003890.0,False
1453593,XTNT,"Xtant Medical Holdings, Inc.",140287960.0,4.45,624281422.0,False
844059,FRPH,"FRP HOLDINGS, INC.",19198301.0,32.5,623944782.0,False
1173643,TRX,TRX GOLD Corp,284861895.0,2.18,620998931.0,False
1853825,DTCX,"Datacentrex, Inc.",40143626.0,15.46,620620458.0,False
1702123,CRDL,Cardiol Therapeutics Inc.,100257009.0,6.19,620590886.0,False
1515156,ARQ,"Arq, Inc.",43668483.0,14.2079,620437440.0,False
1385613,GLRE,"GREENLIGHT CAPITAL RE, LTD.",32641344.0,19.0,620185536.0,False
1538847,GLDG,GoldMining Inc.,213757471.0,2.9,619896666.0,False
920427,UNTY,UNITY BANCORP INC /NJ/,10042578.0,61.6412,619036559.0,False
1070524,GCBC,GREENE COUNTY BANCORP INC,17025485.0,36.2569,617291307.0,False
1419536,CBNK,Capital Bancorp Inc,16290456.0,37.88,617082473.0,False
1872529,MDXH,MDxHealth SA,51364520.0,12.0,616374240.0,False
1690639,VBNK,VersaBank,26002577.0,23.7006,616276676.0,False
1090009,SFST,SOUTHERN FIRST BANCSHARES INC,9471755.0,65.02,615853510.0,False
1807616,HIGR,Hi-Great Group Holding Co,102500000.0,6.0,615000000.0,False
1867834,BRAG,Bragg Gaming Group Inc.,25553293.0,24.0,613279032.0,False
1388320,ATNM,"Actinium Pharmaceuticals, Inc.",31441436.0,19.5,613108002.0,False
1084765,RGP,"RESOURCES CONNECTION, INC.",34443626.0,17.7797,612397337.0,False
1844392,MRAI,"Marpai, Inc.",26829834.0,22.8,611720215.0,False
1520118,MWAI,"MedWellAI, Inc.",6536580.0,93.5,611170230.0,False
1784440,BHIC,"BioScience Health Innovations, Inc.",11752329.0,52.0,611121108.0,False
1759824,ALTG,ALTA EQUIPMENT GROUP INC.,32666872.0,18.6821,610285769.0,False
1499849,LND,BrasilAgro - Brazilian Agricultural Real Estate Co,102683444.0,5.9418,610124488.0,False
2002236,SPHL,SPRINGVIEW HOLDINGS LTD,11500000.0,53.04,609960000.0,False
928340,CWCO,Consolidated Water Co. Ltd.,16012865.0,38.0859,609864375.0,False
1944399,PDC,Perpetuals.com Ltd,33872687.0,18.0,609708366.0,False
1521951,FBIZ,"FIRST BUSINESS FINANCIAL SERVICES, INC.",8368320.0,72.85,609632112.0,False
2020932,AGMB,AgomAb Therapeutics NV,34167168.0,17.82,608858934.0,False
1633336,CCAP,"Crescent Capital BDC, Inc.",36845952.0,16.5145,608492474.0,False
886206,FC,FRANKLIN COVEY CO,11293873.0,53.83,607949184.0,False
1512922,PETV,"PetVivo Holdings, Inc.",37950495.0,16.0,607207920.0,False
1129928,ONCY,ONCOLYTICS BIOTECH INC,127510505.0,4.76,606950004.0,False
1828805,ALMU,"Aeluma, Inc.",19265671.0,31.49,606675980.0,False
56701,KOSS,KOSS CORP,9466438.0,64.0,605852032.0,False
1842556,EONR,EON Resources Inc.,49968344.0,12.12,605616329.0,False
2055116,KG,Kestrel Group Ltd,7824030.0,77.4,605579922.0,False
944745,CIVB,"CIVISTA BANCSHARES, INC.",20794238.0,29.1194,605515734.0,False
1606909,PANL,Pangaea Logistics Solutions Ltd.,65473772.0,9.1739,600649837.0,False
1703956,BBCP,"Concrete Pumping Holdings, Inc.",50393420.0,11.8902,599187842.0,False
1807166,AMST,Amesite Inc.,5852985.0,102.0,597004470.0,False
1904501,ZTEKF,Zentek Ltd.,104390928.0,5.7,595028290.0,False
1143513,GLAD,GLADSTONE CAPITAL CORP,22593069.0,26.081,589249833.0,False
1819796,GCMG,GCM Grosvenor Inc.,42259797.0,13.9277,588581775.0,False
1839799,GRSD,GRANDSTAND Ltd,35097190.0,16.75,587877932.0,False
73290,BMRA,BIOMERICA INC,4588968.0,128.0,587387904.0,False
1403475,BMRC,Bank of Marin Bancorp,16194248.0,36.1059,584707899.0,False
1895618,GXAI,GAXOS.AI INC.,10744634.0,54.0,580210236.0,False
65596,SIEB,SIEBERT FINANCIAL CORP,41100936.0,14.1,579523198.0,False
720858,ITIC,INVESTORS TITLE CO,1887996.0,305.5019,576786365.0,False
712770,OLP,ONE LIBERTY PROPERTIES INC,21825024.0,26.4153,576514556.0,False
96869,TRC,TEJON RANCH CO,27021444.0,21.31,575826972.0,False
1998768,PAL,"Proficient Auto Logistics, Inc",28052923.0,20.49,574804392.0,False
1504379,CSTE,Caesarstone Ltd.,34573899.0,16.5982,573864490.0,False
704440,KRMD,"KORU Medical Systems, Inc.",46171902.0,12.42,573455023.0,False
850429,TG,TREDEGAR CORP,34944164.0,16.3426,571078495.0,False
1119769,CRNT,CERAGON NETWORKS LTD,88392925.0,6.46,571018296.0,False
1436425,HBCP,"HOME BANCORP, INC.",7870750.0,72.51,570708082.0,False
2093507,GLND,Greenland Energy Co,43730194.0,13.0,568492522.0,False
1866816,OPTX,"SYNTEC OPTICS HOLDINGS, INC.",40279878.0,14.11,568349079.0,False
1084991,NGS,NATURAL GAS SERVICES GROUP INC,12898285.0,43.9539,566929929.0,False
1687932,JILL,"J.Jill, Inc.",14862977.0,38.0836,566035671.0,False
100726,UFI,UNIFI INC,18588837.0,30.44,565844198.0,False
1400118,SGMT,Sagimet Biosciences Inc.,30674855.0,18.42,565030829.0,False
1591670,FPI,Farmland Partners Inc.,43630722.0,12.9317,564219408.0,False
1718939,IDAI,T Stamp Inc,5639291.0,100.0,563929100.0,False
1606366,LOCO,"El Pollo Loco Holdings, Inc.",30432937.0,18.5079,563249755.0,False
1040161,PXLW,"PIXELWORKS, INC",6049393.0,93.0,562593549.0,False
1401040,DMAC,DiaMedica Therapeutics Inc.,53925697.0,10.43,562445020.0,False
1945565,BGIN,BGIN BLOCKCHAIN Ltd,113135941.0,4.96,561154267.0,False
1883814,SLND,"Southland Holdings, Inc.",54435257.0,10.3,560683147.0,False
1630113,BTCY,BIOTRICITY INC.,19914003.0,28.02,557990364.0,False
1720420,IBEX,IBEX Ltd,13278634.0,42.0,557702628.0,False
2033383,FUSE,Fusemachines Inc.,28985302.0,19.24,557677210.0,False
1341170,ESEA,EUROSEAS LTD.,7055881.0,78.5387,554159721.0,False
1995704,CUPR,Cuprina Holdings (Cayman) LTD,7365000.0,75.2,553848000.0,False
1041514,LSAK,LESAKA TECHNOLOGIES INC,85824094.0,6.45,553565406.0,False
1464165,BETRF,BetterLife Pharma Inc.,145494883.0,3.8,552880555.0,False
1130144,BSRR,SIERRA BANCORP,12963397.0,42.5662,551802549.0,False
1564180,KNOP,KNOT Offshore Partners LP,34045081.0,16.1857,551043468.0,False
2095743,REA,"Rare Earths Americas, Inc.",19953892.0,27.6,550727419.0,False
1401914,DARE,"Dare Bioscience, Inc.",15289502.0,36.0,550422072.0,False
921114,ARMP,"Armata Pharmaceuticals, Inc.",37181979.0,14.8,550293289.0,False
1362190,AEYE,AUDIOEYE INC,12569674.0,43.67,548917664.0,False
836690,IA,INNOVATIVE SOLUTIONS & SUPPORT INC,17899173.0,30.56,546998727.0,False
1505732,BWFG,"Bankwell Financial Group, Inc.",7971972.0,68.57,546638120.0,False
65312,EVI,"EVI INDUSTRIES, INC.",12878532.0,42.3754,545732945.0,False
1746129,BSVN,Bank7 Corp.,9525856.0,57.1142,544061645.0,False
1593984,MDWD,MediWound Ltd.,12835148.0,42.35,543568518.0,False
907254,BFS-PD,"SAUL CENTERS, INC.",24717101.0,21.9644,542896293.0,False
1290900,CVGI,"Commercial Vehicle Group, Inc.",40632682.0,13.35,542446305.0,False
1518461,AMPG,"AmpliTech Group, Inc.",30043887.0,18.0,540789966.0,False
1927719,CRGO,Freightos Ltd,51376890.0,10.49,538943576.0,False
1413119,KBLB,"Kraig Biocraft Laboratories, Inc.",1099791733.0,0.49,538897949.0,False
1318885,DSX,DIANA SHIPPING INC.,115787434.0,4.648,538179993.0,False
1377789,AVNW,"AVIAT NETWORKS, INC.",12801539.0,41.975,537344600.0,False
1333172,NMPGY,Navios Maritime Holdings Inc.,22826450.0,23.5,536421575.0,False
1988494,FVR,"FrontView REIT, Inc.",24455953.0,21.92,536074490.0,False
1834105,IBO,IMPACT BIOMEDICAL INC.,107821231.0,4.96,534793306.0,False
1823584,AENT,ALLIANCE ENTERTAINMENT HOLDING CORP,50930770.0,10.5,534773085.0,False
1096056,LXFR,LUXFER HOLDINGS PLC,26759241.0,19.9333,533399979.0,False
1968043,NCEW,New Century Logistics (BVI) Ltd,25600000.0,20.8,532480000.0,False
1582982,CCLD,"CareCloud, Inc.",42493859.0,12.53,532448053.0,False
1539638,TFIN-P,"Triumph Financial, Inc.",23894537.0,22.0532,526951003.0,False
2007587,AII,"American Integrity Insurance Group, Inc.",19593427.0,26.77,524516041.0,False
803164,COFS,CHOICEONE FINANCIAL SERVICES INC,14955520.0,35.0416,524065350.0,False
1754226,OBT,"Orange County Bancorp, Inc. /DE/",13407963.0,39.0063,522995027.0,False
1705284,PBAM,"Private Bancorp of America, Inc.",5729788.0,91.2,522556666.0,False
814676,CPSH,CPS TECHNOLOGIES CORP/DE/,19387942.0,26.89,521341760.0,False
1006281,PLX,"Protalix BioTherapeutics, Inc.",80571642.0,6.45,519687091.0,False
1641614,PMTS,CPI Card Group Inc.,11530669.0,45.01,518995412.0,False
1810467,SNTG,Sentage Holdings Inc.,2805325.0,185.0,518985125.0,False
946394,ELLO,Ellomay Capital Ltd.,13781230.0,37.58,517898623.0,False
1066194,EGAN,EGAIN Corp,26171467.0,19.77,517409903.0,False
929351,STRZ,STARZ ENTERTAINMENT CORP /CN/,17124171.0,30.21,517321206.0,False
733590,TCI,TRANSCONTINENTAL REALTY INVESTORS INC,8773965.0,58.91,516874278.0,False
63330,MLP,MAUI LAND & PINEAPPLE CO INC,19859155.0,26.01,516536622.0,False
1434728,GWRS,"Global Water Resources, Inc.",28795352.0,17.8954,515304342.0,False
1320854,RAIL,"FreightCar America, Inc.",32791280.0,15.71,515151009.0,False
1863934,ADUR,ADURO CLEAN TECHNOLOGIES INC.,29613178.0,17.39,514973165.0,False
1342423,LMNR,Limoneira CO,18132007.0,28.2529,512281781.0,False
1166928,WTBA,WEST BANCORPORATION INC,17043743.0,30.0,511312290.0,False
1399520,STKS,"ONE Group Hospitality, Inc.",31689024.0,16.13,511143957.0,False
814586,LWAY,"Lifeway Foods, Inc.",15106747.0,33.82,510910184.0,False
1529377,ACRE,Ares Commercial Real Estate Corp,55481113.0,9.191,509926910.0,False
1726173,BH-A,Biglari Holdings Inc.,206864.0,2462.99,509503963.0,False
2051380,PEW,GrabAGun Digital Holdings Inc.,29513438.0,17.24,508811671.0,False
1067983,BRK-B,BERKSHIRE HATHAWAY INC,941481.0,539.8,508211444.0,True
1903784,VOGX,"Vogenx, Inc.",14855087.0,34.13,507004119.0,False
1699350,SI,"SHOULDER INNOVATIONS, INC.",20818957.0,24.25,504859707.0,False
1277902,MVBF,MVB FINANCIAL CORP,12967507.0,38.9184,504674624.0,False
1855175,CTNM,"Contineum Therapeutics, Inc.",23099173.0,21.75,502407013.0,False
1874071,PDLB,"Ponce Financial Group, Inc.",24187901.0,20.76,502140825.0,False
1937891,AMCI,AMC Robotics Corp,22600363.0,22.2,501728059.0,False
1814215,BURU,"Nuburu, Inc.",370493812.0,1.35,500166646.0,False
1282224,DLPN,"Dolphin Entertainment, Inc.",13025551.0,38.32,499139114.0,False
1126741,GSIT,GSI TECHNOLOGY INC,38432590.0,12.97,498470692.0,False
918251,MPAA,MOTORCAR PARTS OF AMERICA INC,18933207.0,26.31,498132676.0,False
1394056,OSS,"ONE STOP SYSTEMS, INC.",24940130.0,19.95,497555594.0,False
1982444,BDMD,Baird Medical Investment Holdings Ltd,40979382.0,12.11,496260316.0,False
792966,FMAO,FARMERS & MERCHANTS BANCORP INC,13773162.0,35.9963,495782871.0,False
798528,OMEX,ODYSSEY MARINE EXPLORATION INC,58691389.0,8.43,494768409.0,False
1997403,ZENA,"ZenaTech, Inc.",48020885.0,10.3,494615116.0,False
1005286,LFCR,"LIFECORE BIOMEDICAL, INC. DE",37853060.0,13.06,494360964.0,False
1866782,CDRO,"Codere Online Luxembourg, S.A.",45249812.0,10.9,493222951.0,False
1102238,ARL,AMERICAN REALTY INVESTORS INC,16152043.0,30.5,492637312.0,False
1622244,OWPC,"One World Products, Inc.",120108774.0,4.1,492445973.0,False
87050,NEON,Neonode Inc.,16782922.0,29.3,491739615.0,False
1997296,MDCX,Medicus Pharma Ltd.,63180610.0,7.78,491545146.0,False
813298,DXLG,"DESTINATION XL GROUP, INC.",55453550.0,8.85,490763918.0,False
922864,AIV,APARTMENT INVESTMENT & MANAGEMENT CO,143856183.0,3.4095,490477656.0,False
275053,NATR,NATURES SUNSHINE PRODUCTS INC,17595520.0,27.8,489155456.0,False
1519401,RM,Regional Management Corp.,9225794.0,52.9975,488944018.0,False
1514183,SILO,"Silo Pharma, Inc.",1588250.0,307.5,488386875.0,False
1495231,IZEA,"IZEA Worldwide, Inc.",17416286.0,28.04,488352659.0,False
1489993,MOBI,"Mobia Medical, Inc.",33291096.0,14.63,487048734.0,False
884144,ASUR,ASURE SOFTWARE INC,28879328.0,16.83,486039090.0,False
1561032,NHP,"National Healthcare Properties, Inc.",28412183.0,17.08,485280086.0,False
714256,SMTI,Sanara MedTech Inc.,9188035.0,52.75,484668846.0,False
1981546,CBK,"Commercial Bancgroup, Inc.",13701269.5,35.314,483846631.0,False
1481504,XERI,"XERIANT, INC.",924611480.0,0.52,480797970.0,False
1648636,TRLEF,Dune Oil Corp.,41624457.0,11.5375,480242173.0,False
1072627,KWY,KINGSWAY Corp,28931000.0,16.57,479386670.0,False
1011060,NORD,Nordicus Partners Corp,19173896.0,25.0,479347400.0,False
915191,FRFFF,FAIRFAX FINANCIAL HOLDINGS LTD/ CAN,26176506.0,18.2806,478522236.0,False
1684693,SLGL,Sol-Gel Technologies Ltd.,2786158.0,171.5,477826097.0,False
1409375,OESX,"ORION ENERGY SYSTEMS, INC.",4089286.0,116.7,477219676.0,False
1473490,GLAI,"Global AI, Inc.",114898024.0,4.15,476826800.0,False
1868995,CINT,CI&T Inc,23802836.0,19.98,475580663.0,False
1751912,NGEN,NERVGEN PHARMA CORP.,79649257.0,5.97,475506064.0,False
2066836,CNXU,Conexeu Sciences Inc.,28206698.0,16.85,475282861.0,False
352825,FSTR,FOSTER L B CO,10519763.0,45.17,475177695.0,False
1878313,MAIA,"MAIA Biotechnology, Inc.",60825844.0,7.8,474441583.0,False
1534254,CION,CION Investment Corp,49202704.0,9.6347,474053292.0,False
1049606,CIX,COMPX INTERNATIONAL INC,12336657.0,38.39,473604262.0,False
1854480,DEVSF,DevvStream Corp.,35067694.0,13.5,473413869.0,False
711669,CBAN,COLONY BANKCORP INC,21220965.0,22.27,472590891.0,False
1421642,MSLE,Satellos Bioscience Inc.,15458903.0,30.48,471187363.0,False
1791703,TII,Titan Mining Corp,91616438.0,5.14,470908491.0,False
1729149,VMD,"VIEMED HEALTHCARE, INC.",38088228.0,12.33,469627851.0,False
1499422,RBB,RBB Bancorp,16915964.0,27.7499,469416309.0,False
1018735,NYMXF,NYMOX PHARMACEUTICAL CORP,102040140.0,4.6,469384644.0,False
1041934,FOCL,EDAP TMS SA,37527950.0,12.49,468724096.0,False
810958,CZNC,CITIZENS & NORTHERN CORP,17934867.0,26.13,468638075.0,False
1535955,LPCN,Lipocine Inc.,8244253.0,56.61,466707162.0,False
1114925,LTRX,LANTRONIX INC,46705312.0,9.97,465651961.0,False
1411057,CBIH,"Cannabis Bioscience International Holdings, Inc.",11626749347.0,0.04,465069974.0,False
1833498,MDAI,"Spectral AI, Inc.",32184928.0,14.43,464428511.0,False
1842566,AISP,"Airship AI Holdings, Inc.",34439562.0,13.47,463900900.0,False
1794546,CARL,"CARLSMED, INC.",27302743.0,16.99,463873604.0,False
1893899,WAMFF,Alaska Silver Corp.,89069150.0,5.2,463159580.0,False
1785279,MGX,"Metagenomi Therapeutics, Inc.",37777105.0,12.25,462769536.0,False
1172178,LBSR,LIBERTY STAR URANIUM & METALS CORP.,120163294.0,3.85,462628682.0,False
1459188,CHEV,Charging Robotics Inc.,11246252.0,41.1,462220957.0,False
1058811,IMMR,IMMERSION CORP,33206041.0,13.9108,461922595.0,False
932021,GTLL,GLOBAL TECHNOLOGIES LTD,14688440097.0,0.0314,461217019.0,False
1396536,DUOT,"DUOS TECHNOLOGIES GROUP, INC.",31472499.0,14.64,460757385.0,False
101594,BSIN,BIG SKY INDUSTRIAL INC.,52493428.0,8.7755,460656077.0,False
1769663,PBFS,"Pioneer Bancorp, Inc./MD",24841663.0,18.54,460564432.0,False
2083526,MWC,"Micware Co., Ltd.",56141914.0,8.2,460363695.0,False
1171155,RLGT,"RADIANT LOGISTICS, INC",46894270.0,9.81,460032789.0,False
1337013,INFU,"InfuSystem Holdings, Inc",19917181.0,22.92,456501789.0,False
1953021,MPU,Mega Matrix Inc,34536384.0,13.188,455465832.0,False
1808997,AOUT,"American Outdoor Brands, Inc.",12621225.0,36.03,454742737.0,False
1919182,UTKN,Universal Token,101561000.0,4.473,454282353.0,False
1376321,CNET,ZW Data Action Technologies Inc.,3668429.0,123.8,454151510.0,False
69733,NATH,"NATHANS FAMOUS, INC.",4097661.0,110.5666,453064445.0,False
891482,FLL,FULL HOUSE RESORTS INC,36644480.0,12.35,452559328.0,False
2058758,AVBC,"Avidia Bancorp, Inc.",19970306.0,22.59,451129213.0,False
105319,WW,"WW INTERNATIONAL, INC.",9998760.0,44.89,448844336.0,False
1987240,SHMD,SCHMID Group N.V.,43062427.0,10.42,448710489.0,False
1211583,FENC,FENNEC PHARMACEUTICALS INC.,35067159.0,12.78,448158292.0,False
2041829,CHOW,ChowChow Cloud International Holdings Ltd,35490000.0,12.61,447528900.0,False
1984124,LUD,Luda Technology Group Ltd,22690000.0,19.7,446993000.0,False
1658678,BSEM,"BioStem Technologies, Inc.",17849471.0,24.98,445879786.0,False
873860,ONIT,ONITY GROUP INC.,8354520.0,53.35,445713642.0,False
783324,VGZ,VISTA GOLD CORP,145971346.0,3.05,445212605.0,False
50471,TRAK,"ReposiTrak, Inc.",18173565.0,24.4963,445185100.0,False
911147,CNTY,CENTURY CASINOS INC /CO/,28137692.0,15.82,445138287.0,False
2023016,TTRX,Turn Therapeutics Inc.,29788040.0,14.94,445033318.0,False
106532,WEYS,WEYCO GROUP INC,9550983.0,46.5933,445011816.0,False
790273,CONC,CONECTISYS CORP,1388289.0,320.0,444252480.0,False
1533924,AMPY,Amplify Energy Corp.,41456450.0,10.6803,442767323.0,False
1168455,PLBC,PLUMAS BANCORP,6959016.0,63.57,442384647.0,False
1935092,CETI,"Cyber Enviro-Tech, Inc.",174591490.0,2.532,442065653.0,False
1903508,PPHC,"Public Policy Holding Company, Inc.",30216533.0,14.61,441463547.0,False
1562463,INBK,First Internet Bancorp,8733574.0,50.5424,441415791.0,False
1902314,MPTI,"M-tron Industries, Inc.",4346476.0,100.75,437907457.0,False
1066764,BESS,Bimergen Energy Corp,7097573.0,61.6,437210497.0,False
895456,RCKY,"ROCKY BRANDS, INC.",7491911.0,58.3472,437132029.0,False
1948697,SPPL,SIMPPLE LTD.,5786184.0,75.52,436972616.0,False
1907909,VOXR,VOX ROYALTY CORP.,68364945.0,6.3897,436831489.0,False
1723464,BHST,BIOHARVEST SCIENCES INC.,22666842.0,19.25,436336708.0,False
1897245,HWH,HWH International Inc.,7726400.0,56.4,435768960.0,False
2009684,SEG,Seaport Entertainment Group Inc.,12809536.0,34.0,435524224.0,False
882508,QUIK,QUICKLOGIC Corp,18317741.0,23.74,434863171.0,False
1002590,SGU,"STAR GROUP, L.P.",32811216.0,13.2459,434614086.0,False
1827401,DRUG,BRIGHT MINDS BIOSCIENCES INC.,4524087.0,95.985,434244491.0,False
1901637,USCB,"USCB FINANCIAL HOLDINGS, INC.",18474470.0,23.48,433780556.0,False
1408534,FGBI,"First Guaranty Bancshares, Inc.",16539094.0,26.181,433010020.0,False
1083743,FLUX,"Flux Power Holdings, Inc.",21621642.0,20.0,432432840.0,False
1593001,NGTF,"NightFood Holdings, Inc.",507476668.0,0.852,432370121.0,False
1176334,MMLP,MARTIN MIDSTREAM PARTNERS L.P.,39124686.0,11.0466,432194756.0,False
798081,LAKE,LAKELAND INDUSTRIES INC,9931346.0,43.4653,431668933.0,False
56868,PNRG,PRIMEENERGY RESOURCES CORP,1582600.0,272.59,431400934.0,False
1532383,VNJA,VANJIA CORP,30000000.0,14.38,431400000.0,False
55234,GAMG,"Global Asset Management Group, Inc.",440152858.0,0.98,431349801.0,False
1962011,KAPA,"Kairos Pharma, LTD.",23697683.0,18.2,431297831.0,False
1840425,OSRH,"OSR Health, Inc.",35118692.0,12.25,430203977.0,False
1615063,INSE,"Inspired Entertainment, Inc.",26358372.0,16.3,429641464.0,False
1979414,NTHI,"NEONC TECHNOLOGIES HOLDINGS, INC.",25936365.0,16.55,429246841.0,False
1602658,ISTR,Investar Holding Corp,13777026.0,31.1,428465509.0,False
1847874,BEEP,Mobile Infrastructure Corp,41300000.0,10.37,428281000.0,False
1022505,SDCH,"SideChannel, Inc.",4572757.0,93.6,428010055.0,False
1423869,PCB,PCB BANCORP,14044602.0,30.3804,426680627.0,False
2025774,ALPS,Alps Group Inc,166400314.0,2.56,425984804.0,False
863110,ARTNA,ARTESIAN RESOURCES CORP,7761699.0,54.8788,425952727.0,False
842517,ISBA,ISABELLA BANK CORP,7628873.0,55.8294,425915402.0,False
924168,EFOI,"ENERGY FOCUS, INC/DE",6369222.0,66.71,424890800.0,False
1840856,SOUN,"SOUNDHOUND AI, INC.",17461000.0,24.23,423080030.0,False
720500,ASYS,AMTECH SYSTEMS INC,17508101.0,23.99,420019343.0,False
1997201,PSIG,PS International Group Ltd.,15376572.0,27.28,419472884.0,False
1844450,ELVA,Electrovaya Inc.,34137665.0,12.26,418527773.0,False
1386044,TAAG,"Awareness Group, Inc.",59608825.0,7.0,417261775.0,False
1708341,AIFA,"All In FutureTech Alliance, Inc.",6420316.0,64.86,416421696.0,False
1690334,SMHI,SEACOR Marine Holdings Inc.,27132826.0,15.32,415674894.0,False
1657788,KRP,"Kimbell Royalty Partners, LP",26839462.0,15.46,414938083.0,False
814585,MBI,MBIA INC,51016444.0,8.13,414763690.0,False
1681206,NODK,"NI Holdings, Inc.",20404723.0,20.32,414623971.0,False
855683,MLSS,MILESTONE SCIENTIFIC INC.,88739185.0,4.67,414411994.0,False
1325670,FRST,Primis Financial Corp.,24799072.0,16.67,413400530.0,False
1315399,PKBK,"PARKE BANCORP, INC.",11761470.0,35.13,413180441.0,False
891532,PESI,PERMA FIX ENVIRONMENTAL SERVICES INC,21218351.0,19.43,412272560.0,False
1948443,ATTT,Raytech Holding Ltd,5874743.0,70.08,411701989.0,False
1948443,RAY,Raytech Holding Ltd,5874743.0,70.08,411701989.0,False
723533,WYGC,Wenyuan Group Corp.,82610375.0,4.98,411399668.0,False
1531193,FCBM,"First Carolina Financial Services, Inc.",31068852.0,13.24,411351600.0,False
2014337,NPT,Texxon Holding Ltd,20000000.0,20.5,410000000.0,False
1854964,NLCP,"NewLake Capital Partners, Inc.",20580766.0,19.8899,409349378.0,False
763563,CHMG,CHEMUNG FINANCIAL CORP,4821472.0,84.8628,409163614.0,False
2038439,VWAV,"VisionWave Holdings, Inc.",28842069.0,14.18,408980538.0,False
1410738,VPLM,Voip-pal.com Inc,3854095436.0,0.105,404680021.0,False
72162,NL,"NLI HOLDINGS, INC.",48898734.0,8.2536,403590591.0,False
765207,FNLC,"First Bancorp, Inc /ME/",11282340.0,35.68,402553891.0,False
1703157,SCTH,"Securetech Innovations, Inc.",17129717.0,23.49,402377052.0,False
1495320,VRA,"Vera Bradley, Inc.",28688664.0,14.01,401928183.0,False
1794776,PSBD,Palmer Square Capital BDC Inc.,30651221.0,13.1039,401650535.0,False
1875016,YMAT,"J-Star Holding Co., Ltd.",13953333.0,28.7,400460657.0,False
739421,CZFS,CITIZENS FINANCIAL SERVICES INC,4809855.0,83.1566,399971188.0,False
1847398,NECB,"NorthEast Community Bancorp, Inc./MD/",13766059.0,29.0342,399686510.0,False
926423,MIND,"MIND TECHNOLOGY, INC",9089055.0,43.9,399009514.0,False
314227,TOMZ,"TOMI Environmental Solutions, Inc.",8142577.0,48.96,398660570.0,False
1710482,JMSB,"John Marshall Bancorp, Inc.",14112134.0,28.0855,396346339.0,False
276720,PCYO,PURE CYCLE CORP,24097370.0,16.44,396160763.0,False
874396,LCUT,"LIFETIME BRANDS, INC",22988836.0,17.2215,395902239.0,False
863110,ARTNB,ARTESIAN RESOURCES CORP,7761699.0,50.9347,395339810.0,False
1434524,CLIR,ClearSign Technologies Corp,6807455.0,58.0,394832390.0,False
1509470,NSLR,Neostellar Capital Corp.,26473222.0,14.91,394715740.0,False
24090,CIA,"CITIZENS, INC.",50643108.0,7.77,393496949.0,False
2089283,NUCL,Eagle Nuclear Energy Corp.,29579798.0,13.21,390749132.0,False
2012219,OMSE,OMS Energy Technologies Inc.,42448704.0,9.175,389466859.0,False
1855557,HLP,Hongli Group Inc.,73438750.0,5.3,389225375.0,False
1488917,ELMD,"Electromed, Inc.",8366163.0,46.31,387437009.0,False
1417663,SNWV,"SANUWAVE Health, Inc.",8602309.0,45.0,387103905.0,False
1569994,WSBF,"Waterstone Financial, Inc.",17977028.0,21.52,386865643.0,False
1328919,GASS,StealthGas Inc.,37185686.0,10.39,386359278.0,False
1123494,HBIO,HARVARD BIOSCIENCE INC,4552305.0,84.7,385580234.0,False
1383414,PNNT,PENNANTPARK INVESTMENT CORP,65296094.0,5.8999,385240425.0,False
1724542,CLPS,CLPS Inc,29743452.0,12.9324,384654219.0,False
1371489,III,Information Services Group Inc.,48413462.0,7.9421,384504557.0,False
1013272,NWFL,NORWOOD FINANCIAL CORP,10902074.0,35.25,384298108.0,False
1009829,JAKK,JAKKS PACIFIC INC,11445012.0,33.567,384174718.0,False
1653384,RWAY,Runway Growth Finance Corp.,41909904.0,9.1653,384116843.0,False
1534969,SERA,"SERA PROGNOSTICS, INC.",29293831.0,13.04,381991556.0,False
1774857,AARD,"Aardvark Therapeutics, Inc.",21884846.0,17.41,381015169.0,False
1847846,EUDA,EUDA Health Holdings Ltd,1890375.0,201.4,380721525.0,False
894315,SITC,SITE Centers Corp.,52475339.0,7.2242,379092344.0,False
14846,BRT,BRT Apartments Corp.,18793277.0,20.0683,377149121.0,False
1836295,RTGN,RetinalGenix Technologies Inc.,18843628.0,20.0,376872560.0,False
1011509,AUMN,Golden Minerals Co,15053048.0,25.0,376326200.0,False
1730984,BCML,BayCom Corp,10920117.0,34.4428,376119406.0,False
1487718,BLTH,"AMERICAN BATTERY MATERIALS, INC.",3789585.0,99.0,375168915.0,False
1551901,SCM,Stellus Capital Investment Corp,28479937.0,13.1461,374400100.0,False
1010134,ICTSF,ICTS INTERNATIONAL N V,37433333.0,10.0,374333330.0,False
1213809,DYAI,DYADIC INTERNATIONAL INC,36438703.0,10.26,373861093.0,False
27093,USAU,U.S. GOLD CORP.,16528663.0,22.6,373547784.0,False
1140102,HQI,"HireQuest, Inc.",13900000.0,26.8111,372674290.0,False
1884516,DTI,Drilling Tools International Corp,35282224.0,10.56,372580285.0,False
1854445,BTLN,"Brightline Interactive, Inc./NV",21076506.0,17.66,372211096.0,False
1075736,CXDO,"Crexendo, Inc.",33253790.0,11.1757,371634381.0,False
924383,GNSS,Genasys Inc.,45542009.0,8.15,371167373.0,False
1507957,IPWR,Ideal Power Inc.,16434655.0,22.47,369286698.0,False
883107,SLSN,"SOLESENCE, INC.",70647045.0,5.21,368071104.0,False
1443575,AVBH,"Avidbank Holdings, Inc.",10983480.0,33.51,368056415.0,False
1590584,CVEO,Civeo Corp,10336859.0,35.56,367578706.0,False
1377936,SAR,SARATOGA INVESTMENT CORP.,16310601.0,22.5115,367176094.0,False
1272842,AIRG,AIRGAIN INC,13100234.0,28.0,366806552.0,False
1337298,FF,FutureFuel Corp.,43863318.0,8.3608,366732429.0,False
1580345,TPVG,TriplePoint Venture Growth BDC Corp.,40709723.0,8.9888,365931558.0,False
1046050,TSBK,TIMBERLAND BANCORP INC,7775668.0,47.0,365456396.0,False
2186,BKTI,BK Technologies Corp,3769389.0,96.95,365442264.0,False
1482554,HFUS,"Hartford Creative Group, Inc.",25027004.0,14.6,365394258.0,False
100378,TWIN,TWIN DISC INC,14538916.0,25.11,365072181.0,False
1537435,TGEN,TECOGEN INC.,30187822.0,12.07,364367012.0,False
1673475,GPOX,"GPO Plus, Inc.",96773765.0,3.756,363482261.0,False
1379006,NNVC,"NANOVIRICIDES, INC.",21647000.0,16.76,362803720.0,False
933034,STRT,STRATTEC SECURITY CORP,3985013.0,90.91,362277532.0,False
1357971,ESOA,Energy Services of America CORP,18659181.0,19.34,360868561.0,False
706698,UTMD,UTAH MEDICAL PRODUCTS INC,3183818.0,113.1167,360142986.0,False
1972529,BTOC,Armlogi Holding Corp.,45443079.0,7.89,358545893.0,False
793306,BDCO,BLUE DOLPHIN ENERGY CO,14921968.0,24.0,358127232.0,False
95574,SGC,"SUPERIOR GROUP OF COMPANIES, INC.",15945201.0,22.3544,356445401.0,False
1171838,SUND,"Sundance Strategies, Inc.",43063441.0,8.25,355273388.0,False
1022899,PTIX,"Protagenic Therapeutics, Inc.\new",1810208.0,194.32,351759619.0,False
1680139,HLYK,HealthLynked Corp,2953225.0,119.0,351433775.0,False
803016,CFNB,CALIFORNIA FIRST LEASING CORP,10284139.0,33.95,349146519.0,False
2029471,HMR,Heidmar Maritime Holdings Corp.,58409823.0,5.95,347538447.0,False
1675033,GECCH,Great Elm Capital Corp.,13889750.0,25.0,347243750.0,False
39092,FRD,FRIEDMAN INDUSTRIES INC,7212791.0,48.08,346790991.0,False
1289945,SPOK,"Spok Holdings, Inc",20918137.0,16.5419,346025730.0,False
1837493,QTEX,QTREX Quantum Ltd.,35949247.0,9.59,344753279.0,False
37472,FLXS,FLEXSTEEL INDUSTRIES INC,4091741.0,84.2,344524592.0,False
1437226,MHH,"Mastech Digital, Inc.",12012581.0,28.67,344400697.0,False
1066684,TGLO,THEGLOBE COM INC,441480473.0,0.78,344354769.0,False
1862935,CURR,Currenc Group Inc.,76611444.0,4.49,343985384.0,False
1530249,FSBW,"FS Bancorp, Inc.",7431972.0,46.2248,343541419.0,False
1675644,FVCB,"FVCBankcorp, Inc.",18034205.0,19.03,343190921.0,False
1282980,DROR,"Dror Ortho-Design, Inc.",976997116.0,0.35,341948991.0,False
2060083,FOFO,"Hang Feng Technology Innovation Co., Ltd.",7571078.0,45.0,340698510.0,False
104894,ELME,Elme Communities,88857883.0,3.8273,340085776.0,False
1477081,KGEI,Kolibri Global Energy Inc.,35471833.0,9.57,339465442.0,False
1036262,INTT,INTEST CORP,12564657.0,26.91,338114920.0,False
1077688,HOFT,HOOKER FURNISHINGS Corp,10692197.0,31.592,337787888.0,False
1753673,SJ,Scienjoy Holding Corp,27037302.0,12.49,337695902.0,False
1874315,SATL,Satellogic Inc.,27297969.0,12.33,336583958.0,False
1310488,BFNH,"BIOFORCE NANOSCIENCES HOLDINGS, INC.",33549005.0,10.0,335490050.0,False
1297107,COSO,"CoastalSouth Bancshares, Inc.",11954446.0,28.01,334844032.0,False
1327607,MYFW,First Western Financial Inc,9765129.0,34.19,333869761.0,False
1959994,COOT,Australian Oilseeds Holdings Ltd,27898538.0,11.95,333387529.0,False
1867949,REFI,"Chicago Atlantic Real Estate Finance, Inc.",25621146.0,12.9957,332964727.0,False
1786248,NREF,"NexPoint Real Estate Finance, Inc.",18848029.0,17.639,332460384.0,False
1098151,FDBC,FIDELITY D & D BANCORP INC,5808508.0,57.1951,332218196.0,False
14177,BRID,BRIDGFORD FOODS CORP,9076832.0,36.58,332030515.0,False
1707910,REBN,"Reborn Coffee, Inc.",8620122.0,38.4,331012685.0,False
1855467,MOBX,"MOBIX LABS, INC",2778912.0,118.76,330023589.0,False
3545,ALCO,"ALICO, INC.",7418561.0,44.4064,329431587.0,False
1106213,SFRX,SEAFARER EXPLORATION CORP,11040410363.0,0.0297,327900188.0,False
1043961,PRPO,"Precipio, Inc.",1790188.0,183.0,327604404.0,False
932781,FCCO,FIRST COMMUNITY CORP /SC/,9399731.0,34.8377,327465009.0,False
1308027,VYST,Vystar Corp,24621094.0,13.29,327214339.0,False
2027360,RCT,RedCloud Holdings plc,68380615.0,4.78,326859340.0,False
1903870,AFRI,Forafric Global PLC,26917597.0,12.1,325702924.0,False
1735041,GTEC,Greenland Technologies Holding Corp.,20532482.0,15.85,325439840.0,False
889609,CPSS,"CONSUMER PORTFOLIO SERVICES, INC.",21554714.0,15.09,325260634.0,False
1782303,BOLD,"Boundless Bio, Inc.",22747985.0,14.25,324158786.0,False
1581178,EPRX,EUPRAXIA PHARMACEUTICALS INC.,35641603.0,9.07,323269339.0,False
1783328,TCRX,"TScan Therapeutics, Inc.",23976942.0,13.48,323209178.0,False
2031561,ALDF,Aldel Financial II Inc.,29868214.0,10.82,323174075.0,False
1579157,VNCE,VINCE HOLDING CORP.,12944749.0,24.9,322324250.0,False
1326205,IGC,"IGC Pharma, Inc.",103384008.0,3.1,320490425.0,False
731122,CCFN,MUNCY COLUMBIA FINANCIAL Corp,10614047.0,30.0,318421410.0,False
2067674,SBMT,SILVER BOW MINING CORP.,29528500.0,10.75,317431375.0,False
1101026,ZIVO,"Zivo Bioscience, Inc.",3888595.0,81.6,317309352.0,False
15847,BUKS,BUTLER NATIONAL CORP,63842119.0,4.97,317295331.0,False
1393883,DHX,"DHI GROUP, INC.",43424190.0,7.22,313522652.0,False
916793,SILC,SILICOM LTD.,5706142.0,54.92,313381319.0,False
913341,CFFI,C & F FINANCIAL CORP,3251691.0,96.26,313007776.0,False
1741489,ELVG,"Elvictor Group, Inc.",834042.0,375.0,312765750.0,False
2087450,LEGO,Legato Merger Corp. IV,31266667.0,10.0,312666670.0,False
2033515,SORA,AsiaStrategy,24864000.0,12.57,312540480.0,False
1856365,FINW,Finwise Bancorp,13882680.0,22.49,312221473.0,False
96664,AMFN,"American Fusion, Inc.",1641801029.0,0.19,311942196.0,False
1321851,SEED,Origin Agritech LTD,11924349.0,26.15,311821726.0,False
1904286,MIRA,"MIRA PHARMACEUTICALS, INC.",42022087.0,7.42,311803886.0,False
1549145,BIOF,"BLUE BIOFUELS, INC.",324168980.0,0.96,311202221.0,False
33488,ESCA,ESCALADE INC,13766074.0,22.6,311113272.0,False
1786471,SEV,Aptera Motors Corp,28560115.0,10.84,309591647.0,False
1887944,SHIM,Shimmick Corp,41335823.0,7.47,308778598.0,False
33992,KINS,"KINGSTONE COMPANIES, INC.",14476133.0,21.323,308674584.0,False
849146,LFVN,Lifevantage Corp,12527348.0,24.6104,308303045.0,False
829323,INUV,"Inuvo, Inc.",16483079.0,18.7,308233577.0,False
1114927,FNRN,FIRST NORTHERN COMMUNITY BANCORP,16395303.0,18.8,308231696.0,False
1059142,GHI,Greystone Housing Impact Investors LP,23562510.0,13.0738,308051543.0,False
785557,DLHC,DLH Holdings Corp.,14493035.0,21.23,307687133.0,False
1748137,NEOV,NeoVolta Inc.,42711301.0,7.17,306240028.0,False
2018462,PCLA,PicoCELA Inc.,1153806.0,264.3,304950926.0,False
1139685,AIDX,"20/20 Biolabs, Inc.",12770303.0,23.85,304571727.0,False
1040896,IDN,"Intellicheck, Inc.",20266743.0,15.01,304203812.0,False
1794276,ZHJD,Intelligent Hotel Group Ltd.,101400000.0,3.0,304200000.0,False
1393772,BUDZ,"WEED, INC.",148312685.0,2.05,304041004.0,False
1006655,EPM,EVOLUTION PETROLEUM CORP,40172226.0,7.5136,301838037.0,False
1849221,PMNT,Perfect Moment Ltd.,53202530.0,5.64,300062269.0,False
1596961,RDNW,"RideNow Group, Inc.",2191633.0,136.8,299815394.0,False
1812447,SKYQ,Sky Quarry Inc.,8833390.0,33.92,299628589.0,False
1983736,GOAI,Eva Live Inc,39252186.0,7.62,299101657.0,False
1913971,BPRN,"Princeton Bancorp, Inc.",6813201.0,43.88,298963260.0,False
700841,RCMT,"RCM TECHNOLOGIES, INC.",7110759.0,42.0,298651878.0,False
1228454,BCBP,BCB BANCORP INC,18101822.0,16.4859,298424827.0,False
763907,FUNC,FIRST UNITED CORP/MD/,6453836.0,46.18,298038146.0,False
722572,FKWL,FRANKLIN WIRELESS CORP,11784280.0,25.2535,297594315.0,False
1443863,BICX,BioCorRx Inc.,29758177.0,10.0,297581770.0,False
2030277,LFS,"LEIFRAS Co., Ltd.",26160619.0,11.37,297446238.0,False
1979610,WXM,WF International Ltd.,6900000.0,42.9,296010000.0,False
1074902,LCNB,LCNB CORP,14254988.0,20.7412,295665557.0,False
1157647,WNEB,"Western New England Bancorp, Inc.",20045872.0,14.736,295395970.0,False
2051985,IRHO,Iron Horse Acquisition II Corp.,29320000.0,10.07,295252400.0,False
1570132,ANVI,"ANVI GLOBAL HOLDINGS, INC.",119950000.0,2.46,295077000.0,False
1845149,CBGGF,Chain Bridge I,23000000.0,12.8,294400000.0,False
1825452,ONFO,"Onfolio Holdings, Inc",2452712.0,120.0,294325440.0,False
1532619,PW,Power REIT,367120.0,800.5,293879560.0,False
1431567,OVLY,Oak Valley Bancorp,8412708.0,34.88,293435255.0,False
1969863,SUGP,SU Group Holdings Ltd,1464772.0,200.0,292954400.0,False
1163609,SDSYA,SOUTH DAKOTA SOYBEAN PROCESSORS LLC,30411500.0,9.6,291950400.0,False
1792941,GNVR,Genvor Inc,36410120.0,8.0,291280960.0,False
719402,FXNC,FIRST NATIONAL CORP /VA/,9042629.0,32.1929,291108451.0,False
1132651,ATLO,AMES NATIONAL CORP,8857220.0,32.82,290693960.0,False
96536,TAYD,"TAYLOR DEVICES, INC.",3225015.0,89.95,290090099.0,False
1842279,OPAL,OPAL Fuels Inc.,25171390.0,11.5,289470985.0,False
914122,PPIH,"Perma-Pipe International Holdings, Inc.",8195179.0,35.29,289207867.0,False
723646,FRAF,FRANKLIN FINANCIAL SERVICES CORP /PA/,4499582.0,64.26,289143139.0,False
1174891,GEDC,"TerraVolt Holdings, Inc.",25730540.0,11.2,288182048.0,False
1892747,VMCAF,Valuence Merger Corp. I,22009963.0,13.0,286129519.0,False
1652935,ACTU,"ACTUATE THERAPEUTICS, INC.",24014202.0,11.9,285769004.0,False
1892747,VMCUF,Valuence Merger Corp. I,22009963.0,12.9,283928523.0,False
2093101,RNA,"Atrium Therapeutics, Inc.",17105643.0,16.54,282927335.0,False
1945415,HUHU,HUHUTECH International Group Inc.,24103749.0,11.7,282013863.0,False
1874875,HOUR,"Hour Loop, Inc",35199820.0,7.99,281246562.0,False
1000209,MFIN,MEDALLION FINANCIAL CORP,22960249.0,12.22,280574243.0,False
1763950,LTRN,Lantern Pharma Inc.,12784146.0,21.92,280228480.0,False
1979005,AFJK,"Aimei Health Technology Co., Ltd.",3166332.0,88.5,280220382.0,False
751365,VIRC,VIRCO MFG CORPORATION,15763815.0,17.7208,279347413.0,False
1838716,GNTA,Genenta Science S.p.A.,23432183.0,11.87,278140012.0,False
893847,HWBK,"HAWTHORN BANCSHARES, INC.",6900678.0,40.0955,276686135.0,False
796534,NKSH,NATIONAL BANKSHARES INC,6370620.0,43.3,275847846.0,False
1007587,KVHI,KVH INDUSTRIES INC \DE\,18140962.0,15.19,275561213.0,False
1001907,ASTC,ASTROTECH Corp,1758953.0,156.3,274924354.0,False
356037,CSPI,CSP INC /MA/,10080645.0,27.2666,274864915.0,False
2070542,AIB,AIB Data Centers Inc.,75979466.0,3.61,274285872.0,False
1069533,RGCO,RGC RESOURCES INC,10419556.0,26.322,274263553.0,False
1120370,BWEN,"BROADWIND, INC.",23657373.0,11.55,273242658.0,False
914139,PRKR,PARKERVISION INC,148226874.0,1.83,271255179.0,False
1767837,RMBI,"Richmond Mutual Bancorporation, Inc.",16759046.0,16.16,270826183.0,False
1675033,GECC,Great Elm Capital Corp.,13889750.0,19.3467,268720826.0,False
1852973,BRLS,Borealis Foods Inc.,21463306.0,12.5,268291325.0,False
1016838,RDCM,RADCOM LTD,16592725.0,16.14,267806582.0,False
1572334,VABK,Virginia National Bankshares Corp,5425282.0,49.22,267032380.0,False
1332551,ACR,ACRES Commercial Realty Corp.,7131101.0,37.44,266988421.0,False
1794942,SKFG,"Stark Focus Group, Inc.",18348330.0,14.53,266601235.0,False
1492617,FWFW,"FLYWHEEL ADVANCED TECHNOLOGY, INC.",29591164.0,9.0,266320476.0,False
355948,RELL,"RICHARDSON ELECTRONICS, LTD.",10796094.0,24.6593,266224121.0,False
924719,SMID,SMITH MIDLAND CORP,5304606.0,50.03,265389438.0,False
1448705,BASA,"BASANITE, INC.",267560840.0,0.99,264885232.0,False
2037400,CAAS,"China Automotive Systems, Inc.",30170702.0,8.768,264536715.0,False
2080921,APC,ARKO Petroleum Corp.,12570223.0,20.9974,263942000.0,False
1026655,CMT,CORE MOLDING TECHNOLOGIES INC,8849034.0,29.65,262373858.0,False
1947210,ROLR,"High Roller Technologies, Inc.",11029313.0,23.75,261946184.0,False
2027265,MB,MASTERBEEF GROUP,17155000.0,15.24,261442200.0,False
1412126,RMSL,RemSleep Holdings Inc.,1739610123.0,0.1497,260419635.0,False
2013639,FBLA,"FB Bancorp, Inc. /MD/",15948178.0,16.17,257882038.0,False
884269,APT,ALPHA PRO TECH LTD,10206218.0,25.25,257707004.0,False
2017758,LHAI,Linkhome Holdings Inc.,16530000.0,15.59,257702700.0,False
1352952,CNFN,CFN Enterprises Inc.,9536357.0,27.0,257481639.0,False
1832161,VIPZ,"VIP Play, Inc.",73457857.0,3.5,257102500.0,False
1141240,LQMT,LIQUIDMETAL TECHNOLOGIES INC,917285149.0,0.28,256839842.0,False
885508,STRS,STRATUS PROPERTIES INC,7982723.0,32.1062,256294901.0,False
1722010,OPBK,OP Bancorp,14932615.0,17.1461,256036110.0,False
1538495,ETST,"Earth Science Tech, Inc.",287590881.0,0.89,255955884.0,False
1577445,ODYS,Odysight.ai Inc.,16806905.0,15.12,254120404.0,False
315374,HURC,HURCO COMPANIES INC,6476322.0,39.0135,252663988.0,False
880641,EFSI,EAGLE FINANCIAL SERVICES INC,5411615.0,46.58,252073027.0,False
6176,AP,AMPCO PITTSBURGH CORP,20658621.0,12.2,252035176.0,False
1953366,STHO,Star Holdings,12081333.0,20.79,251170913.0,False
1899005,BMR,Beamr Imaging Ltd.,15529854.0,16.09,249875351.0,False
1006028,PURE,"PURE BIOSCIENCE, INC.",130017569.0,1.92,249633732.0,False
1834489,GENI,Genius Sports Ltd,10000000.0,24.93,249300000.0,False
1388295,ONEI,OneMeta Inc.,38890943.0,6.4,248902035.0,False
715446,ANIX,Anixa Biosciences Inc,34763802.0,7.14,248213546.0,False
1121795,GHST,GHST World Inc.,130201179.0,1.9,247382240.0,False
1801602,SBIG,"SBIG Holdings, Inc.",48795266.0,5.06,246904046.0,False
1494891,SRTS,"Sensus Healthcare, Inc.",16462059.0,14.97,246437023.0,False
1093672,PEBK,PEOPLES BANCORP OF NORTH CAROLINA INC,5461490.0,45.04,245985510.0,False
1175596,AXREF,AMARC RESOURCES LTD,225377364.0,1.09,245661327.0,False
1632121,BLNC,"Balance Labs, Inc.",46852319.0,5.24,245506152.0,False
1655923,ACOG,Alpha Cognition Inc.,21777868.0,11.24,244783236.0,False
2098,ACU,ACME UNITED CORP,3833823.0,63.82,244674584.0,False
1877939,CTM,"Castellum, Inc.",94781286.0,2.58,244535718.0,False
1750735,MRBK,Meridian Corp,11929048.0,20.4933,244465559.0,False
1358190,ITP,"IT TECH PACKAGING, INC.",16965420.0,14.4,244302048.0,False
1630176,HYEX,HEALTHY EXTRACTS INC.,14741348.0,16.56,244116723.0,False
746514,NEN,NEW ENGLAND REALTY ASSOCIATES LIMITED PARTNERSHIP,3108860.0,78.4958,244032453.0,False
1133311,TZOO,TRAVELZOO,10202337.0,23.84,243223714.0,False
1843162,LIEN,"Chicago Atlantic BDC, Inc.",22820590.0,10.6185,242320435.0,False
1165002,WHG,WESTWOOD HOLDINGS GROUP INC,9484473.0,25.543,242261894.0,False
1529628,SND,"Smart Sand, Inc.",42399061.0,5.6967,241534731.0,False
1763660,APGH,AleeanPeace Group Holdings Ltd,92562343.0,2.6,240662092.0,False
723603,CULP,CULP INC,12735324.0,18.8613,240204767.0,False
1726126,EPSN,Epsilon Energy Ltd.,30283779.0,7.9281,240092828.0,False
1574235,PULM,"Pulmatrix, Inc.",3652285.0,65.6,239589896.0,False
1835022,COYA,"Coya Therapeutics, Inc.",23457849.0,10.19,239035481.0,False
1979005,AFJKU,"Aimei Health Technology Co., Ltd.",3166332.0,75.37,238646443.0,False
1770236,MITQ,MOVING iMAGE TECHNOLOGIES INC.,9941072.0,24.0,238585728.0,False
1893657,RLEA,Rubber Leaf Inc,41109458.0,5.8,238434856.0,False
1000230,OCC,OPTICAL CABLE CORP,8842024.0,26.92,238027286.0,False
1795091,OSTX,OS Therapies Inc,46125825.0,5.16,238009257.0,False
2027160,VNTG,Vantage Corp (Singapore),30983121.0,7.65,237020876.0,False
1259429,OXSQ,Oxford Square Capital Corp.,107707775.0,2.2002,236978647.0,False
2046117,MAGH,Magnitude International Ltd,35000000.0,6.76,236600000.0,False
1616156,WEWA,"WEWARDS, INC.",107483450.0,2.2,236463590.0,False
718413,CMTV,COMMUNITY BANCORP /VT,5600902.0,42.2,236358064.0,False
1963685,RR,RICHTECH ROBOTICS INC.,21288410.0,11.1,236301351.0,False
1082324,VHC,VirnetX Holding Corp,4216633.0,55.9,235709785.0,False
1088034,USIO,"Usio, Inc.",28495414.0,8.26,235372120.0,False
788920,PDEX,PRO DEX INC,3203334.0,73.41,235156749.0,False
799165,DWSN,DAWSON GEOPHYSICAL CO,31055618.0,7.57,235091028.0,False
1751707,OZVN,OZ VISION INC.,29372951.0,8.0,234983608.0,False
894671,OVBC,OHIO VALLEY BANC CORP,4711001.0,49.8327,234761900.0,False
1138476,PFHO,PACIFIC HEALTH CARE ORGANIZATION INC,12800000.0,18.3242,234549760.0,False
1560672,EARN,Ellington Credit Co,37559195.0,6.2313,234042612.0,False
1953988,HLEO,Helio Corp /FL/,5190024.0,45.0,233551080.0,False
895464,YBGJ,Yubo International Biotech Ltd,170416343.0,1.37,233470390.0,False
740664,RFIL,R F INDUSTRIES LTD,10847761.0,21.5,233226862.0,False
1571776,CHMI,Cherry Hill Mortgage Investment Corp,36947394.0,6.3078,233056772.0,False
1437283,RPMT,"REGO PAYMENT ARCHITECTURES, INC.",136697503.0,1.7,232385755.0,False
1892704,FBDT,"First Breach, Inc.",55776201.0,4.15,231471234.0,False
1629210,PZG,Paramount Gold Nevada Corp.,86215381.0,2.67,230195067.0,False
1367859,CZWI,Citizens Community Bancorp Inc.,9650231.0,23.834,230003606.0,False
2111846,GYGY,Game Your Game Inc.,14392000.0,15.98,229984160.0,False
1083220,XELB,"XCel Brands, Inc.",6560274.0,35.0,229609590.0,False
1070296,FCAP,FIRST CAPITAL INC,3344625.0,68.5571,229297791.0,False
1875091,NRSN,NeuroSense Therapeutics Ltd.,32557174.0,7.03,228876933.0,False
10329,BSET,BASSETT FURNITURE INDUSTRIES INC,8658269.0,26.4125,228686530.0,False
750558,QNBC,QNB CORP.,4979570.0,45.74,227765532.0,False
1468639,VICP,"Vicapsys Life Sciences, Inc.",32371299.0,7.03,227570232.0,False
894556,CITR,CitroTech Inc.,22553474.0,10.09,227564553.0,False
1987189,SLGB,Smart Logistics Global Ltd,43000000.0,5.28,227040000.0,False
1766478,AOMR,"Angel Oak Mortgage REIT, Inc.",23214877.0,9.7495,226333443.0,False
1947244,USGO,U.S. GoldMining Inc.,14035736.0,16.11,226115707.0,False
1442236,QRHC,Quest Resource Holding Corp,21092856.0,10.66,224849845.0,False
1070050,APCX,AppTech Payments Corp.,42003934.0,5.35,224721047.0,False
1953984,BCG,"Binah Capital Group, Inc.",17060131.0,12.95,220928696.0,False
875657,ULBI,ULTRALIFE CORP,16663269.0,13.25,220788314.0,False
1937993,CVKD,"Cadrenal Therapeutics, Inc.",3567592.0,61.8,220477186.0,False
1009759,CEPL,"Capstone Energy Plus, Inc.",18546649.0,11.88,220334190.0,False
1952853,MAMO,Massimo Group,41640950.0,5.28,219864216.0,False
1045742,LIVE,LIVE VENTURES Inc,3071656.0,70.74,217288945.0,False
1593184,BRGX,"BIOREGENX, INC.",971575183.0,0.2232,216855581.0,False
40570,JOB,GEE Group Inc.,109870686.0,1.96,215346545.0,False
318673,SNFCA,SECURITY NATIONAL FINANCIAL CORP,17596665.0,12.2086,214830644.0,False
1103795,QSEP,"QS Energy, Inc.",565305854.0,0.38,214816225.0,False
1360565,WFCF,"Where Food Comes From, Inc.",4979663.0,43.0857,214552266.0,False
728385,BCHT,Birchtech Corp.,26305966.0,8.15,214393623.0,False
1682241,MATH,Metalpha Technology Holding Ltd,47113236.0,4.55,214365224.0,False
1091596,AURX,"Nuo Therapeutics, Inc.",48433777.0,4.42,214077294.0,False
1334325,CODA,"Coda Octopus Group, Inc.",11283101.0,18.97,214040426.0,False
1333822,LEDS,SemiLEDs Corp,8273403.0,25.83,213701999.0,False
2026353,ATHR,"Aether Holdings, Inc.",12238059.0,17.39,212819846.0,False
1985139,LSE,"Leishen Energy Holding Co., Ltd.",17025000.0,12.5,212812500.0,False
33533,ESP,ESPEY MFG & ELECTRONICS CORP,2995922.0,70.8106,212143034.0,False
1456189,LEAT,Leatt Corp,6229556.0,33.9,211181948.0,False
1054102,IDXG,"INTERPACE BIOSCIENCES, INC.",27700904.0,7.618,211025487.0,False
2009312,PUSA,Aureus Greenway Holdings Inc,26943582.0,7.815,210564093.0,False
1822523,AFCG,Advanced Flower Capital Inc.,22671919.0,9.2816,210431683.0,False
1905511,JCSE,JE Cleantech Holdings Ltd,5306666.0,39.5337,209792142.0,False
1678105,CAHO,Caro Holdings Inc.,60652429.0,3.45,209250880.0,False
1580864,VRM,"Vroom, Inc.",5207627.0,39.98,208200927.0,False
2030834,ONEG,OneConstruction Group Ltd,16000000.0,12.99,207840000.0,False
1729637,KARX,Karbon-X Corp.,98964757.0,2.1,207825990.0,False
1731388,EDRY,EuroDry Ltd.,2890547.0,71.85,207685802.0,False
1463000,GRUSF,Grown Rogue International Inc.,249938980.0,0.83,207449353.0,False
1556727,FNWB,First Northwest Bancorp,9511615.0,21.8064,207414081.0,False
1320350,LNSR,"LENSAR, Inc.",12285865.0,16.87,207262543.0,False
1043186,SLNG,"Stabilis Solutions, Inc.",18596301.0,11.12,206790867.0,False
2030522,MWYN,"Marwynn Holdings, Inc.",20194804.0,10.22,206390897.0,False
1103090,RSCF,"REFLECT SCIENTIFIC, INC.",85664086.0,2.4,205593806.0,False
880417,CSBB,"CSB Bancorp, Inc.",2627015.0,78.15,205301222.0,False
2079272,LABT,Lakewood-Amedex Biotherapeutics Inc.,2369688.0,86.5,204978012.0,False
1070789,HYOR,HyOrc Corp,758010000.0,0.27,204662700.0,False
1782430,STRW,"Strawberry Fields REIT, Inc.",14157336.0,14.4416,204454584.0,False
1751783,RBKB,"Rhinebeck Bancorp, Inc.",15635966.0,13.07,204362076.0,False
1141688,LARK,LANDMARK BANCORP INC,6100534.0,33.33,203330798.0,False
6207,AXR,AMREP CORP.,5271309.0,38.5,202945396.0,False
1034760,WYY,WIDEPOINT CORP,9998255.0,20.2,201964751.0,False
55529,KEQU,KEWAUNEE SCIENTIFIC CORP /DE/,2895347.0,69.67,201718825.0,False
846913,FTEK,"FUEL TECH, INC.",31216789.0,6.44,201036121.0,False
2006986,ADGM,"Adagio Medical Holdings, Inc.",22210459.0,9.05,201004654.0,False
1562151,CWGL,"Crimson Wine Group, Ltd",20586027.0,9.76,200919624.0,False
1445815,BIXT,"BIOXYTRAN, INC",114695220.0,1.75,200716635.0,False
16859,SRL,Scully Royalty Ltd.,14822251.0,13.5053,200178946.0,False
1391135,LIFD,LFTD PARTNERS INC.,14822678.0,13.5,200106153.0,False
1319161,WMG,Warner Music Group Corp.,1069.0,44.3236,47382.0,True
1754301,FOXA,Fox Corp,1.0,75.4053,75.0,True
1063761,SPG,SIMON PROPERTY GROUP INC.,0.0,234.1864,0.0,True
1800227,PPLI,People Inc,0.0,143.7049,0.0,True
24545,TAP,MOLSON COORS BEVERAGE CO,0.0,63.028,0.0,True
